id,duration_sec,reference,hypothesis,wer,cer,exact_match
1788,14.88,ақш тың гимнастика федерациясы ақш олимпиада комитетінің хатын қолдайды және біздің барлық спортсмендер үшін қоршаған ортаның қауіпсіздігін арттырудың абсолютті қажеттілігін мойындайды,ақыштың гимнастика федерациясы ақыш олимпиада комитетінің хатын қолдайды және біздің барлық спартсмендер үшін қоршаған ортаның қауіпсіздігін арттырудың абсолютты қажеттілігін бойындайды,0.2857142857142857,0.03260869565217391,0
1749,24.36,оны вичи француздар билеген бұл 1940 жылы немістермен бейбіт келісім жасасқан және соғысудың орнына жаулаушылармен бірге жұмыс істеген француздар болды,оны вичи француздар билеген бұл 194 жылы немістермен бейбіт келісім жасасқан және соғысудың орнына жаулаушылармен бірге жұмыс істеген француздар болды,0.05,0.006622516556291391,0
1701,16.44,ешкілер алғаш рет қол үйретілген уақыт иранның загрос тауларында шамамен 10 000 жыл бұрын деп саналады,ешкілер алғаш рет қол үйретілген уақыт иранның загроз тауларында шамамен о0 000 жыл бұрын деп саналады,0.125,0.0196078431372549,0
1846,11.82,сондықтан бұл пішімнің арақатынасы ең қарапайым бүтін санның қатынасын алу үшін он екіге бөлу 3 2 деп айтылады,сондықтан бұл пішімнің арақатынасы ең қарапайым бүтін санның қатынасын алу үшін он екге бөлу үшті екі деп аталады,0.2222222222222222,0.09090909090909091,0
1975,17.34,ватикан қаласы халқының саны шамамен 800 бұл дүние жүзіндегі ең шағын тәуелсіз ел және халық саны ең аз ел,ватикан қаласы халқының саны шамамен түсе00 бұл дүние жүзіндегі ең шағын тәуелсіз ел және халық саны ең аз ел,0.05263157894736842,0.03773584905660377,0
1708,17.58,хьюн қызметтен кетуді сұранды және оны кабинетте эд дэви мп ауыстырады норман лэмб мп дэви босатып жатқан бизнес министрі жұмысын алады деп күтілуде,hюн қызметтен кетуді сұранды және оны кабинетте dvmp ауыстырады norman lemp mp dv босатып жатқан бизнес министрі жұмысын алады деп күтілуде,0.34782608695652173,0.1891891891891892,0
1994,16.08,егер сіз романдық тілді білсеңіз сізге португал тілін үйрену оңайырақ болатынын айтпай ақ қойса да болады,егер сіз романдық тілді білсеңіз сізге португал тілін үйрені оңайрақ болатынын айтпайақ қойсады болады,0.375,0.047619047619047616,0
1956,13.56,тауарларды тасымалдау үшін кемелерді пайдалану әзірше адамдардың және тауарлардың үлкен мөлшерлерін мұхиттарда жылжытудың ең тиімді жолы болып табылады,тауарларды тасымалдау үшін киемелерді пайдалануы әзірше адамдардық және тауарлардың үлкен мүлшерлерін мұхиттарда жылжытудың ең тиімді жолы болып табылады,0.2222222222222222,0.026490066225165563,0
1965,19.44,олар қауіпсіз жүзуге арналған құмды жағажайлардың барлығына дерлік және олардың көпшілігінде похутукава ағаштарымен қамтамасыз етілген,олар қауіпсіз жүзуге арналған құмды жағажайлардың барлығы нәдерлік және олардың көпшілігінде похутукава ағаштарымен қамтамасыз етілген,0.13333333333333333,0.022388059701492536,0
1706,23.88,дәстүрлірек шіркеулер пасха демалыс күндері сенбі түні пасхалық таңғы ғибадатты өткізеді жиналыстар жиі түн ортасында мәсіхтің қайта тірілуін мерекелеуге айналады,дәстүрлірек шіркеулер басхадималыс күндері сен бүтіні басхалық таңғы ғибадатты өткізеді жиналыстар жиі түн ортасында мәсіхтің қайта тірілуін мерекелеуге айналады,0.25,0.04938271604938271,0
1886,10.44,ежелгі мәдениеттер мен тайпалар сүтке жүнге етке және терілерге оңай қол жеткізу үшін оларды өсіре бастады,ежелгі мәдениеттер мен тайпалар сүтке жүнге етке және терілерге оңай қолу жеткізу үшін оларды өсіре бастады,0.0625,0.009433962264150943,0
1859,19.2,орта ғасырлардың соңына қарай батыс еуропа өз стилін дамыта бастады бұл уақыттағы кірескерлердің нәтижесіндегі ең үлкен дамуларының бірі болып адамдардың киімін жабу үшін түймелерді пайдалануы табылады,орта қасірлардың соңына қарай батысы еуропа өз стелін дамыта бастады бұл уақыттағы кірескерлердің нәтижесіндегі ең үлкен дамуларының бірі болып адамдарды киімін жабу үшін түймелерді пайдалануы табылады,0.15384615384615385,0.024875621890547265,0
1756,25.56,ақш президенті дональд трамп жексенбі күні кешкі баспасөз хатшысы арқылы жасаған мәлімдемесінде ақш қарушы күштерін сириядан алып шығуы туралы мәлімдеді,ақылш президенті дональд трuмп жексенбі күні кешкі баспа сөз хатшысы арқылы жасаған мәлемдемесінде ақлш қарушы кіштерін сириядан алып шуғуы туралы мәлімдеді,0.4,0.05263157894736842,0
1691,12.66,кейбір маршруттарда үлкенірек компаниялардың өз ұшақтары бар бірақ басқа маршруттарда және кішірек фирмаларда мәселе болған,кейбір маршуттарда үлкенірек компаниялардың өз ұшақтары бар бірақ басқа маршуттарда және кішірек фирмаларда мәселе болған,0.13333333333333333,0.016260162601626018,0
1664,10.62,екі құрғақ ұнтақты араластырыңыз содан кейін таза ылғалды қолдармен оларды қысып шарик жасаңыз,екі құрға құнтақты араластырыңыз содан кейін таза ылғалды қолдармен оларды қысып шарип жасаңыз,0.23076923076923078,0.031914893617021274,0
1899,21.0,мұхаммед өзінің күнделікті өмірінен тыс мәселелерге қатты қызығатын ол ойлану үшін нұр жарық тауындағы хира ретінде белгілі болған үңгірге жиі баратын,мұхаммед өзінің күнделікті өмірінен тұс мәселелерге қатты қызығатын ол ойлану үшін нор жарық тауындағы хир әретінде белгілі болған үңгірге жие баратын,0.23809523809523808,0.03333333333333333,0
1692,9.6,жапонияның ядролық агенттігінің хабарлауынша зауытта радиоактивті цезий мен йод анықталған,жапонияның ядралық агенттігінің қабарлауынша зауытта радиактивті цези мен ұот анықталған,0.5,0.06666666666666667,0
1746,16.38,өсімдіктер күн сәулесінен фотосинтез арқылы қуат алады олар сонымен қатар көлеңе береді,өсімдіктер күн сәулесінен фотосинтс арқылы қуаталады олар сонымен қатар көлеңе береді,0.25,0.034482758620689655,0
1686,14.76,нәтижесінде кедергіні жеңу мақсатында бірлескен жұмысты ұйымдастыру процесі тапсырыс берушілердің қажеттіліктеріне қызмет ететін жаңа инновациялық процеске әкелуі мүмкін,нәтижесінде кездергіні жеңу мақсатында бірлескен жұмысты ұйымдастыру процесі тапсырыс берушілердің қажеттіліктеріне қызмет ететін жаңа инновациялық процеске әкелуі мүмкін,0.05555555555555555,0.005917159763313609,0
1670,27.96,олардың температуралық сипаттамалары жер бетіндегі тұрақты температураны сақтайтын үлкен үңгірлер сияқты тұрақты емес бірақ бұл олардың жердегі терең үңгірлерге сәйкес келеді деді глен кушинг ақш геологиялық қызметі usgs астрогеология тобы және аризона штатының флагстафф қаласында орналасқан солтүстік аризона университетінің мүшесі глен кушинг,олардың температуралық сипаттамалары жербетіндегі тұрақты температураны сақтайтын үлкен үңгірлер сияқты тұрақты емес бірақ бұл олардың жердегі терең үңгірлерге сәйкес келеді деді гленкушинг ақш кеологиялық қызметі usgs астрология тобы және аризона штатының флакстав қаласында орналысқан солтүстік аризона университетінің мүшесі гленк кушинг,0.21428571428571427,0.03188405797101449,0
1844,13.68,айдың беті тау жынысы мен шаңнан тұрады айдың сыртқы қабаты қабық деп аталады,айдың беті тау жұнысымен шаңнан тұрады айдың сыртқы қабаты қабық деп аталады,0.15384615384615385,0.025974025974025976,0
1902,8.16,алдымен ол грейт ярмуттегі джеймс пейджет ауруханасына түсті,алдымен ол gret ярмуттегі жames пaджet ауруханнасына түсті,0.5,0.25,0
1816,10.98,үйленген екі ересек баласы бар дюваль хикаяны тыңдаған миллерге үлкен әсер қалдырмады,үйленген екі ересек баласы бар жювал хикаяны тыңдаған меллерге үлкен әсер қалдырмады,0.16666666666666666,0.03529411764705882,0
1840,12.96,италияның көптеген қалаларында және әлемдегі басқа да қалаларда әсіресе польшада соған ұқсас қондырмалар орнатылды және бұған көптеген адамдар куә болды,италияның көптеген қалаларында және әлемдегі басқа да қалаларда әсіресі польшада соған ұқсас қондырмалар орнатылды және бұған көптеген адамдар куәп алды,0.15,0.02631578947368421,0
1936,22.08,пэрри түнгі сайлау алды жиналысының нәтижелерін бағалау үшін техасқа оралатынын өзі үшін осы жарыста алға жүретін жол бар жоғын анықтайтынын мәлімдеді бірақ кейінірек жарыста қалатынын және 21 қаңтардағы оңтүстік каролинадағы бастапқы сайлауға қатысатынын айтты,фери түңгі сайлау алды жиналысының нәтижелерін бағалау үшін тихасқа оралатыны өз үшін осы жарыста алған жүретін жолы бар жоғы анықтайтын мәлімдеді бірақ кейінрек жарыста қалатын және 21 хаңтардағы оңтүстік каролинадағы бастапқы сайлауға қатысатынн айтты,0.38235294117647056,0.06513409961685823,0
1758,24.18,архипелаг түбектен солтүстікке таман 120 км жерде орналасқан ең ірісі вилла лас эстреллас елді мекеніне ие кинг джордж аралы,архипилак түбектен сол түстікке таман 12 км жерде орналасқа ең ірісі вилла лас эстралас елді мекеніне ие кинг джордж аралы,0.3157894736842105,0.056451612903225805,0
1964,12.48,қазірге дейін әйгілі 25 данлэп парақтары құжаттың ең көне көшірмелері болып табылады түпнұсқалық қолжазба көшірмесі сақталмаған,қазірге дейін әйгілі 25 данлеп барақтары құжаттың ең көне көшірмелері болып табылады түп нұсқалық қолжазба көшірмесі сақталмаған,0.25,0.023622047244094488,0
1987,10.92,апат биік таулы жерлерде орын алған және дұшпандық мағынадағы өрттің салдарынан болған деп болжануда,апат биік таулы жерделде орналған және дұшпандық мағынадағы өрттің салдарынан болған деп бұл жауында,0.35714285714285715,0.09,0
1889,8.34,ол бізге пойызды автокөлікті және басқа да көлік құралдарын алып келді,ол бізге пойзді авто көлікті және басқа да көлік қоралдарының алып келді,0.36363636363636365,0.08571428571428572,0
1802,12.96,интернет жалпы және адамдар арасындағы байланыс элементтерін біріктіреді,интернет жалпы және адамдар арасындағы байланыс элементтерін біріктіреді,0.0,0.0,1
1780,16.14,кундалини йога көмегімен кундалини энергиясы ағарту энергиясы йога позалары тыныс алу жаттығулары мантра және визуализация арқылы оянады,кундалини ога көмегімен кундалини энергиясы ағарту энергиясы ога позалары тынысалу жаттығулары мантра және визуализация арқылы оянды,0.29411764705882354,0.029411764705882353,0
1957,10.44,ол сыбыстарды саяси әңгімелер мен ақымақтық деп есептеді,ол сыбыстарды саяси әңгімелер мен ақымақтық деп есептеді,0.0,0.0,1
1768,17.76,кешеннің жиектеріндегі ғимараттардың көпшілігі туристерге басында қалай пайда болғаны туралы жақсырақ түсінік беру үшін қайта соғылды,кешеннің жиектеріндегі ғимараттардың көпшілігі турестерге басында қалай пайда болғаны туралы жақсырақ түсінік беру үшін қайта соқылды,0.125,0.015037593984962405,0
1833,19.08,философия ғұламасы аристотель әрбір заттың төрт элементтің біреуінен немесе бірнешесінен жасалған деген теория құрған,философия ғұламасы аристотель әрбір заттың төірт элементтің біреуінен немесе бірнешесінен жасалған деген тиория құрған,0.14285714285714285,0.017094017094017096,0
1668,14.4,сондай ақ wild card картасын сатып алған пайдалы болуы мүмкін ол оңтүстік африкадағы парктарға немесе оңтүстік африканың барлық ұлттық парктарына кіруге мүмкіндік береді,сондай ақ wiлд caрт картасын сәту алған пайдалы болуы мүмкін ол оңтүстік африкадағы парктарға немесе оңтүстік африканы барлық ұлттық парктарына кіруге мүмкіндік береді,0.17391304347826086,0.047337278106508875,0
1689,27.66,еуропа салыстырмалы түрде шағын бірақ көп тәуелсіз елдері бар континент қалыпты жағдайларда бірнеше ел арқылы саяхаттасаңыз визаға өтінімдер беру және бірнеше рет төлқұжатты тексеруден өту керектігін білдіретін еді,еуропа салыстырмалы түрде шағын бірақ көп тәуелсіз елдері бар континент қалыпты жағдайларда бірнеше ел арқылы саяхатта саңыз визаға өтінімдер беру және бірнеше рет төл құжатты тексеруден өту керектігін білдіретін еді,0.14285714285714285,0.009345794392523364,0
1660,15.48,романтизмде гете фихте шлегель сияқты жазушылардан алынған мәдени детерминизмнің үлкен элементі болды,романтизмде гюті фихті шлегель сияқты жазушылардан алынған мәдени детерменіңіздің үлкен элементі болды,0.25,0.0891089108910891,0
1673,13.08,тәуелсіздік үшін соғыс кезінде он үш штат алдымен әлсіз орталық үкіметін құрды конфедерация баптары бойынша конгресс оның жалғыз құрамдасы еді,тәуелсіздік үшін соқыс кезінде он үш штат алдымен әлсіз орталық үкіметін құрды конфедерация баптары ойынша конгресс оның жалғыз құрамдасы еді,0.1,0.014084507042253521,0
1827,15.78,жер қыртысының қалыңдығы жақын жағында шамамен 70 км ал алыс жағында 100 км,жер қырықтысының қалыңдығы жақын жағында шымамен жетпіс километр ал алыс жағында жүз километр,0.46153846153846156,0.32,0
1687,9.9,сегрегация және рекомбинация әр буында екі пул арасында вариацияларды араластырып отырады,sегreгațия jenи рecombиnaция 1 п arasнда vաриaциalарда aռалаstрăп օtырады,1.0,0.5617977528089888,0
1835,15.66,цунами туралы ескерту берілмеді және джакартаның геофизика агенттігінің деректеріне сай цунами туралы ескерту берілмейді өйткені жер сілкінісі 6 5 магнитудасы талабына сай болмады,сунами туралы ескерту берілмеді және жакартаның геофизика агенттігінің директеріне сай сунами туралы ескерту берілмейді үйткені жер сілгінсі 6лд 5 магнетудасы талабына сай болмады,0.34782608695652173,0.055865921787709494,0
1806,20.28,ең шарықтаған кезінде жарықтық ластану қазіргі кездегідей проблема болмағандықтан олар қазіргі уақытқа қарағанда оңай жетуге болатын қалаларда немесе кампустарда орналасқан,ең шарықтаған кезінде жарықтық ластану қазіргі кездегідей проблема болмағандықтан олар қазіргі уақытқа қарағанда оңай жетуге болатын қалаларды немесе компустарды орналасқан,0.1,0.01744186046511628,0
1778,12.66,теледидарлық репортаждарда зауыттан шығатын ақ түтін көрінеді,теледидарлық репортаждарда зауоттан шығатын ақ түтін көрін еді,0.42857142857142855,0.03278688524590164,0
1850,19.68,бұл оған егер базалық станцияда екі радио болса 802 1 a 802 11b және 802 11g ережелерімен қайта үйлесімді болуға мүмкіндік береді,бұл оған егер базалық станцияда екі радио болса 82 нүкте1а 82 нүкте 11b және 8211g ережелерімен қайта үйлесімді болуға мүмкіндік береді,0.2727272727272727,0.12403100775193798,0
1681,28.8,дегенмен ол жалғыз емес эксперименттер өткізу және эксперимент ықтимал гипотезалардың біреуін немесе бірнешеуін жою үшін пайдаланылатын сынақ болып табылады сұрақтар қою және бақылаулар жасау да ғылыми зерттеуді бағыттайды,деген мін ол жалғыз емес эксперименттер өткізу және эксперимент іқтимал гипотизалардың біреуін немесе бірнешеуін жойю үшін пайдаланатын сынақ болып табылады сұрақтар қою және бақылаулар жасауда ғылыми зірттеуді бағыттайды,0.32142857142857145,0.04054054054054054,0
1971,27.96,қатты жел бұршақ артық жауын шашын және өрттер сонымен бірге найзағайлар торнадолар судағы құйындар және циклондар ауар ауа райының түрлері мен әсерлері болып табылады,қатты жел бұршақ артық жауын шашын және өрттер сонымен бірге найзағайлар тырнадалар судағы құйындар және циклондар ауар ауарайының түрлерімен әсерлері болып табылады,0.20833333333333334,0.023952095808383235,0
1901,21.78,ai дің ғылыми фантастикалық қосымша мағынасы болғанымен ai іс қимылды оқытуды және машиналарда сананы қолдануды қамтитын компьютерлік ғылымның аса маңызды бір саласын құрайды,әлдың ғылыми фантастикалық қосымша мағынасы болғанымен ал ісқимылды оқутыды және машиналарда сананы қолдануды қамтитін компьютерлік ғылымның аса амаңызды бір саласын құрайды,0.34782608695652173,0.06321839080459771,0
1865,19.56,санкт петербургтегі круиздерге қаладағы уақыт кіреді круиз жолаушылары виза режиміндегі талаптардан азат етілген талаптарды көріп шығыңыз,санк петербургтегі круиздерге қаладағы уақыт кіреді круиз жоралаушылары виз режіміндегі талаптардан азат етілген талаптарды көріп шығыңыз,0.25,0.0364963503649635,0
1968,24.72,кейбір круиздердің кітапшаларында германияның берлин қаласы көрсетілген жоғарыдағы картадан көргеніңіздей берлин теңізге жақын орналаспаған және қалаға бару круиздің бағасына кірмейді,кейбр круиздердің кітапшаларында германияның берлин қаласы көрсетілген жоғардағы картадан көргеніңіздей берлин теңізге жақын орналаспаған және қалаға бару круиздің бағасына кірмейді,0.1,0.01092896174863388,0
1851,8.28,үзілмелі ағыстар жағаға рифтерге соғылатын толқындардың кері ағыны болып табылады,үзілмелі ағыстар жағаға рифтерге соғылатын толқындардың кері ағыны болып табылады,0.0,0.0,1
1922,13.86,әрине бұл дәстүр христиандық теологиялық түсіндірмелерге ие бірақ бұл толығымен христианға дейінгі көктем мен құнарлылық рәсімі болуы мүмкін,әрине бұлдасур христиандық теологиялық түсіндірмелерге ие бірақ бұл толғымен христианға дейінгі көктем мен құнарлық рәсімі болуы мүмкін,0.2222222222222222,0.05,0
1867,15.84,өсімдіктер адамдар тыныстайтын оттегіні жасайды және адамдар тыныспен шығаратын көміртегі диоксидін сіңіреді,өсімдіктер адамдар тыныстайтын өттегіні жасайды және адамдар тыныспен шығаратын көміртегі деаксидін сіңір еді,0.3333333333333333,0.037037037037037035,0
1716,38.82,tmz ойын сауық жаңалықтары веб сайты фотограф сепулведа бульварының арғы жағында көлігін тоқтатқанын және полицияның жолдан өту алдында тоқтағанының және жалғастырғанының бұл жол қозғалысын реттеп тұрған калифорния автомагистральдік патруль полициясы қызметкерінің оған кері жүру туралы екі рет бұйрық бергенінің суреттерін түсіруге әрекеттенгенін түсінеді,tmzт ойын сауық жаңалықтары вебсайты фотограф сепулведобульварының арқы жағында көлігін тоқтатқанын және полицияның жолдан өту алдында тоқтағанының және жалғастырғанының бұл жол қозалысын ректеп тұрған калифорния автомагистральдық патруль полициясы қызметкерінің оған кері жүру туралы екі рет бұйрық бергенінің суреттерін түсіруге әрекеттенгенін түсінеді,0.20930232558139536,0.025280898876404494,0
1677,8.64,бүгінде қанаттарын арқасына бүктей алмайтын жәндіктер инеліктер мен біркүндіктер,бүгінде қанаттарын арқасына бүктей алмайтын жәндіктер үнеліктер мен біргіндіктер,0.2222222222222222,0.0375,0
1680,14.52,жақсы атлет жолбарыс өрмелей бірақ жақсы емес жүзе үлкен қашықтықтарға секіре және күшті адамнан бес есе көбірек күшпен тартыла алады,жақсы атлет жолбарыс өрмеле бірақ жақсы емес 1үзде үлкен қашықтарға секіре және күшті адамнан бес есе көбірек күшпен тарта алады,0.2,0.06015037593984962,0
1829,15.24,жоғары салық салынатын елдерге жол тартатын саяхатшылар кейде әсіресе алкогольді ішімдіктер мен темекі сияқты өнімдерге айтарлықтай ақша үнемдей алады,жоғары салық салынатын елдерге жолтартатын саяхатшылар кейде әсіресе алкогольді ішімдіктер мен темекі сияқты өнімдерге айтарлықтай ақша үнемдей алады,0.10526315789473684,0.006666666666666667,0
1823,12.84,жол қозғалысының ағыны жеке жүргізушілердің және көліктердің екі нүкте арасындағы қозғалысын және олардың бір бірімен өзара әрекеттесулерін зерттеу,жол қозғалысының ағына жекез жүргізушілердің және көліктердің екі нікте арасындағы қозғалысын және олардың бір бірімін өзірі әрекеттесулерін зерттеу,0.2777777777777778,0.04081632653061224,0
1924,20.76,әйелдер отыратын тобындағы төрт шаңғышы өз жарыстарын аяқтай алмады ал giant slalom жарысындағы жалпы 117 шаңғышының 45 і жарыста орын алмады,әйелдер отыратын тобындағы төрт шаңғышы өз жарыстарын аяқтай алмады ал джайнс лалым жарысындағы жалпы он7 шаңғышының ж4 бесі жарыста орын алмады,0.23809523809523808,0.1347517730496454,0
1883,14.88,көпір астындағы тік аралық 15 метрді құрайды құрылыс 2011 жылдың тамыз айында аяқталды ол 2017 жылдың наурыз айына дейін жол қозғалысына ашылмады,көбір астындағы тік аралық 15 метрді құрайды құрылыс 2011 жылдың тамыз айында аяқталты ол 2017 жылдың наурыс айына дейін жол қозғалысына ашылмады,0.13636363636363635,0.020689655172413793,0
1715,17.82,метродағы жүйелі хабарландырулар тек каталан тілінді жасалады бірақ автоматтандырылған жүйе жоспарланбаған үзілістерді көп тілде жариялайды испан ағылшын француз араб және жапон,метродағы жүйелі қабарландырулар тек каталан тілінде жасалады бірақ автоматтандырылған жүйе жоспарланбаған үзілстерді көп тілде жариялайды испан ағылшын француз араб және жапон,0.14285714285714285,0.01694915254237288,0
1954,15.54,тәртіпті қорғаушылары доппен жұмыс істеу дағдылары және тамаша командалық жұмысы оларды ерекше бөліп көрсетті және бұл ең күшті команда болатыны анық еді,тәртіпті қорғаушылары доппен жұмыс істеу дағдылары және тамаша командалық жұмысы оларды ерекше бөлүп көрсетті және бұл ең күшті команда болатыны анығеды,0.13636363636363635,0.026143790849673203,0
1773,11.76,ұйқының үзілуі қалыпты ұйқы кезеңінде мақсатпен оянудың және кейінірек қысқа уақытқа 10 60 минут ұйықтау процесі,ұйқының үзілуі қалыпты ұйқы кезеңінде мақсатпен оянудың және кейінірек қысқа уақытқа 16 минут ұйқтау процессы,0.25,0.05357142857142857,0
1777,20.88,оттава канаданың таңқалдырарлық екітілді астанасы және онда канаданың тарихы мен бүгінін бейнелейтін көптеген өнер галереялары мен музейлер ұсынылған,аттавы канаданың таң қалдырарлық екі тілді астанасы және онда канаданың тарихымен бүгінін бейнелейтін көптеген өнергаллереяларымен музейлер ұсынылған,0.5555555555555556,0.053691275167785234,0
1891,19.86,лакша сингх чхаппан бхог елу алты дегенді білдіреді өлеңін ұсынды ол әнді әнші раджу ханделвалмен бірге орындады,лакша синк чхапан бохог 56 дегенді білдіреді өленін ұсынды ол әнді әнші ражу ханделвалмен бірге орындады,0.4117647058823529,0.125,0
1766,11.16,кейбір атомдардың ядролары тұрақсыз яғни олар аз ғана түрткенде немесе мүлде түртпегенде бөлінуге бейім,кейбір атымдардың ядралары тұрақсыз яғни олар аз ғана түрткенде немесе мүл де түртпегенде бөлінуге биім,0.35714285714285715,0.04854368932038835,0
1789,23.88,басқа аталымдар қатарына үздік фильм режиссер операторлық жұмыс костюмдер дизайны фильмді монтаждау түпнұсқа саундтрек қойылым дизайны дыбысты редакциялау дыбысты араластыру және түпнұсқа сценарий жатады,басқа аталымдар қатарына үздік фильм режиссер операторлық жұмыс кәстемдер дизайны фильмді мантаждау түп нұсқа сауынтірек қойылым дизайны дыбысты редакциялау дыбысты араластыру және түп нұсқа сенария жатады,0.3333333333333333,0.04926108374384237,0
1721,10.56,1963 жылы тоған салынғаннан кейін тасындылардың жайылуына себеп болатын маусымдық су тасқыны тоқтатылды,1963 жылы тоған салынғаннан кейін тасындылардың жайлуына себеп болатын маусымдық су тасқына тоқтатылды,0.15384615384615385,0.019417475728155338,0
1869,19.68,оның ұзын жақтарында 70 тен астам ұстарадай өткір тістер және аузының үстіңгі жағында қосымша тістер жинағы болған бұл оған кезіккен әрбір жануардың одан қашып кете алмайтынын білдіреді,оның ұзын жақтарында жетпістен астам ұстардай өткір тістер және ауызындың үстінгі жағында қосымша тістер жинағы болған бұл оған кезіккен әрбір жануардың одан қаршып кетте алмайтын білдіреді,0.2962962962962963,0.07567567567567568,0
1710,25.5,өткен аптада meti ұйымы оған apple компаниясы қызып кетудің 34 қосымша инциденті туралы хабарлағанын жариялады apple компаниясы оларды ауыр емес деп атады,өткен аптада meti ұйымы оған эppl компаниясы қызып кетудің 34 қосымша инциденті туралы хабарлағанын жариялады эppl компаниясы оларды ауыр емес деп атады,0.09090909090909091,0.025974025974025976,0
1774,23.94,шалғай аралдарда кредит картасы қабылданбауы мүмкін дегенмен ұлыбритания және ақш валютасы қабылдануы мүмкін алдын ала иеленушіден қолданылатын төлем әдісін сұрап біліп алыңыз,шалғай аралдарда кредиткартасы қабылданбауы мүмкін дегенмен ұлы британия және ақыш валютасы қабылдануы мүмкін алдың ала еленішуден қолданылатын төлем әдісін сұрап біліп алыңыз,0.3181818181818182,0.04,0
1993,13.2,атлант мұхитының оныншы атау берілген дауыл маусымы субтропиктік дауыл джерри бүгін атлант мұхитында пайда болды,атлант мұхитінің 10ышы атауы берілген дауыл маусыма субтропиктік дауыл джери бүгін атлант мұхитында пайда болды,0.3333333333333333,0.07142857142857142,0
1809,21.66,жолдарды орнында ұстау үшін шпалдар айтарлықтай ерте енгізілді алайда бірте бірте жолдың үстінде темір бөлік болса жолдар тиімдірек болатыны түсінілді,жолдарды орнында ұстау үшін шпалдар айтарлықта ертегенгізілді алайда бірте бірте жолдың үстінде темір бөлік болса жолдар тиімдірек болатыны түсінілді,0.15,0.013333333333333334,0
1841,22.32,жоғарыдағы ашық әдемі аспаннан және көптеген қоршаған таулардан басқа ештеңе көрінбейді үңгір ішінен бұл дүниенің өте аз бөлігін көруге немесе естуге болады,жоғарыдағы алшық әдемі аспаннан және көптеген қоршаған тауарлардан басқа ештеңе көрінбейді үңгір ішінен бұл дүниенің өте аз бөлгін көруге немесе естуге болады,0.13636363636363635,0.02564102564102564,0
1856,11.52,финляндия керемет қайықпен баратын жер мың көлдің жерінде көлдерде және жағалаудағы архипелагтарда мыңдаған аралдар да бар,финдлянде керемет қайықпен баратын жер мың көлдің жерінде көлдерде және жағалаудағы архифилактарда мыңдаған аралдар да бар,0.125,0.04918032786885246,0
1929,12.12,дель потро екінші соққыда ерте басымдылыққа ие болды бірақ бұл 6 6 ға жеткеннен кейін тай брейкті қажет етті,делпотро екінші соққыда ерте басымдылыққа иі болды бірақ бұл 6л 6лтға жеткеннен кейін тай брейкті қажет етті,0.3157894736842105,0.05555555555555555,0
1912,12.36,кішірек аралдардың көпшілігі тәуелсіз ұлттар болып табылады немесе франциямен байланысты және қымбат жағажай курорттары ретінде белгілі,кішірек аралдардың көпшілігі тәуелсіз ұлттар болып табылады немесе франциямен байланысты және қымбат жағажай курор тар ретінде белгілі,0.125,0.014814814814814815,0
1831,24.48,плитвиц көлдері ұлттық паркін қалың орман жапқан орман негізінен қайың шырша және майқарағай ағаштарынан тұрады орманда альпылық және жерортатеңіздік өсімдіктер аралас өседі,плитовискульдері ұлттық паркін қалың орман жапқан орман негізінен қайың шырша және майқарағай ағаштарынан тұрады орманда альпұлық және жер орта теңіздік өсімдіктер араласөседі,0.36363636363636365,0.05202312138728324,0
1927,21.54,ангел 2006 континуум тәсілін ұйымдардың өнімділіктің жоғарырақ деңгейіне жетуіне көмектесу үшін пайдаланылатын әдіс ретінде түсіндіреді,ангел 206 континум тәсілін ұйымдардың өнімділіктің жоғарырақ деңгейіне жетуіне көмектесу үшін пайдаланылатын әдіс ретінде түсіндіреді,0.13333333333333333,0.014814814814814815,0
1855,17.16,арыстандар прайды қасқырлар мен иттер сияқты әрекет етеді олар арыстандарға бірақ басқа үлкен мысықтарға ұқсамайды ұқсас жануарлар сонымен қатар олар өз олжалары үшін өте қауіпті,арстандар бірайтты қасқарлар мен иттер сияқты әлекет етеді олар арыстандағы бірақ басқа үлкен мысықтарға ұқсамайды ұқсас жануарлар сонымен қатар олар өз ұлжалары үшін өте қауіпты,0.28,0.06179775280898876,0
1744,11.52,россби нөмірі неғұрлым кішірек болса жұлдыздың магниттену инверсиясына қатысты белсенділігі азырақ болады,росзби нөмірі неғырлым кішірет болса жұлдыздың магниттену инверсиясына қатысты белсәнділігі азырақ болады,0.3333333333333333,0.0380952380952381,0
1999,13.26,1960 жылдары бжезинский джон кеннедидің кеңесшісі болып содан кейін линдон б джонсон әкімшілігінде жұмыс істеді,196 жылдары бжезински джон кенедидің кеңешісі болып содан кейін линдон би джонсон әкімшілігінде жұмыс істеді,0.3333333333333333,0.04504504504504504,0
1863,22.08,тибет медитациясының орталығы құдай йогасы әр түрлі құдайларды бейнелеудің арқасында қуат арналары тазартылып чакралар іске қосылып ағартушылық сана пайда болады,дебет медитациясының орталығы құдай огасы әртүрлі құдайларды бейнелеудің арқасында қуат арналары тазартылып чакрлар ізке қосылып ағартушылық сана пайда болады,0.3,0.037267080745341616,0
1953,7.8,кейіннен ол жатқан ауруханадан кэмбридждегі адденбрук ауруханасына жатқызылды,кейінен ол жатқан ауруханадан кембіричтегі аденбург ауруханасына жатқызылды,0.375,0.12987012987012986,0
1894,15.48,карри бұл шөптер мен дәмдеуіштер сонымен қатап ет немесе көкөністер қосылатын тағам,кари бұл шөптер мен дәбіндеуіштер сонымен қатап ет немесе көкеністер қосылатын таған,0.3333333333333333,0.07228915662650602,0
1752,11.58,нәтижесінде балықтың екі түрі жойылып кетті ал қалған екеуіне жойылып кету қаупі төнді оның ішінде бүкір балық та бар,нәтижесінде балықтың екі түрі жойылып кетті ал қалған екеуіне жойылып кету қауіп төнді оның ішінде бүкір балықта бар,0.15789473684210525,0.02564102564102564,0
1669,16.26,полиция басшысы чандра шехар соланкидің айтуынша сотталушылар сотта беттерін жауып қатысқан,полиция басшысы чандра шихар саланкидің айтуынша сотталушылар сотта беттерін жауап қатысқан,0.2727272727272727,0.03296703296703297,0
1892,14.46,бұл британдық отарлаушылардың өз меншігі ретінде басып алған орны сондықтан егер сіз аумақтың отаршылдықта болғанының дәлелдерін іздесеңіз бұл бастамаңыз үшін қолайлы орын,бұл британдық отыршылаудың өз мен шігіретінде басып алған орына сондықтан егер сіз аумақтың отаршыыдықта болғанын дәлілдерін іздесеңіз бұл бастамаңыз үшін қолайлы орын,0.3181818181818182,0.07602339181286549,0
1685,24.78,мысалы дүние жүзіндегі ең жиі кездесетін фотография түсіру пішімі болып 35 мм табылады ол аналогтық пленка дәуірі бітіп жатқанда басым пленка өлшемі болатын,мысалы дүние жүзіндегі ең жиік кездесетін фотография түсірупішіні болып 35 мм табылады ол аналогтық плонка дәуірі бітіп жатқанда басым пленка өлшемі болатын,0.17391304347826086,0.02564102564102564,0
1717,13.5,су асты топологиясына байланысты кері ағын бірнеше тереңірек учаскелерде шоғырланған және онда терең суға жылдам ағын пайда болуы мүмкін,суасты топологиясына байланысты кері ағын бірнеше тереңірек учаскілерде шоғырланған және онда терең суға жылдам ағын пайда болуы мүмкін,0.15789473684210525,0.014705882352941176,0
1854,11.58,көліктің өзі сол күні шамамен 12 00 gmt уақытында апат орнынан әкетілген,көліктің өзі сол күні шамамен 12 жиемти уақытында апат орнынан әкетілген,0.16666666666666666,0.08333333333333333,0
1828,14.64,интернеттен қауіпті ортаны іздесеңіз жергілікті компанияның мекен жайын береді,интернеттен қауіпті ортаны іздесеңіз жергілікті компанияның мекен жайын береді,0.0,0.0,1
1810,24.78,калифорния губернаторы арнольд шварценеггер кәмелетке толмағандарға зорлық зомбылық контенті бар видео ойындарды сатуға немесе жалға беруге тыйым салатын заңға қол қойды,калифорния губернаторы арнультшвартснегер комелетке толмағандарға зорлық зомболық контенті бар видеоойындарды сатуға немесе жалға беруге тыйым салатын заңғы қол ғойды,0.38095238095238093,0.0650887573964497,0
1861,10.2,нәтижесінде орындаушылар сахнада каннабисті шекті және театрдың өзі аудиоторияны қосылуға шақырды,нәтижесінде орындаушылар сахнада канабисті шекті және театрдың өзі аудиторияны қосылуға шақырды,0.18181818181818182,0.020618556701030927,0
1943,19.32,алаңдаушылық неғұрлым төменірек болса өмір күші соғұрлым позитивтеі болады әр адамда абсолютті тыныштық пен ризашылықты табу мүмкіндігі бар,алаңдаушылық ниғұрлым төменрек болса өмір күші соғырлым позитивте болады әр адамда абсолютті тыныштық пен ризашылықты табу мүмкіндігі бар,0.2222222222222222,0.02877697841726619,0
1820,12.84,қазіргі уақытта адамдар ұштағышқа жақындамай ақ компьютер экрандарында хабарламалар жаза алады,қазіргі уақытта адамдар ұштағышқа жақындамайақ компьютрактрандарында хабарламалар жаза алады,0.36363636363636365,0.05319148936170213,0
1794,12.42,өркениет бірге тұрып бірге жұмыс істейтін қоғамдағы адамдардың айтарлықтай үлкен тобына қатысты ортақ мәдениет,өркениет бірге тұрып бірге жұмыс істейтінін қоғамдардың адамдардың айтарлықтай үлкен тобына қатысты ортақ мәдениеті,0.21428571428571427,0.05454545454545454,0
1800,11.94,бұл көпір 2017 жылдың қыркүйек айында толығымен жұмыс істейді деп жоспарланған бұл жылда бразилиялық кеден бекеттері аяқталады деп күтілуде,бұл көпір 2017 жылдың қыркүгайында толғынын жұмыс істейт деп жүсбарланған бұл жылды бразилиялық кедембекеттері аяқталат деп күтілуде,0.47368421052631576,0.11510791366906475,0
1776,10.68,бір түн ішінде 150 ден 200 ге дейін көшірмелер жасалып олар қазір dunlap broadsides ретінде белгілі,бір түн ішінде жүзелуден екі жүзге дейін көшірмелер жасалып олар қазір дунлапбroadсайд суретінде белгілі,0.4375,0.2727272727272727,0
1837,14.28,реконструкция әрекеттерін либералдық сынау реконструкция келісімшарттарын солай деп саналатын вашингтон инсайдерлеріне беруге баса көңіл бөлді,реконструкция әрекеттерін либералдық сынау реконструкция келісім шарттарын солай деп саналатын вашингтон инсайдерлеріне беруге баса көңіл бөлді,0.13333333333333333,0.007042253521126761,0
1732,14.64,оқиғалар еуропа тарихындағы 11 12 және 13 ғасырларды қамтитын орта ғасырлардың ортаңғы кезеңінде б з 1000 1300 жылдар орын алған,оқиғалар еуропа тарихындағы 1112 және 13 ғасырларды қамтитын ортағасырлардың ортанғы кезеңінде біздің заманымыздың 1ыңң30 жылдары орыналған,0.6,0.1953125,0
1998,17.82,олардың қабыршақтары мен тырнақтары бар аяқтары бар олар жұмыртқалайды және олар тиранозавр сияқты екі артқы аяғында жүреді,олардың қабыршақтарымен тырнақтары бар аяқтары бар олар жұмырт қалайды және олар тераланазавр сияқты екі артқыаяғында жүреді,0.4117647058823529,0.056910569105691054,0
1683,15.96,мұнда осы уақытқа дейін осында өмір сүрген көптеген ерлер мен әйелдер сондай ақ жақындары қаза болған немесе соңғы демі қалғанша қызмет еткен еврей еврей емес тірі адамдар көп,мұнда осы уақытқа дейін осында өмір сүрген көптеген ерлер мен әйелдер сондай ақ жақымдары қаза болған немесе соңғы демі қалғанша қызмет еткен еврей еврей емес тірі адамдар көп,0.03571428571428571,0.005714285714285714,0
1950,16.32,солтүстікке қарай және жақын арада синтра деген романтикалық және еліктіретін қаласы орналасқан және ол лорд байрон оның ғажайыптарын қызық әңгімелегеннен кейін шетелдіктерге әйгілі болды,солтісікке қара және жақынарада синтра деген романтикалық және еліктретін қаласы орналасқан және лорд байрон оның ғажайыптарын қызық әңімелегеннен кейін шетелдіктерге әйгілі болды,0.2916666666666667,0.0481283422459893,0
1991,14.7,еуропалық тарихтың осы кезеңінде бай және қуатты болған католик шіркеуі қатаң бақылауға алынды,еуропалық тарихтың осы кезеңінде бай және қуатты болған катулик шіркеуі қатаң бақылауға алынды,0.07692307692307693,0.010638297872340425,0
1707,19.32,ол оңтүстік африканың негізгі көрнекі жерлерінің бірі болып табылады және оңтүстік африка ұлттық парктерінің sanparks жетекшісі болып есептеледі,ол оңтүстік африканың негізгі көрінекі жерлерінің бірі болып табылады және оңтүстік африка ұлттық парктерінің санпаркс жетекшісі болып есептеледі,0.1111111111111111,0.0625,0
1688,15.24,теңіз әскери күштерінің жұмысы дәстүр бойынша елдің адамдарды және тауарларды жылжыту қабілетін сақтау сонымен бірге жаудың өз адамдары мен тауарларын жылжыту қабілетіне кедергі жасау болатын,теңіз әскери күштерінің жұмысы дәстер бойынша елдің адамдарды және тауырларды жылшыту қабілетін сақтау сонымен бірге жаудың өз адамдары мен тауырларын жылшыту қабілетіне кедергі жасауы болатын,0.24,0.031413612565445025,0
1887,10.56,лиггинс ауруханада жұмыс істей бастағанда бос уақытында мерзімінен бұрын босануды зерттей бастады,лигенс ауруханада жұмыс істей бастаған бос уақытында мерзімінен бұрын босауында зерттей бастады,0.25,0.08247422680412371,0
1930,10.14,алты тұтқын соның ішінде балалар және қариялар сонымен бірге филиппиндік фотографтар ерте жіберілді,алты тұтқын соның ішінде балалар және қариялар сонымен бірге пилифиндік фотографтар ерте жіберілді,0.07692307692307693,0.030303030303030304,0
1703,11.52,мартелли кеше тоғыз мүшеден тұратын жаңа уақытша сайлау кеңесінің cep алдында ант берді,мартелли кеше 9 мүшеден тұратын жаңа уақытжа сайлау кеңесінің сеп алдында антып берді,0.3076923076923077,0.12643678160919541,0
2002,12.36,бұл ойыншыларға бейне ойындардағы әрекеттер мен қозғалыстарды құрылғыны ауада қозғалту арқылы басқаруға мүмкіндік береді,бұл ойыншыларға бейне ойындардағы әрекеттер мен қозғалстарды құрылғыны ауада қозғалту арқылы басқаруға мүмкіндік береді,0.07142857142857142,0.008333333333333333,0
2009,15.84,ең оңай қол жеткізуге болаты өсімдік ресурстарына жапырақтар мен бұршақтарда қолжетімді ақуыздар болды бірақ әзірлемесе олар біз сияқты приматтар үшін қорытуға қиын,ең оңай қол жеткізуге болаты өсімдік ресурстарына жапырақтар мен бұршақтарда қол жетімді ақуыздар болды бірақ әзірл емесе олар біз сияқты приматтар үшін қортуға қиын,0.22727272727272727,0.018292682926829267,0
1905,14.76,молдованың астанасы кишинев жергілікті тілі румын тілі бірақ орыс тілі кеңінен пайдаланылады,малдованың астанасы кешенев жергілікті тілі румын тілі мірақ орес тілі кеңінен пайдаланылады,0.3333333333333333,0.05434782608695652,0
1679,11.64,aerosmith турында қалған концерттерінен бас тартты,айрасмит турында қалған концерттерінен бас тартты,0.16666666666666666,0.18,0
2005,5.94,бірақ құстарда динозаврдікіне ұқсайтын көп нәрселер әлі де бар,бірақ құстарда динозаврдікіне ұқсайтын көп нәрселері әлі де бар,0.1111111111111111,0.016129032258064516,0
1926,10.02,аристотельдің ғылымның барлық мәселелеріне оның ішінде психологияға көзқарасы қабылданды,аристотельдің ғылымының барлық мәселелеріне оның ішінде психологияға көз қарасы қабылданды,0.3333333333333333,0.022727272727272728,0
1996,18.48,австралиялық митчелл горли ерлердің тұрып тұратын super g жарысында он бірінші болып мәреге жетті чех бәсекелес олдрич джелинек ерлердің отыратын super g жарысында он алтыншы болып мәреге жетті,австралиялық митчел горли ерлердің тұрып тұратын суперджи жарысында 1біріш болып мәреге жетті чех бәсекелес олдрич желинек ерлердің отыратын суперджи жарысында 16 болып мәреге жетті,0.35714285714285715,0.17098445595854922,0
1791,10.08,құрылыс орындарын граффити сызу арқылы бүлдірмеңіз,құрылыс орындарын графитисізу арқылы бүлдірмеңіз,0.3333333333333333,0.06,0
1709,14.16,бұл есеп жетекшінің иракқа қатысты ағымдағы саясатының әрбір аспектісін қатты сынайды және бағытты дереу өзгертуге шақырады,бұл есеп жетекшінің ираққа қатысты ағымдығы саясатының әрбір аспектісін қатты сынайды және бағытты дере өзгертуге шақырады,0.1875,0.024390243902439025,0
1734,16.08,ғалымдар қара материя басқа қара материяға қарапайым материя сияқты әсер етеді деп тұжырымдай алды,ғалымдар қара материя басқа қара материяғы қарапайым материя сияқты әсер етеді деп тұжырымдай алды,0.07142857142857142,0.01020408163265306,0
1836,16.2,адамдар ежелден алтын күміс және мыс сияқты негізгі химиялық элементтер туралы білді өйткені олардың барлығын табиғатта табиғи түрде табуға болады және қарапайым құралдармен өндіру салыстырмалы түрде оңай,адамдар ежелден алтын күміс және мыс сияқты негізгі химиялық элементтер туралы білді өйткені олардың барлығын табиғатта табиғи түрде табуға болады және қарапайым құралдарымен өндіру салыстырмалы түрде оңай,0.037037037037037035,0.004901960784313725,0
1712,19.32,1966 жылдан бері сундарбан жабайы жануарлар қорығы болған есептеулер бойынша қазіргі уақыта бұл аумақта 400 корольдік бенгал жолбарысы және шамамен 30 000 дақты бұғы бар,1966 жылдан бері сундарбан жабайы жануарлар қорғы балған есептеулер бойынша қазіргі уақытта бұл аумақта 4000 корольлік бенгал жолбарысы және шама мен 3000 дақты бұғы бар,0.32,0.047337278106508875,0
1942,24.24,біз үйлерімізді өсімдіктерден жасаймыз және киімдерді өсімдіктерден жасаймыз біз жейтін тамақтардың көпшілігі өсімдіктер болып табылады өсімдіктерсіз жануарлар тірі қалмайтын еді,біз үйлерімізді өсімдіктерден жасаймыз және кейімдерді өсімдіктерден жасаймыз біз жейтін тамақтардың көпшілігі өсімдіктер болып табылады өсімдіктерсіз жануарлар тірі қалмайтын еді,0.05,0.011235955056179775,0
1682,20.52,оны кім жазғанын ешкім дәл білмегенімен өмірінің басында үлкен пергамент құжат оның өлшемі 29¾ дюйм х 24½ дюйм сақтау үшін оралғаны белгілі,оны кім жазғанын ешкім дәл білмегенімен өмірінің басында үлкен фергамент құжат оның өлшемі 29143 дүюм көвитілген 24б 2ден 1 дююм сақтау үшін оралғаны белгілі,0.36363636363636365,0.17985611510791366,0
1726,16.86,далаға сапарлар кез келген сынып бөлмесінің үлкен бөлігі болып табылады мұғалім оқушыларды автобуспен бару мүмкін емес жерлерге апарғысы келетіні айтарлықтай жиі боалды,далаға сапарлар кез келген сынып бөлмесінің үлкен бөлігі болып табылады мұғалім оқушыларды автобуспен бару мүмкін емес жерлерге апарғысы келетін айтарлықтай жиі болады,0.09090909090909091,0.017857142857142856,0
1893,15.48,сундарбандар әлемдегі ең үлкен жағалаудағы мангр тоғайының белдеуі жағалаудан бангладеш пен үндістанның ішкі аудандарына дейін 80 км 50 миль созылып жатыр,сундарбандар әлемдегі ең үлкен жағалаудағы мангр тоғайынын белдеуі жағалаудан бангладеш пен үндістанның ішкі аудандарына дейін 8000 км 50 мил созылып жатыр,0.14285714285714285,0.025974025974025976,0
1853,10.26,джанкарло фисичелла көлігін басқаруды жоғалтып жарысты старттан кейін көп ұзамай аяқтады,джанкарло фисичелла көлігін басқаруды жоғалдып жарысты сарттан кейін көп замай аяқтады,0.2727272727272727,0.03409090909090909,0
1951,13.68,2002 жылы гома қаласының көптеген көшелерін әсіресе қала орталығындағы көшелері нирагонго жанартауынан аққан лавамен жойылды,20 жылы гома қаласын көптеген көшелерін әсіресе қала орталығындағы көшелері нирагонға жанартауынан аққан лабамен жойылды,0.26666666666666666,0.056451612903225805,0
1885,15.96,22 00 23 00 аралығында mdt аулада тұрған сотталғандай өрт шығарды,22 нөлнөл 23нөлнөл аралығында mdt аулада тұрған сотталғандай өрт шығарды,0.2727272727272727,0.18461538461538463,0
2001,22.08,саяхаттаушыларға өз аумағына әсер ететін ауыр ауа райының кез келген қаупі туралы хабардар болу туралы кеңес беріледі өйткені олар барлық саяхаттау туралы жоспарларға әсер етуі мүмкін,саяхаттаушыларға өз аумағына әсер ететін ауыр ауарайының кез келген қаупы туралы хабардар болу туралы кеңес беріледі өйткені олар барлық саяхаттау туралы жұспарларға әсер етуі мүмкін,0.15384615384615385,0.01639344262295082,0
1807,18.54,итальян тілі мемлекетте жұмыс істейтіндердің көпшілігі қолданатын күнделікті тілі ал латын тілі діни рәсімдерде жиі қолданылады,италиян тілі мемлекетте жұмыс істейтіндердің көпшілігі қолданатын күнделікті тілі аллатын тілі діни бәсімдерде жиі қолданылады,0.25,0.023622047244094488,0
1826,7.86,апаттан соң гибсон ауруханаға жеткізілді бірақ аз уақыт өтпей қайтыс болды,аппаттан соң гипсон ауруханаға жеткізілді бірақ ас уақыт өтпей қайтыс болды,0.2727272727272727,0.04054054054054054,0
2006,16.92,кальций және калий сияқты элементтер металдар болып саналады әрине күміс және алтын сияқты металдар да бар,кальций және кали сияқты элементтер металдар болып саналады әрине күміз және алтын сияқты металдар да бар,0.125,0.018867924528301886,0
1761,17.1,кейінірек дәретханаға сұранған егде жастағы әйелдің орнын фотографтар алмастырды мендоза атып тасталынды,кейінірек дәретханаға ұшұранған егіде жастағы әйелдің орынын фотографтор алмастырды миндоза атып тастауынды,0.5,0.0673076923076923,0
1997,18.06,алайда туберкулезбен ауыратын адамдардың бүкіл тобындағы xdr тб пайызы әлі де төмен болып көрінеді оңтүстік африкада әрбір сәтте жалпы 330 000 адамның 6 мыңы ауру жұқтырады,алайда төбіркілізібен ауыратын адамдардың бүкіл тобындағы 2drtb пайзы әлі де төмен болып көрінеді оңтүдік африкада әрбір сәтте жалпы 33000 адамның 6л0 0ыңы ауыру жұқтырады,0.38461538461538464,0.10465116279069768,0
2008,15.42,балидегі күн тәртібіндегі басқа тақырыптарға әлемнің қалған ормандарын сақтау және дамушы елдерге азырақ ластайтын жолмен өсуіне көмектесу үшін технологияларды бөлісу кіреді,валидегі күн тәртібіндегі басқа тақырыптарға әлемнің қалған ормандарын сақтау және дамушы елдерге азырақ ластайтын жолмен өсуіне көмектесу үшін технологияларды бөлсу кіреді,0.09523809523809523,0.011560693641618497,0
1690,24.96,usoc ұйымының атлеттердің және клубтардың әрі олардың спорт түрлерінің мүдделеріне лицензиядан айыру орнына ұйымымызда мағыналы өзгеріс жасау арқылы жақсырақ қызмет көрсетуге болатынымен келіседі,usoc ұйымының атлеттердің және клубтардың әрі олардың спорт түрлерінің мүдделеріне лицензиядан айыру орнына ұйымымызда мағыналы өзгеріші сау арқылы жақсырақ қызмет көрсетуге болатынымен келіседі,0.08695652173913043,0.020512820512820513,0
1995,15.72,виртуалдық дамытатын оқыту бағдарламалық құралға кірістірілген олар оқушының өз бетімен түсінуіне қиын болған болуы мүмкін процедуралар туралы сұрақтар қоюға кеңестер беруге және түсіндіруге арналған,виртуалдық дамытатын оқту бағдарламалы құралға кірістірілген олар оқушының өз бетімен түсінуіне қиын болған болуы мүмкін процедуралар туралы сұрақтар қоюға кеңестер беруге және түсіндіруге арналған,0.08333333333333333,0.010050251256281407,0
1672,9.12,матаның тым ыстық болуына жол бермеңіз бұл қысқаруға немесе күюіне себеп болуы мүмкін,матаның тымыстық болуына жол бермеңіз бұл қысқаруға немесе күйііне себеп болуы мүмкін,0.23076923076923078,0.03529411764705882,0
1992,13.8,сафари терминінің кең таралған мағынасы африканың таң қалдыратын жабайы табиғатын әсіресе саваннаны көруге жер бетімен саяхаттауды білдіреді,сафари терминнің кең таралған мағнасы африканың таң қалдыратын жауайы табиғатын әсіресі савананы көруге жер бетімен сияхаттауды білдіреді,0.35294117647058826,0.04285714285714286,0
1750,8.58,сондай ақ бұл ашу құстар қауырсындарының эволюциясына көрініс береді,сондай ақ бұл ашу құстар қауырсындарының эволюциясына көрініс береді,0.0,0.0,1
1738,11.82,сондай ақ ол суға кірген кез келген нәрсеге шабуылдайтын тіпті тиранозавр сияқты алып динозавр да оған тең келмейтін,сондай аҡ ол суға кіргән кес келген нәрсеге шабулдайтын тепті тиронозавор сияхты алып динозавор да оған тең килмейтен,0.5,0.09482758620689655,0
1884,18.48,атап айтқанда адамның бетіндегі микро өзгерістерді түсіндіру арқылы оның өтірік айтуын анықтауға болады,атап айтқанда адамның бетіндегі микро өзгерістерді түсіндіру арқылы оның өтірік айтуын анықтауға болады,0.0,0.0,1
1759,24.12,29 жасар д р малар баласубраманиан цинциннатиден шамамен 15 миля солтүстікке қарай орналасқан огайо блю эште табылды ол жолдың бойында жерде футболкада және ішкиімде жатты ол көп дәрі ішкен күйде болып көрінді,29 жасар дры малар валасувраманиян цинцинатидиден шамамен 15 миллия солтүсдікке қарай орналасқан агайя блу эшті табылды ол жолдың бойында жерде футболкада және ішкиімде жатты ол көпдәрі ішкеңкүйде болып көрінді,0.40625,0.0861244019138756,0
1755,7.8,бір бомба генерал губернатор кеңсесінің сыртында жарылды,бір бомба генерал губернатор кеңсесінің сыртында жарылды,0.0,0.0,1
1874,23.64,кейбір адамдар оныкі дұрыс деп ойлады бірақ көп адам қарама қарсы нәрсеге сенді күн жүйесі соның ішінде күн және тіпті басқа жұлдыздар жерді айналды деп ойлады,кейбір адамдар он ікі дұрыс деп ойлады бірақ көп адам қарамағарсы нәрсе гесенді күн жиесі соның ішінге күн және тіпті басқа жұлдыздар жерді айналды деп ойлады,0.3076923076923077,0.05660377358490566,0
1913,19.86,жолбарыстың ақыруы арыстанның бар күшімен ақыруына ұқсамайды ол ақырып қатты айтқан сөздерге көбірек ұқсайды,жұлбарыстың ақыруы арыстанның бар күшімен ақыруына ұқсамайды ол ақырып қатты айтқан сөздерге көбірек ұқсайды,0.07142857142857142,0.009259259259259259,0
1881,13.32,виртуалды түрде экскурсияны көрсету де экскурсия туралы пікір жинау және келешек сабақтарда тәжірибемен алмасу үшін керемет мүмкіндік,виртуалды түрде экскурсияны көрсету де экскурсия туралы пікір жинау және келешек сабақтарда тәжірбемен алмасу үшін керемет мүмкіндік,0.058823529411764705,0.007518796992481203,0
1665,12.84,жылыстаған мәліметтерге сәйкес құжат 1967 жылғы таяу шығыс соғысына дейінгі шекаралары негізінде палестина қалайтын шекаралар дауына қатысты болады,жылыстаған мәліметтерге сәйкес құжат 1965 жылғы таяу шығыс соғысына дейінгі шекаралары негізінен полестина қалайтын шекаралар дауыны қатысты болады,0.2222222222222222,0.034013605442176874,0
1897,9.48,аймақ солтүстігінде сахельмен шекаралас ал оңтүстігі мен батысында атлант мұхитымен шектеседі,айманқ солтүстігінде сахелумен шекаралас ал оңтүстігімен батысында атлант мұхитімен шектеседі,0.45454545454545453,0.043010752688172046,0
1742,11.1,гонконг аралы гонконгтың аумағына өз атауын береді және көптеген туристер басты назар аударатын орын болып табылады,ганконг аралы ганконгтің аумағы өз атауын берді және көптеген туристер басты назар аударатынн орын болып табылады,0.3125,0.06086956521739131,0
1676,11.28,барлық оңтүстік африка ұлттық саябақтарындағыдай саябаққа кіруде экологиялық салым және кіру ақысы төленеді,барлық оңтүстік африка ұлттық сайбақтарындағыдай сайбаққа кіруде экологиялық салым және кіру ақысы төленеді,0.15384615384615385,0.018691588785046728,0
1946,19.14,күшін жою ережелері әр түрлі болып келеді бірақ наурыз айының ақырынан бастап коронавирустық негіздегі көптеген жою ережелері олимпиада жоспарланған 2020 жылдың шілде айына дейін қолданылмайды,күшін жою ережелері әр түрлі болып келеді бірақ наурыз айының ақырынан бастап коронавирустық негіздегі көптеген жою ережелері олимпиада жоспарланған 200020 жылдың шілде айына дейінн қолданылмайды,0.08,0.015625,0
1795,23.4,1988 жылдан бері сайлау жәшіктері мөлдір болуы керек сонда дауыс берушілер мен бақылаушылар дауыс беру басталған кезде ешқандай хатқалталар жоқ екеніне және тиісті түрде есептелген және рұқсат етілген сайлаушылардың хатқалталарынан басқа хатқалталар қосылмағанына куәгер бола алады,1988 жылдан бері сайлау жәшіктері мөлдір болуы керек сонда дауысберушілер мен бақылаушылар дауысберу басталған кезде ешқандай хатқалталар жоқ екеніне тиізті түрте есептелген және рұқсат етілген сайлаушылардың хатқалталарынан басқа хатқалталар қосылмағанына куәгер бола алады,0.19444444444444445,0.03202846975088968,0
1866,11.46,біріншіден шабандоздардың көпшілігі өкшесі және тегіс айтарлықтай енсіз табаны бар салт жүріске арналған етікті киеді,біріншіден шабандоздардың көпшілігі өкшесі және тегіз айтарлықта енсіз табаны бар салып жүріске арналған етікті киеді,0.2,0.03418803418803419,0
1702,20.46,бар болғаны екі аптада американдықтар және еркін француз күштері оңтүстік францияны босатты және германияға қарай бұрылып жатты,бар болғаны екі аптада американдықтар және еркін француз кіштері өңтүстік францияны босатты және германияға қарай бұрылып жатты,0.11764705882352941,0.015748031496062992,0
1821,9.96,ми патологиялары мен іс қимыл арасындағы байланыс ғалымдарды олардың зерттеулерінде қолдайды,ми потологиялары мен іс қимыл арасындағы байланыс ғалымдарды олардың зертеулерінде қолдайды,0.18181818181818182,0.021739130434782608,0
1763,15.18,дәл ай жерді тартып судың көтерілуіне әкелетіндей құс жолы да мерген галактикасына күш түсіреді,дәл ай жерді тартып судың көтерілуіне әкелетіндей қыз жолы да меркенгалактикасына күш түсіреді,0.21428571428571427,0.042105263157894736,0
1990,21.18,сондай ақ блогтар оқушылардың жазуын жақсартуға көмектеседі оқушылар блог тәжірибесін көбінесе немқұрайлы грамматикамен және емлемен бастағанымен аудиторияның болуы әдетте бұл жағдайды өзгертеді,сондай ақ блоктар оқушылардың жазуын жақсартуға көмектеседі оқушылар бблок тәжірібиесін көбінесе немқұрайлы грамматикамен және емлемен бастағынмен аудиторияның болуы әдетте бұл жағдайды өзгертеді,0.18181818181818182,0.03608247422680412,0
1694,14.28,балалар асырап алған ата анаға көп себептермен беріледі салақтық қиянат ету және тіпті ақша талап ету,балалар асырап алған ата анаға көп себептермен беріледі салақтық қиянат ету және тіпті ақша талап ету,0.0,0.0,1
1879,9.84,жаңа бірдеңе пайда боғланда пернетақта неге айналатыны туралы болжамдар жасауға ғана болады,жаңа бірдеңе пайда боғланда пернетақта неге айналатыны туралы болжамдар жасауға ғана болады,0.0,0.0,1
1740,16.98,пирамида дыбыс және жарық шоуы балаларға арналған аумақтағы ең қызық нәрселердің бірі болып табылады,пирамида дыбос және жарық шолы балаларға арналған аумақтағы ең қызық нәрселердің бірі болып табылады,0.14285714285714285,0.02,0
1736,8.28,роландо мендоза m16 мылтығымен туристтерге оқ жаудырды,роланда мен доза эм он6л мылтығымен туристерге оқ жаудырды,0.8571428571428571,0.16666666666666666,0
1847,14.4,оны сингапур премьер министрінің орынбасары вонг кан сенг күтіп алды және ол сингапурдың премьер министрі ли сьен лунмен сауда және терроризм мәселелерін талқылады,оны сингапур премьер министрнің орынбасары вонг консён күтіп алды және ол сингапурдың премьер министр лисон лунмен сауда және терроризм нәселелерін талқылады,0.30434782608695654,0.06134969325153374,0
1785,15.96,құрылыс ағаштары бұл оқыту әдісі емес жаңа компьютерлік бағдарламаны пайдалану немесе жаңа жобаны бастау секілді жаңа оқу тәжірибесінен өтіп жатқан жеке тұлғаларға қолдау көрсететін көмек түрі,құрлыс ағаштары бұл оқыту әдісі емес жаңа компьютерлік бағдарламаны пайдалану немесе жаңа жобаны бастау секілді жаңа оқу тәжірбесінен өтіп жатқан жүке тұлғаларға қолдау көрсететін көмек тұры,0.15384615384615385,0.026041666666666668,0
1979,19.68,фолкленд аралының ресми валютасы фолкленд фунты fkp оның құны британдық бір фунтқа gbp теңестірілген,фолклanд аралының ресми валютасы фолклaнд фунтa fkp оның құны британдық бір фунтқа gbp теңестірілген,0.21428571428571427,0.04,0
1662,10.8,қорытпалар негізінен екі немесе одан да көп металдардың қоспасы болып табылады периодты кестеде көптеген элементтер бар екенін ұмытпаңыз,қорытпалар негізнен екі немесе одан да көп металдардың қоспасы болып табылады бириодды кестеде көптеген элементтер бар егенін ұмытпаңыз,0.16666666666666666,0.03676470588235294,0
1724,19.92,ол шамамен 400 жылдан бастап салтанаттың эпицентріне ретінде белгілі болды және шамамен 1100 жылға дейін созылды,ол шама мен 4ші жылдан бастап салтанаттың эпецентріне ретінде белгілі болды және шама мен 101ш жылға дейін созылды,0.4375,0.07142857142857142,0
1974,8.82,сол принцип бойынша ер адамдар тізелерін жауып тұратын шалбар кию керек,сол принцип бойынша ер адамдар тізелерін жауып тұратын шалбар киу керек,0.09090909090909091,0.014084507042253521,0
1982,13.2,әйелдер өздерінің шынайы отбасы жағдайына қарамастан әйел жынысты саяхатшыларға тұрмыс құрған деп айтуға кеңес беріледі,әйелдер өздерінің шынайы отбасы жағдайына қарамастан әйел жыныстай сахатшыларға тұрмыс құрған деп айтуға кеңес беріледі,0.13333333333333333,0.025210084033613446,0
1834,18.9,сонымен қатар солтүстігінде бүкіл әлемге әйгілі мариан ғажабының орны болған фатимадағы әйел ғибадатханасына барыңыз,сонымен қатар сол түстігінде бүкіл әлемге әйгілі мариан ғажабының орны болған фотимадағы әйел ғибадатханасына барыңыз,0.21428571428571427,0.017241379310344827,0
1914,11.94,жиырмасыншы ғасырдағы зерттеу генетикалық вариацияның екі пулы бар екенін көрсетті жасырын және көрінетін,2иырм ғасырдағы зерттеу генетикалық вариацияның екі пулы бар екенін көрсетті жасырын және көрінетін,0.07692307692307693,0.06666666666666667,0
1798,18.66,алғашқы күндері шоу тек ұзақ уақыттан бері жұмыс істеп келе жатқан toginet radio интернет радиосында сөйлесу радиосына негізделген сайтта өткен,алғашқы күндері шоу тек ұзақ уақыттан бері жұмыс үстеп келе жатқан тогинет радио интернет радиосында сөйлесу радиосына негізделген сайтта өткен,0.15,0.09090909090909091,0
1842,29.28,динозавр қауырсынында рахис деп аталатын жақсы дамыған білік жоқ бірақ қауырсынның басқа ерекшеліктері бар кертіктер мен шоқша сақалдар зерттеушілер рахис туралы олардың кейінірек эволюциялық болған деген қорытындыға келді,динозавр қауырсынында рахиз деп аталатын жақсы дамаған білік жоқ бірақ қауырсынның басқа ерекшеліктері бар керттіктер мен шоқшас ақалдар зерттеушілер рахиз туралы олардың кейінірек эволюциялық болған деген қортындыға келді,0.25,0.03153153153153153,0
1898,19.56,ол уэльс бізге әуел бастан ақ өтірік айтты біріншіден бұл заңды себептермен болғандай әрекет ету арқылы екіншіден өзінің өнерін жойғанға дейін бізге құлақ салғандай бола қалу арқылы,ол өлс бізге әуел бастан ақ өтірік айтты біріншіден бұл заңды себептермен болғандай әрекет ету арқылы екіншіден өзінің өнерін жойғанға дейін бізге құлақ салғандай бола қалу арқылы,0.037037037037037035,0.016574585635359115,0
1825,8.64,әрекетке жақын болғыңыз келсе музыкаға жақын кемпинг учаскесін алу үшін ерте тұруыңыз керек,әрекетке жақын болғыңыз келсе музикаға жақын кәмпинг кунчаскісін алу үшін ерте тұрыңыз керек,0.3076923076923077,0.06593406593406594,0
1955,17.64,шашыраңқы склероз ми жұлын және ми жүйкесінен тұратын орталық жүйке жүйесіне әсер ететін ауру,шашыранқыз клерос ми жұлын және ми жекесінен тұратын орталық жеке жиесіне әсер ететін ауру,0.35714285714285715,0.10752688172043011,0
1937,30.54,дегенмен бұл жоспарлар бір түнде дерлік ескіріп кетті кеңес одағының қызыл әскернің 800 000 сарбазы келіп ригадағы бейбітшілік туралы келісімді кеңес поляк агрессия жасамау туралы пактісін және басқа халықаралық екі жақты және көп жақты келісімдерді бұза отырып польшаның шығыс аймақтарына басып кіргеннен кейін беларус және украина фронттарын жасады,дегенмен бұл жоспарлар бір түнде дерлік ескіріп кетті кеңес одағының қызыл әскерінің 80 000 сарбазы келіп ригадағы бегітшілік туралы келісімді кеңес поляг агрессия жасамау туралы фактсын және басқа халқаралық екі жақты және көп жақты келісімдерді бұзау отырып польшаның шығыс аймақтарына басып кіргеннен кейін белоруш және украина фронттарын жасады,0.16666666666666666,0.03428571428571429,0
1730,24.42,автобустар күні бойы ауданаралық автовокзалдан өзеннің бойымен шығады дегенмен көбісі әсіресе шығысқа және джакарға бумтангқа бет алғандары 06 30 және 07 30 аралығында шығады,автобустар күні бойы аудан аралық автовагзалдан өзеннің бойымен шығады дегенмен көбісі әсіресе шығысқа және жакарға бумтанқа бет алғандары алт жарымнан және 7еті аралығында шығады,0.375,0.11494252873563218,0
1949,9.36,энтомологтар жәндік терминін осы жәндіктер тобы үшін ресми мағынада пайдаланады,энтемолоктар жәндік терминін осы жәндіктер тобы үшін ресми мағынада пайдаланады,0.1,0.02531645569620253,0
1728,13.26,химикаттың қышқылдығы немесе сілтілігіне байланысты орамжапырақ шырынының түсі өзгереді,хемикаттың қышқылдығы немесе сіл тілігіне байланысты орам жапырақ шырынының түсі өзгереді,0.5555555555555556,0.034482758620689655,0
1839,7.92,шаңғы тебу бағытын жаяу жүру бағытына ұқсас түрде елестетіп көріңіз,шаңғы тебу бағытын жаяужыру бағытына ұқсас түрде елестетіп көріңіз,0.2,0.029850746268656716,0
1745,15.6,өсімдіктер табиғи жағдайда жақсы көрінеді сондықтан олардың бір данасын да алып тастамаңыз,өсіндіктер табиғи жағдайда жақсы көрінеді сондықтан олардың бір данасында алып тастамаңыз,0.25,0.022222222222222223,0
1911,15.6,осы сияқты шенген визаңыз болса шенгенге мүше елдердің әрқайсысына визаға бөлек өтінім беру қажет болмайды осылайша сіз уақытты ақшаны үнемдейсіз және құжаттармен жұмыс азырақ болады,осы сияқты шеңген визаңыз болса шеңгенге мүше елдерің әрқайсыны визаға бөлек өтінің беру қажет болмайды осылайша сіз уақытты ақшаны үнемдейсіз және құжаттармен жұмыс азырақ болады,0.2,0.038461538461538464,0
1981,17.4,бар болғаны кеме экскурсиялары арқылы жағаға барсаңыз сізге бөлек виза қажет болмайды 2009 жылдан,бар болғаны кеме экскурсиялар арқылы жағаға барсаңыз сізге бөле куиза қажет болмайды 29 жылдан,0.2857142857142857,0.061855670103092786,0
1812,25.26,бір эксперименттік вакцина эболадан болатын өлімдер көрсеткішін азайтуға мүмкіндік беретін болып көрінгенімен осы уақытқа дейін бар инфекцияны емдеуге жарамды екені анық түрде көрсетілген дәрілер болмады,бір эксперименттік вакцина эболадан болатын өлімдер көрсеткішін азайтуға мүмкіндік беретін болып көрінгенімен осы уақытқа дейін бар инфекцияны емдеуге жарамды екені анық түрде көрсетілген дәрілер болмады,0.0,0.0,1
1666,11.46,сондай ақ өзіңіздікінен басқа үкіметтерден кеңес алғыңыз келуі мүмкін бірақ олардың кеңесі өз азаматтарына арналған,сондай ақ өзіңіздікінен басқа үкіметтерден кеңес алғыңыз келуі мүмкін бірақ олардың кеңесі өз азаматтарына арналған,0.0,0.0,1
1961,19.44,қатысым жасаудың маңыздылығын иллюстрациялау үшін пайдаланылатын ең жиі кездесетін әдістердің бірі өсіп жатқанында елемеу бәле немесе әдейі қиянат жасау себепті ересектер қатысым жасауға үйретпеген балалардың бірнеше бақытсыз жағдайын салу,қатысым жасаудың маңызылығын илюстрациялау үшін пайдаланатын еңдеге кездеседін нәдістердің бірі өсіп жатқанда елемеу бәле немесе әдеі қиянет жасау себепті ересектер қатысым жасауға үйретпеген балалардың бірнеше бақысыз жағдайын салу,0.3793103448275862,0.06276150627615062,0
1747,10.98,жолдас балуандар да лунаға құрмет көрсетті,жолдазбалуандар да лунаға құрмет көрсетті,0.3333333333333333,0.047619047619047616,0
1852,28.44,блогтарды тиісті түрде қолдану студенттердің аналитикалық және критикалық ойлауын әлдеқайда күшейтуі мүмкін интернет материалдарына белсенді түрде жауап беру арқылы олар басқа адамдардың жазбаларына қатысты өздерінің позициясын айқындай алады сондай ақ нақты бір мәселелер бойынша өздерінің көзқарастарын білдіре алады oravec 2002,блоктарды тиісті түрде қолдану студенттердің аналитикалық және критикалық ойлауын әлдеқайда күшетуі мүмкін интернет материалдарына белсенді түрде жауап беру арқылы олар басқа адамдардың жазбаларына қатысты өздерінің позициясын айқындай алады сондай ақ нақты бір мәселелер бойынша өздерінің көзқарастарын білдіре алады 22,0.1,0.03333333333333333,0
1967,25.74,лейтон премьер министрмен кездесу кезінде консерваторлардың экологиялық заңына өзгерістер енгізуді сұрады сондай ақ консервативті партияның экологиялық заңын мұқият және толығымен қайта жазуды сұрады,лейтон премьер министрмен кездесу кезінде консерваторлардың экологиялық заңына өзгерістер енгізуді сұрады сондай ақ консервативті партияның экологиялық заның мұқият және толығымен қайта жазуды сұрады,0.043478260869565216,0.010050251256281407,0
1793,22.68,егер сіз ауыл жолдарында көлікпен жүруге дағдыланбаған болсаңыз мынаған дайын болыңыз тік еңістер тар жолдар және кенет бұрылыстар басым болады,егер сіз ауыл жолдарында көлікпен жүруге тағдыланбаған болсаңыз мынаған дайын болыңыз тік еңістер тар жолдар және кенет бұрылыстар басым болады,0.05,0.006993006993006993,0
1830,11.76,билеуші партия оңтүстік батыс африка халық ұйымы swapo парламенттік сайлауларда көптеген орынға ие болды,билеуші партия оңтүстік батыс африка халық ұйымы сбапо парламенттік сайлауларында көптеген орынға ие болды,0.14285714285714285,0.0673076923076923,0
1684,13.68,апиа самоаның астанасы бұл қала уполу аралында орналасқан және оның халқы 40 000 нан сәл төмен,апиазамауанның астанасы бұл қала уполу аралында орналасқан және оның халқы 4қ 00нан сәлтөмен,0.4375,0.09574468085106383,0
1699,21.84,бақылаушылардың бірі бішкекті анархия күйіне батуда деп бейнелеген өйткені қылмыскерлер тобы көшені аралап дүкендердегі халықтық тұтыну тауарларын тонауды бастаған,бақилаушылардың бірі бішкекті анархия күйне батуда деп бейніленген өйткені қылыміскерлер тобы көшені аралап дүкендердегі халықтық тұтыну тауарларын тонауды бастаған,0.21052631578947367,0.03680981595092025,0
1674,10.56,кейбір аумақтарда суды бір минут бойы қайнату жеткілікті ал басқаларында бірнеше минут қажет,кейбір аумақтарда суды бір минутбойы қайнату жеткілікті ал басқаларында бірнеше минут қажет,0.15384615384615385,0.010869565217391304,0
1663,18.12,кочамо алқабы чилидегі өрмелеу үшін баратын негізгі жер ол оңтүстік американың йосемитесі ретінде белгілі оның әртүрлі гранит үлкен қабырғалары және жартастары бар,кочамо алқабы чилидегі өрмелеу үшін баратын негізгі жер ол оңтүстік американың иосемитисі ретінде белгілі оның әртүрлі гранит үлкен қабырғалары және жартастары бар,0.045454545454545456,0.012269938650306749,0
1917,19.62,римде әртүрлі орындарда адамдардың салтанатты рәсімді көруі үшін бірнеше үлкен теледидар экрандары орнатылды,римде әртүрлі орындарда адамдардың сал танатты рәсімді көруі үшін бірнеше үлкен теледедар экрандары орнатылды,0.23076923076923078,0.018518518518518517,0
1765,21.66,1537 жылы асунсьон қаласының негізі салынғаннан бастап парагвай өзінің көптеген түпкілікті сипаты мен өзіндік ерекшелігін сақтай білді,1537 жылы асунсион қаласының негізі салынғаннан бастап парагвай өзінің көптеген түпкілікті сипатымен өзінді күрекшелігін сақтай білді,0.29411764705882354,0.03731343283582089,0
1754,27.6,айдың көрінетін жерінде ай теңіздері көбірек болуы мүмкін себебі онда ай қыртысы жіңішкерек лаваның ай қыртысының бетіне шығуы әлдеқайда жеңілірек болды,айдың көрінетін жерінде ай теңіздері көбірек болуы мүмкін себебі онда айқыртысы жіңіш керек лаваның айқыртысының бетіне шығуы әлдеғайда жеңілірек болды,0.2857142857142857,0.02631578947368421,0
1966,16.8,комиссия қазан айында басталған кең тараған режимге қарсы наразылықтарға мартеллидің жауабы болды,комиссе қазан айында басталған кейің тараған режимге қарсы наразылықтарға марттеллидің жауабы болды,0.25,0.05154639175257732,0
1667,26.22,жалпы алғанда менеджерлер бұрынғы әріптестеріне басшылық ете бастағанда екі түрлі қылық пайда болуы мүмкін бір жағынан алдыңғы әріптестердің бірі немесе құрбылардың болып қалуға тырысады,жалпы алғанда менеджерлер бұрынғы әріптестеріне басшылық ете бастағанда екі түрлі қылық пайда болуы мүмкін бір жағынан алдыңғы әріптестердің бірі немесе қырболардың болып қалуға тырысады,0.041666666666666664,0.010752688172043012,0
1870,9.12,көріністер пирамидаларда көрсетіледі және әртүрлі пирамидалар жанады,көріністер пиромидаларда көрсетіледі және әртүрлі пиромидалар жанады,0.2857142857142857,0.029411764705882353,0
1920,19.74,әдетте қонақтарды жақсы көңіл күйде ұстау және іште ұстау үшін оларда арнайы тамақ сусын және ойын сауық ұсыныстары болады,әдетте қонақтарды жақсы көңілкүйде ұстау және іште ұстау үшін оларда арнайы тамақ сусын және ойын салық ұсыныстары болады,0.15789473684210525,0.01639344262295082,0
1762,12.96,бұл ауру шошқаларда болады содан кейін ол масалар арқылы адамдарға өтеді,бұл ауыру шышқаларда болады содан кейін ол масалар арқылы адамдарға өтеді,0.18181818181818182,0.027777777777777776,0
1737,9.96,арыстандар ең көп қатысым жасайтын мысықтар олар прайдтар деп аталатын үлкен топтарда өмір сүреді,арыстандар ең көп қатісім жасайтын мысықтар олар пірайттар деп ата латынын үлкен топтардан өмір сүреді,0.35714285714285715,0.08247422680412371,0
1976,16.86,орташа деңгейдегі батсмендер сачин тендулкар мен рахул дравид жақсы өнер көрсетіп жүздеген серіктестік қатынас жасады,орташа деңгейдегі батсмендер сачин тендулкармен рахул дравид жақсы өнер көрсетіп жүз деген серіктестік қатынас жасады,0.26666666666666666,0.017094017094017096,0
1931,16.14,бұл қызмет көбінесе кеме қатынасы соның ішінде серуендеу кемелері сондай ақ қашықтағы мәліметтер мен дауыстық қажеттіліктері бар экспедициялар арқылы пайдаланылады,бұл құзмет көбінесе кеме қатынасы соның ішінде серуендер кемелері сондай ақ қашықтағы мәліметтер мен дауыстық қажеттіліктері бар экспедициялар арқылы пайданылады,0.15,0.024539877300613498,0
1882,11.52,ғалымдар ғаламшарлар әсіресе жер қалай құралғанын түсінеміз деп үміттенеді өйткені кометалар жермен ұзақ уақыт бұрын соқтығысқан,ғалымдар ғаламшарлар әсіресе жер қалай құралған түінеміз деп міттенеді үйткені кометалар жермен ұзақ уақыт бұрын соқтығысқан,0.25,0.0390625,0
1934,12.24,әдетте сіз туристердің және сатушылардың дыбысын әрқашан естисіз дыбыс пен жарықтан тұратын хикая дәл хикая кітабы сияқты болады,әдеттесіз туристердің және сатушылардың дыбысын әрхаша н естесіз дыбыспен жарықтан тұратын қихая тәл қихая кітабі сияқты болады,0.5555555555555556,0.0859375,0
1848,20.64,кеше түркияның газиантеп қаласындағы полиция штаб пәтерінде бомба қойылған көлік жарылысы нәтижесінде екі полиция қызметкері қаза тапты және жиырмадан артық адам жарақат алды,кейше түркияның газиантеп қаласындағы полиция штап бәтерінде бомба қойылған көлік жарылысы нәтижесінде екі полиция қызметкері қаза тапты және жиырмадан арттық адам жарақат алды,0.17391304347826086,0.022988505747126436,0
1938,13.56,аурухана инфекцияны бақылау хаттамасын орындады соның ішінде басқаларды жұқтырудың алдын алу үшін науқасты басқалардан бөлді,аурухана инфекцияды бақылау қаттамасын орындады соның ішінде басқаларды жұқтырудың алдын алу үшін науқасты басқарылардан бөлді,0.2,0.03225806451612903,0
1939,12.12,революциядан кейін жұмыс орындары барлық ерлер үшін ашық болып олардың табысқа жетуіне мүмкін берді,революциядан кейін жұмыс орындары барлық ерлер үшін ашық болып олардың табысқа жетуіне мүмкін берді,0.0,0.0,1
1985,24.6,бұл альптық стильдегі шаңғы туризмімен немесе альпинизммен байланысты бірақ әдетте байланысты болмайды соңғысы тік еңістіктерде өткізіледі және қатты шаңғы мен аяқ киімді қажет етеді,бұл әліптік стилдегі шаңғы туризмімен немесе альпинизмумен байланысты бірақ әдетте байланысты болмайды соңғысы тік еңістіктерде өткізіледі және қатты шаңғы мен аяқ киімді қажет етеді,0.125,0.03296703296703297,0
1948,16.26,үш патшалық ежелгі қытайдың тарихындағы ең қанқұйлы дәуірлердің бірі болған мыңдаған адам сианьдағы үлкен сарайдағы ең жоғары орынға отыру үшін соғысқанда өлді,үш патшалық ежелгі қытайдың тарихындағы ең қанқұйылы дәурлерінің бірі болған мыңдаған адам сияндияғы үлкен сарайдағы ең жоғарғы орынға отыру үшін соғысқанда өлді,0.18181818181818182,0.05660377358490566,0
1671,23.82,конгресс әдепсіздік бастамасын 2005 қаржы жылынан бастады және фтб ұйымы ересектер порнографиясына қатысты істерге 10 агент бөлуі керектігін көрсетті,конгресс әдепсіздік бастамасын 205 қаржы жылынан бастады және ftb ымы ересектер порнографиясына қатысты істерге он агент бөлуі керектігін көрсетті,0.21052631578947367,0.053691275167785234,0
1896,20.1,ақш гимнастикасы және ақш олимпиада комитеті бір мақсатты көздейді гимнастика және басқа да спорт түрлерін барынша қауіпсіз етіп спортшылардың өз армандарын орындауды қауіпсіз позитивті және мүмкіндіктерге толы ортада жүзеге асыруын қамтамасыз ету,ақш гимнастикасы және ақыш олимпияда комитеті бір мақсатты көздейді гимнастика және басқа да спорт түрлерін барынша қауіпсіз етіп спортшылардың өз армандарын орындауды қауіпсіз позитивді және мүмкіндіктерге толы ортада жүзеге асыруын қамтамасыз ету,0.09375,0.012145748987854251,0
1733,25.98,оның 78 ұсынысының біріншісі ирактың шекарасын дұшпандық араласудан қорғау және көршілерімен дипломатиялық қатынастарды қайта орнату үшін осы жылдың соңына дейін жаңа дипломатиялық бастама қолға алынуы керек,оның 78 ұсынысының біріншісі ирактың шекарасын дұшпандық араласудан қорығау және көршілерімен дипломатиялық қатынастарды қайта орнату үшін осы жылдың соңыға дейін жаңа дипломатиялық бастама қолға алынуы керек,0.07692307692307693,0.00966183574879227,0
1700,16.44,күңгірт жерлердің асты жұқа ал жарық жерлердің асты қалың тау жынысынан тұрады,күңгірт жерлердің асты жықа алжарық жерлердің асты қалың тау жынысынан тұрады,0.25,0.02564102564102564,0
1984,23.52,сондай ақ массалық көлікке иелік жолдарда апаттардың көбірек болуына әкеледі бұл зақымдалған денелерді жөндеу үшін денсаулық сақтау саласында жаңа әдістерді ойлап табуға әкеледі,сондай ақ массалық көлікке иеліп жолдарда апаттардың көбірек болуыны әкеледі бұл зақымдалған денелерді жөндеу үшін денсаулық сақтау саласында жаңа әдістерді ойлап табуға әкеледі,0.08695652173913043,0.011299435028248588,0
1796,11.22,бұл шөгінді жыныстар жабайы жануарлардың мекені болған құмқайырларды және жағажайларды жасауға қажет болды,бұл шөгінді жыныстар жабай жануарлардың мекені болған құмқайырларды және жағажайларды жасауға қажет болды,0.07692307692307693,0.009433962264150943,0
1923,22.44,әскерилерге және азаматтарға қажет заттардың қамтамасыз етілуін тоқтатқан бұл стратегия тиімді болып шықты дегенмен бұл блокада өткен екі ғасырдағы бірнеше халықаралық келісімде жазылған жалпы қабылданған халықаралық заңды бұзды,әскерилерге және азаматтарға қажет заттардың қамтамысыз етілуін тоқтатқан бұл стратегия тиымді болып шықты дегенмен бұл блокада өткен еке ғасырдағы бірнеше халық аралық келісімде жазылған жалпы қабылданған халық аралық заңдыбызды,0.2857142857142857,0.03070175438596491,0
1888,23.52,елге оралу шогы мәдени шоктан мұнда бастапқы фаза өте аз гөрі тезірек пайда болады ол ұзаққа созылады және одан да ауыр болуы мүмкін,елге уралу шогы мәдени шоктан мұнда бастапқыфазы өтеас гөрі тезірек пайда болады ол ұзаққа созылады және одан да ауыр болуы мүмкін,0.21739130434782608,0.03787878787878788,0
1969,14.7,ол негізгі тақырыптың ең тиімді орны сызықтардың қиылысуында деп айтады бұл кескінді тігінен және көлденеңінен үштіктерге бөледі мысалды қараңыз,ол негізгі тақырыптың ең киымді орыны сызықтардың қиылысуында деп айтады бұл кескінді тігінен және көлденегінен үштіктерге бөледі мысалды қараңыз,0.15789473684210525,0.027777777777777776,0
1857,22.86,ол тағы былай деді дегенмен олардан даму кезеңінен жауапкершілігінен және мүмкіндіктерінен асатын міндеттемелерді қабылдауды сұрамау керек,ол тағы былай деді дегенмен олардан даму кезеңнен жауапкершілігінен және мүмкіндіктерінен асатын міндеттемелерді қабылдауды сұрамау керек,0.0625,0.007246376811594203,0
1916,15.0,көп неміс пісірілген өнімдерінде сонымен бірге бадам орман жаңғақтары және басқа ағаш жаңғақтары болады танымал торттар жиі қою кофенің саптыаяғымен өте жақсы желінеді,көп неміс пісірілген өнімдерінде сонымен бірге бадам орман жаңғақтары және басқа ағаш жаңғақтары болады танмал торттар жиі қою кофенің сыптаяғымен өте жақсы жлінеді,0.13043478260869565,0.023952095808383235,0
1772,5.82,осылайша нотация жай ғана белгі ретінде қосылған болуы мүмкін,осылайша нотация жай ғана белгі ретінде қосылған болуы мүмкін,0.0,0.0,1
1775,14.1,бейне жазып алуды пайдалану бірнеше миллисекунд жалғасатын микро қимылдарды бет бұлшық еттерінің қимылдарын түсіндіруде маңызды жаңалықтардың ашылуына себеп болды,пейіне жазып алуды пайдалану бірнеше милс жалғасатын микроқимылдарды бетбұл шығиттерін қимылдарын түсіндіруде маңызды жаңалықтардың ашылуына себеп болды,0.3684210526315789,0.10493827160493827,0
1972,16.5,көп адам оларды динозаврлар деп ойламайды өйткені олардың қауырсындары бар және ұша алады,көп адам оларды диназаврлар деп ойламайды өйткені олардың қауырсындары бар және ұша алады,0.07692307692307693,0.011235955056179775,0
1880,12.96,осылайша қарындаш шыққан кезде көп адамдарға жақсы дос болды,осылайша қарындас шыққан кезде көп адамдарға жақсы дос болды,0.1111111111111111,0.016666666666666666,0
1767,17.22,бұл солтүстік шұғыласын көрудің жақсы мүмкіндігін береді өйткені аспан тәулік бойы азды көпті күңгірт болады,бұл сол түстік шұғыласын көрідің жақсы мүмкіндігін береді өйткені аспан тәулік бойы азды көпті күңгірт болады,0.2,0.018518518518518517,0
1729,18.48,мысалы солтүстік каролина штатындағы беннет мектебінің студенттері жыл сайын штат астанасына сапары туралы веб сайтын жасайды бұл веб сайт жыл сайын қайта жасалады бірақ ескі нұсқалар альбом ретінде онлайн сақталады,мысалы солтүстік каролина штатындағы бэnet мектебінің студенттері жыл сайын штат астанасына сапар туралы wебсйtтын жасайды бұл wебсайт жыл сайын қайта жасалады бірақ ескі нұсқалар альбом ретінде онлайн сақталады,0.2,0.05581395348837209,0
1868,18.66,спектрдің екінші жағында адам бейтаныс адамға айналады ол топ орындайтын барлық әрекеттерді өзгертіп оны өз бетінше жасау керек деп санайды,спектрдің екінші жағында адам бейтаныс адамға айналады ол топ орындайтын барлық арекеттерді өзгертіп оны өзбетінше жасау керек деп санайды,0.15,0.014388489208633094,0
1875,9.6,мұхиттарға құйылатын планета өзендеріндегі судың толықтай 20 пайызы амазонкадан келеді,мұхиттарға құылатын планета өзендеріндегі судың толықтай 2паы амазонкадан келеді,0.3,0.06976744186046512,0
1814,22.26,сутегі иондары бұл олардан электрондары алынып тасталған протондар болып табылады өйткені сутегі атомдары бір протон мен бір электроннан тұрады,сутегі иондары бұл олардан электрондары алынып тасталған протондар болып табылады өйткені сутегі атымдары бір протон мен бір электроннан тұрады,0.05263157894736842,0.006993006993006993,0
1811,12.96,802 11n стандарты 2 4 ггц және 5 0 ггц жиіліктерінде жұмыс істейді,сегі ү02і11n стандардты еде 4 гегогерс және 5 гегогерс жиліктерінде жұмыс істейді,0.6153846153846154,0.36363636363636365,0
1944,17.28,бұл кейде адам көп болатын отбасылық жағажайлар жағалауда көптеген дүкендері бар қауіпсіз жүзуге болады,бұл кейде адам көп болатын отбасылық жағажайлар жағалауда көптеген дүкендері бар қауіпсіз жүзуге болады,0.0,0.0,1
1824,17.16,мысырлық өлілер алқабындағы гиза үстіртінде немесе гиза некрополисінде бірнеше пирамида олардың ішінде ұлы пирамида ең үлкені болып табылады бірнеше шағын саркофаг бірнеше храм және ұлы сфинкс бар,мысырлық өлілер алқауындағы гизас түртінде немесе гиза никраполисінде бірнеше пиромида олардың ішінде ұлы пиромида еңілкені болып табылады бірнеше шағым саркофак бірнеше храм және ұлос фингсбар,0.48148148148148145,0.09183673469387756,0
1719,24.24,қаһарлы ауа райы ауыр зақым келтіретін қоғамдық құрылымға қатты қалал келтіретін және адам өлімдеріне себеп болуы мүмкін болған кез келген қауіпті ауа райының құбылыстарына айтылатын ұғым,қаһарлы ауа райы ауыр зақым келтіретін қоғамдық құрылымға қатты қалал келтіретін және адам өлімдеріне себеп болуы мүмкін болған кез келген қауіпті ауа райының құбылыстарына айтылатын ұғым,0.0,0.0,1
1845,13.74,күймеде олар айқайлап жатқан және король мен патшайымға қоқан лоққыларды айқайлап айтып жатқан адамдар тобы қоршаған күйде парижге қайтып оралды,күймеде олар айқайлап жатқан және король мен патшайымға қоқан лоқыларды айқайлап айтып жатқан адамдар тобы қоршаған күйде порижге қайтып оралды,0.1,0.013888888888888888,0
1843,12.06,данди университетінің профессоры памела фергюсон журналистер күдікті адамдардың фотосуреттерін жариялай отырып өздеріне қауіп төндіретінін айтты,данди университетінің профессоры памело фергусүн журналисттер күдікті адамдардың фота суреттерін жариялай отырып өздеріне қауіп төндіретінін айтты,0.3333333333333333,0.041666666666666664,0
1698,15.36,әлемдегі барлық нәрсе материядан тұрады материяның барлығы атомдар деп аталатын кішкентай бөлшектерден тұрады,әлемдегі барлық нәрсе материядан тұрады материяның барлығы атымдар деп аталатын кішкентай бөлшектерден тұрады,0.07692307692307693,0.009174311926605505,0
1817,7.2,шенген аймағы бұл тұрғыдан бір ел сияқты жұмыс істейді,шенгенаймағы бұл тұрғыдан бір елі сияқты жұмыс істейді,0.3333333333333333,0.037037037037037035,0
1876,17.46,солтүстік мариан аралдарындағы төтенше жағдай қызметі елде ешқандай зақым келтіретін жағдайлар орын алмады деп хабарлайды,сол түстік мариян аралдарындағы төтенше жағдай қызметі елде еш қандайза қым келтіретінін жағдайлар орын алмады деп хабарлайды,0.4666666666666667,0.05785123966942149,0
1838,15.84,гизадағы ұлы пирамида жеті ғажайыптың ішіндегі бүгінгі күнге дейін сақталып қалған жалғыз ғажап,гизадағы ұлы пирамида жеті ғажайыптың ішіндегі бүгінгі күнге дейін сақталып қалған жалғыз ғажап,0.0,0.0,1
1813,24.72,барселонаның ресми тілдері болып каталан және испан тілдері табылады шамамен жартысы каталан тілінде сөйлеуді жөн көреді көпшілігі оны түсінеді және барлығы дерлік испан тілінде сөйлейді,барсилонының ресми тілдері болып каталан және испан тілдері табылады шамамен жартысы каталан тілінде сөйлеуді жөн көреді көпшілігі оны түсінеді және барлығы дерлік испан тілінде сөйлейді,0.04,0.010752688172043012,0
1895,10.68,грек тілін білу азайғаннан кейін батыс өзінің грек философиялық және ғылыми түбірлерінен бөлініп кеткенін тапты,грек тілінбілу азайғаннан кейін батыс өзінің грек философиялық және ғылым етөбірлерінен бөлініп кеткенін тапты,0.26666666666666666,0.036036036036036036,0
1790,19.8,оның жұмысы соншалықты танылған сапалы және егжей тегжейлі болғандықтан филателистер арасында өте аз үй иелері атауларының бірі болып есептеледі кейбіреулер өзінің жұмысын жалғыздықта жинауға маманданған,оның жұмысы соншалықта танылған сапалы және екжәй текіжейлі болғандықтан филотелистер арасында өте аз үй иелері атауларының бірі болып есептеледі кейбіреулер өзінің жұмысын жалғыздықта жинауға маманданған,0.16,0.029556650246305417,0
1741,11.76,солтүстікте ары қарай орналасқан үлкен аумақтарда халық өте сирек қоныстанған ал кейбіреулері елсіз дерлік жабайы жерлер,сол түстікте ары қарай орналасқан үлкен аумақтарда халық өте сирек қоныстанған ал кейбіреулері елсіздерлік жабай жерлер,0.3125,0.025,0
2003,11.1,гонконгтың ең жақсы көрінісін тамашалау үшін аралдан шығып коулун жағалауына қарай бет бұрыңыз,ганконгтың ең жақсы көрінісін тамашалау үшін аралдан шығып коулун жағалауына қарай бет бұрыңыз,0.07692307692307693,0.010638297872340425,0
1960,27.9,оның жасы 20 да болғаны хабарланды өз мәлімдемесінде бибер былай деді ол жерде болмағаныммен әрі осы қайғылы апатқа тікелей қатысты болмағаныммен мен құрбанның отбасы туралы ойлаймын және оларға дұғалар арнаймын,оның жасы жиырмада болғаны хабарланды өз мәлімдемесінде бибер былай деді ол жерде болмағаныммен әрі осы қайғылы апатқа тікілей қатысты болмағаныммен мен құрбанның отбасы тураыойлаймын және оларға дұғалар арнаймын,0.16666666666666666,0.04265402843601896,0
1797,10.5,әр адам қоғамға қатысады және көлік жүйелерін пайдаланады әркім дерлік көлік жүйелері туралы шағымданады,әр адам қоғанға қатысады және көлік жүйелерін пайдаланады әркім дерлік көлік жүйелері туралы шағымданады,0.07142857142857142,0.009615384615384616,0
1696,10.86,университеттегі зерттеушілердің айтуынша екі қосылыс бір бірімен реакцияға түсіп бүйрек қызметін тоқтата алатын кристалдар құрады,университеттегі зерттеушілердің айтуынша екі қосылыс бірбірмен реакцияға түсіп бюйрі қызметін тоқтата алатын кристалдар құрады,0.2,0.03875968992248062,0
1782,27.54,сондай ақ әр династиялар арасында бөлінген провинциялардың тұрақсыз дәуірі болды осы кезеңдердің ең танымалсы хань мен цзинь династияларының арасында 60 жыл бойы болған үш патшалық дәуірі еді,сондай ақ әр династиялар арасында бөлінген провинциялардың тұрақсыз дәуірі болды осы кезеңдердің ең танымалсы ханьмен тзин династияларының арасында 6лпс жыл бойы болған үш патшалық дәуірі еді,0.14814814814814814,0.031413612565445025,0
1753,23.34,бұл көбінесе бар болғаны дәл емес стереотип болғанымен парижде өмір сүрудің ең жақсы жолы ең жақсы мінез құлықты көрсету жақсы тәрбиеленген адам сияқты әрекет ету бұл саяхаттауды айтарлықтай жеңілдетеді,бұл көбінесе бар болғаны дәл емес стереотив болғанымен парижде өмір сүрудің ең жақсы жолып ең жақсы мүнес құлықты көрсету жақсы тәрбиеленген адам сияқты әрекет ету бұл саяхаттауды айтарлықтай жеңілде теді,0.1724137931034483,0.024752475247524754,0
1779,16.62,бұл хабарландыру трамп түркия президенті реджеп тайып ердоғанмен телефон арқылы сөйлескеннен кейін жасалды,бұл хабарландыру трuмп түркия президенті реджеп тайып ердағанмен телефон арқылы сөйлескеннен кейін жасалды,0.15384615384615385,0.018867924528301886,0
2004,12.48,дәл осы айда тағы бір ұшақ мешхедтің ұшу қону жолағын басып өтіп қабырғаға соғылып он жеті адамды өлтірді,дәл осі айда тағы бір ұшақ мәшхеттің шу қонаужалағын басып өтіп қабырғаға соғылып 1н7 адамды өлтірді,0.3888888888888889,0.12380952380952381,0
1864,20.22,кирчнер ханым аргентина театрында өзінің президенттік сайлауға қатысу ниеті туралы жариялады ол 2005 жылғы буэнос айрес провинциясының делегациясының мүшесі ретінде сенат үшін науқанын бастау үшін дәл осы жерді пайдаланған,кирчнер ханым аргентина театрында өзінің президенттік сайлауға қатысуы неті туралы жариялады ол 205 жылғы буйнасайрыс провинциясының делегациясының гүшесі ретінде сенат үшін науқанын бастау үшін дәл осы жерде пайдаланған,0.2413793103448276,0.04054054054054054,0
1764,15.0,келген адамдардың саны көп болғаны сонша сент питер алаңындағы жерлеу процессиясына барлық адам қатыса алмады,келген адамдардың саны көп болғаны сонша сэнт петер алаңындағы жерілеу процессиясына барлық адам қатыса алмады,0.2,0.027522935779816515,0
1819,14.52,ежелгі қытайда әртүрлі уақыт мерзімдерін көрсетудің ерекше әдісі болды қытай тарихының әрбір кезеңі немесе билік басына келген әрбір отбасы ерекше династия болды,ежелгі қытайда әртүрлі уақыт мерзімдерін көрсетудің ерекше әдісі болды қытай тарихының әрбір кезеңі немесе билік басына келгені әрбір отбасы ерекше диноскя болды,0.09090909090909091,0.024844720496894408,0
1714,13.56,жерсерік ғарышқа зымыранмен жіберілді ғалымдар ғарышта телескоптарды пайдаланады өйткені жердің атмосферасы біраз жарық пен көріністі бұрмалайды,жерсерік қарышқа зымыранмен жіберілді халымдар қарышта телескоптарды пайдаланады үйткені жердің атмосферасы біраз жарықпен көріністі бұрмалайды,0.375,0.034722222222222224,0
1713,25.44,гома жеткілікті деңгейде қауіпсіз болғанмен гомадан тыс аймақтарға шығудан бұрын солтүстік киву провинциясындағы соғыс жағдайын түсіну үшін аздап зерттеу жүргізген дұрыс,гома жеткілікті деңгеде қауіпсіз болғанмен гомадан тұс аймақтарға шығудан бұрын сол түстіп киву провинциясындағы соғыз жағдайын түсіну үшін аздап зерттеу жүргізген дұрыс,0.23809523809523808,0.029585798816568046,0
1771,15.36,негізгі сахналардағы музыка аяқталғанымен фестивальдің түннің кеш уақытына дейін музыканы ойнатуды жалғастыратын бөліктері болуы мүмкін екенін есте сақтаңыз,негізгі сахыналардағы музика аяқталғанымен фестивальдің түннің кеш уақытына дейін музиканы ойнатуды жалғастыратын бөліктері болуы мүмкін екенін есте сақтаңыз,0.16666666666666666,0.019230769230769232,0
1983,34.44,өркениет сөзі латынның civilis сөзінен шыққан азаматтық деген мағынаны білдіретін ол азамат деген мағынаны білдіретін латынша civis сөзімен байланысты ал қала немесе қала мемлекет деген мағынаны білдіретін civitas сөзі де бар сонымен бірге бұл белгілі бір деңгейде қоғамның көлемін анықтайды,өркениет сөзі латынның цивилис сөзінен шыққан азаматтық деген мағынаны білдіретін ол азамат деген мағынаны білдіретін латынша цивис сөзімен байланысты ал қала немесе қала мемлекет деген мағынаны білдіретін цивитас сөзі де бар сонымен бірге бол белгілі бірдеңге де қоғамның көлемін анықтайды,0.15,0.07560137457044673,0
1739,18.84,меккенің солтүстігіндегі таулардың біріндегі шыңда орналасқан үңгір әлемнің қалған бөліктерінен толығымен оқшауланған,меккенің сол түстігіндегі таулардың біріндегі шыңдау орналасқан үңгір әлемнің қалған бөліктерінен толығымен оқшауланған,0.25,0.017094017094017096,0
1705,18.78,1940 жылы 15 тамызда одақтастар оңтүстік францияға басып кірді бұл шапқыншылық дракон операциясы деген атауға ие болды,194 жалы 15 атамызда одақтастар оң түстік францияға басып кірді бұл шапқыншылық дракон операциясы деген атауға ие болды,0.29411764705882354,0.03389830508474576,0
1962,14.28,pн деңгейі химиялық құрамдағы сутегі рн ішіндегі h иондарының мөлшерімен көрсетіледі,пиаж деңгейі химиялық құрамдағы сутегі пиаж ішіндегі аш иондарының мүлшерімен көрсетіледі,0.36363636363636365,0.13095238095238096,0
1980,18.66,өкінішке орай жол қозғалысы ағынын зерттеу қиын өйткені жүргізушінің мінез құлқын жүз пайыз сенімділікпен болжау мүмкін емес,өкінішке орай жол қозғалысы ағынын дерттеу қиын өйткені жүргізүшінің мүнес құлқын жү0 пайыз семнімділікпен жолдау мүмкін емес,0.35294117647058826,0.06451612903225806,0
1792,9.12,бұл химиялық рн деп аталады қызыл қырыққабат шырынын пайдаланып индикатор жасай аласыз,бұл химиялық psh деп аталады қызыл ққ қабат шүрінің пайдаланып индикатор жасай аласыз,0.3333333333333333,0.12790697674418605,0
1963,21.12,дымқыл киімді үтіктеу киімнің кебуіне көмектеседі көп қонақ үйлерде тіпті бөлмеде болмаса да ала тұруға болатын үтік және үтіктеу тақтасы болады,дымқыл киімді үтіктеу киімнің кебуіне көмектеседі көп қонақ үйлерде тіпті бөлмеде болмаса да ала тұруға болатын үтік және үтіктеу тақтасы болады,0.0,0.0,1
1783,11.7,аймақтық және маусымдық ауа райы құбылыстары қарлы борандарды мұзды борандарды және шаң дауылдарын қамтиды,аймақтық және маусымдық ауарайы қоблыстары қарлы борандарды мұзды борандарды және шанг дауылдарын қамтиды,0.2857142857142857,0.04716981132075472,0
1815,16.92,атомдық бомба көп протондар мен нейтрондар арқылы ядро құру үшін энергия алуы принципі бойынша жұмыс істейді,атымдық бомбы көп протондармен нийтрондар арқылы ядра құру үшін энергия алуы принципі бойынша жұмыс істейді,0.375,0.046296296296296294,0
1958,19.2,бұл қала елдің қалған қалаларынан өте ерекше өйткені онда африкандықтан ерекшеліктерден гөрі араб ерекшеліктері көбірек,бұл қала елдің қалған қалаларынан өте ерекше өйткені онда африкандықтан ерекшеліктерден гөрі араб ерекшеліктері көбірек,0.0,0.0,1
1803,10.98,сіздің қолыңыздағы ылғал сыртқы қабаттармен өзара әрекетке түсіп біртүрлі сезіледі және қорғаныс қабығын түзеді,сіздің қолыңыздағы ылғал сыртқа қабаттармен өзіра әрекетке түсіп бір түрлі сезледі және қорғаныс қабығын түзеді,0.35714285714285715,0.036036036036036036,0
1900,18.12,іс жүзінде тіпті адам оның бар екенін білсе де оны табу оңай емес үңгірге түскеннен кейін толығымен оқшауланасыз,іс жүзінде тіпті адам оның бар екенін білсе де оны табу оңа емес үңгірге түскеннен кейін толығымен оқшауланасыз,0.05555555555555555,0.008928571428571428,0
1873,12.78,ер адамдардан бас тартқанда берік болыңыз және өз пікіріңізден таймаңыз мәдени айырмашылықтар болсын болмасын бұл дұрыс емес,ер адамдардан бас тартқанда берік болыңыз және өз пікіріңізден таймаңыз мәдени айырымашылықтар болсын болмасын бұл дұрыс емес,0.058823529411764705,0.008064516129032258,0
1858,12.06,бұұ аурулар бойынша сарапшысы даниель лантанның айтуы бойынша аурудың өршуіне бейбітшілдер себеп болған болуы мүмкін,біркенұлттар ұйымы аурулар бойынша сарапшысы дениел лантаның айтуы бойынша аурудың өршуіне бивітшілдер себеп болған болуы мүмкін,0.3333333333333333,0.1810344827586207,0
1787,17.4,блоггинг бірлесіп жұмыс істеуге шабыттандыратын және оқушыларды дәстүрлі мектеп күнінен кеңейтуге ынталандыратын құрал,блогинг бірлесіп жұмыс істеуге шабыттандыратын және оқушыларды дәстүрлі мектеіп күнінен кеңейтуге ымталандыратын құралп,0.3076923076923077,0.03389830508474576,0
1727,13.8,баспанасыз балалар тастап кеткенге немесе қашып кеткенге дейін балаларға қарсы зорлық зомбылықты көрген немесе жанжарақатын алған болуы мүмкін,баспанасыз балалар тастап кеткен немесе қашып кеткенде дейін балаларға қарсы зорлық зомбылықты көрген немесе жанжарлықты алған болуы мүмкін,0.16666666666666666,0.04929577464788732,0
1723,25.8,бұл портта 1889 жылы әскери теңіз флоттарының қайғылы қарама қарсы келуі болған германияның ақш тың және британияның жеті кемесі порттан кетуден бас тартқан,бұл портта 1889 жылы әскери теңіз флоттарының қайғылы қарама қарсы келуі болған германияның ақыштың және британияның жеті кемесі порттан кетуден бас тартқан,0.08695652173913043,0.01282051282051282,0
1978,8.34,спрингбокс үшін бұл қатара бес ойындық жеңіліспен аяқталды,спринг бокс үшін бұл қатары бес ойындық жеңіріспен аяқталды,0.5,0.05172413793103448,0
1751,25.26,дебатты катрина дауылының салдарынан көмек пен реконструкцияға жұмсауға қатысты даулар тудырды кейбір қаржылық консерваторлар мұны әзілдеп буштың жаңа орлеандағы мәмілесі деп атады,дебатты катрина даулының салдарынан көмек пен реконструкцияға жұмсауға қатысты даулар тудырды кейбір қаржылық консерваторлар мұны әзілдеп буштың жаңа арлияндағы мәмілесі деп атады,0.09090909090909091,0.022222222222222223,0
1801,12.48,гонконг аспанын безендіретін ғимараттар тобы виктория харбор суларының қатысуымен айқын көрінетін жарқыраған жолақ диаграммасымен салыстырылды,ганконг аспаннын безендретін ғимараттар тобы виктория қарбор суларының қатысуымен аяқын көрінетін жарқыраған жолақ диаграммасымен салыстырылады,0.4,0.04225352112676056,0
1781,11.52,мадагаскар қазіргі уақытта ең үлкені әрі жабайы табиғатына келгенде өздігінен континент болып табылады,мадагаскар қазіргі уақытта ең үлкен әрі жабайы табиғатқа келгенде өздігінен континент болып табылады,0.15384615384615385,0.029411764705882353,0
1945,12.6,касабланка бүкіл мароккодағы шоппинг жасау ең қызық емес жерлердің бірі,касабланка бүкіл маруккадағы шопинг жасау ең қызық емес жерлердің бірі,0.2,0.04225352112676056,0
1925,12.0,жасалған жұмыс көбіне теориялық болды бірақ мерген галактикасына қатысты жасалатын бақылауларды симуляциялау үшін бағдарлама жазылды,жасалған жұмыс көбіне теориялық болды бірақ мерген галактикасына қатысты жасалатын бақылауларды симуляциялау үшін бағдарлама жазылды,0.0,0.0,1
1871,12.84,таяу шығыстың климаты жылы болғандықтан үй аса маңызды болмаған,таяу шығыстың климаты жылы болғандықтан үй аса маңызді болмаған,0.1111111111111111,0.015873015873015872,0
1919,21.48,қала африкадағы ең арзан тау горилласы саудасының орталығы болумен қатар ньирагонго жанартауына шығуда негізгі қала қызметін атқарады,қала африкадағы ең арзан тау гариласы саудасының орталығы болумен қатар нирагонга жаңартауына шығуда негізгі қала қызметін атқарады,0.17647058823529413,0.03759398496240601,0
1805,10.74,scotturb 403 автобусы синтраға қалыпты түрде қатынап отырады да рока мүйісінде тоқтайды,sкоттор 43 аптобусы синтрағы қалыпты түрде қатынап отырады да рока месімде тоқтайды,0.4166666666666667,0.16091954022988506,0
1941,6.48,бұл жұптар баласы үшін асырап алу жоспарын жасауды таңдауы мүмкін,бұл жұптар баласы үшін асырап алу жоспарын жасауты таңдауы мүмкін,0.1,0.015384615384615385,0
1935,16.44,алайда бұл дұрыс емес құжаттың артында белгілі бір мәлімет жазылған болса да ол қазынаға жеткізетін карта емес,алайда бұл дұрыс емес құжаттың артында белгілі бір мәлімет жазылған болса да ол қазынаға жеткізетін карта емес,0.0,0.0,1
1743,18.96,технологиялық детерминизмнің көптеген түсініктемелері екі жалпы пікірге ие технология мәдени немесе саяси әсерден тыс өз бетінше дамиды және технология өз кезегінде өз ерекшеліктері бар қоғамдарға әсерін тигізеді,технологиялық детерминизмнің көптегін түсініктемелері екі жалпы пікірге ие технология мәдени немесе саяси әсерден тыс өз бетінше дамида және технология өз кезегінде өз ерекшеліктері бар қоғамдарға әсерін тигізеді,0.07407407407407407,0.009433962264150943,0
2007,16.92,ақш инженерлер корпусы 6 дюйм жаңбырдың жаууы бұрын зақымдалған бөгеттерді бұзуы мүмкін деп болжады,ақыш инженерлер корпусы алты диюм жаңбырдың жауы бұрын зақымдалған бөгеттерді бұзуы мүмкін деп болжаты,0.35714285714285715,0.09090909090909091,0
1760,10.92,мозасавр өз заманының ең жоғары жыртқышы болған сондықтан ол басқа мозасаврлардан басқа ештеңеден қорықпаған,мозасавр өззаманның ең жоғарғы жыртқышы болған сондықтан ұл басқа мозасаврлардың басқа ештеңеден қорықпаған,0.35714285714285715,0.05555555555555555,0
1947,16.38,әскерлер келмей тұрып гаитиде 1800 жылдан бері бұл ауруға қатысты мәселелер болмаған,әскерлер келмей тұрып гаитиде 18 жылдан бері бұл ауруға қатысты мәселелер болмаған,0.08333333333333333,0.023809523809523808,0
1722,13.56,53 жастағы куомо өзінің губернатор лауазымына осы жылдың басында келді және өткен айда бір жынысты некені заңдастырушы заң жобасына қол қойды,елу іш жастағы куамо өзінің губернатор лауаз мына осы жылдың басында келді және өткен айда бір жынысты некені заңдастырушы заң жобасына қолқойды,0.3333333333333333,0.06382978723404255,0
1748,9.72,өрт сөндіру бөлімшелері өртті кешкі сағат 11 35 ке дейін сөндірді,өрт сөндіру бөлімшелері өртті кешкі сағыт 1135ке дейін сөндірді,0.36363636363636365,0.046153846153846156,0
1977,10.44,прайдтар бірден үшке дейін туыс ересек еркек арыстаннан сондай ақ отыз аналық пен абданнан тұрады,прайдтар бірден үшке дейін туыс ересек еркек арыстаннан сондай ақ 3 аналық пен абданнан тұрады,0.06666666666666667,0.041237113402061855,0
1786,18.3,бұл кристалдардың құрылымы инфрақызыл спектроскопиямен ftir салыстырғанда әсер етілген үй жануарларының зәрінде кездесетін кристалдармен бірдей,бұл кристалдардың құрылымыны инфрақызыл спектроскопиямен ftr салыстырығында әсер етілген үйжануарларының зәрінде кездесетін кристалдарымен бірдей,0.4,0.04895104895104895,0
1799,13.62,сәрсенбі күнгі оқиғадан басқа карпанедо чемпионаттағы екі жеке жарыста қатысты,сәрсенбі күнгі оқиғадан басқа карпанеда чемпионаттағы екі жеке жарыста қатысты,0.1,0.01282051282051282,0
1921,18.06,екінші жағынан мұзды және қарлы жағдайлар көп елдерде қалыпты болып табылады және жол қозғалысы көбінесе жыл бойы үздіксіз болады,екінші жағынан мұзды және қарлы жағдайлар көбелерде қалыпты болып табылады және жол қозалысы көбінесе жыл бойы үздік сіз болады,0.2631578947368421,0.03875968992248062,0
1808,9.96,соғыс аяқталғаннан кейін екі жылда бұрынғы одақтастар енді жаулар болды және суық соғыс басталды,соғыс аяқталғаннан кейін екі жылда бұрынғы одақтастар енді жаулар болып болды және суық соғыс басталды,0.07142857142857142,0.0625,0
1878,13.74,шіркеудің орталық билігі мың жылдар бойы римде болған және бұл қуат пен ақшаның шоғырлануы көп адамдарда бұл принциптің ұсталынып жатқаны туралы сұрақтың туындауына әкелді,шіркеудің орталық билігі мың жылдар бойы римде болған және бұл қуат пен ақшаның шоғырлануы көп адамдарда бұл принциптің ұсталынып жатқаны туралы сұрақтың туындауына әкелді,0.0,0.0,1
1804,14.16,гаитидегі әділет және демократия институты бұұ непал бейбітшіл батальоны өздері байқамай ауруды гаитиге әкелген деп пайымдайтын тәуелсіз зерттеулерді көрсетті,гаитидегі әділет және демократия институты бір кенұлтаримын нипал бойынша бибітшіл батальоны өздері байғамай ауыруды гаитигі әкелгендеп пайымдайтын тәуелсіз зерттеулерді көрсетті,0.5263157894736842,0.17088607594936708,0
1731,6.48,архипелагтар мен көлдерде сізге яхта қажет емес,архипелактар мен көлдерде сізге яқта қажет емес,0.2857142857142857,0.0425531914893617,0
1725,16.32,ертеректе шығындарды азайту және функционалдылық факторларына байланысты бүкіл әлемде шығарылған asus eee компьютері 2007 жылғы тайбэй ат айлығының өзекті тақырыбына айналды,ертеректе шығындарды азайту және функционалдық факторларға байланысты бүкіл әлемде шығарылған asusе cомпьютері 207 жылы тайбей ed айлығының өзекті тақырыбына айналды,0.42857142857142855,0.08092485549132948,0
1675,12.48,барлық зат есімдер сонымен бірге сіз дегенді білдіретін sie сөзі тіпті сөйлемнің ортасында да бас әріптен басталады,барлық зат есімдер сонымен бірге сіз дегенді білдіретін cи сөзі тіпті сөйлемнің ортасында да бас әріптен басталады,0.058823529411764705,0.02608695652173913,0
1973,19.86,бірақ экватордан бар болғаны бірнеше градус солтүстікте орналасқан жоғары тропиктерде орналасқандықтан жылуға әрқашан және қатты күнге аспан анық кезде сирегірек шыдауыңыз керек болады,бірақ экватордан бар болғаны бірнеше градус солтүстікке орналасқан жоғарғы тропиктерде орналасқандықтан жылуға әрқашан және қатты күнге аспан анық кезде сиірегірек шыдауыңыз керек болады,0.13043478260869565,0.016304347826086956,0
1940,14.04,барлығын назарға ала отырып егер біздің ата бабаларымыз өздерінің қоректену мәселесін бүгінде саваннадағы шимпанзелер қолданатын әдіспен шешкен болса таң қалмауымыз керек,барлығы назарға ала отырып егер біздің ата бабаларымыз өздерінің қоректену мәселесін бүгінде саваннадағы шимпанзерьлер қолданатын әдіспен шешкен болса таң қалнауымыз керек,0.14285714285714285,0.023529411764705882,0
1704,16.44,1990 жылы ол шөл құмдары қаупіне байланысты қауіп төніп тұрған әлемдік мұралар тізіміне қосылды,199ы жылы ол шөл құмдары қаупіне байланысты қауіп төніп тұрған әлемдік мұралар тізіміне қосылды,0.07142857142857142,0.010526315789473684,0
1906,9.42,бұл қоштасу болайын деп тұрған жоқ бұл бір тараудың жабылуы және жаңасының ашылуы,бұл қоштасу болайын деп тұрған жоқ бұл бір тараудың жабылуы және жаңасының ашылуы,0.0,0.0,1
1695,17.1,қарапайым танымал түскі ас әсіресе жазда па амб оли зәйтүн майы қызанақ және ірімшік тунец т б сияқты кез келген қолжетімді дәмдеуіштер қосылған нан,қарапайым танымал түскі аз әсіресе жазда памб oлекзайтынмайы қызанақ және ірімшек тунетс тағыбасқа сияқты кез келген қол жетімді дәмдеуіштер қосылғаннан,0.5833333333333334,0.14189189189189189,0
1907,14.76,соғыс басталғаннан кейін жуық арада ұлыбритания германияны әскери теңіз қоршауына алды,соғыс басталғаннан кейін жуық арада ұлы британия германияны әскери теңіз қоршауына алды,0.18181818181818182,0.011627906976744186,0
1718,11.76,антиквариат болып табылатын бұйымдар үшін ортақ анықтама берілмеген кейбір салық органдары 100 жастан асқан бұймыдарды антиквариат деп атайды,антикварият болып табылатын бұйымдары үшін ортақ анықтама берілмеген кейбір салық органдары 100 жасынан асқан бұйымдарды антикварият деп атайды,0.2777777777777778,0.04964539007092199,0
1910,8.94,париждіктер біртүрлілігі дөрекілік және менмендігімен ерекшеленеді,париждіктер біртүрлілілігі дөрекілік және менмендігімен ерекшелен еді,0.5,0.045454545454545456,0
1693,13.2,бірақ капитан қақпасын жоғалтудан кейін үндістан ойынды аяқтау үшін бар болғаны 36 рет жүгірді 7 рет қақпаны жоғалтты,бірақ капитан қақпасын жоғалтудан кейін үндістан ойынды аяқтау үшін бар болғаны 36 рет жүгірді жеті рет қақпаны жоғалтты,0.05555555555555555,0.03418803418803419,0
1661,11.34,ол қысқартулар үшін санды белгілемеді олар қытайдың экономикалық нәтижесі негізінде жасалатынын айтты,олар қысқартулар үшін санды белгілемеді олар қытайдың экономикалық нәтижесі негізінде жасалатынн айтты,0.16666666666666666,0.0297029702970297,0
1818,10.44,адамдар үйіне оралған саяхатшылар үшін шыдамдылық пен түсіністік қажет екенін түсінбеуі мүмкін,адамдар үйіне оралған саяхатшылар үшін штамдылық пен түсіністі қажет екенін түсінбеуі мүмкін,0.16666666666666666,0.031914893617021274,0
1822,23.52,марокко сұлтаны қаланы дару аль бадиа деп қайта салды және оған касабланка деген атауды осында сауда базаларын жасаған испандық саудагерлер берді,марукка сұлтаны қаланы дару альбадия деп қайта сауды және оған касабланка деген атауды осында сауда базарларын жасаған испандық саудагерлер берді,0.23809523809523808,0.041379310344827586,0
1849,14.34,егер сіз ұлт қазынасы фильмін көрген болсаңыз онда қазына картасы тәуелсіздік декларациясының артында жазылған деп ойлауыңыз мүмкін,егер сіз ұлт қазынасы фильмін көрген болсаңыз онда қазына қартасы тәуелсіздік декларациясының артында жазылған деп ойлауыңыз мүмкін,0.058823529411764705,0.007633587786259542,0
1860,9.36,губернатордың кеңсесі жарақат алғандардың он тоғызы полиция қызметкері болғанын айтты,губернатордың кеңсесі жарақат алғандардың 19 полиция қызметкері болғанын айтты,0.2,0.10588235294117647,0
1697,11.64,ол ауырғанды басатын қажет дәрі дәрмектерді қабылдай алмады өйткені олар ойындарға қатысушылар үшін рұқсат етілмейді,олы ауырғанды басатын қажеттәрі дәрмектерді қабылдай алынады өйткені олар ойындарға қатысушылар үшін рұқсат еділмеді,0.3333333333333333,0.0603448275862069,0
1928,10.38,1976 жылда мачу пикчудың отыз пайызы қалпына келтірілді және реставрация бүгінге дейні жалғасуда,1976 жылда мачu piкчудің 300 пайызы қалпына келтірілді және рестаурация бүгінге дейін жалғысуды,0.46153846153846156,0.13541666666666666,0
1915,22.5,гома қаласында бода бода мотоцикл такси қызметінен пайдалануыңызға болады қалыпты жергілікті бағасы қысқа сапар үшін шамамен 500 конго франкіне тең,гома қаласында бода бода матациклы тәкси қызметінен пайдалауыңың ноңозға болады қалықты жергілікті бағасы қысқа сапар үшін шамамен 500 конго франкіне тең,0.25,0.08163265306122448,0
1989,26.04,сондай ақ ол көп елдердің банкнота басу қалыптарын нақыштауға қатысты оның жақындағы жұмыс мысалдарына канаданың жаңа 5 және 100 банкноталарындағы премьер министр портреттері кіреді,сондай ақ ол көп елдердің банкнота басу қалыптарын нақыштауға қатысты оның жақындағы жұмыс мысалдарына канаданың жаңа бес доллар және ж00 доллар банкноталарындағы премьер министр парттиреттері кіреді,0.20833333333333334,0.11602209944751381,0
1904,9.6,дегенмен баяу коммуникация арналарына байланысты батыстағы стильдер 25 30 жылға қалып отырады,дегенмен баяу коммуникация арналарына байланысты батыстағы стилдер 253 жылға қалып отырады,0.25,0.03225806451612903,0
1872,18.18,мау қозғалысы ұйымдастырған тәуелсіздік үшін күрес кезінде қаладағы бейбіт жиналыс нәтижесінде жоғары дәрежелі көсем тупуа тамасесе леалофи iii өліміне әкеліп соқты,мау қозғалысы ұйымдастырған тәуелсіздік үшін күрес кезінде қаладағы бейбіт жиналыс нәтижесінде жоғары дәрежелі көсем тупуа тамасесалеолофи үшінші өлімінен әкеліп соқты,0.19047619047619047,0.06097560975609756,0
1908,7.92,бұл кейбір етістіктер мен толықтауыштарды ажыратудың маңызды жолы,бұл кейбір етістіктер мен толықтауштарды ажыратудың маңызды жолы,0.125,0.015384615384615385,0
1720,14.4,ыстық шоколад бельгия стандарттарына сәйкес келеді жеміс шырындары қымбат болғанымен бірақ өте керемет,ыстық шикалат белгия стандарттарына сәйкез келеді жеміс шырындары қымбат болғанымен бірақ өте керемет,0.23076923076923078,0.049019607843137254,0
1933,16.8,әрі беріден соң мұнда көптеген кішкентай мысықтар соның ішінде жоғалған үй мысықтары бар олар құрт құмырсқа кеміргіштер кесіртке сияқты көптеген шағын жыртқыш аңдарды және құстарды жейді,әріберіден соң мұнда көптеген кішкент ұұймысықтар соның ішінде жоғалған ұймысықтары бар олар құрт құмырсқа кеміргіштер кесіртке сияқты көптеген шағын жыртқы шаңдарды және қыстарды жейді,0.34615384615384615,0.053763440860215055,0
1832,27.96,танымал спорт түрлеріне футбол баскетбол волейбол су полосы семсерлесу регби велоспорт шайбалы хоккей роликті хоккей және f1 автоспорты кіреді,танымал спорт түрлеріне футбол баскетбол валейбол су полысы семсерле су рэгби вела спорт шайбалы хәкей роликті хәкей және fбр автоспорты кіреді,0.5263157894736842,0.08450704225352113,0
1959,11.34,бәрібір билік органдарынан кеңес алыңыз барлық белгілерді ескеріңіз және қауіпсіздік туралы ескертулерге ерекше көңіл бөліңіз,бәрібір билік органдарынан кеңес алыңыз барлық белгілерді ескеріңіз және қауіпсіздік туралы ескертулерге ерекше көміл бөліңіз,0.06666666666666667,0.008,0
1970,16.8,нақты білмесек те оның тілі айыр болған болуы мүмкін оның диетасына мыналар кірген тасбақалар үлкен балық басқа мозазаврлар кіреді ол тіпті каннибал болған болуы да мүмкін,нақты білмесек те оның тілі айыры болған болуы мүмкін оның детісына мыналар кірген таспақалар үлкен балық басқа мазазаврлар кіреді ол тіпті канивал болған болуыды мүмкін,0.2692307692307692,0.05263157894736842,0
1784,17.94,гренландия халқы сирек қоныстанды норвегиялық дастандарда олар қызыл эрик адам өлтіргені үшін исландиядан қуылған одан әрі батысқа қарай сапар шеккенде гренландияны тауып оны гренландия деп атаған дейді,гренландия халқы сирек қоныстанды норвегиялық дастандарда олар қызыл эрик адам өлтірген үшін исландиядан қуылған одан әрі батысқа қарай сапаршеккенде гренландияны тауып оны гренландия деп атаған дейді,0.1111111111111111,0.009900990099009901,0
1903,11.88,барлық қолжетімді ресурстар ұйымның функционалдық бөлімдерінде тиімді пайдаланылғанда жасампаздық пен өнертапқыштық бола алады,барлық қолжетімді ресурстар ұйымының функциалдық бөлімдеріне тимді пайдаланғанда жаспамаздық пен өнертапқышдық бола алады,0.5384615384615384,0.07936507936507936,0
1711,25.62,бұл теориялар белгілі бір адамдарды қалайтын нәрселерін не қалаттыратынын және қоршаған ортасындағы қандай нәрселер белгілі бір әрекеттерді істеткізетінін немесе істеткізбейтінін қарастырады,бұл теориялар белгілі бір адамдарды қалайтын нәрселерін не қалаттыратынын және қуршыған ортасындағы қандай нәрселер белгілі бір әрекеттерді істеткізетінін немесе істеткізбейтінін қарастырады,0.047619047619047616,0.010526315789473684,0
1769,13.98,мысырлықтар б д д үшінші ғасырда соққан ұлы пирамида қайтыс болған перғауынның құрметіне соғылған көп үлкен пирамида құрылымдарының біреуі еді,мысырлықтар біздің дәуірімізге дейінгі үшінші ғасырда соққан ұлы пиромида қайтыс болған фирғауының құрметіне соғылған көп үлкен пиромида құрылымдарының біреуі еді,0.3,0.18309859154929578,0
1988,17.4,1920 жылары азаматтардың және елдердің көпшілігі пацифисті және изоляционистік көзқарастарды ұстанатын,192 жылары азаматтардың және елдердің көпшілігі пацифисті және изоляцияонистіқ көз қарастарды ұстанатын,0.36363636363636365,0.0392156862745098,0
1986,22.92,нағыз көзге көрінбейтін топтың ларсон мен лафасто 1989 109 бет болуы да виртууалды топтың бірегей компоненті болып табылады,нағыс көзге көрінбейтін топтың ларсанмен лафасто 198919ш бет булуда виртуолды топтың бірегей компоненті болып табылады,0.4444444444444444,0.08943089430894309,0
2000,24.36,солтүстік балтық теңізінен қыста өтсеңіз кабинадағы орынды қарастырыңыз өйткені мұз арқылы өту ең көп әсер етілетін адамдар үшін айтарлықтай жаман шуды тудырады,сол түстік балтық теңізінен қыста өтсеңіз кабинадағы орынды қарастырыңыз өйткені мұз арқылы өту ең көп әсер етілетін адамдар үшін айтарлықтай жаман шуды тудырады,0.09090909090909091,0.00625,0
1890,11.88,заманауи зерттеу телескоптарының көпшілігі қолайлы атмосфералық жағдайлар бар қашықтағы аумақтардағы алып қондырғылар болып табылады,заманауи зерттеу телископтарының көпшілігі қолайлы атмосфералық жағдайлар бар қашықтағы аумақтарды алып қондырғылар болып табылады,0.14285714285714285,0.022727272727272728,0
1952,13.44,жоғары ендіктерде немесе тау асуларының үстімен өтетін кез келген адам қардың мұздың немесе аяздың мүмкін болған температурасын ескеруі қажет,жоғары ендіктерде немесе тау асуларының үстімен өтетін кез келген адам қардың мұздың немесе аяздың мүмкін болған температурасын ескеруі қажет,0.0,0.0,1
1770,8.88,бұл орынды болып көрінеді өйткені жердің қозғалғаны сезілмейді солай емес пе,бұл орынды болып көрінеді үйткені жердің қозғалғаны сезілмейді солай емес пе,0.09090909090909091,0.013157894736842105,0
1918,12.3,сундарбан юнеско ның әлемдік мұра орны деп жарияланды үндістан территориясындағы орманның бөлігі сундарбан ұлттық паркі деп аталады,сундарбан юнесканың әлемдік мұра орны деп жарияланды үндістан территориясындағы орманның бөлігі сундарбан ұлттық паркі деп аталады,0.11764705882352941,0.015267175572519083,0
1678,23.64,оливер сакс өзінің президенттің сөзі деген мақаласында мидың зақымдануы салдарынан сөзді түсінбейтін адамдар соған қарамастан шынайылықты қалай бағалай алатыны көрсетілген,уливерсакс өзінің президенттің сөзі деген мақаласында мейдің зақымдануы салдарынан сөзді түсін бейтін адамдар соған қарамастан шынайлықты ғалай бағалай алатыны көрсетілген,0.35,0.04678362573099415,0
1877,24.84,қазіргі сенатор және аргентинаның бірінші ханымы кристина фернандес де киршнер өзінің президенттік кандидатурасын кеше кешкі уақытта буэнос айрестен 50 шақырым 31 миль қашықтықта орналасқан ла плата қаласында жариялады,қазіргі сенатор және оргентинаның бірінші ханым кристина фернандасде киршнер өзінің президентік кандидатурасының кеше кешкі уақытта буэнес айрістен елу шақырым 31 миль қашықтықта орналасқан ыла плата қаласында жариялады,0.35714285714285715,0.05963302752293578,0
1757,14.22,тек ұрықтық жасушалардағы мутация балаларға өтуі мүмкін ал басқа орындағы мутация жасушалар өлімге немесе қатерлі ісікке әкелуі мүмкін,тек ұрықтық жасушалардағы мутация балаларға өтуі мүмкін ал басқа орындағы мутация жасушалар өлімге немесе қатерлііске әкелуі мүмкін,0.1111111111111111,0.022388059701492536,0
1909,11.82,виртуалды топтар кәдімгі топтар сияқты бірдей жоғары сапа стандарттарын ұстанады дегенмен мұнда кішігірім айырмашылықтар бар,виртуалды топтар кәдімгі топтар сияқты бірдей жоғары сапа стандарттарын ұстанады дегенме мұнда кішігірім айырмашылықтар бар,0.06666666666666667,0.008064516129032258,0
