sample_id,reference,hypothesis,wer,cer,n_words
train-00000-of-00048_000000,и ассалаумағалейкүм достар сіздермен дэйлин и карчи достар бүгін біз бедварста дуэли карчи иә дуэли,ассалaму алейкум достар сіздармен деiлин и кaрчi дустар бөгін біz бет вaрстa дүелдi кaрчi a дүелдi,0.9333333333333333,0.31313131313131315,15
train-00000-of-00048_000001,сырғанақ жасайтын боламыз иә сіз бола,сырғаннақ жасайтын боламыз я сіз бон,0.5,0.13513513513513514,6
train-00000-of-00048_000002,шеллиннің видеосынан көрген боларсыздар мен бірақ бұны,шелдинің видеосынан көрген болап жатарын мен бірақ боны,0.5714285714285714,0.18518518518518517,7
train-00000-of-00048_000003,бұрында челсидан көрмей тұрып істегенмін вообще шынымды айтам,барында шелзұйдан көрмей тұрып стүген мнәше шынынд айтам,0.625,0.2786885245901639,8
train-00000-of-00048_000004,давайте достар видео бастамастан барын лайкымызды басамыз каналға тіркеліп,далитте досар видео басталмастанбармылайкымызды басамыз каналға тір келіп,0.7777777777777778,0.13513513513513514,9
train-00000-of-00048_000005,комментария қалдырып кетейік достар,комментари қалдырып кетейік достар,0.25,0.02857142857142857,4
train-00000-of-00048_000006,давайте ендеше қазір,tawatinci kazr,1.0,0.95,3
train-00000-of-00048_000007,видеоға тиіссіз 5 секундтың ішінде лайктарыңызды басталамын бұл видео өте күшті,видеоға тиссіз бес секундтың ішінде лайктарыңыз баслаыңз бұл видео өте күштоп,0.45454545454545453,0.16455696202531644,11
train-00000-of-00048_000008,осы видеоға давайте 25 лайк и келесі видео шығатын болады,осы видеоға дауайттее жиырма бес лайк и келесі видео шығатын болады,0.3,0.22807017543859648,10
train-00000-of-00048_000009,и так достар ендеше біз видеомызға кеттік,и tak тo sem enшie bes videoms la ket,1.1428571428571428,0.8292682926829268,7
train-00000-of-00048_000010,ит өксіп кәпчемдікке біз бетбапсымызға кірдік,itak psrkarčim niki bez bedvapsmza kerdek,1.0,0.9333333333333333,6
train-00000-of-00048_000011,бұл дуэль достар біз қазір сырғанақ жасайтын боламыз,бұл дөел достар біз қазір сырғанағ жасайтын боламыз,0.25,0.07692307692307693,8
train-00000-of-00048_000012,иә достар сұрғанақты өте оңай,иәдас сұрған нақты өте оңай,0.6,0.2413793103448276,5
train-00000-of-00048_000013,жасал,streسl,1.0,1.2,1
train-00000-of-00048_000014,ей мен мына пацанға пока чтоға тимеймін дей тұрмын достар,и мен мына патсанға пакаштуға тимдей тырым достыр,0.8,0.3157894736842105,10
train-00000-of-00048_000015,білемін бедбап істе тиім болмайды,блем бедвоsта тim болмай,1.0,0.45454545454545453,5
train-00000-of-00048_000016,әне сұрап жатырмын мен оған тиімдердің барып түсе солай,әне сырап жаттым ме оған темдеің партже сұнылай,0.7777777777777778,0.34545454545454546,9
train-00000-of-00048_000017,иии достар біз қазір сырғанақ жасаймыз кешегі шелсидің видеосындағыдай,иастар біз казір сырғанағы жасаймыз кешегі шелзийнің видеосындағыдай,0.5555555555555556,0.15714285714285714,9
train-00000-of-00048_000018,капче осындай жасайырын үлкен үлкен қылып,картше осындай жасай ренд үлкен үлкен құлып,0.6666666666666666,0.17073170731707318,6
train-00000-of-00048_000019,осыған дейін жасаймыз достар короче,осы ған дейін жасаймыз остар карче,0.8,0.11428571428571428,5
train-00000-of-00048_000020,всё,شوب,1.0,1.0,1
train-00000-of-00048_000021,қазір біз тағы да зат жинап алуымыз керек,қазір біз тағы да зат жинап алымыз керек,0.125,0.024390243902439025,8
train-00000-of-00048_000022,ресурс осындай блог алам жетеді деген ойдам и потом да фига деген,ресурс осындай богалам жететтен ойдам и потом да фильга деген,0.4166666666666667,0.15384615384615385,12
train-00000-of-00048_000023,затталып тастаймыз короче,zatopstaim skarci,1.0,0.96,3
train-00000-of-00048_000024,бірақ бұл аз дафига емес ей карче біз шашса едіңіз,лесса бірақ бұл аз да фига емес икапче біз шаршылай діва,0.7,0.38,10
train-00000-of-00048_000025,жасай берейік,жасай верик,0.5,0.3076923076923077,2
train-00000-of-00048_000026,игорь чепсеу нағыз жетіп қалдық уже,икарчевсионалын жетіп қалдығу жі,0.8333333333333334,0.4,6
train-00000-of-00048_000027,науытик,naowutik,1.0,1.1428571428571428,1
train-00000-of-00048_000028,кішкентай сияқты болып тұр,кішкентай сияқ тоыптың,0.75,0.2692307692307692,4
train-00000-of-00048_000029,вио майын ашық деген отырып болды достар видеоға лайкымызды басаңыз тегін лайкты басаңыз,емайынашіктенатырыпқот бұстар видеоға лайкымыз басамыз тегін лайкты басамыз,0.7692307692307693,0.2727272727272727,13
train-00000-of-00048_000030,қазірінше біз бұл айына көтеріле берейік,cadurîнчi bes boină cutirлe biric,1.0,0.85,6
train-00000-of-00048_000031,осы жетеді короче,ош шитет карыче,1.0,0.47058823529411764,3
train-00000-of-00048_000032,өте үлкен боп кетті,wtي اlكenbuketna,1.0,0.9473684210526315,4
train-00000-of-00048_000033,клищкіл,تليشكم,1.0,1.0,1
train-00000-of-00048_000034,неке енді осыған,некей енді осыған,0.3333333333333333,0.0625,3
train-00000-of-00048_000035,біз лестница қойып шығамыз,біз лесініста қойып шығамыз,0.25,0.15384615384615385,4
train-00000-of-00048_000036,и біздің карточка сырғанағымыз шеллзидікінен де үлкен болып кетті қараңыздар,ил біздің кауіпчес сырған ағымыз шел жидікіненді үлкен бук кетті қараңыздар,0.7,0.19736842105263158,10
train-00000-of-00048_000037,шеллзидің видеосында бұлар бірақ өңкі менікінен кішкентай,шеузидің видеосында буар бырақ үңкі мекінен кішкентай,0.7142857142857143,0.14035087719298245,7
train-00000-of-00048_000038,и кообще все без уса илгеть допусти верить,ikarce vso bezusa lkit tepstivirik,1.0,0.9047619047619048,8
train-00000-of-00048_000039,бізде тіпті мынау лестницамыз аз болып қалды,бізде тіпті нау лесінтсамыз аз боқ қалды,0.42857142857142855,0.18181818181818182,7
train-00000-of-00048_000040,біз мынаны өте көп деватыр едік өте аз болып қалып қайтты,біз маны өте көп теу атыреді өте азбұқылп қайтаы,0.6363636363636364,0.2807017543859649,11
train-00000-of-00048_000041,мынау полностью жетпейді 48 лестницаның өзі,на полн үстеу жетпейд қырық сегіз лесницаның өзі,1.1666666666666667,0.4418604651162791,6
train-00000-of-00048_000042,икатчи біз тағы да үлесімді саламыз нәрседен толтырып,икарче біз тағы да лесімді саламыз нәшітен толтырып,0.375,0.1320754716981132,8
train-00000-of-00048_000043,енді точно жетеді деген ойдамын,inda toчnеe жitetenоidam,1.0,0.8709677419354839,5
train-00000-of-00048_000044,почти 3 стак,плачки үш стак,0.6666666666666666,0.4166666666666667,3
train-00000-of-00048_000045,бұл өте көп жаңа,бұл өте көп жаңалық,0.25,0.1875,4
train-00000-of-00048_000046,қырық сегіз жеткен маған бір шетіне енді нәшікке,қырық сегіз жеткен наған біршетіне еңді нәшітке,0.625,0.08333333333333333,8
train-00000-of-00048_000047,үш сағынын істеймін менің сиялаймын,ssanеstim steлm,1.0,0.9142857142857143,5
train-00000-of-00048_000048,өте күшті зат кеттік ау мен аңғарыңыздар өте күшті сіздер де істесеңіздер болады көп ше,өте күшті зат кеттігау на қараңыздар бстар өте күшті сіздерде істесеңіздер бұлат карче,0.6,0.25287356321839083,15
train-00000-of-00048_000049,өте өте күшті зат карточек,uте uте кste зat кarчi,1.0,0.5384615384615384,5
train-00000-of-00048_000050,қазір біз енді закупаться еттіп аламыз өзімізге мынандай 4 зауытты алып алайық,казі біз енді зкпацайтіп аламыз өзімізге нандай төрт золтық алып алайық,0.5,0.28205128205128205,12
train-00000-of-00048_000051,рио болсын,reo bosыn,1.0,0.8,2
train-00000-of-00048_000052,енді болып аламыз,enді болгаламs,1.0,0.4117647058823529,3
train-00000-of-00048_000053,киркі аламыз жоқ киркі айымыз мынадайға жетеді деп,киркі аламыз жоқ киркаймыз нандай ғажет ек дек,0.625,0.24,8
train-00000-of-00048_000054,ештеңеге сыймайды да ғой,iso ten se maitago,1.0,0.9583333333333334,4
train-00000-of-00048_000055,и біз нормально дегенде осындай бір мидж аламыз,и біз нормальны денде осындай бір митч аламыз,0.375,0.10638297872340426,8
train-00000-of-00048_000056,всё,行,1.0,1.0,1
train-00000-of-00048_000057,и енді тағы да,и енді тағы да,0.0,0.0,4
train-00000-of-00048_000058,не алсақ болады,يصقبت,1.0,1.0,3
train-00000-of-00048_000059,достар видеоға лайкымызды бастаймыз,duse video alaik mes basems,1.25,0.9142857142857143,4
train-00000-of-00048_000060,мен жасалдым мінекей сырғанақты нан қараңыздар қандай үлкен,мен жасанын неке сұрған ақты наңғараңыздар қандай үлкен,0.625,0.1864406779661017,8
train-00000-of-00048_000061,ей біздің противник уже бізге келді міне оған тим деп қойған бірақ,ий біздің противник өже бізге келдім е оған тим деп қойған бірақ,0.3333333333333333,0.07575757575757576,12
train-00000-of-00048_000062,сонда да ол бізге келатыр чотан неге екенін,сонда да ол бізге килятр чотан неге кенін,0.25,0.09302325581395349,8
train-00000-of-00048_000063,қазір мен оны изиге айыптасаймын деген ойдамын,қазір мен оны ижеге айыптаймын деген ойдамын,0.2857142857142857,0.08695652173913043,7
train-00000-of-00048_000064,и ол бізге сүттен келатыр короче,і обзге стенгелятор корче,1.0,0.34375,6
train-00000-of-00048_000065,газ сұрай мен тил деп,ka sray minti nde,1.0,0.8571428571428571,5
train-00000-of-00048_000066,осындай бір бізде постройка шықты,осындай әйбір бізде пастроика шықты,0.4,0.12121212121212122,5
train-00000-of-00048_000067,не дейді,не дейді,0.0,0.0,2
train-00000-of-00048_000068,шерский деп платить нетті,шерsтiдел тaтi нет тiн,1.0,0.56,4
train-00000-of-00048_000069,керек емес и как же все достар мына қараңыздар,терег емес икапче се достар мнан қарайңыздар,0.7777777777777778,0.21739130434782608,9
train-00000-of-00048_000070,өте күшті зат шықты бізде,өте күшті жат шықты бізде,0.2,0.04,5
train-00000-of-00048_000071,казинал бізге атака жасап кетіп жүрмесе,казені нау бізге атака жасап кету жінмесе,0.6666666666666666,0.23076923076923078,6
train-00000-of-00048_000072,казинше біз тағы да бір рет сырғанап жіберейік,кәзіінше біз тағы да бір рет сырғанап жерек,0.25,0.15217391304347827,8
train-00000-of-00048_000073,біз осындай үлкен площадка жасаймыз картиже,біз осындай үлкен площатка жасаймыз карше,0.3333333333333333,0.09302325581395349,6
train-00000-of-00048_000074,қазір төрт блоктан қоямыз өстіп карте осындай осындай,каз төрт блоктан қоямыз өстіп картче осындай осындай,0.25,0.07547169811320754,8
train-00000-of-00048_000075,имники,imñiki,1.0,1.0,1
train-00000-of-00048_000076,өте күштен шықты деген ойдамын менің затым,өте күшті шықты деген ойдамн мең затым,0.42857142857142855,0.11904761904761904,7
train-00000-of-00048_000077,достар сол үшін лайық болсам мінекей мен үлкен зат жасадым кәдімгідей,достар солшын лайтып басам неке менін үлкен зат жасадым кәдімгідей,0.5454545454545454,0.17391304347826086,11
train-00000-of-00048_000078,мінекей көріп тұрған боларсыздар міне осыны скринин етіп,неке көріп тұрған боласыздар мен осын скрин етіп,0.625,0.16071428571428573,8
train-00000-of-00048_000079,привьюға қоятын болам кароче мінекей өте күшті шықты,превиюға қоятын боламын картче мінекей өте күшті шықты,0.375,0.09615384615384616,8
train-00000-of-00048_000080,қазір біз бетеміз оның астына трамплинді қойып жүреміз,қазір біз бетеміз оның астына трамплинді қою жереміз,0.25,0.07407407407407407,8
train-00000-of-00048_000081,ии оғуш кетсуі керек көбінесе,i ooştketsu kirek karci,1.0,0.896551724137931,5
train-00000-of-00048_000082,трамплинг өкпөек короче,трамп ем выпыкк вобще,1.3333333333333333,0.5217391304347826,3
train-00000-of-00048_000083,и біз нәштен,и без наштен,0.6666666666666666,0.16666666666666666,3
train-00000-of-00048_000084,нан аламыз,nan alams,1.0,0.9,2
train-00000-of-00048_000085,давай анау бізге келатыр что то,далай тұз анау бізге келатырып чота,0.8333333333333334,0.3225806451612903,6
train-00000-of-00048_000086,е о достар жасап кеттім аңғараңыздар все достар біз оған атака жасаймыз өте әдемі шықты көрдіңіздер ме,е ұдустар жасап кетті наң қараңыздар псе дыстар біз оған атакка жасаймыз өте әдем шықты көрдіңіздер ма,0.5882352941176471,0.11764705882352941,17
train-00000-of-00048_000087,түсіп келатты да ұшып кетті анау деген,түскпелятты да ұшыкпетті анал деген,0.7142857142857143,0.21052631578947367,7
train-00000-of-00048_000088,өте күшті кетті кәдімгідей скоростпен шығып кетті,өте күшті кетті кәдіміде скоспен шықп кетті,0.42857142857142855,0.14285714285714285,7
train-00000-of-00048_000089,и біз бұған өйтіп бетейік бетейік,и біз буған уитіп битик битик,0.6666666666666666,0.3333333333333333,6
train-00000-of-00048_000090,еу мая достар мынау мені ұрватыр қуатып мынау деген сол үшін өзіңді ұрам белгілі енді мен сені аямайтын болам,е мая достарн ау мен ұрлатор қуатын ау деген сол үшін өзіңді ұран бергел иінді мен сені аямайтын боламын,0.5789473684210527,0.1834862385321101,19
train-00000-of-00048_000091,ең бірі,,1.0,1.0,2
train-00000-of-00048_000092,мәссаған,مәساغان,1.0,0.875,1
train-00000-of-00048_000093,ей мен өзім тұрған түнға бүкп етіп жүрмесем,эме өзім трамптыңға уткеті елмессең,0.875,0.46511627906976744,8
train-00000-of-00048_000094,йо май о мініп кетуге сәл қалдым достар көрдіңіздер ме,йе ма е міңк кетуге сал қалдын достап көбдіңізде ма,0.9,0.2222222222222222,10
train-00000-of-00048_000095,мініп кетсем өте жаман болатын еді мына пацанчикті біз бекістей бастаймыз и біз оны қазір тағы да өлтіріп тастаймыз все,мінкпетсең өте жаман болатын еді на патсан шікті біз бейтпісте бастаймыз и біз оны казі тағы да өлтіріп ұстаймыз се,0.45,0.16806722689075632,20
train-00000-of-00048_000096,әәәәә сен ешқайда шықпайсың,сен ешқайда шықпайсың,0.25,0.2222222222222222,4
train-00000-of-00048_000097,йо майын достар мынау шығып кетті окей біз оны қайттандырамыз,يo maيe dusrnaوsقwett oka bzon qيttan rams,1.0,0.9016393442622951,10
train-00000-of-00048_000098,и внашытке тағы қойып тастаймыз и все,і внашткe та копсемс і всё,1.0,0.4864864864864865,7
train-00000-of-00048_000099,патсаң сен енді ешқайда шыға алмайсың үстін жауып қойық түсіп өзіміз үңгіп кетіп жүреміз,пацанси енді ешқайда шығ алмайсыңе үстін жауық қойықтыс деп өзімізді мүкбетп жүреміз,0.7142857142857143,0.26136363636363635,14
train-00000-of-00048_000100,әйтпесе и бізгі мына пацаны мына шеттен ұра бастаймыз бұл деген өзінше,әйтпесе и біз бұна патсанына шеттен ыра бастаймыз бұл деген өлінше,0.5,0.15714285714285714,12
train-00000-of-00048_000101,кашан де болады,خشاnدبول,1.0,1.0,3
train-00000-of-00048_000102,сол үшін біз оны ұра бастаймыз,sosen bson ravastaims,1.0,0.9333333333333333,6
train-00000-of-00048_000103,и биткуэнск кавчи,იბითყვე სგავჩი,1.0,1.0,3
train-00000-of-00048_000104,өле тұрсың пока что,өле тұрсын пакашты,0.75,0.2631578947368421,4
train-00000-of-00048_000105,достар біз короче бүйтеміз мынандай екінші жұмысын садақ аламыз,достар біз кортше битеміз нандайр екінші өрімізі садақ аламыз,0.4444444444444444,0.2222222222222222,9
train-00000-of-00048_000106,и мынаның басынан бүйтіп ата бастайыз бұл зефрикстің,и мұнаның басынан би ата бастайбыз бұл зефрикстің,0.375,0.1346153846153846,8
train-00000-of-00048_000107,өте кереметтей ресурс багы,лоти кирометеи ресурс пага,0.75,0.34615384615384615,4
train-00000-of-00048_000108,и біз бұнын бүйтіп жібереміз да өтірік астына трамплин қойып жібереміз короче,и біз боны жүреміз да өтірік астына трамплин қойып жүреміз картше,0.4166666666666667,0.23376623376623376,12
train-00000-of-00048_000109,всё,行,1.0,1.0,1
train-00000-of-00048_000110,иін алып шығып кетті достар и біз оны ұра бастаймыз,ийін ау шықпетті достар и біз оны ырауастаймыз,0.6,0.21568627450980393,10
train-00000-of-00048_000111,қазір біз нашарке трамплинымызды аламыз и на пацанчикты өлтіреміз,казба значитки трамплинс аламс и на подсанчики wольтремс,0.7777777777777778,0.4461538461538462,9
train-00000-of-00048_000112,трамплин қойып қоямыз давай,tramplingokoyanos dawai,1.0,0.9629629629629629,4
train-00000-of-00048_000113,достар әдемі кетті мынаған қараңыздар,юһу дустар әдемге тынаң ғараңыза,1.0,0.4864864864864865,5
train-00000-of-00048_000114,өте әдемі троллик мифсті ме келіп түсті короче,оттяадем тролнинг миксты мегельптосты короче,0.875,0.34782608695652173,8
train-00000-of-00048_000115,енді шығатын болсаң осы трамплинді басасың,енді шығатын болсаң осы трамплинді басасың,0.0,0.0,6
train-00000-of-00048_000116,елемеңсердің бұрықтық атып өлтірісіп,еле менсетін бұрыстык атып өлтіріс,1.0,0.25,4
train-00000-of-00048_000117,кемге,مير,1.0,1.0,1
train-00000-of-00048_000118,все достар мен атып өлтірсам и бұны біз жалпыстаймыз пока что өле тұрсын,все дусам мен ат өлтырсам и боны бит жалпыстаймыз пака што өле тұрсым,0.6153846153846154,0.16666666666666666,13
train-00000-of-00048_000119,өлмесе өте жаман болады мен үш алмалы қойдың барыншы,өлмесе өте жаман баты мен үш алмалық қойдым парөтше,0.4444444444444444,0.17307692307692307,9
train-00000-of-00048_000120,шаума өте көп,saوma wuti kop,1.0,0.9230769230769231,3
train-00000-of-00048_000121,белгелек қайда барыптысың,депгеле қайдалартсың,1.0,0.32,3
train-00000-of-00048_000122,қазір осы біз мынаны жөндеп жаууымыз керек мына брәчкамызды,кazdu sirbзнan жundi в жaлomusкiriti na braчiкamez,1.0,0.847457627118644,9
train-00000-of-00048_000123,әйтпесе қысылыватыр ау деймін,әйтпесе ол қысыл ола тұралы дем,1.25,0.4827586206896552,4
train-00000-of-00048_000124,и біз сені қазір әдемі қылып жауып береміз қорықпа,и біз ені қазір әдем қолып жалп береміз қорықпа,0.4444444444444444,0.1,9
train-00000-of-00048_000125,ей біз оны ұра бастаймыз бізді іскең кеткенбіз енді,и біз оны ұрабастаймыз бізді скинт ет жермісе енді,0.6666666666666666,0.27450980392156865,9
train-00000-of-00048_000126,и біз наштке бетеміз короче,i bez naštki bitim skarce,1.0,0.8518518518518519,5
train-00000-of-00048_000127,жағын жауамыз бүйтеміз капче бұны өтірік жіберіватқандай болайық,а жағын жауамыз бекеміз капше бұны өтіріп жіберп атқандай болайық,0.75,0.140625,8
train-00000-of-00048_000128,все мына жағын сындырамыз и ей ей ей ей пацан пацан пацан аямаймын сені өйткенің үшін,все нажағын сындырамыз ие патсан патсан патсан аямаймын сені өйткенің үшін,0.625,0.23529411764705882,16
train-00000-of-00048_000129,все өзіңнен көр,се өзіңнен көр,0.3333333333333333,0.06666666666666667,3
train-00000-of-00048_000130,мен сені аямаймын,мен сені аянмаймын,0.3333333333333333,0.058823529411764705,3
train-00000-of-00048_000131,очень все уже дайындап отыр,acyoayindu,1.0,1.0,5
train-00000-of-00048_000132,зат бар,जaትपር,1.0,1.0,2
train-00000-of-00048_000133,иә майдусан ол мені скринт етіп жепсіз иә,jo mae dosabna umen scinti чe вse,1.0,0.8780487804878049,8
train-00000-of-00048_000134,өте өте өте жаман болады карточье біз оны луппе ата бастаймыз,өте өте өте жаман болады картше біз оны лыппе ата астаймыз,0.2727272727272727,0.08196721311475409,11
train-00000-of-00048_000135,бүйтеміз бүйтеміз и ол бізге келатыр біз оны скит ет жүреміз и все он умер біз оны бүйтіп жалпыстаймыз осы үшін мен оны аямаймын короче,бетеміз бетеміз и ол бізге килатыр біз оны скин детп жереміз и все он умер біз оны бетіп жалпыстаймыз осы үшін мен оны аямайм каротше,0.36,0.11851851851851852,25
train-00000-of-00048_000136,жерге батсаң сен енді ешқайда да шыға алмайтын боласың,бебгей патсан сен енді ешқайда да шыға алмайтын боласың,0.2222222222222222,0.09259259259259259,9
train-00000-of-00048_000137,мұның байы,nungbaye,1.0,1.0,2
train-00000-of-00048_000138,багермін мен түсіндің бе багермін,bagern tunumbe bagerm,1.0,0.9393939393939394,5
train-00000-of-00048_000139,мысыл,ye meso,2.0,1.4,1
train-00000-of-00048_000140,сырынан қараңыздар мынау қалай шығып бара жатқанын,сырынан қараңызд мынау қалай шығып бара жатқан,0.2857142857142857,0.08,7
train-00000-of-00048_000141,и біз оны топырып саймыз все,і bзona tuporo seims вsё,1.0,0.7857142857142857,6
train-00000-of-00048_000142,қаласың кароче достар ромеона әдемі,қаласың карче дұсыр мөңінің әдемі,0.6,0.3142857142857143,5
train-00000-of-00048_000143,жап жегіңді түр түсініп тұрған боларсыздар,жар жеріңептір катше түсыныптырғанын болапсыздар,1.0,0.40476190476190477,6
train-00000-of-00048_000144,все братышка покойся смирно дейм ба не дейм все корче душа біз бетеміз и нәрсе йомайно қашып баратыр ғой,вsё pratiška takoysя smirn dimbanidin вsё kapce dusa bsbitems i naške jomaino qašk paratrl,1.0,0.8461538461538461,19
train-00000-of-00048_000145,бамп,baمp,1.0,1.0,1
train-00000-of-00048_000146,өте әдемі достар короче нәшті на пацанчик,guتiعدم دوستر كaرcي ناشتي نapaتسanc,1.0,0.9024390243902439,7
train-00000-of-00048_000147,бос әкіметті бізде,бос акметті бізде,0.3333333333333333,0.1111111111111111,3
train-00000-of-00048_000148,и ол закупицейткісі келген біз оған закупицейтуге шанс бермейміз,и ол закупитсаиткісі кельген бізолаған закупитсаиттуе шанс перме имст,0.7777777777777778,0.296875,9
train-00000-of-00048_000149,біз оны садақпай атпастаймыз короче,zon saдak my at staim sкarci,1.2,0.8857142857142857,5
train-00000-of-00048_000150,қаш қаш қаш молодец,قش قش قص موادي,1.0,0.8421052631578947,4
train-00000-of-00048_000151,имэн үй өмбай,语用m,1.0,1.0,3
train-00000-of-00048_000152,қаш дегенім ғой капчаныстар мынау қашып кетті бізде,қасты қоппаңа қаш дегенғой калтше достар нау қашып кетті бізде,0.75,0.5098039215686274,8
train-00000-of-00048_000153,ей бергіл сені мен еш қасырында сол үшін аямаймын,е белгіл сенімен ешқашан да сол үшін айямайым,0.7777777777777778,0.24489795918367346,9
train-00000-of-00048_000154,мәс ағам,ماسغان,1.0,1.0,2
train-00000-of-00048_000155,енді қайт менің базама кірмейтін боласың пә тәмішкені трэмплиін қойып қоямын,енді қайт мен базама кірмейтін боласың пәтәмішкенін тірәм пілейім қойып қоямын,0.36363636363636365,0.14473684210526316,11
train-00000-of-00048_000156,мұнайшылықке мінген де шығасың,мына шетке мӗңгендешасын,1.0,0.43333333333333335,4
train-00000-of-00048_000157,мына іштен қашқанда ұшасың,мына ішіттен қашқанда ұшасың,0.25,0.07692307692307693,4
train-00000-of-00048_000158,түсінің ба иә,сының бае,1.0,0.5384615384615384,3
train-00000-of-00048_000159,іштен қашқанда ұшасың,нештен ҡашҡанда ошасың,1.0,0.23809523809523808,3
train-00000-of-00048_000160,иии сосын,iso sun,1.0,0.8888888888888888,2
train-00000-of-00048_000161,мәссаған достар мынау полк алып алыпты өзінше,мә саған достар мынал палкалы балыпты өзінше,0.8571428571428571,0.13333333333333333,7
train-00000-of-00048_000162,и біз оны былай атап бастаймыз и все вергиль сол үшін сен аямаймын сен менде,и біз оны былай ата бастаймыз и все белгел сол үшінсен аянмаймын сен менде,0.3333333333333333,0.09210526315789473,15
train-00000-of-00048_000163,что то ұмытып кеттің ау деймін ботинки бар келін,чота ұмыт кеттіңау дем батинкі бар кен,0.8888888888888888,0.2708333333333333,9
train-00000-of-00048_000164,белгіс жайы сен енді ешқашанда,бергеш шайы сен енді ешқашан да,0.8,0.16666666666666666,5
train-00000-of-00048_000165,жаттық емессің давай қаша ғой қаша,затқаң мессің далай қаша ғой қашал,0.6666666666666666,0.20588235294117646,6
train-00000-of-00048_000166,өтірік қашып кетті ой,تіر قاشق بت اواي,1.0,0.8571428571428571,4
train-00000-of-00048_000167,давайте болса біз оны комбоға алып көрейік,далайте бұса бізоны комбоғ алық көрейт,1.0,0.19047619047619047,7
train-00000-of-00048_000168,ну басик та,nu bosikte,1.0,0.9090909090909091,3
train-00000-of-00048_000169,давай қашып кет,далай қашық бет,1.0,0.2,3
train-00000-of-00048_000170,біз он бой бой ура бастаймыз все изи,bizon boj boj rabastaims vso izi,1.0,0.8611111111111112,8
train-00000-of-00048_000171,уламай дейді білмеймін неге екенін уламай деп жатыр давай қаш молодец красавчик давай давай бас бас бас,ұламай дит білмей ма неге кенін ұламай деп жатыр дауай қаш мала дес красавчек дауай дауай бас бас бас,0.7058823529411765,0.17475728155339806,17
train-00000-of-00048_000172,қш,قش,1.0,1.0,1
train-00000-of-00048_000173,қаш молодец қаш жүрсең басың істемейді ме жырынды екен ғой ол,қаш маладеш қаш жүшсен басым істемей ма жанды кем қоналы,0.8181818181818182,0.3114754098360656,11
train-00000-of-00048_000174,біз оны топорымен өлтіреміз кәзір,bзon ta porme urtrens gazer,1.0,0.8787878787878788,5
train-00000-of-00048_000175,так уже әдемі тиетін шығар достар давайте лайкомызды бастаймыз,тәпір әдемі тиетіншар достар дауайте лайкымыз басамыз,0.7777777777777778,0.24193548387096775,9
train-00000-of-00048_000176,біз қазір оның кроватьін сындырғанымыз короче,кадрбон кроватьно сандрамско вообще,1.0,0.5333333333333333,6
train-00000-of-00048_000177,и потом келіп сұранысқа барайын десем бірде уже,и патон келіс ұрамыққа барайын десем бірдеужі,0.625,0.1702127659574468,8
train-00000-of-00048_000178,он екі банк үй достар мынау шығып кетті бізде өте күшті от деген ойда мінекей біздің,он екірант и дустарнау шық петті бізде өте күштіолыт деген ойда мінеки біздің,0.625,0.21428571428571427,16
train-00000-of-00048_000179,постройкамыз достар кешке нормальный видео шығады короче,постройкамыз достар кешке нормальны видео шығат каруче,0.42857142857142855,0.08928571428571429,7
train-00000-of-00048_000180,соны күттің мен қазір скрин жасап алайын,соны күтің мен казі скрин жасап алайын,0.2857142857142857,0.075,7
train-00000-of-00048_000181,и все достар кешке нормально видео шығады достар күттің кароче,и все достар кешке нормальны видео шығаып достар күтін каручы,0.4,0.11290322580645161,10
train-00000-of-00048_000182,кешке шығаратын боламын и давайте осы видеоға,кешке шығаратын боламын и давайте осы видеоға,0.0,0.0,7
train-00000-of-00048_000183,жиырма бес лайчынан каналға тіркелеміз давайте енді видео біткен соң,жиырма бес лайык жинан каналға тір келеміз далайты енді видео біткен соң,0.5,0.11764705882352941,10
train-00000-of-00048_000184,комментімізді қалдырып кетеміз достар,комментімызды қалдырып кетеміз остар,0.5,0.08108108108108109,4
train-00000-of-00048_000185,видеолыға лайкқымызды бастамыз дәу екен бақа бақа чоқ,video laikmis basams davaiten pakapakačeo,1.0,0.9245283018867925,8
train-00000-of-00048_000186,баршаңызға сәлем менің есімім мая болат жасым он екіде шымкент қаласынан келіп отырмын,баршаңызға сәлем менің есімім мая болат жасым он екі де шімкент қаласынан келіп отырмын,0.23076923076923078,0.023255813953488372,13
train-00000-of-00048_000187,кішкентай кезімнен бастап әнді қатты жақсы көремін теледидарды қосып қойып балапан телеарнасын қойып сонымен бірге өлең айтатынмын,кішкентай кезімнен бастап әнді қатты жақсы көремін теледедарды қосып қойып балапан теле арнасын қойып сонымен бірге өлен айтатын,0.29411764705882354,0.046153846153846156,17
train-00000-of-00048_000188,мен алғашқы сахнаға оршақ театрында шықтым ол кезде барлықтары ұялы телефондарын алып түсірді мен өзімді как будто жұлдыз сияқты сезініп кеттім сол кезде барып анама отбасыма қуанып айтып сол бірінші рет шықтым жұлдыз болып кеттім деп,мен алғашқы сахнаға оршақ театрында шықтым ол кезде бәрліктері ұялы телефондарын алып түсірді мен өзімді кабута жұлдыз сияқты сезініп кеттім сол кезде барып анама отбасыма қуанып айтып сол бірінші рет шықтым жұлдызылып кеттім деп,0.1388888888888889,0.05128205128205128,36
train-00000-of-00048_000189,өскенде халқымыз сүйіп тыңдайтын әншісі болғым келеді әншіліктен бөлек модель болғым келеді қазіргі таңда фотоларға түсемін модельная школада,өскенде халқымыз сүйіп тыңдайтын әншісі боғын келеді әншіліктем бөлек модель боғын келеді қазіргі танда фотоларға түсемін модель наш болады,0.3888888888888889,0.07801418439716312,18
train-00000-of-00048_000190,армандарыма жету үшін,армандарыма жету үшін,0.0,0.0,3
train-00000-of-00048_000191,көп еңбектенемін,كpنبسي,1.0,1.0,2
train-00000-of-00048_000192,көрмей таңдау кезеңмен өтсем,көрмей таңдау кезеңмен мөтем,0.25,0.07142857142857142,4
train-00000-of-00048_000193,әнші боламын деген арманыма бір қадам жақындаймын,әнші боламын деген арманыма бірқадам жақынаймын,0.42857142857142855,0.04081632653061224,7
train-00000-of-00048_000194,көбінесе адамдар дауысымды маржан нарапбаеваға ұқсатады 4 дәліңгер де бұрылса маржан нарапбаеваға қарайды деп,көгінесі адамдар даусымды маржан арапаева ғасатады төрт дәліңберде бұрылса маржан арапаева қарайты мен,0.7142857142857143,0.2018348623853211,14
train-00000-of-00048_000195,ішкі тисігің төтесің,شкaтislmtтеsнi,1.0,0.8,3
train-00000-of-00048_000196,біздің отбасы өте үлкен үйде 6 ағайындымыз атам мен әжемді қосқанда үйде 10 адам тұрамыз,біздің отбасы өте үлкен үйде алты ағайындымыз ата мен әжемді қосқанда үйде он адам тұрамыз,0.2,0.07954545454545454,15
train-00000-of-00048_000197,маған үйде жалғыз қалған ұнамайды өйткені ішім пысады дегендей нелерімді сағынамын ата анам бір жаққа кететін болса іні сіңлілерімді маған қалдырып кетеді соларға бас көз болып қарап отырамын,маған үйде жалғыз қалғаны намайды өйткені ішін пысады дегендей інелерім сағынам патаннан бір жаққа кететін болса іні сінілелерімін діп маған қалдіріп кетеді соларға бас көзі болып қарап отырамы,0.42857142857142855,0.12041884816753927,28
train-00000-of-00048_000198,сөйтіп жүргенім келіп тұр,,1.0,1.0,4
train-00000-of-00048_000199,сәттілік тағыңырмай аз,تکہ تالمیا,1.0,0.9545454545454546,3
train-00000-of-00048_000200,майпа,مت,1.0,1.0,1
train-00000-of-00048_000201,біздің қатысушыларымыз сахнада ән айтумен бөлек өздерінің образына да ерекше көңіл бөлген сияқты сәлем,біздің қатысушыларымыз сахнада ән айтуымен бөлек өздерінің образына да ерекше көңіл бөлген сияқты сәлем,0.07142857142857142,0.00980392156862745,14
train-00000-of-00048_000202,есімің кім менің есімім майя қандай әдемісің майя рақмет майя қазір сахнада түсірінбей жақсылап өзің ойлағаннан да жоғары деңгейде әніңді шырқа,есміім менім есімі мая қандай әдемісің маямая қазір сахнада сүрінбей жақсылап өзің ойлағанан да жоғары деңгейде әнімді шырқа,0.5238095238095238,0.15384615384615385,21
train-00000-of-00048_000203,келесіздік қой,kiсtкы,1.0,0.8571428571428571,2
train-00000-of-00048_000204,қызымызды қолдағалы келіп отырмыз анасы келу керек еді дегенмен де майя көпбалалы отбасыдан шыққандықтан анасы балалардан шығармай қалды,қызымызды қолдағау келіп отырмыз анасы келу керек еді дегенменде мая көпбалалы отбасыдан шыққандықтан анасы балалардын шағмай қалдып,0.3888888888888889,0.0661764705882353,18
train-00000-of-00048_000205,ай яғы әтелік лейміз,ايا حتلىكلىيمىز,1.0,0.95,4
train-00000-of-00048_000206,ал майя қызыма сәттілік жолы болсын жолы ашық болсын,ал майя қызыма сәттілік жолы болсын жолы ашық болсын,0.0,0.0,9
train-00000-of-00048_000207,той,喂,1.0,1.0,1
train-00000-of-00048_000208,арманыма жеттім ғой,әрманыма життым ғой,0.6666666666666666,0.15789473684210525,3
train-00000-of-00048_000209,әдемі жатақханада тұратын болдым,әдима жытаханада тұратын болдым,0.5,0.125,4
train-00000-of-00048_000210,ал енді кірейін,alin the creen,1.0,1.0,3
train-00000-of-00048_000211,сенематсыз ба,slmაცბა,1.0,1.0,2
train-00000-of-00048_000212,а құнамаға жүрмә,아 죄나맞으만,1.0,0.9375,3
train-00000-of-00048_000213,осы жерге тұруға келдіңіз бе иә,осы жүрге тұруға келіңіз бе иә,0.3333333333333333,0.06451612903225806,6
train-00000-of-00048_000214,бұл жатақхана бұл платный жатақхана,бұл жатақхана бұл платный жатақхана,0.0,0.0,5
train-00000-of-00048_000215,бұл жерде көбінесе балаларының қыздары жатады балаларының қыздары ұлдары балалары жатады,бұл жерде көбінесе байларының қыздары жатадбайларының қыздары ұлдары балалары жатады,0.2727272727272727,0.06818181818181818,11
train-00000-of-00048_000216,кейбіреулері өз білімдерімен түсіп жатады,кейбіреулері өз білімдерімен түсіп жатады,0.0,0.0,5
train-00000-of-00048_000217,жақсы сіз қалай келдіңіз,жақсы сіз қалай келіңіз,0.25,0.041666666666666664,4
train-00000-of-00048_000218,жақсы көрініп тұр,آ جخصة كرمتر,1.0,0.9411764705882353,3
train-00000-of-00048_000219,қазір енді сізге бос жатақхана палатасын айтып берейін,қазір енді сізге босшытақхана палатасын айтіп жүрейін,0.5,0.1111111111111111,8
train-00000-of-00048_000220,а бір жатақхана болса екен былай түсіп жүре берсеңіз сол бөлмеге кіре беріңіз,а бір жатахана боса екен былай түзу жүре берсеңіз сол бөлмеге кіре беріңіз,0.23076923076923078,0.06493506493506493,13
train-00000-of-00048_000221,жарайды рақмет,жәرәد рәхمет,1.0,0.6428571428571429,2
train-00000-of-00048_000222,қош келдіңіз рақмет,қошh келіңіз rаhмет,1.0,0.21052631578947367,3
train-00000-of-00048_000223,сәлем қыздар,سليم قزار,1.0,0.9166666666666666,2
train-00000-of-00048_000224,о сәлем сен жаңадан келдің бе,о сәлем сен жаңадан келдің ба,0.16666666666666666,0.034482758620689655,6
train-00000-of-00048_000225,иә,يا,1.0,1.0,1
train-00000-of-00048_000226,кім жаңадан келді,km жaandan gеlde,1.0,0.7647058823529411,3
train-00000-of-00048_000227,сәлем,سليم,1.0,1.0,1
train-00000-of-00048_000228,сәлем қош келдің,сәлем қош келдін,0.3333333333333333,0.0625,3
train-00000-of-00048_000229,рақмет,рәхмет,1.0,0.3333333333333333,1
train-00000-of-00048_000230,есімің кім,yesnıngım,1.0,1.0,2
train-00000-of-00048_000231,исым малия,س مليا,1.0,0.9,2
train-00000-of-00048_000232,о әлия қош келдің,و ليا قوش كеل,1.0,0.7647058823529411,4
train-00000-of-00048_000233,рақмет,أخمات,1.0,1.0,1
train-00000-of-00048_000234,хош келдің алия,وشكلنا ليا,1.0,0.9333333333333333,3
train-00000-of-00048_000235,иә,إي,1.0,1.0,1
train-00000-of-00048_000236,айтпақшы чемоданды ана жердегі шкафқа қоят,айтпакшы чемаданда ана жердеги шкафка коят,0.8333333333333334,0.14285714285714285,6
train-00000-of-00048_000237,қазір қойып келейін онда,қазір қойып келең онда,0.25,0.125,4
train-00000-of-00048_000238,айтпайсыңдар ма жағынан қыз келеді деп,айтпайсыңдар ма жаңадан қыз келеді деп,0.16666666666666666,0.07894736842105263,6
train-00000-of-00048_000239,бұзақтан білем сүйгенді көріп тұр ғой,біз ақтан білеміз ендікөтп тұріп қой,1.0,0.35135135135135137,6
train-00000-of-00048_000240,а,啊,1.0,1.0,1
train-00000-of-00048_000241,танысып қой менің есімім элеонора айла деп айта бер,танысқай менің есімім элеанора әйла деп айта бер,0.4444444444444444,0.11764705882352941,9
train-00000-of-00048_000242,ал мен несінмін әсел,мен несін масел,0.75,0.4,4
train-00000-of-00048_000243,ал менің есімім мия,امين يسم ميا,1.0,0.8947368421052632,4
train-00000-of-00048_000244,құм,嗯ه,1.0,1.0,1
train-00000-of-00048_000245,жақсы айтпақшы сен мына жерде қай төсек болсаң а мына үстіндегі төсек болса сен соған жатасың,жақсы айтпақшы сен мна жерде қай төсек болси а мына үстіндегі төсек бол сен сауған жатасың,0.25,0.07526881720430108,16
train-00000-of-00048_000246,переда,سردا,1.0,1.0,1
train-00000-of-00048_000247,жарайды,jera,1.0,1.0,1
train-00000-of-00048_000248,и мен де барайыншы,يmiندي بريش,1.0,0.9444444444444444,4
train-00000-of-00048_000249,иә мен де бәрі шешімсіз кетті,иә мен де вәреші жұмыс кетті,0.3333333333333333,0.3448275862068966,6
train-00000-of-00048_000250,жарайтыңдер,jare cunder,2.0,1.0,1
train-00000-of-00048_000251,мына бөлме біздің ваннамыз,мына бөлме біздің ваннамыз,0.0,0.0,4
train-00000-of-00048_000252,мынау бөлме ортақ бөлме яғни ішінде тағы да 1 бөлме бар,мы бөлме ортақ бөлме яғни үстінде тағы да бір бөлме бар,0.2727272727272727,0.16363636363636364,11
train-00000-of-00048_000253,яғни тағы да сондай палата мына жерде бәріміз бірге отыратын бөлме ғой,яне тағы да сондай палата мына жерде бәріміз бірге отыратын бөлме ғой,0.08333333333333333,0.02857142857142857,12
train-00000-of-00048_000254,мына жерде болса біздің заттарымыз тұрады сен осы жерге сала ма чемоданды,мына жерде болса біздің заттарымыз стұрады сен ос жерге салым ашым адамда,0.4166666666666667,0.1643835616438356,12
train-00000-of-00048_000255,иә,ي,1.0,1.0,1
train-00000-of-00048_000256,айтпақшы қорықпа сенің затың ауырланбайды бұл жерде камера бар,айтпақшы қуарықпа сені затын аорланбайды бұл жерде камера бар,0.4444444444444444,0.0967741935483871,9
train-00000-of-00048_000257,мүмә,嗯ه,1.0,1.0,1
train-00000-of-00048_000258,енді саған екінші нені көрсетей иә жарайды,сен саған екінші нені көрстей я жарайды,0.42857142857142855,0.14285714285714285,7
train-00000-of-00048_000259,аха,嗯ه,1.0,1.0,1
train-00000-of-00048_000260,өй қыздар келдіңдер ме,oy қыzdar kelindеrma,1.0,0.7727272727272727,4
train-00000-of-00048_000261,ойбай сендерге тағы да жаңадан қыз келген ба,ой бай сендерге тағы да жаңадан қыз келген ба,0.25,0.022727272727272728,8
train-00000-of-00048_000262,иә келді не болыпты,иә келді не болыпты,0.0,0.0,4
train-00000-of-00048_000263,мүм,,1.0,1.0,1
train-00000-of-00048_000264,мынау қызғачкар егеміз,munaoqizza chiqarig ekanbuy,1.0,1.1818181818181819,3
train-00000-of-00048_000265,сабақта беске оқитын сияқты ғой иә,сабақта беске оқитың сияқты ғой я,0.3333333333333333,0.08823529411764706,6
train-00000-of-00048_000266,оқитын шығар,وغد نشور,1.0,0.9166666666666666,2
train-00000-of-00048_000267,бәсе ауылдан келгенсің ау деме,бәсе ауылдан келген сынау демя,0.6,0.16666666666666666,5
train-00000-of-00048_000268,иә ауылдан келдім,яылдан келдім,0.6666666666666666,0.29411764705882354,3
train-00000-of-00048_000269,киіміңнен ақ білін тұр колхозница,кейі міннең ақ білім түр колхозница,0.8,0.21212121212121213,5
train-00000-of-00048_000270,ей түн тарып сөйлеп ол біздің досымыз,эйтым тарп сөйле ол бизін досумыз,0.8571428571428571,0.2702702702702703,7
train-00000-of-00048_000271,и что не боп та,и что не болпта,0.4,0.13333333333333333,5
train-00000-of-00048_000272,сенің подушкаларыңның бәрі колхозыңды салар сияқты ғой біреуі негр біреуі очкарик,сенің падушкаларының бәрі калхозмисалар сияқты ғой біреу негір біреу ачикарит,0.6363636363636364,0.1728395061728395,11
train-00000-of-00048_000273,не айтып тұрсың сені ей қыздар қойнында не болды не ұрысып жатсыңдар,не айтып тұрсың сен қыздар қойында не болды не ұрысіп жатсыңдар,0.3333333333333333,0.08823529411764706,12
train-00000-of-00048_000274,жоқ мынаны айтам менің құрбыларым да мазақтап жатыр қойыңдар ұрыспаңдар,жоқ мнан айтамын мнің құрбыларымда мазақтап жатыр бойындар ұрыспандар,0.7,0.1267605633802817,10
train-00000-of-00048_000275,эй не болып жатыр мұнда,не болып жатырмын да,0.6,0.2608695652173913,5
train-00000-of-00048_000276,өй сәл емес пе директор хан,йсіл емес пі директорған,0.8333333333333334,0.2222222222222222,6
train-00000-of-00048_000277,сөйлеймес бидиет ханым,msd tخn,1.0,0.9545454545454546,3
train-00000-of-00048_000278,не болып жатыр мұнда,не болып жатыр мында,0.25,0.05,4
train-00000-of-00048_000279,қыздар ұрысып қалыпты өзара,қыздар ұрысып қалып та өз ара,1.0,0.1111111111111111,4
train-00000-of-00048_000280,ұрыспаңдар бұл сендерге ұрысатын жер емес бөлмелеріңе барыңдар,ұрыспандар бұл сенерге орсатын жер емес бөлмелеріңе барыңдар,0.375,0.06451612903225806,8
train-00000-of-00048_000281,неге тұрсыңдар балалар,نيدرسنالبندر,1.0,1.0,3
train-00000-of-00048_000282,сен енді бұған мән бермей олар енді кішкене өздерінше болып келеді енді байдың қыздары болғаннан кейін,сен енді бұғаннан беріне олар енді кішкене өздерінше болып келеді ені байдың ғыздары болғаннан кейін,0.3125,0.0784313725490196,16
train-00000-of-00048_000283,иә тілекті,يتت,1.0,1.0,2
train-00000-of-00048_000284,сені мазақтағаны үшін де ренжіме,сені мазақтағанң үшінде ренжіме,0.6,0.0625,5
train-00000-of-00048_000285,иә ренжімеймін ғой,yadanjimingo,1.0,1.0,3
train-00000-of-00048_000286,жақсы қарын ашқан шарказы әлі де уақытты болып қапты,жаксы карынашкан шарказы обетобакты болуп капты,0.8888888888888888,0.3269230769230769,9
train-00000-of-00048_000287,жаратымдар,чэрэчӱндер,1.0,0.7,1
train-00000-of-00048_000288,жанында отырған үңшеңшіктері ғон,жаныда отырған үңшең кішіктері ғон,0.75,0.125,4
train-00000-of-00048_000289,эй не деп отырсың сен,э не деп отсын сен,0.4,0.19047619047619047,5
train-00000-of-00048_000290,үндемей бір бәле деп отырсыңыз сыбырлап,індемей бір бәледе отсаңыз сыбырлап,0.6666666666666666,0.15384615384615385,6
train-00000-of-00048_000291,сыбырлап жатқан жоқпын ғой мен,сыбырлалатқан жоқым ғой мен,0.6,0.16666666666666666,5
train-00000-of-00048_000292,а так что боксқа қатысқанмын мен,әтакшто боксқа қатысқанын мен,0.6666666666666666,0.15625,6
train-00000-of-00048_000293,не деп отырсың сен тыныш отыр сен,неде ботсын сен сүншотыр сен,0.7142857142857143,0.30303030303030304,7
train-00000-of-00048_000294,сен оған мән берме олар сондай ғой баяғыдан бері сондай олар,сен угамдан бермеги олар сондой акой баягыдан бер сондой олар,0.7272727272727273,0.23333333333333334,11
train-00000-of-00048_000295,баяғыдан бері солай ұрысып келе жатырмыз,баяғдан бері солай ұрысып келе жатырмыз,0.16666666666666666,0.025,6
train-00000-of-00048_000296,иә просто олар ақшадан басқа адамды көрмейді ғой,иә проста олар ақшадан басқа адамды көрмеді ғой,0.25,0.041666666666666664,8
train-00000-of-00048_000297,көздері соқыр боп қалған десеңдерші иә сондай,көздері соқыр бопқаған десеңдері иә сондай,0.42857142857142855,0.06666666666666667,7
train-00000-of-00048_000298,білмейм бір бәле деп отыр ғой заманда,білімен бір бәледеп отыр озы мыңдап,0.7142857142857143,0.32432432432432434,7
train-00000-of-00048_000299,ешкім зыбыңдап отырған жоқ,ешкім зібыңдап отырған жоқ,0.25,0.038461538461538464,4
train-00000-of-00048_000300,қойшы шын ба,қо шыба,1.0,0.4166666666666667,3
train-00000-of-00048_000301,қыздар шай ішіп болсын деп кеттік,قزار شش بوسنىب كиتتىك,1.0,0.9090909090909091,6
train-00000-of-00048_000302,на,نа,1.0,0.5,1
train-00000-of-00048_000303,жындылармен бір бір бөлмеде қалғым келмейді бір минутта қалғым келмейді,жиныларымен бір білмелде қалдым келмейді бір минутті қалдым келмейді,0.6,0.15492957746478872,10
train-00000-of-00048_000304,жайлайды,ش来ت,1.0,1.0,1
train-00000-of-00048_000305,кеттің ауылдайлар,кеттен ауыл байлар,1.5,0.23529411764705882,2
train-00000-of-00048_000306,келсем,ह क स म,4.0,1.1666666666666667,1
train-00000-of-00048_000307,элья осы сендер неге ұрсасыңдар,эля осі сендер неге ұрсасындар,0.6,0.0967741935483871,5
train-00000-of-00048_000308,себебі олармен мен бұрында дос болғанмын,себебі олармен мен бұрында дұс болғанмын,0.16666666666666666,0.025,6
train-00000-of-00048_000309,сосын,صس,1.0,1.0,1
train-00000-of-00048_000310,сосын мен олармен дос болмаймын шештім,сосын мен олармен дос болмаймын шештім,0.0,0.0,6
train-00000-of-00048_000311,сосын барып осы ақызаймен дос болып шештім,сосын барып болса қызармен дос болып шештім,0.2857142857142857,0.11904761904761904,7
train-00000-of-00048_000312,сол үшін олар мені көре алмайды,сол үшін олар мені көр алмайды,0.16666666666666666,0.03225806451612903,6
train-00000-of-00048_000313,ал не үшін өзіңмен дос бола алмадың,ал не үшінді ұламен досбо алмадын,0.7142857142857143,0.2857142857142857,7
train-00000-of-00048_000314,себебі олар өте жаман қыздар,себе был ла рутижа манзар,1.0,0.5,5
train-00000-of-00048_000315,үм,嗯,1.0,1.0,1
train-00000-of-00048_000316,қыздар,زاك,1.0,1.0,1
train-00000-of-00048_000317,иә ханым,يا خنم,1.0,0.875,2
train-00000-of-00048_000318,кешке таман,kesh ketaman,1.0,1.0909090909090908,2
train-00000-of-00048_000319,бізде осы ашылуына орай,бізде осы ашылуғына орай,0.25,0.043478260869565216,4
train-00000-of-00048_000320,дискотека болады сендерді сояққа шақырайын деп едім,дискотека болады сендерді сұрақы шақырайын деп едім,0.14285714285714285,0.0784313725490196,7
train-00000-of-00048_000321,жақсы жарайды,жexsı жeреdi,1.0,0.6923076923076923,2
train-00000-of-00048_000322,аға күтемісің деді,hkcemsnde,1.0,1.0,3
train-00000-of-00048_000323,урә,ورا,1.0,1.0,1
train-00000-of-00048_000324,не үшін қуанып жатсың,не шен қоянып жатсым,0.75,0.23809523809523808,4
train-00000-of-00048_000325,білесің бе ол кешке осы директордың баласы келеді ол вообще сұлу сондай ше осы жатақханадағы барлық қыздар ұнатады прямо краш қой,білесің ба ол кешке осы директордың баласы келеді ол өпще сұлу сондайше осы жатаханадағы барлық қыздарын атады прям краш қой,0.38095238095238093,0.08527131782945736,21
train-00000-of-00048_000326,сол ма не үшін,сол ма не үшін,0.0,0.0,4
train-00000-of-00048_000327,ммм,م,1.0,1.0,1
train-00000-of-00048_000328,ол потому что он бой ұзын әдемі сондай күшті түрі әдемі күші көп сондай күшті жігіт,ол патомошталын бойызым әдемі сонда күшті түр әдемі күші көп сондай күшті жігіт,0.4375,0.14457831325301204,16
train-00000-of-00048_000329,иә біздің бәрімізге сол жуынбайды,иә біздің бәрімізге сол жылындайт,0.2,0.15151515151515152,5
train-00000-of-00048_000330,мммм түсінікті,嗯 ست,1.0,0.9285714285714286,2
train-00000-of-00048_000331,эт бар шөп,ات pاrش,1.0,0.9,3
train-00000-of-00048_000332,бүгін кешке сұру үшін дайындалу керек қой,бүгін кешке сұру үшін дайындалу керек қой,0.0,0.0,7
train-00000-of-00048_000333,иә айтпақшы бірақ,ياعت بخشبرك,1.0,1.0,3
train-00000-of-00048_000334,мына ұйықтап жатыр ғой вообще,на ұйұқтап жатырғой ебепше,1.0,0.3103448275862069,5
train-00000-of-00048_000335,вообще уайымы жоқ,wي вaвشе ймe жوق,1.3333333333333333,0.7647058823529411,3
train-00000-of-00048_000336,иә,ي,1.0,1.0,1
train-00000-of-00048_000337,бәрібір іздейсіз,بان برديسيش,1.0,0.9375,2
train-00000-of-00048_000338,бүгін кешке сол директордың баласын сындырып алуым керек,бүгін кешке сол директордың баласые сымдырып алуым керек,0.25,0.03571428571428571,8
train-00000-of-00048_000339,күшті удачи рақмет,кшто одачи рахмет,1.0,0.2222222222222222,3
train-00000-of-00048_000340,қыздар нәрсе осындай,kazani sewasnaɗ,1.0,0.95,3
train-00000-of-00048_000341,мен кітап оқыватырмын қорқынышты,мен кітап оқып отырмын қорынышты,0.75,0.125,4
train-00000-of-00048_000342,қыздар,zar,1.0,1.0,1
train-00000-of-00048_000343,ой сәлеметсіз бе,و selimitsبi,1.0,0.9375,3
train-00000-of-00048_000344,аха,嗯ه,1.0,1.0,1
train-00000-of-00048_000345,қыздар айтпақшы сендерге жаңалығым бар кешке таман бізде дискотека болады соған сендер шақырып отырмыз,қыздар айтпақшы сендерге жаңалығым бар кешке тамам бізде дискотека болады соған сендерге шақырып отырмыз,0.14285714285714285,0.029411764705882353,14
train-00000-of-00048_000346,жақсы жақсы барамыз,жақсы жақсы барамыз,0.0,0.0,3
train-00000-of-00048_000347,қыздар сол үшін а мен қатты қуанып тұрмын не үшін как мына обычная дискотека ғой,қыздар сройшына мен қатты қуаныптырмын не үшін кадм аубашне бискотега ғой,0.6,0.25,15
train-00000-of-00048_000348,жоқ ол жерде директордың красавчик баласы болады ғой соны короче сындырып алуым керек обязательно сындырып алу керек,жоқ ол жерде директорының кроссовчик баласы болады ғой соны короче сындырып алуым керек обязательні сындырып алу керек,0.17647058823529413,0.05172413793103448,17
train-00000-of-00048_000349,сол үшін мен киім таңдауым керек,сол үшін мен кийім таңдалым керек,0.3333333333333333,0.0625,6
train-00000-of-00048_000350,иә айтпақшы ол директордың баласы прямо красавчик қой ма күші көп прямо,иә айтпақшы ол директорның баласы пірям кроссавчик қой мәкүші көп пір,0.5,0.15492957746478872,12
train-00000-of-00048_000351,иә,ja,1.0,1.0,1
train-00000-of-00048_000352,сол үшін оны сындырып алу керек,сол үшін оны сындырып алу керек,0.0,0.0,6
train-00000-of-00048_000353,оның үстіне ол үше бай жігіт қой,оның істіне ол үше бай жігіт қой,0.14285714285714285,0.03125,7
train-00000-of-00048_000354,мен прям красавица боп барам шашымды жайып,мен бірәм красависі болып барам жашымды жайып,0.5714285714285714,0.19047619047619047,7
train-00000-of-00048_000355,ниакшт,неакошто,1.0,0.5,1
train-00000-of-00048_000356,сендерге бәрібір сияқты ғой күшті күшті деп отыра бересіңдер,сендерге бәрібір сияқтыой күшті күші деп отыра бересіңдер,0.3333333333333333,0.05,9
train-00000-of-00048_000357,не болса шашын жайып қойсаң,неосшaшnжекосй,1.0,0.6666666666666666,5
train-00000-of-00048_000358,иә рақмет,يه رحميت,1.0,0.8888888888888888,2
train-00000-of-00048_000359,кәп қай киімді кисем екен,ل قيديمدكيسميكان,1.0,0.96,5
train-00000-of-00048_000360,ол осы киімді киейін,o skindiki,1.0,0.95,4
train-00000-of-00048_000361,сен ғана киім киініп жүрсің,시가는 g이 жs,1.0,0.8888888888888888,5
train-00000-of-00048_000362,а мен мына киімді,amin nakimde,1.0,0.9411764705882353,4
train-00000-of-00048_000363,өлесі ма,نسما,1.0,1.0,2
train-00000-of-00048_000364,туф не киім мынау,тов некимнау,1.0,0.4117647058823529,4
train-00000-of-00048_000365,ужас сенің осыдан кейін точно колхозыңда сөйлейді ғой,ужас тин осонген точно хохозныте гидой,0.75,0.49056603773584906,8
train-00000-of-00048_000366,қазір мен саған киім беремін,kazmisan kin birin,1.0,0.9285714285714286,5
train-00000-of-00048_000367,о мына киім бар екен бүгінге осы киімге кие тұр мен саған бере тұрайын,о мына кейін бар екен бүгінге осы кейімге кие тұр мен саған бере тұрайын,0.14285714285714285,0.07142857142857142,14
train-00000-of-00048_000368,уи,ي,1.0,1.0,1
train-00000-of-00048_000369,бұл тым ашық емес па,بوكم ارشقامsبا,1.0,0.95,5
train-00000-of-00048_000370,ішім көрініп тұр ғой,شم كرنتر,1.0,0.95,4
train-00000-of-00048_000371,не болыпты қазір бәрі сана киеді,небупто казірбарсунагеді,1.0,0.4375,6
train-00000-of-00048_000372,так жақсы болды,так жақсы болды,0.0,0.0,3
train-00000-of-00048_000373,мен оның орнына апарып қоя салайын,ن wوrنa barقsوn,1.0,0.9411764705882353,6
train-00000-of-00048_000374,на в очке не очке чеше сосай,навочки ниочки шише сосе,1.0,0.35714285714285715,7
train-00000-of-00048_000375,көзін көрмей қалады,өзім көрмей қылады,0.6666666666666666,0.15789473684210525,3
train-00000-of-00048_000376,міне ин,ына ин,0.5,0.42857142857142855,2
train-00000-of-00048_000377,тәкең сені бояндыру керек кел,такенім сені бояндыру керек кел,0.2,0.13793103448275862,5
train-00000-of-00048_000378,так не бар мұнда,ақ не бар мын да,0.75,0.25,4
train-00000-of-00048_000379,міне енді крассовицалыққа алдым енді сен дискотекаға колхозница болып бармайтын шығарсың ол жерде билейсің,мене енді красовицсалып қалдың ені сен дискотекаға колхозница болып бармайтын шарсың ол жерде билейсің,0.35714285714285715,0.10377358490566038,14
train-00000-of-00048_000380,сегодня на красотка болып қалдың,се ені кросотка болып қалдым,0.8,0.28125,5
train-00000-of-00048_000381,стейін стейін үлкіл реп,ste stena tu rik,1.0,0.8695652173913043,4
train-00000-of-00048_000382,өте көп көп көп көп,ate aar a,1.0,0.8947368421052632,5
train-00000-of-00048_000383,лақниет,لخميات,1.0,1.0,1
train-00000-of-00048_000384,бірақ та көзім жөндеп көрмей тұр,бірақ та көзін жөндеп көрмей тұр,0.16666666666666666,0.03125,6
train-00000-of-00048_000385,қорықпа мен саған бәрін жол көрсетемін ғой,құрықпа есан бәрін жо өрстем ғойп,0.8571428571428571,0.2857142857142857,7
train-00000-of-00048_000386,ухм,嗯ه,1.0,1.0,1
train-00000-of-00048_000387,все қыздардаймыз ба,siyo qizardaymizba,1.0,1.0,3
train-00000-of-00048_000388,иә кеттік онда,ya kettironda,1.0,0.9285714285714286,3
train-00000-of-00048_000389,вау қандай күшті иә қыздар,vaw qanday пusтi ya qыzar,1.0,0.7692307692307693,5
train-00000-of-00048_000390,қыздар ана жерге ғашықты олар барып жайғаса беріңдер,қызарана жүге астолғар барп жайғыса берінжек,1.0,0.3076923076923077,8
train-00000-of-00048_000391,иә,也,1.0,1.0,1
train-00000-of-00048_000392,насар,مص,1.0,1.0,1
train-00000-of-00048_000393,керемет қылып жасапты иә,خدمة قاجرة سبتية,1.0,0.9166666666666666,4
train-00000-of-00048_000394,бақшы әне қыздар,пахшы әне кызлар,0.6666666666666666,0.25,3
train-00000-of-00048_000395,деректорының жанындағы оның баласы,директорың жанындағы оның баласы,0.25,0.08823529411764706,4
train-00000-of-00048_000396,қарындаш прямо күшті ғой иә,қарандаш бірамкүшті ғой я,0.8,0.2962962962962963,5
train-00000-of-00048_000397,иә демекен,ياديماكن,1.0,1.0,2
train-00000-of-00048_000398,мүмкінші емес,чemis,1.0,1.0,2
train-00000-of-00048_000399,мә мені ұнатып қалған шығар иә,ما من نطبقنشارية,1.0,0.9333333333333333,6
train-00000-of-00048_000400,ммм,,1.0,1.0,1
train-00000-of-00048_000401,мен олай ойламаймын,мен олай ойламаймын,0.0,0.0,3
train-00000-of-00048_000402,менің атым қалды деп ойлаймын,иناتقاлدبлم,1.0,0.9310344827586207,5
train-00000-of-00048_000403,қалайсыңдар,қалайсыңдар,0.0,0.0,1
train-00000-of-00048_000404,вау қандай күшті,вау кандай күштө,0.6666666666666666,0.125,3
train-00000-of-00048_000405,сол күні керемет қауым жасартты,сол ғой керемет қалып жасапты,0.6,0.25806451612903225,5
train-00000-of-00048_000406,ой мыналар келіп қойыпты ғой,ой мыналар келіп қойыпты ғой,0.0,0.0,5
train-00000-of-00048_000407,мәссаған ана қоңыр шашты көк,mestanana qoңr шasta كok,1.0,0.8214285714285714,5
train-00000-of-00048_000408,а киімдегі қыз қандай әдемі,кейімдегі қыз қандай әдемі,0.4,0.14814814814814814,5
train-00000-of-00048_000409,что то ол баласы аңғарапты ғой,жота ол баласы аң карапты гой,0.8333333333333334,0.23333333333333334,6
train-00000-of-00048_000410,қандай болады,қандай бола,0.5,0.15384615384615385,2
train-00000-of-00048_000411,мен айтқан бала әні директордың жанында тұр ғой,мен айтқан баланы директорын жандатұр ғой,0.625,0.1702127659574468,8
train-00000-of-00048_000412,сұлулла,صو الله,2.0,1.0,1
train-00000-of-00048_000413,үм,嗯,1.0,1.0,1
train-00000-of-00048_000414,мынау дискотека қашан басталады,мынау дискотека қажан бұса,0.5,0.22580645161290322,4
train-00000-of-00048_000415,қазір басталып қалатын шығар,كزر بسابقدنجر,1.0,0.9642857142857143,4
train-00000-of-00048_000416,иә бастай билейк,يя بستы بели,1.0,0.8125,3
train-00000-of-00048_000417,ал қыздар барлықтарың келгенің үшін үлкен рақмет,ал қыздар барлықтарын келген үшін үлкені рахмет,0.5714285714285714,0.10416666666666667,7
train-00000-of-00048_000418,ендеше біздің бүгінгі дискотекамыз басталсын,ендеше біздің бүгінгі дискотекамыз басталсын,0.0,0.0,5
train-00000-of-00048_000419,ал енді билеймін десеңдер ортаға шығыңдар,ал енді белеймін де сеңдер ортаға шығыңдар,0.5,0.04878048780487805,6
train-00000-of-00048_000420,музыка ауыстырыңдар,музыка остырындар,0.5,0.21052631578947367,2
train-00000-of-00048_000421,менің сәлем,فن,1.0,1.0,2
train-00000-of-00048_000422,аха,ه,1.0,1.0,1
train-00000-of-00048_000423,кимдер дүниелікі бар,dнер кзар,1.0,0.7,3
train-00000-of-00048_000424,кімдеймін бұл жоқ негізі үнемі,kikwi unok nin bisonone,1.0,0.9333333333333333,5
train-00000-of-00048_000425,соңғы кесіп билегіңдер келді,алал кетпік беледіңде зелді,1.0,0.42857142857142855,4
train-00000-of-00048_000426,ксро заманында,keسerو zaمannda,1.0,1.0714285714285714,2
train-00000-of-00048_000427,тәрбиеге аса үлкен мән берілген өйткені ол идеологиямен байланысты болады,тәрбиеге аса үлкенмән берілген өйткені ол идеологиямен байланысты болады,0.2,0.0136986301369863,10
train-00000-of-00048_000428,бірінші класқа келген бала октябрёнок,бірінші классқа келген бала актибренык,0.4,0.13513513513513514,5
train-00000-of-00048_000429,кейін төртінші класта пионер жетінші класта комсомол кете береді осының бәрі мына баланың сана сезімін интернационалдық бағытта жаңағыдай,кейін төртінші класта пионер жетінші класта комсомол кете береді осының бәрі мына баланың сана сезімін интернационалдық бағытта жаңадай,0.05555555555555555,0.014598540145985401,18
train-00000-of-00048_000430,ксро шыл азаматтықта тәрбиелеуге бағытталған бүгін бізде,кресорошыл азаматтықта тәрбиелеуге бағытталған бүгін бізде,0.2857142857142857,0.07142857142857142,7
train-00000-of-00048_000431,тәрбие үзік үзік жүріп жатыр,terbiye üzük üzük curumcatır,1.0,0.9285714285714286,5
train-00000-of-00048_000432,мен бір мәселені айтайын,мен бір мәселені айтайын,0.0,0.0,4
train-00000-of-00048_000433,баяғыда дәстүрлі қоғамда қазақтың дәстүрлі қоғамда тәрбие барлық жерде бірдей болатын батыста шығыста оңтүстікте солтүстікте тойды айтады ғой тастай батып судайсың деп келіндерге,баяғыда дәстүрлік қоғамда қазақтың дәстүрлік қоғамыда тәрбие бәрлік жерде бірдей болатын батыста шығыста оңтүстікте солтүстікте тойды айтады ғой тастай батыл судайсың деп келіндерге,0.21739130434782608,0.03932584269662921,23
train-00000-of-00048_000434,тілек айтып жатады неге ол тастай батып содай сіңеді,тілек айтіп жатады неге ол тастай батып содай сіңеді,0.1111111111111111,0.019230769230769232,9
train-00000-of-00048_000435,ол барған жерінде адамдардың түрлері басқа болуы мүмкін,ол барған жерінде адамдардың түрлері басқа болуы мүмкін,0.0,0.0,8
train-00000-of-00048_000436,бірақ,براق,1.0,1.0,1
train-00000-of-00048_000437,шаруашылығы,шаруашылығы,0.0,0.0,1
train-00000-of-00048_000438,күнделікті тірлігі,күнделікті тірлігі,0.0,0.0,2
train-00000-of-00048_000439,рухани ұстанымдары,روخانи ستانمدارы,1.0,0.8333333333333334,2
train-00000-of-00048_000440,тәрбиесі бәрі бірдей,تەربىيеسى بەرі بىردې,1.0,0.85,3
train-00000-of-00048_000441,мүмүм,嗯嗯,1.0,1.0,1
train-00000-of-00048_000442,ал бүгін бізде не қараңызшы,ал бүгін бізде де қараңыз,0.4,0.1111111111111111,5
train-00000-of-00048_000443,бізде,بزد,1.0,1.0,1
train-00000-of-00048_000444,батыс шығыс демей ақ қой бір үйдің балалары 2 түрлі,батыс жығы істемеаққойын бір үйдің балалары екі түрлі,0.5,0.2549019607843137,10
train-00000-of-00048_000445,ұстаны да ұстайды,ستندستت,1.0,1.0,3
train-00000-of-00048_000446,қазақ жастарының ішінде,қазақ жастарының ісінде,0.3333333333333333,0.043478260869565216,3
train-00000-of-00048_000447,вахабит те бар салафит те бар кришнаит те бар біздің проблемамыз сол,бақабит те бар салафитта бар кришнаитта бар біздің проблемамыз сол,0.4166666666666667,0.08823529411764706,12
train-00000-of-00048_000448,біз осы идеологиялық,бis osы идеологиял,1.0,0.3,3
train-00000-of-00048_000449,тұрғыдағы мәселен,تۇرغۇداغы مەسىلىن,1.0,0.8823529411764706,2
train-00000-of-00048_000450,уысымыздан шығарып алдық,مۇسىمىزدان چىغارыپ الدىق,1.0,0.875,3
train-00000-of-00048_000451,идеологиялық тәрбие мәселелерін,иدеологиالық تەربىە مەسелеلерىن,1.0,0.4838709677419355,3
train-00000-of-00048_000452,жоспарлы жүйелі түрде орындалу керек бағыт бағдарды дұрыс беру керек жақсы дегенде,жоспарлы жүйелі түрде орындалу керек бағыт бағдарды дұрыс беру керек жақсы дегенде,0.0,0.0,12
train-00000-of-00048_000453,жаман деген не,жаман дегенде,0.6666666666666666,0.14285714285714285,3
train-00000-of-00048_000454,не тәрбие,مے تربية,1.0,0.8888888888888888,2
train-00000-of-00048_000455,үйден басталу керек сосын балабақша алдымен үйден,үйден басталу керек сосын балабақша алдымен үйден,0.0,0.0,7
train-00000-of-00048_000456,ата анасының жүрісіне қарап бала оны қабылдайды,ата анасының жүрісіне қарап бала онысз қабылдайды,0.14285714285714285,0.0425531914893617,7
train-00000-of-00048_000457,үйде күнде ұрыс күнде керіс болып жатса сол мінезді қабылдайды,үйде күндеұрыкүнде керіс болып жатса сол мінезді қабылдайды,0.3,0.04838709677419355,10
train-00000-of-00048_000458,соғыспай тұра алмайтын бала болып шығады,жоғыспай тұра алмайтын бала боп шығад,0.5,0.1,6
train-00000-of-00048_000459,ал иманы бар отбасында жылы сөз,ал иманы бар отбасында жылы сөз,0.0,0.0,6
train-00000-of-00048_000460,ұлағатты,لاغاتتы,1.0,0.875,1
train-00000-of-00048_000461,сөздер айтылып жатса,sözler aytılıbcaksa,1.0,0.95,3
train-00000-of-00048_000462,өз ісімен көрсетіліп жатса,өз ісімен көрсетіліп жатса,0.0,0.0,4
train-00000-of-00048_000463,ол баланың бойына сіңбей қоймайды тәрбиені қолдан ұрыстан шығаруға болмайды,ол баланың бойына сіңбей қоймайды тәрбиені қолдан ұыстан шығаруға болмайды,0.1,0.013333333333333334,10
train-00000-of-00048_000464,ол не үшін керек әсіресе мына тарихи санадағы тарихи жадыны ашу үшін керек бір екіншіден,ол не үшін керек әсілесе міна тарихи санадағы тарихи жадыны ашу үшін керек бір екіншіден,0.13333333333333333,0.022727272727272728,15
train-00000-of-00048_000465,сол білімді алған бала,сол білімді алған бала,0.0,0.0,4
train-00000-of-00048_000466,өз халқыменен,өз халқы менен,1.0,0.07692307692307693,2
train-00000-of-00048_000467,тарихи тағдырластықты сезіну керек ол ертең мемлекеттің тетігін ұстайтын,тарихи тағдырластықты сезіну керек ол ертең мемлекеттің тетігін ұстайтын,0.0,0.0,9
train-00000-of-00048_000468,азамат болады ма қай жерде отырса да,азамат бола ма қай жерде отырса да,0.14285714285714285,0.05555555555555555,7
train-00000-of-00048_000469,өзі міне жақсылық істеуге бағытталуы керек,өзімне жақсылық істеуге бағытталуы керек,0.3333333333333333,0.047619047619047616,6
train-00000-of-00048_000470,абай айтады ғой адамзаттың бәрін сүй деп,абай айтады о адам заттың бәрін сүйдеп,0.7142857142857143,0.1,7
train-00000-of-00048_000471,ол адамзаттың бәрін сүюде алдымен өзінің бауырына,ол адамзаттың бәрін сүйюді алдымен өзінің бауырына,0.14285714285714285,0.04081632653061224,7
train-00000-of-00048_000472,үлкендерге,үлкендерге,0.0,0.0,1
train-00000-of-00048_000473,құрмет көрсетуден үйрену керек біз идеологиялық майданда жеңіліп жатырмыз мәселе қайда,құрмет көрсетуден үйрену керек біз идеологиялық майданды жеңіліп жатырмыз мәселеқайда,0.2727272727272727,0.023255813953488372,11
train-00000-of-00048_000474,спаншоу емес қазақи мультфильмдерді қою керек,спонжеу емес қазақи мүлтилимдерді қою керек,0.3333333333333333,0.15555555555555556,6
train-00000-of-00048_000475,жасөспірім буынымыз дейді,жәс өспірін буынымыз дед,1.0,0.2,3
train-00000-of-00048_000476,бүлдіршіндері бір,бүлدіршіндерміз,1.0,0.29411764705882354,2
train-00000-of-00048_000477,қырғызша сөйлеуді қойып қазақша сөйлеп жатыр дейді ойбай неге,қырғызша сөйледі ғойып қазақша сөйлеп жатыр дейд ойбей неге,0.4444444444444444,0.06557377049180328,9
train-00000-of-00048_000478,шеше қырғызстанда балапан каналы,сесек қырғызстанда балапан каналы,0.25,0.09375,4
train-00000-of-00048_000479,көрсетіледі екен сол қырғыз балалар отырып алып соны көріп тілдері қазақша шығып жатыр қызық,көрсетіледі екен сол қырғыз баалар отырбап соны көріп тілдері қазақша шығып жатырқызық,0.35714285714285715,0.07608695652173914,14
train-00000-of-00048_000480,біздің бүгін ең ұтылған дүниеміз батыс әлеміне,біздің бүгін ең ұтылған дүниеміз батыс әлеміне,0.0,0.0,7
train-00000-of-00048_000481,мүмүм,嗯嗯,1.0,1.0,1
train-00000-of-00048_000482,қисық үйретіп жатыр,kiçıık yüle tucatır,1.0,1.0,3
train-00000-of-00048_000483,өзің үшін өмір сүр деген қағида пайда болды жастарда,өзің үшін өмір сүр деген қағида пайда болды жастарды,0.1111111111111111,0.019230769230769232,9
train-00000-of-00048_000484,өзің үшін өмір сүр өзіңді ғана сүй,өзің үшінемісі өзіңді ғана сүй,0.42857142857142855,0.17647058823529413,7
train-00000-of-00048_000485,сен басты жер бетіндегі адамсың,сен басты жер бетіндегі адамсың,0.0,0.0,5
train-00000-of-00048_000486,ал қашанға дейін өзі үшін өмір сүреді адам,ал қашанға дейін өзі үшін өмір сурет адым,0.25,0.09523809523809523,8
train-00000-of-00048_000487,өзің үшін өмір сүру деген сөз өз құлқыңның құлы бол деген сөз,өзің үшін өмір сүру деген сөз ол өзі құлқының құлы бол деген сөз,0.25,0.08196721311475409,12
train-00000-of-00048_000488,қазақ ешқашан өзі үшін өмір сүрмеген дүние малы үшін өмір сүрмеген ұрпақ үшін өмір сүрген міне басты мәселе ол ұрпақ,қазақ ешқашан өз үшін өмір сүрмеген дүние мал үшін өмір сүрмеген ұрпақ үшін өмір сүрген міне басты мәселе ол ұрпақ,0.1,0.017241379310344827,20
train-00000-of-00048_000489,жақсы ұрпақ қалды да жақсы өнер үйретіп кетті мәселе қайда заман өзгеруіменен салт дәстүрде өзгереді,жақсы ұрпақ қалды да жақсы өнер үйретіп кеті мәселеғайда заман өзгеру менен салыптастырде өзгереді,0.4,0.09,15
train-00000-of-00048_000490,салт дәстүрдің озығы бар тозығы бар,салт дәстүрдің озығы бар тозығы бар,0.0,0.0,6
train-00000-of-00048_000491,тозығы қайсы,тозығы ғайсы,0.5,0.08333333333333333,2
train-00000-of-00048_000492,қазақты іріктетін,қазақты іртетін,0.5,0.11764705882352941,2
train-00000-of-00048_000493,дастыңдар,دەس تندىر,2.0,1.0,1
train-00000-of-00048_000494,рушылдық топшылдық жікшілдік деген нәрсе оны патша өкіметі жақсы пайдаланды осыны соны мына,рушылдық топшылдық жікшілдік деген нәрсе оны патша өкіметі жақсы пайдаландысон,0.3076923076923077,0.14285714285714285,13
train-00000-of-00048_000495,мекемтас мырзахметов айтып кетті ғой деймін бір хабарда игельстром деген генерал губернатор болған сол қазақтарға қарсы сексеуіл саясатын пайдалануды ұсынды,мекем тасмыр захметов айтып кетті ғойден бір хабарда игельстром деген генерал губернатор болған сол қазақтарға қарсы сексеуіл саясатын пайдалануды ұсынды,0.25,0.04487179487179487,20
train-00000-of-00048_000496,қазақ сексеуіл сияқты дейді балтамен шапсаң өзіңе ұршып түседі дейді,қазақ сексеуіл сияқты дейді балтамен шапсаң өзіңе ұршып тұсөтпейд,0.2,0.10294117647058823,10
train-00000-of-00048_000497,шексеуілді қалай жарады,چېكسېولتі қالاي жادа,1.0,0.7391304347826086,3
train-00000-of-00048_000498,бір біріне ұрып жатады,бір біріне ұрып жататы,0.25,0.045454545454545456,4
train-00000-of-00048_000499,біз қазаққа сондай саясат қолдануымыз керек деп міне,біз қазаққа сондай саясат қолдануымыз керек деп мне,0.125,0.019230769230769232,8
train-00000-of-00048_000500,кешегі болысқа езнойға сайлау жүрген кезде сол қазақтардың арасына жік салған,кешегі болысқа езінойға сайлау жүрген кезде қазақтардың арасына жік салған,0.18181818181818182,0.06493506493506493,11
train-00000-of-00048_000501,оны кейін совет өкіметі де қолданды бүгін біз әрқилымыз әртүрлі біреу батысшыл біреу шығысшыл,ондан кейін совет үкіметі де қолданды бүгін біз әр қилимыз әртүрлі біреу батыс жыл біреу шығыс жыл,0.5714285714285714,0.10752688172043011,14
train-00000-of-00048_000502,біреу әртүрлі діндерді ұстайды ағымдарды ұстайды осыларды міне бір,біреу әртүрлі діндерді ұстайд ағымдарды ұстайды осыларды мнебі,0.3333333333333333,0.06060606060606061,9
train-00000-of-00048_000503,басын қосатын не болуы мүмкін бір ортақ бір құндылық болу керек қой ол кім болсаң ол бол бірақ сен өзің,басын қосатын не болуы мүмкін бі ортақ бір құндылық болуы керек қо кім болсаң ол бол бірақ сен өзің,0.2,0.05825242718446602,20
train-00000-of-00048_000504,халқымененен өз халқыңменен,халқың менен өз халқың менен,1.3333333333333333,0.14814814814814814,3
train-00000-of-00048_000505,жаңа біз айтып кеткен тарихи тағдырластықты ортақ тарихи тағдырластықты сезілуің керек,жаңа біз айтып кеткен тарихи тақдырластықты ортақ тарихи тақдырластықты сеізінумің керек,0.2727272727272727,0.05813953488372093,11
train-00000-of-00048_000506,осы жерде міне тағы да айтамын көркем әдебиет пен тарих пәнінің рөлі деген қандай,осы жерде міне тағы да айтам көркем әдебиетпен тарих пәнінің рөлі деген қандай,0.21428571428571427,0.037037037037037035,14
train-00000-of-00048_000507,славы,来و,1.0,1.0,1
train-00000-of-00048_000508,мына,م的,1.0,1.0,1
train-00000-of-00048_000509,соңғы уақытқа дейін,соңғы уақытқа дейін,0.0,0.0,3
train-00000-of-00048_000510,біздің тарихымыз,بىزدىڭ تارىخىمىز,1.0,0.9375,2
train-00000-of-00048_000511,европоцентристік көзқарас,европад центристік көзқарасыз,1.5,0.2,2
train-00000-of-00048_000512,концепциясыменен бағаланды көшпенділерде,концепциясы менен бағаланды көшпенділерде,0.6666666666666666,0.025,3
train-00000-of-00048_000513,мәдениет болу мүмкін емес,مادینيت بوو ممكنمس,1.0,0.92,4
train-00000-of-00048_000514,мемлекет болуы мүмкін емес,мемлекет болуы мүмкін емес,0.0,0.0,4
train-00000-of-00048_000515,керек десеңіз,كلctiشns,1.0,1.0,2
train-00000-of-00048_000516,тарихы да жоқ деген сияқты,тарихида жоқ деген сиях,0.6,0.19230769230769232,5
train-00000-of-00048_000517,застывшая цивилизация где то какая то гибер,застывшая цивилизация депкает кевер,0.7142857142857143,0.3023255813953488,7
train-00000-of-00048_000518,еуропалық тарихшылар қатып қалған,يوروپوم تاریخچلر قطم قبن,1.0,0.9090909090909091,4
train-00000-of-00048_000519,мың тоғыз жүз тоқсан бесінші,мың тоғыз жүз тоқсан бесінші жылы,0.2,0.17857142857142858,5
train-00000-of-00048_000520,отан тарихының оқытудың концепциясы жасалды сол концепцияда сол кездің өзінде айтылды қазақстан тарихы дүниежүзілік тарихи процестердің құрамдас бөлігі иә бізде мына сыртқы әлемге өз әсерімізді тигізді соларменен жаңағыдай үйлесімде өмір сүрдік деген сияқты концепция ұстанымдары қабылданды,отан тарихыдың оқытудың концепциясы жасалды сол концепцияда сол кездің өзінде айтылды қазақстан тарихы дүниежүзлік тарихи процесстердің құрамдас бөлігі бізде н сыртқы әлемге өз әсерімізді тигізді солар менен жаңадай үйлесімде өмір сүрдік деген сияқты концепция ұстанндары қабылданды,0.25,0.04827586206896552,36
train-00000-of-00048_000521,ал енді мына мемлекеттілік туралы айтқанда,ал енді мына мемлекеттілік туралы айтқандар,0.16666666666666666,0.023809523809523808,6
train-00000-of-00048_000522,біз мына кейінгі дамыған орта ғасырлық европаның мемлекеттілігінің қалпына аламыз да басқа елдерге кигізіп көреміз,біз мына кейінгі дамыған ортағасырлық европаның мемлекеттілігінің қалпын аламыз да басқа елдерге кигізіп көреміз,0.2,0.017543859649122806,15
train-00000-of-00048_000523,бізге киік десек бізге сыймайды,бізге кейік десек бізге сымайд,0.4,0.12903225806451613,5
train-00000-of-00048_000524,европаның қалпына біз сыймаймыз,европаның қалпына біз істеймаймыз,0.25,0.0967741935483871,4
train-00000-of-00048_000525,неге дейсіздер ғой,내гдしдр고,1.0,0.7777777777777778,3
train-00000-of-00048_000526,олар мәдениетті дүниені мына,олар мәдениетті дүниені,0.25,0.17857142857142858,4
train-00000-of-00048_000527,тек материалдық құндылықтардың есебінен бүгін басым ғой сондай түсінік соны материалдық құндылықтарменен өлшеу қабылданған,тек материалдық құндылықтардың есебінен бүгін баым ғой сондай снсоны материалдық құндылықтар менен өлшеуі қабылданған,0.42857142857142855,0.07377049180327869,14
train-00000-of-00048_000528,ал рухани дүние екінші жақта қалып қояды,ал рухани дүние екінші жақтақалып қоядын,0.42857142857142855,0.05,7
train-00000-of-00048_000529,мемлекет деген не,mеمлекеттеgеnе,1.0,0.47058823529411764,3
train-00000-of-00048_000530,мемлекет деген басшысы болу керек жері болу керек территориясы иә басқару аппараты болу керек әскері болу керек тағы тағылар,мемлекеттеген басшысы болуы керек жері болуы керек территориясы я басқару аппараты болуы керек әскері болуы керек тағы тағылар,0.3684210526315789,0.06451612903225806,19
train-00000-of-00048_000531,осыны алады да біздің ортағасырлық не ежелгі тайпаларымызға ерте дәуір мемлекеттеріне кигізіп келеді,осына алатта біздің ортағасырлық неежелгі тайпаларымызға ерте дәуір мемлекеттеріне килгізіп көреді,0.5384615384615384,0.09,13
train-00000-of-00048_000532,сөйтті,,1.0,1.0,1
train-00000-of-00048_000533,былай қарасаң сыймайды бізге,былай қарасан симайды бізге,0.5,0.10714285714285714,4
train-00000-of-00048_000534,әйтпесе олар кең болса,بسول كن بلسب,1.0,0.9090909090909091,4
train-00000-of-00048_000535,басып пастайтын еді ғой сыймайды,баспстать нет си мать,1.0,0.59375,5
train-00000-of-00048_000536,салық жүйесі болды ма болды,салық жүйесі болды ма болды,0.0,0.0,5
train-00000-of-00048_000537,мне,م家,1.0,1.0,1
train-00000-of-00048_000538,геродоттың өзі,diradotymez,1.0,1.0,2
train-00000-of-00048_000539,патшалардың өзі даридің өзі айтады сахтадан салық алып отырғанын ол патша қалтасынан шығарып жатқан жоқ қой ол салық халыққа түседі деген сөз мәселе қайда,патшалардың өзі даридің өзі айтаты сақтардан салық алып отырған ол патша қалтасынан шығарып жатқан жоқ қой ол салық халыққа түсектеген сөз мәселеайда,0.2916666666666667,0.07142857142857142,24
train-00000-of-00048_000540,жазуы жоқ ел мемлекет құра алмайды дейді,жазуы жоқ ел мемлекет құралынайтдейд,0.42857142857142855,0.2,7
train-00000-of-00048_000541,құдай қашып тұр міне есік қорығанда алтын адамның жанында 26 әрпі жазылған тостаған тұр,құдайға іштіміне есік қорғанда алтын адамның жанында жиырма алты әрпі жазылған тостаған тұр,0.5,0.2413793103448276,14
train-00000-of-00048_000542,табылыпты күміс тостаған жазу бар деген сөз жазу не үшін керек реестр жасау үшін дүние мүлікті есепке алу үшін керек,табылыпты күміс тостаған жазу бар деген сөз жазу не үшін керек реестр жасау үшін керек дүние мүлікті есепке алу үшін керексіз,0.1,0.07758620689655173,20
train-00000-of-00048_000543,яғни әскер енді жетеді жердің өзінің иелері бар иә шекарасы бар ол кезде оған жоқ деуге болмайды,тағни әскер енді жететі жер жердің өзінің иелері бар я шекарасы бар ол кезде оған жоқ теуге болмайд,0.35294117647058826,0.11458333333333333,17
train-00000-of-00048_000544,осылар келіп кейін мына,оسыلار келіп كеيіن м,0.75,0.43478260869565216,4
train-00000-of-00048_000545,кейінгі дәурелерге өтті сабақтастықпенен,кейінгі дәуірлерге өтті сабақтастықпенеміз,0.5,0.125,4
train-00000-of-00048_000546,европада,eوروpه د,2.0,1.0,1
train-00000-of-00048_000547,біздің заманымыздың бесінші ғасырында мына,біздің заманымыздың бесінші ғасырында,0.2,0.11904761904761904,5
train-00000-of-00048_000548,шығыс жақтан ғұн деген ел жүріп өтеді бірнеше ғасыр жылжып отырып оңтүстік орыс даласыменен шығыс европаға барады,шығыс жақтан ғұн деген ел жүріп өтеді бірнеше ғасыр жылжыып отырып оңтүстік орыс таласы менен шығыс европаға барады,0.17647058823529413,0.02654867256637168,17
train-00000-of-00048_000549,еділ патша бастаған атақты атила дейді ғой,еділ патша бастаған атақты атила дейді ғой,0.0,0.0,7
train-00000-of-00048_000550,хмхм,ه,1.0,1.0,1
train-00000-of-00048_000551,сол барған кезде,сол барған кезде,0.0,0.0,3
train-00000-of-00048_000552,бір қызығы,بالقزغ,1.0,1.0,2
train-00000-of-00048_000553,рим империясын құлатады,римемпериясын лата,1.0,0.2608695652173913,3
train-00000-of-00048_000554,енді бүкіл дүниежүзілік тарихта гүлденіп тұрған рим империясын құлатты варварлар деп қояды,енді бүкіл дүниежүзлік тарихтар гөлденіп тұрған рим империясын құлатты варворлар деп қояды,0.3333333333333333,0.044444444444444446,12
train-00000-of-00048_000555,ол гүлденіп тұрған рим империясы емес ол тозығы жеткен уже сегізінші жыл бойы өмір сүріп келе жатқан тозығы жеткен империя неге тозығы жеткен өйткені бұлар әлі құл еленушілік дәуірде отыр,ол гүлденіп тұрған римимпериясы емес ол тозығы жеткен оже сегіз жыл бойы өмір сүріп келе жатқан тозығы жеткен империя неге тозығы жеткен өйткені бұлар әлі құл ейленушілік дәуірдеп отыр,0.2,0.0427807486631016,30
train-00000-of-00048_000556,өндіруші күштердің дамуын тежеп отыр мәселе қайда,өндіруші күштердің дамуын тежеп отыр мәселе ғайда,0.14285714285714285,0.02040816326530612,7
train-00000-of-00048_000557,еділ патша барып еді рим империясы құлап еді не болды,еділ падша барвет ремемпериясқұлавет не бол,0.8,0.32075471698113206,10
train-00000-of-00048_000558,европада жаңа мемлекеттер пайда болды,еуропада жаңа мемлекеттер пайда болды,0.2,0.02702702702702703,5
train-00000-of-00048_000559,франктер француздардың атасы,فرaنk tar فرaنciزdar dnatas,1.3333333333333333,1.0,3
train-00000-of-00048_000560,жаңа қоғамда формация пайда болды феодализм деген ал сол феодализм жаңағы үлестік жер үлесіне байланысты жасалған жүйе,жаңа қоғамдық формация пайда болды феодализм деген ал сол феодализм үлестік жер үлестіне байланысты жасалған жүйе,0.17647058823529413,0.0847457627118644,17
train-00000-of-00048_000561,кімдерден қабылданды дейсіздер ғой,кімдерден қабылданды десер о,0.5,0.17647058823529413,4
train-00000-of-00048_000562,тұтқындардың үлес бөлу жүйесі,кондадың үлес бөлу жүйесі,0.25,0.20689655172413793,4
train-00000-of-00048_000563,жер үлесінен,چیرو لسنن,1.0,1.0,2
train-00000-of-00048_000564,біз,م,1.0,1.0,1
train-00000-of-00048_000565,кім кімге мемлекет жасап берді деген әңгіме,кім кімге мемлекет жасап берді деген әңгіме,0.0,0.0,7
train-00000-of-00048_000566,күн түсіп,是,1.0,1.0,2
train-00000-of-00048_000567,жазуларында,jazularında,1.0,1.0,1
train-00000-of-00048_000568,хмхм,嗯,1.0,1.0,1
train-00000-of-00048_000569,4 тарап жау еді дейді,ثرت طرب جاود ديت,1.0,0.9047619047619048,5
train-00000-of-00048_000570,төрт тараппен алыстым күндіз отырған жоқпын түнде ұйықтаған жоқпын осы аш жалаңаш халықты қалай бақытты қыламын деген сияқты,төрт тараппен алыстың күндіз отырған жоқпын түнде ұйықтаған жоқпын осы аш жалаңаш халықты қалай бақытты қылам деген сияқты,0.1111111111111111,0.024193548387096774,18
train-00000-of-00048_000571,төбе сол не төрт тарабын жеңеді екен басы бардың басын изертеді аяғы бардың тізесін бүктіреді,түбе сол мне төрт тарабын жеңеді екен басы бардың басын едертеді аяғы бардың тізесін бүктіреді,0.2,0.043010752688172046,15
train-00000-of-00048_000572,жұрттың бәрін қырып ұстаған жоқпын дейді жауларды қырып қуырып шыжғырып құлдыққа сатып жүрген жоқпын дейді,жұрттің бәрін қырып тұстаған жоқпын дейді жауларды қырып қуырып шырғырып құлдыққа сатып жүрген жоқпын дейді,0.2,0.02830188679245283,15
train-00000-of-00048_000573,бәрін бейбітшілікке көндірдім деген не керемет сөз,бәрін бейбітшілікке көндірдім деген міне керемет сөз,0.14285714285714285,0.04,7
train-00000-of-00048_000574,мұхым,嗯,1.0,1.0,1
train-00000-of-00048_000575,сыртқы жауларын жаулап алғанда бейбітшілікке көндірдім ұлыс бердім дейді ұлыс бердім деген сөз мемлекет бердім,сырты жауларын жаулау ағанда бейбітшілікке көндірдім ұлыс бердім дейт ұлыс бердім деген сөз мемлекет бердім,0.26666666666666666,0.045454545454545456,15
train-00000-of-00048_000576,иә аш халықты топ еттім жалаңаш халықты жаңағы көк киімді еттім бір керемет сөз бар түркілердің таты да таты ұстайтын болды тат деген құл,аш халықты тоқ еттім жалаң аш халықты көк киімдеттім бір керемет сөз бар түркілердің таты да тат ұстайтын болды дей тат деген құл,0.375,0.1386861313868613,24
train-00000-of-00048_000577,түркілердің құлдарының өзі құл ұстайтын болған дәрежеге жеткеніміз ал ең басты көрсеткіш міне сол кездегі түркі мемлекеттілігінің айбынды тарихының жаңағындай бүкіл әлемге әсер,түркілердің құлдарының өзі құлтұстайтын болған дәрежеге жеткенбіз ал ең басты көрсеткіш міне сол кезде түркі мемлекеттілігінің айбынды тарихының жаңадай бүкіл әлемге,0.2608695652173913,0.07386363636363637,23
train-00000-of-00048_000578,өзінің әсерін тигізгені,өзінің әсерін тигізгені,0.0,0.0,3
train-00000-of-00048_000579,басты роль ойнағаны,basta rol o ynag anы,1.6666666666666667,0.8947368421052632,3
train-00000-of-00048_000580,түрік қағандарының жерлеуіне,түрт қағандарының жерлеуіне,0.3333333333333333,0.07142857142857142,3
train-00000-of-00048_000581,патшалар келеді өздері,paтşalar gеlед özlüyөr,1.0,0.7727272727272727,3
train-00000-of-00048_000582,византияның патшасы келеді өзі,disantiani patsaskeret wes,1.0,0.9333333333333333,4
train-00000-of-00048_000583,иранның падишасы тибеттің патшасы мына жерде,иранның падишасы тибеттің падишасы мына жерде,0.16666666666666666,0.045454545454545456,6
train-00000-of-00048_000584,бұзын бұл,,1.0,1.0,2
train-00000-of-00048_000585,мінекей мәселе қайда сол кезде халықаралық тіл қандай болды деген әңгіме туады,мінеки мәселе қайда сол кезде халық аралық кіл қандай болды деген әңгіме тұлаты,0.4166666666666667,0.08974358974358974,12
train-00000-of-00048_000586,мәселе қайда бізде бүгін біреу қинап ағылшынша оқы деп жатыр ма,мәселе ғайды бізді бүгін біреу қина ағылтынша оқы деп жатыр ма,0.36363636363636365,0.07936507936507936,11
train-00000-of-00048_000587,желкілеп жатқан жоқ ешкім қазір ағылшынды адам өз ішін оқиды,жеркелеп жатқан жок ишкім қазір ағылсынды адам өз үчүн оқит,0.6,0.16666666666666666,10
train-00000-of-00048_000588,сол заманда алып империя,сол заманда алып империя,0.0,0.0,4
train-00000-of-00048_000589,тілін оқымай гөр,تіلіن وқыماي گеر,1.0,0.625,3
train-00000-of-00048_000590,бүкіл саудагерлер түрікше сөйлейтін,бүкіл саудагерлер түркші сөйлейтін,0.25,0.05714285714285714,4
train-00000-of-00048_000591,елшілер келеді,желшілер келеді,0.5,0.07142857142857142,2
train-00000-of-00048_000592,олар да түрікше біліп үйреніп қайтады мәселе қайда оған 1 дәлел мына 14 ғасырда,олар да түркше біліп үйреніп қайтаы мәселеқайды оған бір дәлел мына он төртінші ғасырда,0.5,0.22784810126582278,14
train-00000-of-00048_000593,қыздар,嗯,1.0,1.0,1
train-00000-of-00048_000594,польша имеет чехословакияда,польша ме чихословакияда,0.6666666666666666,0.14814814814814814,3
train-00000-of-00048_000595,домовой книгалар табылған былайша айтқанда,дамавой книгалар табылған ылайш айтқанда,0.4,0.09523809523809523,5
train-00000-of-00048_000596,бір үйдің бюджетін жасап жатқан дүние ғой ақша қайда кетіп жатыр қайда қойып жатыр,бір үйдің бюджетін жасап жатқан дүние ғой ақша қайда кетіп жатыр қайда қойып жатыр,0.0,0.0,14
train-00000-of-00048_000597,соның бәрі тіптіше қыпшақша жазылған мәселе қайда,соның бәрі тіпше қыпшақша жазылған мәселеғайда,0.42857142857142855,0.08163265306122448,7
train-00000-of-00048_000598,мүм,嗯,1.0,1.0,1
train-00000-of-00048_000599,финансовый документ,finantsy hoe dacomente,1.5,1.105263157894737,2
train-00000-of-00048_000600,былайша қарасаң,wasغرaسa,1.0,1.0,2
train-00000-of-00048_000601,қыпшақшақша жазылған,بشاخشا جازلغان,1.0,0.95,2
train-00000-of-00048_000602,вот осыдан біле беріңіз біздің тарихымызды,от осынан білеберіңіз біздің тарихымызды,0.6666666666666666,0.07142857142857142,6
train-00000-of-00048_000603,кезінде өз тарихымызды өзіміз оқи алмадық қой жабаһарлы аруын ерудің сөзі бар,тезінде өз тарихымызді өзіміз оқи алмадық қой жауақарлару нерудің сөзі бар,0.4166666666666667,0.1038961038961039,12
train-00000-of-00048_000604,отар елінің тарихы неге нанымсыз сондай бір сүйкімсіз болады,отар елдің тарихы неге нанымсыз сондай бір сүйкімсіз болады,0.1111111111111111,0.03333333333333333,9
train-00000-of-00048_000605,өйткені оны жазатын,өйткені оны жазатын,0.0,0.0,3
train-00000-of-00048_000606,сол ойымнан әлі таймаймын біз қазір мына қазақстан алтын орданың мұрагері дейді сөз жоқ мұрагері бірақ біз жалғыз емеспіз ғой мәселе қайда иә біз басқаларға қимаймыз,сол ойымнан әлі таймаймыз біз қазір мына қазақстан алтын орнаның мұрагері дейді сөз жоқ мұрагері бірақ біз жалғыз емеспіз ғой мәселе қайда жаңағы әңгіменз өрбіп отыр иә біз басқаларға қимаймыз,0.23076923076923078,0.17575757575757575,26
train-00000-of-00048_000607,өзіміз ғана болғымыз олай тарих жасалмайды біз одан жеңілеміз,өзіміз ғана болғынмыз кел олай тарих жасалмайды біз одан жеңілеміз,0.2222222222222222,0.08196721311475409,9
train-00000-of-00048_000608,міне қырым татарларды,міне қырым татарларды,0.0,0.0,3
train-00000-of-00048_000609,бас құртады,ماشخورتاند,1.0,1.0,2
train-00000-of-00048_000610,мына қазан татарларды тағы басқа халқылар алтын орданың,мына қазан татарларды тағы басқа халықлар алтын орданың,0.125,0.03636363636363636,8
train-00000-of-00048_000611,өкілдері өкілдері иә ұрпақтары біз бірігуіміз керек осы жерде міне алтын орданың міне тарихын зерттеуде бір бірімізбенен мәселен бұл бір үлкен идеологияға айналуы мүмкін бе әрине мына қазір түрксой деген пайда болды ғой түрік халықтарының мына мәдени құндылықтарының ортақтастығы иә неге соның жобасын да жасамау,өкілдері ұрпақтары біз бірігуіміз керек осы жерде міне алтынорданың міне тарихын зерттеуде бір біріміз бенен мәселел бір үлкенің идеологияға айналуы мүмкін ба әрине мна қазі түрк сой деген пайда болды ғой түрк халыптарының мәдени құндылықтарының ортақтастығы неге соның жобасында жасамау,0.4222222222222222,0.11217948717948718,45
train-00000-of-00048_000612,біз өзіміз тек,بىز yۆزüمüز چىك,1.0,0.9285714285714286,3
train-00000-of-00048_000613,ешкімді менсінбей қалғанын қоспай осы алтын орда тарихын өзімізге ғана еншілеп алсақ біз одан жеңбейміз мәселе қайда өйткені ол кезде міне,ішкімді мен сінбей қалғанын қоспай осы алты норда тарихын өзімізге ғана еншілеп алсақ біз одан жеңбейміз мәселе қайды өйткені ол кезде міне,0.2857142857142857,0.036231884057971016,21
train-00000-of-00048_000614,мына алтын орда ыдырап жатқан кезде ноғайлы заманы болды,на алтын орда ыдырап жаткан кезде ноғайлы заманы болду,0.3333333333333333,0.07142857142857142,9
train-00000-of-00048_000615,біз бәріміз ноғайлы аталды жүрген кезіміз,біз бәріміз ноғайлы аталдын жүрген кезіміз,0.16666666666666666,0.024390243902439025,6
train-00000-of-00048_000616,ақорданың тайпалары қырғыздар башқұрттар татарлар қырым татарлар тағы басқалар,ақ орданың тайпалары қырғыздар башқұрттар татарлар қырым татарлар тағы басқалар,0.2222222222222222,0.01282051282051282,9
train-00000-of-00048_000617,ноғайдың күшейген кезі ғой ноғайлы заманы біз ноғайлы болдық,ноғайдың күшейген кезі ғой ноғайлы заманы біз ноғайлы болдық,0.0,0.0,9
train-00000-of-00048_000618,шоқан уәлихановтың сөзі бар ғой,шоқан уалихановтың сөзі бар ғой,0.2,0.03225806451612903,5
train-00000-of-00048_000619,ноғай мен қазақ ағайынды халық дейді,ноғай мен қазақ ағайынды халық дейд,0.16666666666666666,0.027777777777777776,6
train-00000-of-00048_000620,хмхм,嗯嗯,1.0,1.0,1
train-00000-of-00048_000621,бір тоқсаныншы жылдардың қай жылдары еді санкт петербургтің үш жүз жылдығы болатын болып жас алаштан бір мақала оқығанмын,бір тоқсаныншы жылдардың қай жылдар рет сант петербургтың үші жылдығы болатын боп жасалаштан бір мақала оқағам,0.5555555555555556,0.14049586776859505,18
train-00000-of-00048_000622,мынау қайдан бір музыкант,ноғайдың бір музыкант,0.5,0.32,4
train-00000-of-00048_000623,профессор алматыға қазақстанға келіпті не үшін келді десе,профессор алматыға қазақстанға кепті не үшін келді десе,0.125,0.03508771929824561,8
train-00000-of-00048_000624,санкт петербургтің 300 жылдығына арналған,сан петербургтың үшжз жылдығына арналған,0.6,0.17073170731707318,5
train-00000-of-00048_000625,халық ұлттардың қойылымдары болады концерттері болады біз де бір үлкен оркестр жасадық,халық ұлттардың қойылымдары болады концерттері болады біз де бір үлкен оркестр жасадық,0.0,0.0,12
train-00000-of-00048_000626,қобызда ойнау дәстүрін жоғалтыватқыз дейді,қобызда ойнау дәстүрін жоғалтылаппыз дейд,0.4,0.09523809523809523,5
train-00000-of-00048_000627,соны бізге 3 4 айға келіп осында үйреніп кеткен,соны бізге үш төрт айға келіп осында йүленіп кеткен,0.3333333333333333,0.19148936170212766,9
train-00000-of-00048_000628,көрдіңіз бе,كۆردۈڭىزبا,1.0,1.0,2
train-00000-of-00048_000629,осы ке,四,1.0,1.0,2
train-00000-of-00048_000630,қана түркілердің мәдениеті неге ортақ жан жақты шыққан жері бір,түркілердің мәдениеті неге ортақ жан жақта шыққан жері бір,0.2,0.09523809523809523,10
train-00000-of-00048_000631,хмхмхм,嗯嗯嗯嗯,1.0,1.0,1
train-00000-of-00048_000632,жан жаққа тарайды ғой жан жаққа бірақ,janjaqقa tarayدi غoy жanjaqقa biraq,1.0,0.8648648648648649,7
train-00000-of-00048_000633,ортақ мәдениетті сақтап қалған,ортақ мәдениеті сақтап қалғаны,0.5,0.06666666666666667,4
train-00000-of-00048_000634,мүмүм,嗯嗯,1.0,1.0,1
train-00000-of-00048_000635,ал жалпы көшпенділердің мына,ал жалпы көшпенділердің,0.25,0.17857142857142858,4
train-00000-of-00048_000636,қазақтардың,ذقتd,1.0,1.0,1
train-00000-of-00048_000637,этникалық процестері мына біздің антрополог ақсақалымыз,этникалық процесстері мына біздің антрополога ақсақалыбыз,0.5,0.05454545454545454,6
train-00000-of-00048_000638,исмағулов оразах смағулович,ismaguloվ orazaق ismagul,1.0,0.9259259259259259,3
train-00000-of-00048_000639,45 ғасыр болды дейді қазақ халқын қалыптаса бастаған,қырық бес ғасыр болып тет қазақ халқының қалыптаса бастаған,0.625,0.3269230769230769,8
train-00000-of-00048_000640,сол ана қола дәуіріне кетеді,сол ана қола дәуіріне кетіп,0.2,0.10714285714285714,5
train-00000-of-00048_000641,ботай мәдениетіне барып тіреледі салт атты мәдениеттің пайда болуы,ботай мәдениетіне барып тірелет сал татты мәдениеттің пайда болуы,0.3333333333333333,0.06060606060606061,9
train-00000-of-00048_000642,неге сол кезде өйткені сол заманда,неге сол кезде өйткені сол заманда,0.0,0.0,6
train-00000-of-00048_000643,ортақ шаруашылық мәдени тип қалыптасады бәрі бірдей киім асынған бірдей бір тілде сөйлеген дүниетанымы бір қару жарағы бірдей ішетін асы бірдей болғандықтан ғасырлар өткеннен кейін бір ерекшеліктерменен,ортақ шаруашылық мәдени тип қалыптасады бәрі бірдей киім асынған бірдей бір тілде сөйлеген дүние танымы бір қару жарағы бірдей шетін асы бірдей болғандықтан ғасырлар өткеннен кейін бір ерекшеліктер менен,0.18518518518518517,0.01485148514851485,27
train-00000-of-00048_000644,бірақ көп,mrak كoب,1.0,0.8888888888888888,2
train-00000-of-00048_000645,ажырасқан жоқ,aرراسقان جوق,1.0,0.9230769230769231,2
train-00000-of-00048_000646,бір қалыпты бір,бір ғалыпты бі,0.6666666666666666,0.13333333333333333,3
train-00000-of-00048_000647,тағысын тағы ел,тағысың тағы,0.6666666666666666,0.26666666666666666,3
train-00000-of-00048_000648,мысалдар бар ма мына новый дәуірі,мысалдар бар ма мына ноғай дәуірі,0.16666666666666666,0.06060606060606061,6
train-00000-of-00048_000649,алтын орданың ыдырау дәуірі ғой алтын орда ыдырау дәуірінде,алтын орданң ыдырау дәуірі ғой алтын орда ыдырау дәуірінде,0.1111111111111111,0.01694915254237288,9
train-00000-of-00048_000650,чингизиттік идеология құлдырайды,жеңгезеттік идеология құлдырайды,0.3333333333333333,0.15625,3
train-00000-of-00048_000651,чингизизм идеологиясы бұрын алтын ұрық,сингизизм идеологиясы бұрын алтын ұрық,0.2,0.02631578947368421,5
train-00000-of-00048_000652,бүкіл мемлекеттегі,бүкіл мемлекеттегі,0.0,0.0,2
train-00000-of-00048_000653,мал мүлік солардың меншігінде,мал мүлік солардың меншігінде,0.0,0.0,4
train-00000-of-00048_000654,солар жаңағындай енді,solar caدe yinدi,1.0,0.9523809523809523,3
train-00000-of-00048_000655,мемлекет басында тек шыңғыстың ұрпақтары тұру керек деген әңгіме болды,мемлекет басында тек шыңғыстың ұрпақтары тұру керек деген әңгіме болды,0.0,0.0,10
train-00000-of-00048_000656,жаңағы бердібегіңіз бар ғой,жән берді бегіңіз бар ғой,0.75,0.2222222222222222,4
train-00000-of-00048_000657,нар мойыны бердібек те кесілді деген сөз,нарым оюна берді бекте кесідесез,1.0,0.4,7
train-00000-of-00048_000658,неге,你个,1.0,1.0,1
train-00000-of-00048_000659,батыйдың ұрпағы соған кеп тірелгенде тоқтап қалады,батидың ұрпағы соған кеп тірелгенде тоқтап қалады,0.14285714285714285,0.04,7
train-00000-of-00048_000660,бұл өзінің тағын,бұл өзінің тағын,0.0,0.0,3
train-00000-of-00048_000661,ағайын туысқандарынан қызғанып айналадағы бүкіл туыстарын өлтіріп тастайды ғой,ағайын туысқандарынан қызғанып айналадаы бүгіл туыстарын өлтіріп ұстайды ғой,0.3333333333333333,0.05128205128205128,9
train-00000-of-00048_000662,бесіктегі балаға дейін,پسک تیک بلغہدین,1.0,0.9545454545454546,3
train-00000-of-00048_000663,мүмкін,嗯嗯,1.0,1.0,1
train-00000-of-00048_000664,ал енді өзінің жасы кеп қалған кезде,ал енді өзінің жасы кеп қыған кезде,0.14285714285714285,0.05555555555555555,7
train-00000-of-00048_000665,ұрпақ жоқ,وربرجو,1.0,1.0,2
train-00000-of-00048_000666,қалмаған,قالماغان,1.0,1.0,1
train-00000-of-00048_000667,ал осындай дүниелер көп жерлерде болып отырды,ал осындай дүниелер көп жерлер де болып отырды,0.2857142857142857,0.022222222222222223,7
train-00000-of-00048_000668,жергілікті билеуші,жергілікті билеуші,0.0,0.0,2
train-00000-of-00048_000669,тайпалардың басшылары билікті өз қолына ала бастады,тайпалардың басшылары билікті өз қолына ала бастады,0.0,0.0,7
train-00000-of-00048_000670,шыңғыс тұқымдарын әлгі қуыршақ ретінде пайдалана бастады сондай міне,шынғыз тұқымдарын әлгі қушақ ретінде пайдалана бастады сондай міне,0.2222222222222222,0.058823529411764705,9
train-00000-of-00048_000671,ноғай ордасы да сондай ноғай,ноғай ордасыда сондай ноғай,0.4,0.03571428571428571,5
train-00000-of-00048_000672,өзінің атынан өзі патша бола алмайды бірақ өзінің атынан,өзінің атынан өз патша боламайд бірақ өзінің атынан,0.3333333333333333,0.08928571428571429,9
train-00000-of-00048_000673,едігелер мысалы,едікелер мысал,1.0,0.13333333333333333,2
train-00000-of-00048_000674,билік тұстайды,بيدكتي,1.0,1.0,2
train-00000-of-00048_000675,мына жетісуда қолатшы дулат тайпасының билеушісі,мына жеті суда қолатшы долат тайпасының билеушісі,0.5,0.041666666666666664,6
train-00000-of-00048_000676,өзі жетісуда моғолстан мемлекетін құрған кезде ол да қуыршақ хандарды пайдаланады былайша айтқан солардың мемлекеттерінде,өзі жетісуда мағолыстан мемлекетін құрған кезде ол да қуыршақ хандарды пайдаланады былайша айтқан солардың мемлекеттерінде,0.06666666666666667,0.01652892561983471,15
train-00000-of-00048_000677,и делу вес,идеалогеs,1.0,0.6,3
train-00000-of-00048_000678,күзеліске ұшырайды,кизилстюсре,1.0,0.7222222222222222,2
train-00000-of-00048_000679,жергілікті тайпалар көтеріледі,жергілікті тайпалар көтерілеп,0.3333333333333333,0.06666666666666667,3
train-00000-of-00048_000680,ал сол,الصل,1.0,1.0,2
train-00000-of-00048_000681,шыңғыс тұқымдары кімде сақталып қалды,шынғыз тұқымдар кімде сақталып қалды,0.4,0.08108108108108109,5
train-00000-of-00048_000682,ақордада сақталып қалды міне,ағорда да сақталып қалдым ме,1.0,0.17857142857142858,4
train-00000-of-00048_000683,бөкейханов бекер айтпайды,лукйханов бекер айтпайт,0.6666666666666666,0.2,3
train-00000-of-00048_000684,біз дейді біз дегені шыңғыс тұқымдары қазақ халқына борыштармыз деп жай айтқан жоқ сондай сөз бар міне сол соларда сақталып қалып отыр мәселе қайда,бізбіздегені шынғыз тұқымдар қазақ халқына борыштарыңыз деп жай айтқан жоқ сондай сөз бар міне соларда сақталып қалып отыр мәселеқайда,0.4166666666666667,0.12244897959183673,24
train-00000-of-00048_000685,ал я думал,hlt,1.0,1.0,3
train-00000-of-00048_000686,шыңғыс тұқымдары дәстүр бойынша сол мемлекеттіліктің,шынғыз тұқымдары дәстүр бойынша сол мемлекеттіліктің,0.16666666666666666,0.038461538461538464,6
train-00000-of-00048_000687,бір шыңғыс тұқымының айналасында,бір чынғыз тұқымның айналасында,0.5,0.125,4
train-00000-of-00048_000688,ұлттың халықтың ұюы ол заңды процесс,ұлттың халықтың ұюы ол заңды процесс,0.0,0.0,6
train-00000-of-00048_000689,хмхмхм,,1.0,1.0,1
train-00000-of-00048_000690,ал мына,همنا,1.0,1.0,2
train-00000-of-00048_000691,сондықтан да көп жағдайда көрші елдерге төтеп бере алғандығы сол қазақ халқының жойылып кетпей еріп кетпей еш жерде әрине ол кезеңде де хандар талай шайқасқа өзінің басын тағдырын тіккен қазақ хандығы үшін бір қазақ хандығының уақытша әлсірейтін кезі,сондықтан да көп жағдайда көрші елдерге төтеп бере алғандығы сол қазақ халқының жойылып кетпей иріп кетпей істерде әрине ол кезеңде де хандары қалай сайқасқа өзінің басын тағдырын тіккен қазақхандығ үшін бір қасымханнан кейінгі бір кезең бар қазақхандығының уақытша әлсіреейтін кезі,0.39473684210526316,0.18,38
train-00000-of-00048_000692,сол кезде мысалы тоғым хандар бір билік бірнеше хан болған соның ішінде тоғым хан шығыс түркістанның билеушілерімен соғысып жатқанда,сол кезде мысал тоғымхандары бір билік бірнеше хан болған соның ішінде тоғымхан шығыс түркістандың билеушілерінен соғысып жатқанда,0.3684210526315789,0.045454545454545456,19
train-00000-of-00048_000693,өзі 9 баласыменен,өзі тоғыз баласы менен,1.0,0.35294117647058826,3
train-00000-of-00048_000694,шәйіт болатын,شەھت بولۇت,1.0,0.9230769230769231,2
train-00000-of-00048_000695,сол жерде мұхаммед хайдар дулати жазады,сол жерде мұхаммед хайдардыулати жазат,0.5,0.10256410256410256,6
train-00000-of-00048_000696,соғым ханнан кейін сұлтандардың,тоғымханнан кейін султандардың,0.75,0.0967741935483871,4
train-00000-of-00048_000697,жалаулары да қалмапты бәрі,چالاولاردا قالماپتا بەر,1.0,0.9230769230769231,4
train-00000-of-00048_000698,олжа болып кеткен деп,ئوл جابوپ كېتكеن دеپ,1.0,0.7619047619047619,4
train-00000-of-00048_000699,иә осындай қиын жағдайлар бар бұл жерде тағы ал енді мына олардың сақталмауы,не осындай қиын жағдайлар бар б жерде ғал енді мына олардың сақталмайы ғо,0.46153846153846156,0.15789473684210525,13
train-00000-of-00048_000700,россия империясы сол баяғы шауып өтті ғой,рәссей империясы сол баяғы шауып өтті ғой,0.14285714285714285,0.07317073170731707,7
train-00000-of-00048_000701,россия империясының өзі ол бөтен адам емес ол да алтын орданың мұрагері,россей империясының өзі ол бөтен адам емесол да алтын орынданы ңыраері,0.4166666666666667,0.1267605633802817,12
train-00000-of-00048_000702,сондықтан аналар соншама бір,soندanola سonشمa بrl,1.0,0.9285714285714286,4
train-00000-of-00048_000703,тікелей байланыс бар бұрын шыңғыс ұрпақтары ақсүйек,келей байланыспан бұрына шынғыз ұрпақтар ақсүйек,0.8571428571428571,0.17647058823529413,7
train-00000-of-00048_000704,сұлтандар ақсүйек ақсүйектерден ғана жаңағыдай сұлтандардың ішінен ғана хан сайланады бірақ бара бара он сегізінші ғасырда уже мына ресей өкіметінің ықпалыменен ақсүйектің түсінігі кеңейеді,сұлтандар ақ сүйек ақ сүйектерден ғана жаңдай сұлтандардың шінен ғана хан сайланаты бірақ бара бара он сегізінші қасырда оже мына ресей үкіметінің ықпалы менен ақ сүйектің түсінігі кеңейеті,0.625,0.06878306878306878,24
train-00000-of-00048_000705,дін,دن,1.0,1.0,1
train-00000-of-00048_000706,басшылардың иелері,басшыларды ниелері,1.0,0.1111111111111111,2
train-00000-of-00048_000707,аха қожалар,қожалар,0.5,0.36363636363636365,2
train-00000-of-00048_000708,ааааа,嗯,1.0,1.0,1
train-00000-of-00048_000709,мазмундық жағына әсер етеді ме,азмұндық жағын әсер ете мі,0.8,0.2,5
train-00000-of-00048_000710,беделі бар билігі бар адамдарды енді ақсүйекке жатқыза келеді сол кезде мәселе бәрі сосын,бедел тсніпбеделі бар билігі бар адамдарды жақс екке жатқыза береді сол кезде мәселе бәрі сосын,0.35714285714285715,0.2247191011235955,14
train-00000-of-00048_000711,қожам қожам деп сөйлейді кез келген орыстың писарь офицері келсе байқайсыздар сөздерінен әлі жерде не қаратпа сөздерін маған мынандай бір мәселе,қожамы қожам деп сөйлейді кез келген орыстың писале офицері келсек байқайсыздар сөздерінен әл жерде қаратпа сөздері маға мынандай бір мәселе,0.3333333333333333,0.06944444444444445,21
train-00000-of-00048_000712,сәйгес келді,يكسكل,1.0,1.0,2
train-00000-of-00048_000713,кішігірім әңгімелер жазатынбыз баяғыда иә,ішігірім әңгімелер жазатынбыз баяғыда ә,0.4,0.04878048780487805,5
train-00000-of-00048_000714,әсіресе мына қысқа әңгімелер деген конкурс болған қазақ әдебиетіне сонда біраз әңгіме жазып,сөсемн қысқа әңгімелер деген конкурс болған қазақ әдебиетде сонда біраз әңгіме жазып,0.23076923076923078,0.0989010989010989,13
train-00000-of-00048_000715,енді қолдан келмейді емес келеді бірақ,енді қолынан келмейді емес келеді бірақ,0.16666666666666666,0.05263157894736842,6
train-00000-of-00048_000716,сапа жағы қалай болады енді мен қалай тарихты таңдадым енді жазушының үйінде білесіздер кітап,сапа жағы қалай болады енді мен қалай тарихты таңдадым енді жазусының үйінде білесіздер кітап,0.07142857142857142,0.010752688172043012,14
train-00000-of-00048_000717,бір қабырға кітап тұрады сені,بىر قابىرغا كىتاپ تۇرات سېدى,1.0,0.8620689655172413,5
train-00000-of-00048_000718,сол ес білгелі,сол ес білгелі,0.0,0.0,3
train-00000-of-00048_000719,ең ауыр жуан кітаптар астында тұрады ғой,ең ауыр жуған кітаптары асты да тұрады ғо,0.7142857142857143,0.1,7
train-00000-of-00048_000720,сонда ең ауыр жуған кітаптар қазақ советі энциклопедиясы,сондағы ең ауыр жуан кітаптар қазақ совет энциклопедиясы,0.375,0.07142857142857142,8
train-00000-of-00048_000721,иә бірінші тұрат,بىرىنشى ترەت,1.0,0.9375,3
train-00000-of-00048_000722,әрең алып шығасың,arي apشas,1.0,0.9411764705882353,3
train-00000-of-00048_000723,форумдар әлгі адамның денелері жатқан,орымдар әлгі адаа денелері жатқан,0.4,0.16216216216216217,5
train-00000-of-00048_000724,соған қызыға бастады мен басында археолог боламын дегенмін,соған қызыға бастады мен басында археолог боламы дедім,0.25,0.10344827586206896,8
train-00000-of-00048_000725,иә содан енді тарихи,yes daطaريخين,1.0,0.95,4
train-00000-of-00048_000726,тарих факультетіне түскеннен кейін,tariky faculte ne totsiknengeny,1.0,0.9705882352941176,4
train-00000-of-00048_000727,енді ес білдік кішкене мына,енді еспіліп кішкене мна,0.6,0.18518518518518517,5
train-00000-of-00048_000728,қазақстан тарихына ауып кетті,قازخستان تاريخنا اوبك,1.0,0.9310344827586207,4
train-00000-of-00048_000729,мен,嗯,1.0,1.0,1
train-00000-of-00048_000730,біз енді тоқсаныншы жылы аяқтадық қой,сен тоқсаныншы жыл аяқтадық қой,0.5,0.1891891891891892,6
train-00000-of-00048_000731,оған дейін міне әкеміз біраз материал жинап,оған дейін м әкеміз біраз материал жинап,0.14285714285714285,0.06976744186046512,7
train-00000-of-00048_000732,қазақ қытайға роман ғой,қазақ қытайқарын қа,0.75,0.34782608695652173,4
train-00000-of-00048_000733,әкеміз ол кезде,haكemiزolgezدe,1.0,1.0,3
train-00000-of-00048_000734,тағдыр деген тағдыр тағдыр иә тағдырды жазып жатқан,тағдыр дегентағдыр тағдыр тағдыры жазып жатқан,0.5,0.09803921568627451,8
train-00000-of-00048_000735,цифр,接死,1.0,1.0,1
train-00000-of-00048_000736,арасында соған байланысты мақалалар шығып қояды газет беттерінде оны оқимыз,арасында соған байланысты мақалалар шығып қоят газет беттерінде он оқимыз,0.2,0.04,10
train-00000-of-00048_000737,сосын диплом қорғайтын кезде,сосын диплом қорғайтын кезде,0.0,0.0,4
train-00000-of-00048_000738,тарасам,پرسم,1.0,1.0,1
train-00000-of-00048_000739,тағдыр жазады,حدر ت,1.0,0.9230769230769231,2
train-00000-of-00048_000740,хмхм,,1.0,1.0,1
train-00000-of-00048_000741,қазақ қытай,قaزاق قiتاي,1.0,0.9090909090909091,2
train-00000-of-00048_000742,цинь империясының арасында қарым қатынастардың,цин империясының арасында қарым қатынастардың,0.2,0.021739130434782608,5
train-00000-of-00048_000743,ектом,يكتم,1.0,1.0,1
train-00000-of-00048_000744,хафизаның шығарған,خەفىزانىڭ چىغارغان,1.0,0.9444444444444444,2
train-00000-of-00048_000745,документтер жинағы бар екен оны келіп ақтарамын ішінде бір қызық мәліметтер табылады,документтер жинағы бар екен оны кеп ақтарам ішінде бір қызық мәліметтер табылады,0.16666666666666666,0.047619047619047616,12
train-00000-of-00048_000746,қытайдың қазақстанға қалай жорық жасағаны,қытайдың қазақстанға қалай жорқ жасағаны,0.2,0.024390243902439025,5
train-00000-of-00048_000747,абылайлар қалай төтеп бергені,аблайлар қалай төтеп бергени,0.5,0.06896551724137931,4
train-00000-of-00048_000748,олардың хаттары бір бірімен,олардың хаттары бір мілмен,0.25,0.1111111111111111,4
train-00000-of-00048_000749,алф,,1.0,1.0,1
train-00000-of-00048_000750,шын та көмектес,شتمت,1.0,1.0,3
train-00000-of-00048_000751,сен диплом алдың ба жоқ әлі десең міне,сен диплома алдың ба жоқ әлі десім міне,0.25,0.07894736842105263,8
train-00000-of-00048_000752,қазақты дайындым,かsっt,1.0,1.0,2
train-00000-of-00048_000753,басқа тұрған жоқпын соны алдың ал енді,басқа тұрған жы сон алды ал енді,0.42857142857142855,0.15789473684210525,7
train-00000-of-00048_000754,зерттелмеген дүние болатын иә вот құдайға шүкір сол кезде хафизаның екі томдық деректер жинағы шықты сонымен әйтеуір,сеттелмеген дүние болатын иә құдайға ішкер сол кезде хафизаның екі томдық делектері жинағы шықты сонымен әйтер,0.29411764705882354,0.11206896551724138,17
train-00000-of-00048_000755,аха,啊好,1.0,1.0,1
train-00000-of-00048_000756,бір жыл оң жолымызды танып шоқан уәлиханов атындағы тарих және этнология институтында істегенмін,бір жыл ес оңсолымызды танып шоқан уәлиханов атындағы тарих және этнология институтында істегем,0.23076923076923078,0.08333333333333333,13
train-00000-of-00048_000757,кірдім лаборант болып,كىردىم لابارانت بوپ,1.0,0.9047619047619048,3
train-00000-of-00048_000758,ол кезде қандай адамдар тұлғалар отырды,ол кезде қандай адамдар туғалар отырды,0.16666666666666666,0.05128205128205128,6
train-00000-of-00048_000759,марат сабитович мұқанов,مرات سبیتش مقانس,1.0,0.9130434782608695,3
train-00000-of-00048_000760,халел арғымбаев тағы басқа енді манаш ағаларымыздың тірі кезі көп корифейлер тарихтың жаңағы белді белді ғалымдар солардың қасында жүрудің өзі қандай,колеларғынбав тағы басқа ні манаш ағаларымыздың тірі кезі көп корефелер тарихтың жаңағы белді белді ғалымдары солардың қасында жүрудің өзі қандай,0.23809523809523808,0.06711409395973154,21
train-00000-of-00048_000761,сол бір күні,сo бір күні,0.3333333333333333,0.16666666666666666,3
train-00000-of-00048_000762,тақырып таңдау керек болды оған дейін біраз экспедицияларға барып қайттық,тақырып таңдау керек болд оған дейін біраз экспедицияларға барып қайтты,0.2,0.0273972602739726,10
train-00000-of-00048_000763,этно,تنا,1.0,1.0,1
train-00000-of-00048_000764,әлеуметтік,ئەلىمېتتىك,1.0,1.0,1
train-00000-of-00048_000765,зерттеулер,зет теулер,2.0,0.2,1
train-00000-of-00048_000766,осындай бір тақырып ұсынып отыр,وسىندا بىر تاقىرى سنى وتر,1.0,0.8709677419354839,5
train-00000-of-00048_000767,түнгі,تنگ,1.0,1.0,1
train-00000-of-00048_000768,мәселелермен байланысты,مسىللیرمن بادانست,1.0,0.9565217391304348,2
train-00000-of-00048_000769,қаратты,他نった,1.0,1.0,1
train-00000-of-00048_000770,бұл уақыт жақта,وaقچhaتaq,1.0,1.0,3
train-00000-of-00048_000771,сен неге қазақтардың,сінеге қазақтардың,0.6666666666666666,0.15,3
train-00000-of-00048_000772,әскерисін алмайсың деді,әскересін алмайсың де,0.6666666666666666,0.13043478260869565,3
train-00000-of-00048_000773,мүмүм,嗯嗯,1.0,1.0,1
train-00000-of-00048_000774,енді былай біліп жүрміз ғой зерттеп,мен былай біліп жүріңіз ғой зерте,0.5,0.2,6
train-00000-of-00048_000775,жарайды алайын деп сөйтсем,جر داлاندمسوچم,1.0,0.9615384615384616,4
train-00000-of-00048_000776,бұл мен тоқсан екінші тоқсан үшінші жылдары қабанбайда жазып жатқан кез екен ғой,бұл мен тоқсан екінші тоқсан үшінші жылдары қабанбайда жазып жатқан кез екен бо,0.07692307692307693,0.025,13
train-00000-of-00048_000777,сол шайқастардың ішінде жүріп жаңағындай хан кенесін деп отырады,с шайқастардың ішінде жүр жаңдай хан кенесіндеп отыраты,0.6666666666666666,0.15625,9
train-00000-of-00048_000778,қалекеңмен де жеңілдес болып жүреді жаңағыдай,қабиэкең мене жеңілес боп жүреді жары,0.8333333333333334,0.3333333333333333,6
train-00000-of-00048_000779,қиялды,кыялында,1.0,0.8333333333333334,1
train-00000-of-00048_000780,шыңыздар соны,b 说n,1.0,0.9230769230769231,2
train-00000-of-00048_000781,алдық әйтеуір түбі қорғап шықтық,алдық әйте түбі қорғап шықты,0.4,0.125,5
train-00000-of-00048_000782,менде,مند,1.0,1.0,1
train-00000-of-00048_000783,сыбыр,ر,1.0,1.0,1
train-00000-of-00048_000784,кейде тарихшылардың мына дерегі жетпей жатыр,сейдеп тарихшылардың мндерегі жетпей жатыр,0.5,0.11363636363636363,6
train-00000-of-00048_000785,сонда жазушылардың міне миссиясы қандай,сонда жазушылардың міне миссиясы қандай,0.0,0.0,5
train-00000-of-00048_000786,сол дерегі жетпеген,сол дерегі жетпеген,0.0,0.0,3
train-00000-of-00048_000787,ақтаңдап болып тұрған жерлерде бұлар,ақтаңдап боп тұрған жерлерді былар,0.6,0.1111111111111111,5
train-00000-of-00048_000788,халық ауыз әдебиетіндегі мәселелермен тарихи жыраулардағы мәселенің қисынымен осылай болуы керек дейді,халық ауыз әдебиетіндегі мәселелермен тарихи жираулардағы мәселемен қисынмен осылай болуы керек дейді,0.25,0.049019607843137254,12
train-00000-of-00048_000789,оны мен көрдім кезінде мына,оны мен көрдім кезінде мына,0.0,0.0,5
train-00000-of-00048_000790,әкеміз тарихи жырларды біраз оқыды ғой әсіресе мына дарабозды жазатын кезде,әкеміз тарихи жырларды біраз оқыды ғой әсіресе мына дарабозды жазатын кезде,0.0,0.0,11
train-00000-of-00048_000791,көп жерлерде мына кітапты аяқтағанда,көп жерлерде мына кітапты аяқтағанда,0.0,0.0,5
train-00000-of-00048_000792,отыратын ойладым,mtraكkl,1.0,1.0,2
train-00000-of-00048_000793,аванбай,اومبي,1.0,1.0,1
train-00000-of-00048_000794,немен ауруы мүмкін,неменаур мүмкін,0.6666666666666666,0.16666666666666666,3
train-00000-of-00048_000795,сол кездегі енді ауырып жатып қалады ғой,сол кездеке енді ауырып жатып қалады ғой,0.14285714285714285,0.05,7
train-00000-of-00048_000796,аха,嗯嗯,1.0,1.0,1
train-00000-of-00048_000797,өмірінің ақырында,өмірінің ақырында,0.0,0.0,2
train-00000-of-00048_000798,тисынменен,pismеnеn,1.0,0.8,1
train-00000-of-00048_000799,мұз жастанып қар жамылған адам немен ауруы мүмкін бүйрек қуық деген сияқты үлкен ақсақалдардың ауруы,мұз жастанып қар жамылған адам неменің ауруы мүмкін бүйде қуық деген сияқты үлкен ақсақалдардың ауруы,0.13333333333333333,0.04,15
train-00000-of-00048_000800,сөйтіп келтіргенде кемпір жырлардан шығыпты сол мәселе мәселе қайда көрдіңіздер ме,жүйтіп келтіргенде кейін бір жырлардан шығыпты сол мәселе мәселе қайда көрдіңіздер ме,0.2727272727272727,0.08536585365853659,11
train-00000-of-00048_000801,жүк түскен ғой сонда жүк түскен,جっتسكごs,1.0,1.0,6
train-00000-of-00048_000802,жаңа айттық қой,janaytukun,1.0,1.0,3
train-00000-of-00048_000803,адамның,ادامنىڭ,1.0,1.0,1
train-00000-of-00048_000804,ұлттық санасын көкірегін оятатын осы 2 нәрсе,ұлттық санасын көкірегін оятатын осы екі нәрсе,0.14285714285714285,0.06818181818181818,7
train-00000-of-00048_000805,тарихпенен,تاریخ پېنین,2.0,1.1,1
train-00000-of-00048_000806,әдебиет,أدي بيت,2.0,1.0,1
train-00000-of-00048_000807,қалған пәндерге ештеңе демеймін,қалған пәндерге іштеңке демейм,0.5,0.12903225806451613,4
train-00000-of-00048_000808,сол бірақ сауаттылық,ол бірақ сауаттолы,0.6666666666666666,0.15,3
train-00000-of-00048_000809,компьютер,كمبيوتر,1.0,1.0,1
train-00000-of-00048_000810,білген адам,билген адам,0.5,0.09090909090909091,2
train-00000-of-00048_000811,ол сауатты адам болып саналады,ол саۋатта адам бوпсанала,0.6,0.26666666666666666,5
train-00000-of-00048_000812,математиканың формуласын білетін адам сауатты адам болып саналады,математиканың формуласын білетін адам сауатты адам болып саналадын,0.125,0.015384615384615385,8
train-00000-of-00048_000813,грамотность дейді ғой сауаттылық,грамотности двосовот,1.0,0.53125,4
train-00000-of-00048_000814,ал баяғыда оқыған азамат көзі ашық азамат көкірегі бояу азамат деп кімдерді айтатын сол тарих пеннен әдебиетті білетін адамдарды айтатын,ал баяғыда оқыған азамат көз ашық азамат көкірегі ояу азамат деп кімдерді айтатын сол тарихпенен әдебиетті білетін адамдарды айтаты,0.25,0.03676470588235294,20
train-00000-of-00048_000815,ұлттық рухты міне оятатын солар әкемнің бір сөзі болатын ана алғашқы рухани жаңғыру бағдарламасы бойынша іс шаралар іске асып жатқанда бір ақ сөз айтқан рухани жаңғыру кітап оқудан басталу керек деп,ұлттық рухты оятатын солар әкемнің бір сөзі болатын ан алғашқы рухани жаңғыру бағдарламасы бойынша сшаралар іске ясып жатқанда бірақ сөз айтқан рухани жаңғыру кітап оқудан басталуы керек деп,0.25806451612903225,0.05555555555555555,31
train-00000-of-00048_000816,сонда міне жиырмасыншы жылы есімде болса жиырмасыншы қазанда,сонда міне жиырмасыншы жылы есімдеу болса жиырмасыншы қазанда,0.125,0.016666666666666666,8
train-00000-of-00048_000817,қасым жомарт кемелұлы тоқаев,қасым жомарт кемеліл тоқаев,0.25,0.07142857142857142,4
train-00000-of-00048_000818,біз жаңалықтарда осы ұсынысты айтты ғой,бір жаңалықта да осы ұсынысты айтты ғой,0.5,0.05128205128205128,6
train-00000-of-00048_000819,мектеп бағдарламасына кітап оқуды қайтару керек дейді мектепке кітап оқу бағдарламасын қайтару керек кітап оқу деген не ол адамның ой санасының кеңеюі,мектеп бағдарламасына кітап оқуды қайтару керек мектепке кітап оқу бағдарламасын қайтару кереккітап оқу дегенне ол адамның ой санасының кеңеуі,0.2727272727272727,0.06,22
train-00000-of-00048_000820,тіл мына қазір мен сабақ беріп жүрмін ғой қасымда тұрған студентті естімей қаламын кейде жалпылама солай,тіл мына қазір мен сабақ беріп жүрмін ғой қасымда тұрған студентті естімей қалам кейдер жалпылама солай,0.125,0.028846153846153848,16
train-00000-of-00048_000821,мына тик токтың заманы телефонға үңіліп,мына тиктоктың заманы телефонға өңіліп,0.5,0.05128205128205128,6
train-00000-of-00048_000822,дауыстан шықпайды екен,дауыстар шықпайды екен,0.3333333333333333,0.045454545454545456,3
train-00000-of-00048_000823,сендер мынаны естіп отырсыңдар ма деймін жоқ дейді,сендерді аны эсті отырсыңдарма дем жоке,1.0,0.32,8
train-00000-of-00048_000824,айналайын дауысыңды шығаршы дауыстары шықпайды үндеместердің заманы соған келді мен оларға не міндетті түрде кітап оқытатын тапсырма беріп қоямын соның ішінде маған жазбаша жібересің жазбашасы бар ауызшасы бар,айналайын даусың шығар дауыстар шықпай үндеместердің заманы соған келді мен оларға міндетті түрде кітап оқытатын тапсырма беріп қоямын соның ішінде маған жзбаша жіберс жазбашасы бар ауысшасы бар,0.2857142857142857,0.07655502392344497,28
train-00000-of-00048_000825,әр оқыған кітабыңнан үш үзінді эпизод дейді ғой өзіңе ұнаған дауыстап мәнерлеп оқып бер,әр оққан кітабыңнан үш үзінді эпизод дейді ғой өзіңе онаған дауыстап мәнерлеп оқып бер,0.14285714285714285,0.034482758620689655,14
train-00000-of-00048_000826,тарихқа ол не үшін қатысы бар,тарихқа ол не үшін қатыс бар,0.16666666666666666,0.034482758620689655,6
train-00000-of-00048_000827,өзіне ұнаған эпизод өзінің көңілінде дүниесінде түйсігінде қалатын нәрсе,өзіне ұнаған эпизод өзінің көңілінде дүниесінде түйшігінде қалатын нәрсе,0.1111111111111111,0.013888888888888888,9
train-00000-of-00048_000828,мәселе содан,مسلسود,1.0,1.0,2
train-00000-of-00048_000829,жазушылардың жалпы миссиясы,жазушылардың жалпы мисциясы,0.3333333333333333,0.037037037037037035,3
train-00000-of-00048_000830,қоғамды ағарту ғой,қоғамды ағарту ғой,0.0,0.0,3
train-00000-of-00048_000831,біз тарихшылар кейде бара алмаған жерлерге жазушылар барып жатады,біз тарихшылар кейде бара алмаған жерлерге жазушылар барып жатадыз,0.1111111111111111,0.015384615384615385,9
train-00000-of-00048_000832,біз аяқ баспайтын тақырыптарға кейде жазушылар барып жатады солар авангардта мұз жарғысы сияқты келе жатады ғой ал кейінгі мына тарихшыларға басқа,біз аяқ баспайтын тақырыптарға кеде жазушылар барып жатады солар авангардта мұз жарғыз сияқты келе жатады ғой ал кейінгі мына тарихшыларға басқа,0.09523809523809523,0.02054794520547945,21
train-00000-of-00048_000833,қоғамдық ғылымдар өкілдеріне ой салатын дүниелер қалдырып кететін,қоғамдық ғылымдар өкілдеріне ой салатын дүниелер қалдырып кететіл,0.125,0.015384615384615385,8
train-00000-of-00048_000834,енді социализм жалпы тарихта емес бүкіл мәдени өмірге ғылыми өмірге салаға кері әсерін тигізді,енді соц реализм жалпы тарихқа емес бүкіл мәдени өмірге ғылыми өмірге салаға кер әсерін тигізді,0.2857142857142857,0.05319148936170213,14
train-00000-of-00048_000835,бір абай жолын алып қарайықшы,бір абай жолын алқареқش,0.4,0.27586206896551724,5
train-00000-of-00048_000836,ол талай рет талданған дүние талданған дүние абай жолы шықпайтын еді егер сол жерге социалистік реализм элементтерін қоспаса құнанбайды жаңағыдай озбыр феодал ретінде көрсетпесе,ол талай рет талданған дүнабай жол шықпайтын еді егер сол жерге социалистік реализм элементтерін қоспаса құнанбайды жаңадай оз бір феодал ретінде көрсетпесе,0.3333333333333333,0.13559322033898305,24
train-00000-of-00048_000837,ана янушкевичтер айтады ғой ана антикалық,наянушкеисері айтады ғой ана антикалық,0.3333333333333333,0.14634146341463414,6
train-00000-of-00048_000838,философтар ойшылдар құнанбайдың бәтеңкесінің бауын байлауға жарамайды деп сондай баға берген құнанбайдың өзі,философтар ойшылдар құнанбайдың бәтенкесінің бауын байлауға жарамайды деп сондай баға берген құнанбайдың өзі,0.07692307692307693,0.009259259259259259,13
train-00000-of-00048_000839,өскенбайұлына,eskim bajolna,2.0,1.0,1
train-00000-of-00048_000840,ал енді оны социалистік реализмге икем деуге тура келді ал енді ғылымда социалистік реализм дегенде,ал енді оны социалистік реализмге екемдеуге тура келді ал енді ғылымда социалистік реализм дегенде,0.13333333333333333,0.020202020202020204,15
train-00000-of-00048_000841,а сосиси тарих,اسیسہ تاریخ,1.0,0.9285714285714286,3
train-00000-of-00048_000842,қоғамдық билікте қоғамдық ғылымдағы социалисттік,қоғамдық билікте қоғамдық ғылымдағы социалистік,0.2,0.020833333333333332,5
train-00000-of-00048_000843,бәрін міне тап күресі тұрғысынан көрсету,бәрін міне тап күресі тұрғысынан көрсету,0.0,0.0,6
train-00000-of-00048_000844,қазақ халқы,قزاق خلق,1.0,0.9090909090909091,2
train-00000-of-00048_000845,өз жаңағыдай үстем тап өкілдерінен,өз жадай үсжемтаб өкілдерінен,0.6,0.20588235294117646,5
train-00000-of-00048_000846,таяқ жеп қанауға ұшырап,таяқ жеп қанауға ұшырап,0.0,0.0,4
train-00000-of-00048_000847,ол ресейге қолын созды деген сияқты сондай нәрселерге жаңағындай,бұл рәсейге қолын созды деген сияқты сондай нәрселерге жаңдай,0.3333333333333333,0.109375,9
train-00000-of-00048_000848,негіздеу үшін керек болды,негіздеу үшін керек болжас,0.25,0.12,4
train-00000-of-00048_000849,өз еркімен келді деген концепция қайдан шығады иә социалистік реализм бәрін бүкіл,өз еркімен келді деген концепция қайдан шығады я социалистік реализм бәрін бүкіл,0.08333333333333333,0.024691358024691357,12
train-00000-of-00048_000850,дүниетанымды бір нәрсе арқылы дәлелдеу,дүние танымды бір нәрсе арқылы дәлелдеу,0.4,0.02631578947368421,5
train-00000-of-00048_000851,байлар жаман,بایلر زaمان,1.0,0.9166666666666666,2
train-00000-of-00048_000852,кедейлер жақсы иә,кедейлер жақсы,0.3333333333333333,0.17647058823529413,3
train-00000-of-00048_000853,байлар жаман болатын үстем тап,байлар жаман болатын үстем тап,0.0,0.0,5
train-00000-of-00048_000854,олардың қисық әлгі саясаты қолында билік қолында билік озбырлығы озбырлық,олардың қисық әлгі саясқаотлында билік қолында билік дәулетозбырлығы озбырлық,0.3,0.1643835616438356,10
train-00000-of-00048_000855,мысалы бір ауылда отыр иә 50 үй,мысал бір ауылда отыр я елуй,0.5714285714285714,0.22580645161290322,7
train-00000-of-00048_000856,солар кімдер туыстар ғой а мына қазақтың ауылы бәрі жеті атасына дейін бөлінбеген туыстары,солар кімдер туыстар ғой амынай қазақтың аулы бәрі жет атасына бөлінбеген туыстары,0.35714285714285715,0.1111111111111111,14
train-00000-of-00048_000857,қалайша сен өз ағайыңды бауырыңды аштан қатырасың,қалайша сен өз ағайыңды бауырыңды аштан қатырасың,0.0,0.0,7
train-00000-of-00048_000858,сенің аулыңда бір бауырың аштан қатты деген соң бітті абыройың айрандай төгіледі солай басқалардың алдында еш,сенің аулыңда бір бауырың аштан қатты деген соң бітті абыройың айрандай төгіледібасқалардың аулдында еш,0.25,0.07339449541284404,16
train-00000-of-00048_000859,мүмүм,,1.0,1.0,1
train-00000-of-00048_000860,өзің де қара бет боп жүресің,өзіңде қара бет боп жүресің,0.3333333333333333,0.03571428571428571,6
train-00000-of-00048_000861,мынандай бір мысал келтірейін,мынандай бір мысал келтірейді,0.25,0.06896551724137931,4
train-00000-of-00048_000862,бізді баяғыда тарихта оқытқан кезде оқулықта мынандай нәрсе болған,бізді баяғы да тарихта оқытқан кезде оқулықта мынандай нәрсе болған,0.2222222222222222,0.015151515151515152,9
train-00000-of-00048_000863,шыңғыс хан өз империясының өлімінің үрейменен ұстап отырды,шыңғысхан өз империясының өлімінің үрейі менен ұстап отырды,0.5,0.05172413793103448,8
train-00000-of-00048_000864,мысалы дейді де бәріміз оны оқыдық,мысалы дейтта мысаліоә,0.8333333333333334,0.6176470588235294,6
train-00000-of-00048_000865,он адам дейді он адамның біреуі опасыздық жасап кетсе бүкіл оның басы шабылады екен,он адам дейт он адамның біреу опасыздығы жасап кетсеп бүкел онның басы шабылады екен,0.42857142857142855,0.0963855421686747,14
train-00000-of-00048_000866,жүз адамның ішінде бір ондық опасыздық жасап шегініп кетсе бүкіл жүздік қырылады екен сөйтіп кете береді мыңға дейін он мыңға дейін,жүз адамның ішінде бір ондық опасыздық жасап шегініп кетсе бүгіл жүздік қырылады екен сүйтіп кете береті мыңға дейін он мыңға дейін,0.14285714285714285,0.022900763358778626,21
train-00000-of-00048_000867,әділетті ме дейді,هدلت مديت,1.0,0.9411764705882353,3
train-00000-of-00048_000868,мен кейін білдім әділетті екен,men keyin bildim adlietti ken,1.0,0.8666666666666667,5
train-00000-of-00048_000869,мына он адамыңыз кім,мына оны ада мыңыз кім,0.75,0.1,4
train-00000-of-00048_000870,бұл совет әскері емес қой 15 республикада жан жақтан келіп,бұл совет әскері емес қой он бес республикадан жанжақтан келіп,0.4,0.13793103448275862,10
train-00000-of-00048_000871,армияда қызмет етіп түнде бір бірінің тұмсығын бұзатын,әрмәді қызмет етіп түнде бір бірінің тұмсығын бұзатын,0.125,0.07407407407407407,8
train-00000-of-00048_000872,қырық қырау емес,ترقراويمس,1.0,1.0,3
train-00000-of-00048_000873,етене бір үйдің балалары,етене бір үйдің балалар,0.25,0.041666666666666664,4
train-00000-of-00048_000874,бір үйдің балалары,бір үйдің балалары,0.0,0.0,3
train-00000-of-00048_000875,әкесі ағайындар қалай біреу опасыздық жасап кетеді,әкесі ағайындар қалай біреу опасытық жасап кетеді,0.14285714285714285,0.04,7
train-00000-of-00048_000876,ондай факт орын алса,וnדy פaקטوרן אlسע,1.0,0.9,4
train-00000-of-00048_000877,ымыраға келді сөз байласты деген сөз мәселе сол 100 адамды өзі 7 атаға дейін қыз алыспайтын ағайын туыс бауыр,ымыраға келді сөз байланысты деген сөз мәселесол жүз адамды өз жет атаға дейін қыз алыспайтын ағайын туыс бауыр,0.3157894736842105,0.09174311926605505,19
train-00000-of-00048_000878,жүзін,,1.0,1.0,1
train-00000-of-00048_000879,көлеңді қалай сатып кетесің,өлеңді қалай сатып кетесін аға,0.75,0.2222222222222222,4
train-00000-of-00048_000880,бұны алғашқы айтқан әкем бірақ кейінгі кезде мына,мұны алғашқы айтқан әкем бірақ кейінгі кезде мына,0.125,0.02040816326530612,8
train-00000-of-00048_000881,қазақтың тоймен асымен алысып кеткендер көбейді өте шығын көп тағы басқа нәрсе көп бірақ жарайды ол қарапайымдау болсын бірақ ас дегеніне той дегеніне,қазақтың тойымен асымен алысып кеткендер көбейді өте шығын көп тағы басқа нәрсе көп бірақ жарайды ол қарапайымдау болсын бірақ ас дегенне той дегенне,0.13043478260869565,0.02,23
train-00000-of-00048_000882,дәм деген не мәселе қайда,دەم دېگеنن مەسلىغеدە,1.0,0.88,5
train-00000-of-00048_000883,біреу асты дәмді тойды келіп біреулер тамақ ішіп кетті деп ойлайды,біреу асты дәмді тойдып құрп келіп біреулер тамақ ішіп кетті деп ойлайды,0.18181818181818182,0.09090909090909091,11
train-00000-of-00048_000884,ол батысшылдық дүние көзқарас орысшылдық көзқарас,бұл батысжылдық дүние көзқарасы орысжылдық көзқарасы,0.8333333333333334,0.12244897959183673,6
train-00000-of-00048_000885,қазақта дастархан деген ол сенің қатынасыңды жақындат жақындастырады киелі дүние ғой киелі дүние қастерлі дүние тойдың үстінде құдалықта,қазақта дастархан деген ол сенің қатынасыңды жақындастыраты елі дүнеокиелі дүние қаштерлі дүние тойдың үстінде құдалықта,0.3888888888888889,0.1323529411764706,18
train-00000-of-00048_000886,сіз құйрық бауыр жемейінше құда құдағи атанбайсыз мәселе қайда,сіз қүйрік бауыр жемейінше құдайға атанбайсыз мәселе қайды,0.4444444444444444,0.16129032258064516,9
train-00000-of-00048_000887,кішкентай туғаннан бастап,кіشкентаي туғаннан бастап,0.3333333333333333,0.08,3
train-00000-of-00048_000888,қазақ баласын азаматын өңше міне ас той осындай дастархан,қазақ баласын азаматын өңінше мне ас той осындай бастарқан,0.3333333333333333,0.08771929824561403,9
train-00000-of-00048_000889,бірге жүріп келе жатады бесікке бөлу,бірге жүріп келе жататы песікке бөлу,0.3333333333333333,0.05555555555555555,6
train-00000-of-00048_000890,үлкендер келеді шапандарын жабады бата береді былайша айтқанда бүгінгі сөзбенен жолын ашады,үлкендер келеді шапандарын жабады бесіе бата береді былайша айтқанда бүгінгі сөз менен жолын ашады,0.25,0.08791208791208792,12
train-00000-of-00048_000891,қандай той не болмаса үлкендерден бата алу тілек алу жолыңды аштыру,қандай той не болмаса үлкендерден бата алу тілек алу жолыңдаштыру,0.18181818181818182,0.029850746268656716,11
train-00000-of-00048_000892,сәлем бергеннің өзі бар жолыңды аштыртады баяғыда қазақтар сол астың үстінде,сәлем бергеннің өзі бар жолыңдаштыртады баяғыда қазақтар сол астың үсінде,0.2727272727272727,0.039473684210526314,11
train-00000-of-00048_000893,әйгілі батырларына ағайындарына,әйгілі батырларына ағайындарына,0.0,0.0,3
train-00000-of-00048_000894,күй арнайды жыр арнайды сол құлақта қалып қояды құйма құлақтарда ол кейінге айтылып жатады ұрпақтан ұрпаққа жетіп жатады тоқсаныншы жылдары,күй арнайт жр арнайт сол кұлакта қалып қоят кұймакұлактарда ол кейинге айтылып жатат урпактан урпакқа жетип жатат тоқсанынчы жылдары,0.7,0.17266187050359713,20
train-00000-of-00048_000895,коммунисттік идеология құлады ғой,тамунистік идеология құлады ғой,0.25,0.12121212121212122,4
train-00000-of-00048_000896,соның орны не басты,соның орны не басты,0.0,0.0,4
train-00000-of-00048_000897,әрбір аудандағы облыста өзінің ата бабаларына әулиелеріне ас бере бастады мәселе қайда а сол тарихи жадыммен байланысты дүние,әрбір аудандау облыста өзінің ата бабаларына әулелеріне асып бере бастады мәселе қайда ас ол тарихи жадынмен байланысты дүние,0.3333333333333333,0.064,18
train-00000-of-00048_000898,идеологиялық,идеология,1.0,0.25,1
train-00000-of-00048_000899,кетік бос қалды ғой оны бір нәрсемен толтыру керек мәселе қайда оны қазақтың,кетік бос қалды ғой оны бір нәрсемен толтыру керек мәселе қайда оны қазақтың,0.0,0.0,13
train-00000-of-00048_000900,дүниетанымменен салт дәстүрмен толтырмасаң ол басқа келімсектердің,дүниетаным менен салыптастармен толтырмасаң ол басқа келімсектердің,0.42857142857142855,0.09090909090909091,7
train-00000-of-00048_000901,дүниетанымменен түсінікті құлдық санадан арылу керек,дүние таны менен сүнүкті құлдық санаданнарылу керек,1.0,0.1346153846153846,6
train-00000-of-00048_000902,мәселе қайда біз әлі,مسلى غيدى بزالى,1.0,0.9,4
train-00000-of-00048_000903,отыз жыл өтсе де сол миымыздың,отыз жыл өтсе де сол миіміздің,0.16666666666666666,0.1,6
train-00000-of-00048_000904,тоң болып басып жатқан бір,toң bo basıپ жatقaن bir,1.0,0.7692307692307693,5
train-00000-of-00048_000905,нәрсе бар жібімей тұрған құлдық сана дейді оны,нәрсе бар жібірмей тұрған құлдық сана дейді оны,0.125,0.021739130434782608,8
train-00000-of-00048_000906,өз тіліменен өз тарихымен алысып жатқан жер бетінде бір халық болса ол біз бір мысалы айтайын 2016 жылдан 2022 жылға дейін қазақстан тарихы бағдарламасы қысқарып,өз тіліменен өз тарихымен алысып жатқан жер бетінде бір халық болша ол біз бір мысалы айтайын екі мың он алтыншы жылдан екі мың жиырма екінші жылға дейін қазақстан тарихы бағдарламасы қысқарып,0.36,0.2484472049689441,25
train-00000-of-00048_000907,қысқарған,قысқарған,1.0,0.1111111111111111,1
train-00000-of-00048_000908,біз тарихты жоғарғы оқу орындарының студенттеріне жиырмасыншы ғасырдың басынан бастап өткіздік,біз тарихты жоғарғы оқу орындарының студенттерінен жиырмасыншы ғасырдың басынан бастап өткіздік,0.09090909090909091,0.010638297872340425,11
train-00000-of-00048_000909,құдайға шүкір ол кезде алаш азаматтары бар неге солай болды білесіз бе,құдайға ашкер ол кезде алаш азаматтар бар неге солай болды білесіз ба,0.25,0.07142857142857142,12
train-00000-of-00048_000910,тоқсаныншы жылдардың аяғында мынандай мәселе көтеріле бастады,тоқсаныншы жылдардың аяғына мынандай мәселе көтеріле бастады,0.14285714285714285,0.01639344262295082,7
train-00000-of-00048_000911,егер біздің тарихи жоғары оқу орны,егер біздің тәрихжоеғары оқу орынышы,0.5,0.20588235294117646,6
train-00000-of-00048_000912,соны айтамын егер мектепте оқылады сол жетеді дейді ғой,соны айтам егер мектепте оқылады сол жетеді дейді ғо,0.2222222222222222,0.05454545454545454,9
train-00000-of-00048_000913,сол он үшінші жылы,sol on üçünші жılı,1.0,0.6666666666666666,4
train-00000-of-00048_000914,қазақстан тарихының бағдарламасы қысқаратын болды қазақстан тарихының,қазақстан тарихының бағдарламасы қысқаратын болды қазақстан тарихының,0.0,0.0,7
train-00000-of-00048_000915,кредитті қысқаратын болды бірақ құдайға шүкір он үшінші жылы,кредиті қысқаратын болды бірақ құдайға шықыр он үшінші жылы,0.2222222222222222,0.06666666666666667,9
train-00000-of-00048_000916,мемлекеттік хатшы мұрат тажин,мемлекеттік хатшы мұраттажын,0.5,0.06896551724137931,4
train-00000-of-00048_000917,оны орнына келтірді народ в потоке истории халық тарих толқынында деген бағдарлама қабылданды қазақстан тарихы қайта дұрыстап оқылатын болды бірақ үш ақ жыл,оны орнына келтірді народв потоки история халық тарих толқында деген бағдарлама қабылданды қазақстан тарихы қайта дұрыстап оқилатын болды бірақ үш айқы жыл,0.30434782608695654,0.05128205128205128,23
train-00000-of-00048_000918,содан міне алты жыл бойы біз,содан мне алты жыл бойы біз,0.16666666666666666,0.03571428571428571,6
train-00000-of-00048_000919,қысқа тарихты оқып шықтық жиырмасыншы ғасырдан бастап а оның арасында алтын орданың,қысқа тарихты оқып шықтық жиырма сыншы ғасырдан бастап ал оның арасында алтын орданың,0.25,0.024096385542168676,12
train-00000-of-00048_000920,жеті жүз елу жылдығы оның арасында әл фарабидің бір мың бір жүз бірнеше жылдығы абайдың жылдығы оның бәрі жоғары оқу бағдарламасынан тыс қалып жатыр баяғыда совет өкіметінде осы біз сабақ беріп жүргенде осы басқа тарихшы емес факультеттерге сабақ бергенде қазақстан тарихы екі семестр оқытылған қазір сіз он бес аптада шауып өтесіз тас ғасырынан бүг,жеті жүз елу жылдығы оның арасында әлфарабидың бр мың ббеке жылдыы абайдың жылыы оның бәрі жоары оқу бағдарламасынан тысқлып жатыр бада совет өкіметінде осы бз сабақ бер жүрендебаса таришы емес факультеттерге сабақ бергенде қазақстан тарих екісеместр оқытылан қі сіз он бес аптада шауып өтесіз тасқасырынан бүгінгі күнге дейін бала не оат не қабылдай таатты көбейту керек ол идеологиямен байланысты дүни,0.7222222222222222,0.3868194842406877,54
train-00000-of-00048_000921,оны біз өзіміздің сана сезімімен құндылықтарымызбен толтырмасақ ол шеттен қағылып келіп жатыр келіп жатыр келіп жатыр,оны біз өзіміздің сана сеінен құндылықтарымызбен толтырмасақ ол шеттен қасы ағылып келіп жатыр келіп жатыр келіп жатыр,0.1875,0.06837606837606838,16
train-00000-of-00048_000922,ұлы,والله,1.0,1.6666666666666667,1
train-00000-of-00048_000923,аль фараби,الفرابي,1.0,1.0,2
train-00000-of-00048_000924,тәрбиесіз берілген білім,тәрбиесіз берілген білім,0.0,0.0,3
train-00000-of-00048_000925,адамзаттың хас жауы дейді,адамзаттың хатжауы дейді,0.5,0.08,4
train-00000-of-00048_000926,өзіңіз,و중,1.0,1.0,1
train-00000-of-00048_000927,біраз жылдары осы,біраз жылдары осы,0.0,0.0,3
train-00000-of-00048_000928,білім саласында қызмет етіп келе жатсыз,білім саласында қызмет етіп кел жатысыз,0.3333333333333333,0.05128205128205128,6
train-00000-of-00048_000929,әрине біліммен жаңағы біздің қозғап отырған,әрине біліммен жанағы біздің қозғап отырған,0.16666666666666666,0.023255813953488372,6
train-00000-of-00048_000930,па,嗯,1.0,1.0,1
train-00000-of-00048_000931,ұлттық құндылықтар яғни тәрбие,ұлттық құндылықтар яғни тәрбие,0.0,0.0,4
train-00000-of-00048_000932,мәселесі,مثلس,1.0,1.0,1
train-00000-of-00048_000933,бүгінгі таңда сол берілген біліммен,бүгінгі таңда сол берілген біліммен,0.0,0.0,5
train-00000-of-00048_000934,сол оқу орындарында біздің жастар тәрбиені сол жоғары деңгейде бірге алып келе жатыр ма,сол оқу орындарында біздің жастар тәрбиені сол жоғары деңгейде бірге алып келе жатыр ма,0.0,0.0,14
train-00000-of-00048_000935,жоқ олқылықтар бар ма,жоқ олқұлықтар бар ма,0.25,0.047619047619047616,4
train-00000-of-00048_000936,олар и келді,aberekelda,1.0,1.0,3
train-00000-of-00048_000937,енді біз бірте бірте жанағындай тәрбие мәнін,енді біз бірте бірте жаңағындай тәрбие мәнінің,0.2857142857142857,0.06818181818181818,7
train-00000-of-00048_000938,кәдімгідей қоғам,가은 것들 고감,1.5,0.9375,2
train-00000-of-00048_000939,оның сыртында мемлекеттің,оның сыртында мемлекеттің,0.0,0.0,3
train-00000-of-00048_000940,негізгі,негізгі,0.0,0.0,1
train-00000-of-00048_000941,саясаты стратегиялық бағыты соған келе жатқан сияқтымыз дәл осы тұрғыда мемлекеттіктің пайда болуы ол саяси құрылымдардың пайда болуымен тікелей байланысты ма,саясаты стратегиялық бағыты соған келе жатқан сияқтымыз дәл осы тұрғыда мемлекеттіктің пайда болуы ол саяси құрылымдардың пайда болуымен тікелей байланысты ма,0.0,0.0,21
train-00000-of-00048_000942,яғни не яғни біз қазіргі осы мына отыз жылда қалыптасып келе жатқан мемлекетті айтып отырмыз ал мүмкін қазақи тұрғыда қазақтың болмысы жайлы айтып келген кезде қазақтың мемлекеттігі,яғни не яғни біз қазіргі осы мына отыз жылдағы қалыптасып кел жатқан мемлекетті айтып отырмыз ал мүмкін қазақи тұрғыда қазақтың болмысы жайлы айтып кеген кезде қазақтың мемлекеттігі,0.1111111111111111,0.022099447513812154,27
train-00000-of-00048_000943,сол,叔,1.0,1.0,1
train-00000-of-00048_000944,ертерек ғасырларда,ертерек ғасырларда,0.0,0.0,2
train-00000-of-00048_000945,мемлекет дәстүр мемлекет мәдениет мемлекет саясат тіпті экономика бүгін нарықты айтып жатырмыз осының төңірегінде,мемлекет дәстүр мемлекет мәдениет мемлекет саясат тіпті экономика бүгін нарықтайтып жатырмыз осының төңірегінде,0.14285714285714285,0.017699115044247787,14
train-00000-of-00048_000946,жаңағы біз айтып отырған тәрбиелік,жанағы біз айтып отырған тәрбиелі,0.4,0.058823529411764705,5
train-00000-of-00048_000947,ұлттық,ұлттык,1.0,0.16666666666666666,1
train-00000-of-00048_000948,құндылықтар,құндылықтар,0.0,0.0,1
train-00000-of-00048_000949,мәселесі,مسيليس,1.0,1.0,1
train-00000-of-00048_000950,бірге алып жүру керек сияқты өзіңіз де айтып кеттіңіз жаңа,бірге алып жүру керек сияқты өзіңізді айтып кеттіңіз жәна,0.3,0.06896551724137931,10
train-00000-of-00048_000951,құдайғы құрал,ر,1.0,1.0,2
train-00000-of-00048_000952,иә,一呀,1.0,1.0,1
train-00000-of-00048_000953,сондайық,سنديسن,1.0,1.0,1
train-00000-of-00048_000954,көрсетті деген сөз мәселе,سوفتدنسس مسلی,1.0,0.96,4
train-00000-of-00048_000955,аха,嗯嗯,1.0,1.0,1
train-00000-of-00048_000956,мектептерінде,,1.0,1.0,1
train-00000-of-00048_000957,бүгінсіз,t,1.0,1.0,1
train-00000-of-00048_000958,хмхм,嗯嗯,1.0,1.0,1
train-00000-of-00048_000959,қазақтыңыз,,1.0,1.0,1
train-00000-of-00048_000960,сіз мынандай бір сөз айтыпсыз,сіз мынандай бір сөз айтыпсыз,0.0,0.0,5
train-00000-of-00048_000961,алтын орда мұрагері,алты нұрда мұрагері,0.6666666666666666,0.15789473684210525,3
train-00000-of-00048_000962,деген атақққа таласудың қажеттілігі жоқ,деген атаққа таласудың қажеттілігі жоқ,0.2,0.02564102564102564,5
train-00000-of-00048_000963,керісінше,керісінше,0.0,0.0,1
train-00000-of-00048_000964,қайта ұлттарды айрандай ұйытып мұны бір негізгі тарихи факт ретінде пайдалану керек деп,қайта ұлттарды айрандай ұйтіп бұны бір негізгі тарихи факт ретінде пайдалану керек,0.23076923076923078,0.08045977011494253,13
train-00000-of-00048_000965,жаңағы әңгімеңіздемеу керек,janaa angiminsemor,1.0,0.9629629629629629,3
train-00000-of-00048_000966,иә,,1.0,1.0,1
train-00000-of-00048_000967,аха,嗯嗯,1.0,1.0,1
train-00000-of-00048_000968,жүріп жүр,يي,1.0,1.0,2
train-00000-of-00048_000969,мен мынандай мәселеге жай мысал ретінде келтіріп кетейін енді мына музыка саласының маманы болғандықтан мәселен мына болат сарыбаевтың жинаған аспаптары кәдімгідей енді ол қыруар жұмыс қой білесіз,мен мынадай мәселеге жәй мысалы ретінде келтіріп кетейін енді мына музыка саласының маманы болғандықтан мәселенің мына болат сарбаевтың жинаған аспаптары кәдіңіді енді ол қыруар жұмысы ғой білесіз,0.2962962962962963,0.061224489795918366,27
train-00000-of-00048_000970,мысалы оның ішінде бүкіл түркітілдес халықтардың аспаптары бар,мысалы оның ішінде бүкіл түркі түлдес халықтардың аспаптарын бәрі,0.5,0.08064516129032258,8
train-00000-of-00048_000971,ал енді оның бәрін қайта жаңғырту деген бір халықтың бір мәдениеттің төңірегінде жасау мүмкін емес ал енді қарап көріңізші мынандай мәселені сол қорай,ал енді оның бәрін қайта жаңғырту деген бір халықтың бір мәдениеттің төңірегінде жасау мүмкін емес ал енді қарап көріңіз мынандай мәселені сол қорай,0.043478260869565216,0.013333333333333334,23
train-00000-of-00048_000972,яғни біздің жаңағы ол мына башқұрттардың домбырасы сияқты,яғни біздің жана ол мына башқұрттардың домбырасы сияқты,0.125,0.05263157894736842,8
train-00000-of-00048_000973,кешегі жетіген анау саха елінде кәдімгідей ол да сол қазақтың домбырасы сияқты көмеймен айтатын дәстүрді соған қосып айтады мәселен домбыралардың түр түрлері,кешегі жетіген анау сақа елінде кәдіңгідей ол да сол қазақтың номбрасы сияқты көмемен айтатын дәстүрді соған қосып айтады мәселен номбыралардың түртүрлері,0.3181818181818182,0.044585987261146494,22
train-00000-of-00048_000974,қобыздың түр түрлері яғни түркі тілдес халықтар олар келіскен жоқ,қобыздың түртірлері яғни түркі тілдес халықтар олар келіскен жоқ,0.2,0.03076923076923077,10
train-00000-of-00048_000975,түркі тілдес халықтар осы кереметтей біздің рухани дүниемізді,түркі тілдес халықтар осы кереметтей біздің рухани дүниемізді,0.0,0.0,8
train-00000-of-00048_000976,бір бір бөліп алып сол дәстүрді сақтап қалу мәселесі,бір бірі бөліп алып сол дәстүрді сақтап қалуы мәселесі,0.2222222222222222,0.038461538461538464,9
train-00000-of-00048_000977,мысалы ол музыка саласында айтып отырмын,мысалы ол музыка саласында айтып отырмы те,0.3333333333333333,0.075,6
train-00000-of-00048_000978,енді алтын орда ыдырағаннан кейін қазан ноғай ордасы тағысын тағы иә пайда бола бастады мәселен,дние біріленді алтын орда адырағаннан кейін қазан ноғай ордасы тағысын тағы иә пайда бола бастады мәселен,0.2,0.11578947368421053,15
train-00000-of-00048_000979,бірақ бүгінгі таңда,бірақ бүгінгі таңда,0.0,0.0,3
train-00000-of-00048_000980,өзінің құндылықтарын сақтап мемлекет ретінде бүгін,өзінің құндылықтарын сақтап мемлекет ретінде бүгін,0.0,0.0,6
train-00000-of-00048_000981,жеке егемен,жеке егемен,0.0,0.0,2
train-00000-of-00048_000982,орталық оты,ورطب bت,1.0,0.9090909090909091,2
train-00000-of-00048_000983,мәселе,مәсеلең,1.0,0.5,1
train-00000-of-00048_000984,бұл жерде қандай ой айтасыз неге жаңағы айтып отырған ордалар жаңағы айтып отырған халықтар өзінің мемлекеттігін сақтай алмады мүмкін жаңағы осының басында айтып кеткен мемлекетті қалыптастыру қағидалары,бұл жерде қандай ой айтасыз неге жаңаға айтып отырған ордалар жаңаға айтып отырған халықтар өзінің мемлекеттігін сақтай алмады мүмкін жанағы осының басында айтып кеткен мемлекеттік қалыптастыру қағидалары,0.14814814814814814,0.019704433497536946,27
train-00000-of-00048_000985,кішкене шет қалды ма,ішкеنى شет قالدыما,1.0,0.55,4
train-00000-of-00048_000986,және емес басқа бір,ілне месі басқа бір,0.5,0.21052631578947367,4
train-00000-of-00048_000987,иә иә,就是烈意,1.0,1.0,2
train-00000-of-00048_000988,негізі әсел,,1.0,1.0,2
train-00000-of-00048_000989,болды ал,لد,1.0,1.0,2
train-00000-of-00048_000990,білеміз соны,بلمس,1.0,1.0,2
train-00000-of-00048_000991,бесіп кетпегені де сол гумилевтің теориясында да бұл айтылып кетеді ғой бір мәселені анықтап кетсек сол жаңа сен кездестеп отырсың ғой ақсүйек деген түсінікпен байланысы бар ма,бесіп кетпегені де сол бол гомелевтың теориясында да бұл айтылып кетеді ғой бір мәселені анықтап кетсек сол жана теңгезете ботсы ғой ақ сүйык деген түсінікпен байланысы бар ма,0.2962962962962963,0.11931818181818182,27
train-00000-of-00048_000992,ха ха,嗯啊,1.0,1.0,2
train-00000-of-00048_000993,мәселен,,1.0,1.0,1
train-00000-of-00048_000994,келеді сол кезде мәселе,gt صobزmasden,1.0,0.9565217391304348,4
train-00000-of-00048_000995,сіз тарихшысыз,з сез тарихшс,1.5,0.42857142857142855,2
train-00000-of-00048_000996,әкеңіз халық жазушы мәселен мамандықты таңдауда әкеңіздің әсері болған екен,әкеңіз халық жазышы мәселен мамандықты таңдауда әкеңіздің әсері болған екен,0.1,0.013333333333333334,10
train-00000-of-00048_000997,тікелей және жоқ енді мына жерде мынандай дүние тууы мүмкін неге жазушы емес неге тарихшы,түкелей және жоқ енді мына жерде мынанды дүние туну мүмкүн неге жазушы емес неге тарихшы,0.26666666666666666,0.06741573033707865,15
train-00000-of-00048_000998,талабыңыз әкеңіздің ойымен сәйкес келді,талабыңыз әкеңіздің ойымен жәпкес келдім,0.4,0.07692307692307693,5
train-00000-of-00048_000999,е,ي,1.0,1.0,1
train-00000-of-00048_001000,қорымда,خورمدا,1.0,1.0,1
train-00000-of-00048_001001,тарих факультетіне түстіңіз оқыдыңыз,тарих факультетіне түстіңіз оқыдыңыз,0.0,0.0,4
train-00000-of-00048_001002,әрине соны тәмамдап келе жатқан сәтте,әрине сон тәмәмдап келе жатқан сәтте,0.3333333333333333,0.05405405405405406,6
train-00000-of-00048_001003,диплом жазу керек болды,диплом жазуу керек болды,0.25,0.043478260869565216,4
train-00000-of-00048_001004,сол кезде тағы да,сол кезде тағы да,0.0,0.0,4
train-00000-of-00048_001005,әкеңіздің бір ықпалы болған екен тақырып таңдауда,әкеңіздің бір ықпалы болған екен тақырп таңдауда,0.14285714285714285,0.02040816326530612,7
train-00000-of-00048_001006,мысал үшін,مسال شن,1.0,0.9,2
train-00000-of-00048_001007,қарапаттас,қарып қаттас,2.0,0.3,1
train-00000-of-00048_001008,капкасына болен сүрәмін,tesma bojsrama,1.0,0.9565217391304348,3
train-00000-of-00048_001009,тағдыр тағдыр,тағдыр тағдыр,0.0,0.0,2
train-00000-of-00048_001010,посуданья,esto también,2.0,1.3333333333333333,1
train-00000-of-00048_001011,өте маңызды рөл атқаратын мына тарих пен әдебиет дедіңіз,өте маңызды рөл ол атқаратын мына тарихпен әдебиет дедіңіз,0.3333333333333333,0.07142857142857142,9
train-00000-of-00048_001012,иә міндетті түрде тарих пен әдебиет,иә міндетті түрде тарихпен әдебиет,0.3333333333333333,0.02857142857142857,6
train-00000-of-00048_001013,ееее,嗯,1.0,1.0,1
train-00000-of-00048_001014,сіз,سس,1.0,1.0,1
train-00000-of-00048_001015,тарихшы маман ретінде,тарихшы маман ретінде,0.0,0.0,3
train-00000-of-00048_001016,ғылыми зерттеулеріңізде,ғылыми зерттеулеріңізде,0.0,0.0,2
train-00000-of-00048_001017,әдебиетке сүйенетін мәселелер болады ма әдебиет енді көркем ол енді көркем саласы ғой енді негізінде керісінше әдебиеттің тарихқа қаншалықты әсер етуі мүмкін тікелей әсер,әдебиетке сүйенетін мәселелер бола ма әдебиет енді көркем ол енді көркем саласы ғой енді негізінде керісінше әдебиеттің әдебиеттің тарихқа қаншалық тәсер етуі мүмкін ткелее,0.25,0.12941176470588237,24
train-00000-of-00048_001018,иә сенет,ياسن,1.0,1.0,2
train-00000-of-00048_001019,мүмүм,,1.0,1.0,1
train-00000-of-00048_001020,бұл жерде,,1.0,1.0,2
train-00000-of-00048_001021,одақтың кезінде,ұтақтың кезінде,0.5,0.13333333333333333,2
train-00000-of-00048_001022,соцреализм,социреaлизм,1.0,0.2,1
train-00000-of-00048_001023,әдебиеті қаншалықты тарихқа,әдебиеті қаншалықта тарихқа,0.3333333333333333,0.037037037037037035,3
train-00000-of-00048_001024,кері әсер етті,كرسرت,1.0,1.0,3
train-00000-of-00048_001025,татасына дейін,كتاسنوف,1.0,1.0,2
train-00000-of-00048_001026,бәріміз оны оқы,زارمزونو,1.0,1.0,3
train-00000-of-00048_001027,кесінді,كس,1.0,1.0,1
train-00000-of-00048_001028,түрде жасалатын дүние бөлен тұр,ерде жасалатын дүниябөлем тур,0.8,0.1935483870967742,5
train-00000-of-00048_001029,шыңқыр соңай,سنگپtوي,1.0,1.0,2
train-00000-of-00048_001030,бірде сіз айтыпсыз,бірде сіз айтыпсыз,0.0,0.0,3
train-00000-of-00048_001031,ас беру адамға ескерткіш қоюмен бірдей,ас беру адамға ескерткіш қоюымен бірдей,0.16666666666666666,0.02631578947368421,6
train-00000-of-00048_001032,деп,ديب,1.0,1.0,1
train-00000-of-00048_001033,бұл тарихшының айтқан сөзі ме жоқ қоғамдағы жай азаматтың айтқан сөзі ме,бұл тарихшының айтқан сөзі ма жоқ қоғамдағы жай азаматтың айтқан сөзі ма,0.16666666666666666,0.027777777777777776,12
train-00000-of-00048_001034,середіне,كل الدنيا,2.0,1.125,1
train-00000-of-00048_001035,құдайғи атанбайсыз мерседе қайда,داغى اتامبايس مەسىدىغيدى,1.0,0.9375,4
train-00000-of-00048_001036,хмхмхмхм,,1.0,1.0,1
train-00000-of-00048_001037,бүгінгі сара сөз бағдарламасына келгеніңізге,бүгінгі сара сөз бағдарламасына келгеніңізге,0.0,0.0,5
train-00000-of-00048_001038,үлкен алғыс сізге айтып отырған,үлкен алғыс сізге айтып отырған,0.0,0.0,5
train-00000-of-00048_001039,үлкен мәселелердің бәрі,үлкен мәселелердің бәрі,0.0,0.0,3
train-00000-of-00048_001040,жүзеге асып,жүзегі асып,0.5,0.09090909090909091,2
train-00000-of-00048_001041,халқымыз өркендей берсін,халқымыз өркендей берсін,0.0,0.0,3
train-00000-of-00048_001042,құрметті көрермен,құрметті көрермен,0.0,0.0,2
train-00000-of-00048_001043,бүгін біз тарих ғылымдарының кандидаты шоқан уәлиханов атындағы тарих және этнология институтының жетекші ғылыми қызметкері қазақ британ техникалық университетінің қауымдастырған профессоры,бүгін біз тарих ғылымдарының кандидаты шоһан уәлиқанов атындағы тарих және этнология институтының жетекші ғылыми қызметкері қазақ британ техникалық университетінің қауымдастырылған профессоры,0.14285714285714285,0.021164021164021163,21
train-00000-of-00048_001044,жұмаділ арман қабдешұлымен сұхбаттастық,жұмаділ арман қаддес жұлымен сұхбаттастық,0.5,0.10256410256410256,4
train-00000-of-00048_001045,келесі кездескенше қош сау болыңыздар,келесі кездескенше хош салп алыңыздар,0.6,0.13513513513513514,5
train-00000-of-00048_001046,болдым,بولدام,1.0,1.0,1
train-00000-of-00048_001047,десе енді тамағымызды жиыта кете берейікші,сіз енді тамағымызды жиіктай кеде бейікші,0.6666666666666666,0.23809523809523808,6
train-00000-of-00048_001048,уже уақыт өтіп баратыр ғой,ужы уақыт өтпара тұрғой,0.8,0.2692307692307692,5
train-00000-of-00048_001049,иә иә,يايا,1.0,1.0,2
train-00000-of-00048_001050,ай,اي,1.0,1.0,1
train-00000-of-00048_001051,жарасын тамақтары қандай адамды маған қатынады,درقن تaمaقتارقaد دaم نمhان قنادا,1.0,0.9130434782608695,6
train-00000-of-00048_001052,маған да надо,غاندنادام,1.0,1.0,3
train-00000-of-00048_001053,көбаймен елдіңіздіңізді,بmيني عدسن,1.0,0.9565217391304348,2
train-00000-of-00048_001054,білмейм тәжім,mi dج,1.0,0.9230769230769231,2
train-00000-of-00048_001055,жарат болды кеттік қалған астары қалай берсінші менің наяқтан шықтым деп тұр,терат болды кетті қылған астар қала берсінше мен наяқтан шықтым деп тұр,0.5833333333333334,0.11842105263157894,12
train-00000-of-00048_001056,жарайды шықсақ шығайық мен әлде алмай қалай жаңа,жарайты чықсақ шығаяқ мен андиямаақ боңғой жаңақ,0.875,0.375,8
train-00000-of-00048_001057,жоқ тамақтан балдық енді кеттік болды,tamaqtanibaldiq enida kettik bo ldi,1.0,0.972972972972973,6
train-00000-of-00048_001058,зачан алып кетейік,saca napketi,1.0,0.9444444444444444,3
train-00000-of-00048_001059,болды кетті түндер,болду кетті tүrнжееr,0.6666666666666666,0.3333333333333333,3
train-00000-of-00048_001060,қалды біз ештеңе істеген жоқпыз,алды біз жүзен кесдеген жоқпыз,0.6,0.2903225806451613,5
train-00000-of-00048_001061,біз жаңа тамақ ішкен ақырамызды туладық,біз жаңа тамақ шікен ақрамызды төледік,0.5,0.1794871794871795,6
train-00000-of-00048_001062,білемін бірақ та сіздер қай жақта тұрасыздар не,білемін бірақ та сіздер қай жақта тұрасыз дәрне,0.25,0.06382978723404255,8
train-00000-of-00048_001063,не қандай жұмыс жасайсыздар сіз не істерсіздер,не қандай жұмыс жасайсыздар сізіне стер дер,0.42857142857142855,0.10869565217391304,7
train-00000-of-00048_001064,әтінің әңгімес қайдар,aدnanaصيda,1.0,1.0,3
train-00000-of-00048_001065,маған керек болып тұр сіздер қашып кеткен сияқтысыздар дедімдер үйінен,маған керек болып тұр сіздер қашып кеткен сияқты зәрсетімдер үйінен,0.2,0.1,10
train-00000-of-00048_001066,иәм,,1.0,1.0,1
train-00000-of-00048_001067,жоқ құтқарқан жоқ қашқан жоқпыз не үшін қашуымыз керек,жоқ отқатқан жоқ қашқан жоқ біз не шынға жулымыз керек,0.5555555555555556,0.24074074074074073,9
train-00000-of-00048_001068,солғой,ش,1.0,1.0,1
train-00000-of-00048_001069,өсімдіктерің құсар көкпар пәніміздің,misn biter sar upal taa tam,1.5,0.9166666666666666,4
train-00000-of-00048_001070,сначит беттер қызарып кетсе онда сіздер өтірік айтып тұрсыздар сіздер осы,сынаи петтер қызарып кетсе онда сіздер өтіріп айтып тұрыстар сіздер осы,0.36363636363636365,0.1095890410958904,11
train-00000-of-00048_001071,жетімдер үйінен қашып кеткенсіздер мен қазір сіздерді поли анандай сол жетімдер үйінің бастығына яғни директорына алып барамын сосын директор сендерді,жетімдер үйнен ғаш кеткен сіздер мен қазір сіздерді панандай сол жетімдер үйнің бастығына яғни директорын алып барамын сосын директор сендерді,0.4,0.07333333333333333,20
train-00000-of-00048_001072,әнә әм,هنا,1.0,1.0,2
train-00000-of-00048_001073,мұғалімдердің бастығына әкеп береді ал сосын ол сіздерсіздер ме сіздер еместер ме айтып береді,мұғандардың бастығына кеп береді ал сосын ол сіздер сіздерма сереместерме айтып береді,0.42857142857142855,0.14893617021276595,14
train-00000-of-00048_001074,жоқ біз біз емеспіз деп тұрыңыз ғой не үшін айта бересіздер,жоқ біз біз емес пііздеп тұрмыз ғой не үшін айта бересіздер,0.2727272727272727,0.0847457627118644,11
train-00000-of-00048_001075,сол ғой біз бізше басқа жақтың адамдарымыз,сол ғой біз бірше басқа жақтың адамдарымыз,0.14285714285714285,0.023809523809523808,7
train-00000-of-00048_001076,иә иә,يا يا,1.0,0.8,2
train-00000-of-00048_001077,болда,بۆڵدا,1.0,1.0,1
train-00000-of-00048_001078,тетер енді,记界人的,1.0,1.0,2
train-00000-of-00048_001079,негізі атқан жоқпыз ғой,かっقججغй,1.0,0.9565217391304348,4
train-00000-of-00048_001080,өтірік сылтауларыңызды айтпай қойыңыздар мен қазір жуандаймын,өтірік сұлтауларыңызды айтпай қойыңыздар мен қазір ізуандаймын,0.2857142857142857,0.04918032786885246,7
train-00000-of-00048_001081,сәлеметсіз бе сәлеметсіз бе біздің бөлімшеге келіп кетесіздер ме біз тапқан сияқтымыз сол адамдар ма дәлелдеп кетіңіз,сесізбесәлеметсізде бе біздің бөлімшеге келіп кете сідер ме біз тапқан сақтымыз сол адамдар ма дәлелдеп кетіңіз,0.35294117647058826,0.1111111111111111,17
train-00000-of-00048_001082,лунара ханым сосын айжан ханым одан кейін директор сөйлегіңіз келіңіздер,лонара ханым сосын айжан ханым оданкеін директор шөлеріңіз келіңіздер,0.4,0.08333333333333333,10
train-00000-of-00048_001083,аха,أخ,1.0,1.0,1
train-00000-of-00048_001084,саворус,سبس,1.0,1.0,1
train-00000-of-00048_001085,енді қазір көреміз сендерсіңдер ме сендер емессіңдер ме и біз келдік,енді қазір көреміз сенер сенер ме сенер емес сенер ме дебіс келдік,0.6363636363636364,0.19117647058823528,11
train-00000-of-00048_001086,так мынау мынау аяжан кауса мержан жаннат не істерсіңдер сендердің барлықтарың,тақ мынау мынау аяжан кауса мержан жанатын естерусіндер сендердің барлықтарың,0.36363636363636365,0.08974358974358974,11
train-00000-of-00048_001087,ужас вообще сендер не үшін қашасыңдар ол сендерді бағып жатыр ғой сендер болсаңдар қашып кетіңдер,урысварше сендер не үшін қашасыңдар ол сенжерді бағыбра тұрғасындер босыңдар қашып кеттіңдер,0.6,0.21649484536082475,15
train-00000-of-00048_001088,жоқ доғарамыз доғарамыз біз қазір студияға баруымыз керекпіз кім не істейді кім не қылады соның барлығын сол студияда шешетін боламыз сәлеметсіздер ме құрметті соттанушылар және сотшылар,жоқ доғарамыз доғарамыз біз қазір судяға баруымыз керекпіз кім несида кімнеклада соның барлығын созужада шешетін боламыз сәлемет сіздер мені құрметті соттанушылар емен сотшылар,0.46153846153846156,0.14516129032258066,26
train-00000-of-00048_001089,біз бүгінгі тақырыпта осы жетімдер үйіндегі 4 бала яғни мержан жанат,біз бүгінгі тақырыпта осы жетімдер үйіндегі төрт бала яғни мержан шанат,0.18181818181818182,0.07352941176470588,11
train-00000-of-00048_001090,өткен өзім,,1.0,1.0,2
train-00000-of-00048_001091,ал бірінші бізде бірінші жақ ол кезде жетімдер үйінің өзіне қайтадан бару немесе апазыларына,ал бішбздебірінші жақ облысде жетіңдер үйінің өзіне қайтадан бару немесе апазыларына,0.42857142857142855,0.14130434782608695,14
train-00000-of-00048_001092,пароль,八路,1.0,1.0,1
train-00000-of-00048_001093,бірінші бізде жетімдер үйінің бастығы сөйлесін,бірінші бізде жетіндеренің бастығы сөйлейсің,0.5,0.15217391304347827,6
train-00000-of-00048_001094,сөйтіп отырмын ғой,,1.0,1.0,3
train-00000-of-00048_001095,сезіндер үйіндегі балалар маған өткізілуі керек себебі,сетиндер жөнүндөгү балалар маган өткүзүлүү керек себеби,0.7142857142857143,0.25925925925925924,7
train-00000-of-00048_001096,мен оларға қарай аламын апа апа бір өзі қарай қарап үлгермай қалады,мен оларға қарай аламын апа бір өзі қара бүлгер амай қалады,0.3333333333333333,0.19402985074626866,12
train-00000-of-00048_001097,ал мен үлгере аламын мен және де менің көмекші мұғалімдерім де оларға көмектеседі,ал мен үлгере аламын мен және де менің көмекші мұғалімдерім де оларға көмектеседім,0.07692307692307693,0.012345679012345678,13
train-00000-of-00048_001098,сол үшін ол біз жаққа тұру керек если олар маған көшетін болса онда біз таңертең күнде каша мен акуша емес,сол үшін ол біз жаққа тұру керек естей олар маған көшетін болса онда біз таң ертем күнде қаншамен акушай емес,0.3,0.08490566037735849,20
train-00000-of-00048_001099,ойкаша мен сүт емес басқаша бір басқаша күшті сыймақтар беретін боламыз,ойкашамен күстіемес басашабасқаша күшті тұмақтар беретін боламыз,0.7272727272727273,0.18309859154929578,11
train-00000-of-00048_001100,шығығым,是,1.0,1.0,1
train-00000-of-00048_001101,енді бізде келесі кезекте,енді бізде келесі кезекте,0.0,0.0,4
train-00000-of-00048_001102,апа,apa,1.0,1.0,1
train-00000-of-00048_001103,бұтқын бағала көріп жүр,ткуل баналам кчէ,1.0,0.6521739130434783,4
train-00000-of-00048_001104,осыны айтатыныңыз,осым әйтатыныңыз,1.0,0.17647058823529413,2
train-00000-of-00048_001105,біз таңдау таңдарысуымыз керекпіз,біз таңдау таңдау расауымыз керекпіз,0.5,0.12121212121212122,4
train-00000-of-00048_001106,ең бастысы сіздердің сөйлегендеріңіз емес,ең бастысы сіздердің сөйлегендеріңіз емес,0.0,0.0,5
train-00000-of-00048_001107,ал бірінші бізде кәусан сөйлессін,ал бірінші бізде кәусәр сөйлесін,0.4,0.09090909090909091,5
train-00000-of-00048_001108,эм,,1.0,1.0,1
train-00000-of-00048_001109,мені,من,1.0,1.0,1
train-00000-of-00048_001110,не істе не сөйлеуім керекпін,nissurungirepan,1.0,1.0,5
train-00000-of-00048_001111,сен кімді таңдайсың,сен кімді таңдайсың,0.0,0.0,3
train-00000-of-00048_001112,мен де апаны таңдаймын,мен жапан таңдаймын,0.5,0.18181818181818182,4
train-00000-of-00048_001113,құлттың,,1.0,1.0,1
train-00000-of-00048_001114,не үшін барлықтарын мені таңдамайсыңдар,не үшін балықтарың мені таңдамайсыңдар,0.2,0.05128205128205128,5
train-00000-of-00048_001115,мен де күшсіз беремін ғой бізде бізде де күшті тамақтар беріледі немене немене немене маған тәнәмесіңдер,мен де күшсіз беремін ғой бізде бізде де күшту тамақтар беріледі немене немене неме маған танау есіңдер,0.25,0.0673076923076923,16
train-00000-of-00048_001116,туғармыз доғармыз,тоғарыңыз тоғарыңыз,1.0,0.35294117647058826,2
train-00000-of-00048_001117,балалалардың таңдауы,pallart tandaw,1.0,0.95,2
train-00000-of-00048_001118,әжей болатын болса,әжи болатын болса,0.3333333333333333,0.1111111111111111,3
train-00000-of-00048_001119,мұнда,ونضعب,1.0,1.0,1
train-00000-of-00048_001120,сіздердің барлықтарыңыз әженің үйінде тұрасыздар,сіздердің барлықтарыңыз әжернеене дұрастар,0.6,0.25,5
train-00000-of-00048_001121,ал әже сіз өзіңіз қайда тұрасыз,ал әже сіз өзіңіз қайда тұрасыз,0.0,0.0,6
train-00000-of-00048_001122,баянника доктор трамп,بينi kرا دکتr trump,1.3333333333333333,0.9047619047619048,3
train-00000-of-00048_001123,шәрек,شر,1.0,1.0,1
train-00000-of-00048_001124,біз оны сосын көрерміз,bez ono sosno korernosi,1.0,0.9090909090909091,4
train-00000-of-00048_001125,бірақ та,برات,1.0,1.0,2
train-00000-of-00048_001126,балалалардың айтуы бойынша,балалардың айтуы бойынша,0.3333333333333333,0.07692307692307693,3
train-00000-of-00048_001127,өздерінің үйлері бар екен,өз ердиң үйлери бар екен,0.75,0.2,4
train-00000-of-00048_001128,ол үйде обычный төртеуі тұрады төртеуі өмір сүреді және ол,ол үйде обычный төртеуі тұрады төртеуі өмірі сүреді және ол,0.1,0.017241379310344827,10
train-00000-of-00048_001129,барлығына жетерлік үй,بارلغناجتلكي,1.0,1.0,3
train-00000-of-00048_001130,олардың өздерінің зарплатасы бар екен кішкентай болып алып,олардың өздерінің зарплатасы бар екен кішкентай болып алып,0.0,0.0,8
train-00000-of-00048_001131,еще олар апамен тұрай деватыр,eще лрапамentратевaтoр,1.0,0.4827586206896552,5
train-00000-of-00048_001132,сөйлейді,,1.0,1.0,1
train-00000-of-00048_001133,жақсы,شخص,1.0,1.0,1
train-00000-of-00048_001134,енді мен қазір апаның үйіне барармын,енді мен қазір апалы үне барарым,0.5,0.16666666666666666,6
train-00000-of-00048_001135,одан кейін апануи сіздерге жарамды болса онда сіздерді толықтай әжемім,одан кейін апануе сізерге жарамды болса онда сіздерді толықтай әженің,0.3,0.05714285714285714,10
train-00000-of-00048_001136,үйіне от тігетін боламыз,ине өттүкетін боламыз,0.75,0.2916666666666667,4
train-00000-of-00048_001137,ал егер,ал егер,0.0,0.0,2
train-00000-of-00048_001138,жағдайы жетпей сендерді баға алмаса,жағдайы жетпей сендерді баға алмаса,0.0,0.0,5
train-00000-of-00048_001139,онда біз,وندابس,1.0,1.0,2
train-00000-of-00048_001140,жетімдер үйіне өткізетін боламыз,жетімдерүне өткізетін боламыз,0.5,0.09375,4
train-00000-of-00048_001141,бүгінгіңіздің өзіңіздің өзіңіздің өзіңізді,,1.0,1.0,4
train-00000-of-00048_001142,сот шешімі әлі қабылданған жоқ өйткені біз әлжірейін көруіміз керекпіз,сот шешімі әлі қабылданған жоқ өйткені біз әжерейін көруміз ерекміз,0.3,0.07142857142857142,10
train-00000-of-00048_001143,енді кет әзірлейін бе,ينt كت عجري,1.0,0.9047619047619048,4
train-00000-of-00048_001144,осы менің үйім,smன 위யம,1.0,0.9285714285714286,3
train-00000-of-00048_001145,мінеки менің үйім көрсеңіздер болады,онеки мену инкурсенсер болата,1.0,0.4444444444444444,5
train-00000-of-00048_001146,ники,نكي,1.0,1.0,1
train-00000-of-00048_001147,бұл үйде кім кімдер тұрады сізден басқа,бұл үйді кім кімдер тұрады сізден басқа,0.14285714285714285,0.02564102564102564,7
train-00000-of-00048_001148,менің үйімде менің шалым қара тұрады басқа менің екеуміз ғана тұрамыз бұл үйде,менің үйімде беру шалымғара тұрат басқа мен екеуміз қара тұрамыз бұ үйде,0.5384615384615384,0.16666666666666666,13
train-00000-of-00048_001149,онда не үшін сізде төрт төсе төрт төсек мынаяқта біреуі мынаяқта екеуі анаяқта бір төсек ол жаққа екі адам жазады төрт төсек не үшін жатыр,онда не үшін сізде төрт төсеп наяқта біреу наяқта екеу анаяқта бір төсек олдақа екі адам жтөрт төсек не шін жатырп,0.52,0.2028985507246377,25
train-00000-of-00048_001150,ой екі адамды тозерте салып екеуің жатамыз мына екеуін біз артық алып қойғанбыз ол тағы да біреулерді тұрғызамыз ба деп,алай ә екі адамды тоз ерттешалам екеуінде атамыз мынай екеуін біз артық алып болғанмыз ол тағы да бір өлер тұрғызамыз ба деп,0.5,0.19327731092436976,20
train-00000-of-00048_001151,ал жарайды,ал жарайды,0.0,0.0,2
train-00000-of-00048_001152,онда төрт адамды,wonda turta dndi,1.0,1.0,3
train-00000-of-00048_001153,4 адамдық төсек бар,dört ayamlı tocak bar,1.0,1.0,4
train-00000-of-00048_001154,алтаусыздар сонда қалған екеулер қайдар айтады,алтаусыздар сонда қалған некелер қайдар атат,0.3333333333333333,0.10869565217391304,6
train-00000-of-00048_001155,жерге төсек салып беремін ғой соған жайсыз салады не бопты,жерге төсүк салып берем бол суган жайса саат еопты,0.8,0.25862068965517243,10
train-00000-of-00048_001156,жарайды,جر,1.0,1.0,1
train-00000-of-00048_001157,сіздер келісесіздер ме жерге төсек салуға екі адамдарыңыз,сиздер келсез терме жерге түзөк салуга еки адамдарыңыз,0.75,0.21052631578947367,8
train-00000-of-00048_001158,иә иә келісемін,ә ә келсемін,1.0,0.2,3
train-00000-of-00048_001159,жарайды,چر,1.0,1.0,1
train-00000-of-00048_001160,онда сіздер осы үйде тұрсаңыздар,онда сіздер осы үйде тұрсаңыздар,0.0,0.0,5
train-00000-of-00048_001161,шешілді,شېشىلدى,1.0,1.0,1
train-00000-of-00048_001162,бізде жетімдер үйіндегі төрт бала яғни мержан жанат кәусар аяжан бізде,бізде жетімгер үйіндегі төрт бала яғни мержан жанат кәусәр айяжан бізде,0.2727272727272727,0.04285714285714286,11
train-00000-of-00048_001163,апанның университеті болды,апаның үйне өтілетін болды,1.0,0.4230769230769231,3
train-00000-of-00048_001164,бәрібір де олар сіздей емес апаны таңдады,бәрі бірде олар сізде емес апаны таңдады,0.42857142857142855,0.07317073170731707,7
train-00000-of-00048_001165,ал апам үйі келе ме екен,алапан үйе келенмекен,1.0,0.25,6
train-00000-of-00048_001166,ал балалар сіздер қуаныштысыздар ма,ал балалар үстер қуанышты стар ма,0.6,0.22857142857142856,5
train-00000-of-00048_001167,әрине мен қатты қуаныштымын мен де қуаныштымын онда өздеріңіздің үйлеріңізге заттарыңызды жинап апаның үйіне өтіңіздер,әрине мен қатты қуаныштымын мен де қуаныштымын онда өздеріңіздің үйлеріңізде заттарыңызды жинап апаны үйіне өлтіңіздер,0.2,0.025423728813559324,15
train-00000-of-00048_001168,аха жарайды,عخاجريدم,1.0,1.0,2
train-00000-of-00048_001169,құрады,,1.0,1.0,1
train-00000-of-00048_001170,инде,يند,1.0,1.0,1
train-00000-of-00048_001171,ал орындарыңыздан тұрып тарқай берсеңіздер болады ал балалар сендерге менің қолыма өткендердің аты ма иә иә қатынады мен қатты қуанышты болып тұрмын мен де қуанышты болып тұрмын,ал орындар узан тұрып тарқай берсеңіздер болады ал балалардың сендерге менің қолыма өткендерін ан ма ә я қатынады мен қатты қанышты боып тұрмын менде анышты болып тұрмын,0.4444444444444444,0.10734463276836158,27
train-00000-of-00048_001172,ал ана үйлеріне жаттайын деп алыңдар ма,ал ара иллерне заттайынде алындар ма,0.7142857142857143,0.20512820512820512,7
train-00000-of-00048_001173,иә біз жаңа алып алғанбыз жолдар,ә біз жаңа алағымыз жолдар,0.5,0.25,6
train-00000-of-00048_001174,ал шалым есігін ашсын,ал шалымы ескін ашын,0.75,0.19047619047619047,4
train-00000-of-00048_001175,біздің,,1.0,1.0,1
train-00000-of-00048_001176,бұл сен бе кемпірім иә иә мен ғой,бұл сен ба кемпірім иә иә мен ғой,0.125,0.030303030303030304,8
train-00000-of-00048_001177,жаңа жұмыс істеп жүргізді,,1.0,1.0,4
train-00000-of-00048_001178,сол мінекей мен өзіммен бірге балаларды алып келдім,сол мінеки бен өзімен бірге бағаларды алып келдім,0.5,0.09803921568627451,8
train-00000-of-00048_001179,ойбай бұл тағы қандай ойлар,олда бұл тақ қандай молбар,0.6,0.2962962962962963,5
train-00000-of-00048_001180,мәссаған мынаның барлығы біздің үйде тұра ма,бәсы саған мынаның барлығы бізінеде тұра ма,0.5714285714285714,0.18181818181818182,7
train-00000-of-00048_001181,иә күнтақ балаңа,йә көтаҡпаламы,1.0,0.5,3
train-00000-of-00048_001182,біздің үйде то есть тұра берсін біздің үйде білетіндерсіңдер иә,bizn ude to sraversin bizin uyde blatintarsindarem,1.0,0.9047619047619048,10
train-00000-of-00048_001183,иә иә білеміз ғой,يايا بليمزغي,1.0,0.9411764705882353,4
train-00000-of-00048_001184,ой қырмайсың ба балақай не үшін тұрсың әәәә,kөmisіmе baлaqa nешu тұрsың a,1.0,0.7209302325581395,8
train-00000-of-00048_001185,бақыт бірге көңіл көтеріпті,bakt brgе kongul koтеrpt,1.0,0.8148148148148148,4
train-00000-of-00048_001186,әә,嗯,1.0,1.0,1
train-00000-of-00048_001187,үлкен өзгеріс болады аяқ асты басталады қайғы қылыш жөндейді,үлкен өзгеріс болап аяқ асты басталады қайқы құлыш жілдейд,0.4444444444444444,0.11666666666666667,9
train-00000-of-00048_001188,кездескен бас домалайды сәуірдің ортасында айтылады айтылғанда оның нүктесі ойлады әрі қарай бәрі жақсы болады мынау сол кезде ағайынға келгенде өздеріңізге сол мен былай елді шулатпаймын деп ақырын айтқан үлкен өзгеріс болады аяқ асты басталады ешкім күтпеген жердің арты үлкен дауға айналады,кездескен бастамалайы сәуірдің ортасында айтолад айтолғанда оның мүктесі қойылады әр қарай бәрі жақсы болады мынау сол кезде ағайында келгенде өздеріңізде сол мен былай елді шулатпайын деп ақырын айтқам үлкен өзгеріс болады аяқ асты басталады ешкім күтпеген жердің арты үлкені тауға айналады,0.30952380952380953,0.05802047781569966,42
train-00000-of-00048_001189,бұл айғайдың арты ақпанға жетеді,واللهلغيدف أحقنغشت,1.0,0.96875,5
train-00000-of-00048_001190,наурызда ғана шешімін табады,نل نشيشمنتب,1.0,0.9642857142857143,4
train-00000-of-00048_001191,сәуірдің ортасында ай толады ай толғанда оның нүктесі қойылады ары қарай бәрі жақсы болады болашақтың бәрін 1 алла біледі,сәуірдің ортасында айтолат айтолғанда оның мүктесі қойылады әрқарай бәрі жақсы болады болашақтың бәрін бірауза білеп,0.5263157894736842,0.12396694214876033,19
train-00000-of-00048_001192,алла қаласа өзінің айттым ғой жаңағы сүйген құлдары әулиенің әруақ арқылы аянын береді,алла қаласа өзінің айттың мой жаңа сүйген құлдары әуледің әубақ арқылы аянын береді,0.38461538461538464,0.09302325581395349,13
train-00000-of-00048_001193,егер халықтың ниеті түзу болса,е халықтың ниеті дүзуі болса,0.4,0.16666666666666666,5
train-00000-of-00048_001194,міне кезінде айтылды бабалар түсіп үлгеріп аян бергенде мына коронавирустың билетін ұнайды деп үлкен ескерту болды,міне кезінде айтылды бабалар түсігібір баян бергенде мына коронавирустің келетінін айтты үлкен ескертуі болды,0.5,0.18421052631578946,16
train-00000-of-00048_001195,мазақтап мені талай жерге сөз апарып жаңағы осылай мінім сахабалдар мені жаңағы аллахқа серік қосушы ширық деген жаңағы әлбақ жоқ сүйеу қурап қалған деп,мазактап мени тала жезге сөз апар жаңа осола менен сахалылар мен жаңа аллахка сырык болсош шырык деген жаңа алурак жок сүйө урактаган деп,0.875,0.28289473684210525,24
train-00000-of-00048_001196,жаңа көпсөздер айтты,جمركسزريت,1.0,1.0,3
train-00000-of-00048_001197,мен тек қана дәнекерім дедім әбігерім дедім,меن тек қاн дәنекеرм де әлеі,0.8571428571428571,0.46511627906976744,7
train-00000-of-00048_001198,әулие бабамыз асан қайғы,ومم是上ب的,1.0,1.0,4
train-00000-of-00048_001199,айтады ғой,给تد,1.0,1.0,2
train-00000-of-00048_001200,қонысыңды жамандама қуыма ұр тұтады халқыңды жамандама,qonsın jamandama қuman u ra ota хаlkınдa jamandama,1.1428571428571428,0.8148148148148148,7
train-00000-of-00048_001201,әрбір қысыр,عررقصر,1.0,1.0,2
train-00000-of-00048_001202,әулиенің аяны ол алланың белгісі думалаған қан құсады дейді бабалар бізге ана жақтан ескерту береді естерің біз жиыңдар дейді соны елесек жақсы болар еді өйткені баяғы ата бабамыз қазақ ата бабамыз осыны елеп ескеріп әруаққа сыйлап өткен деп,әуленің аяны ол алланың белгісі бұрмаларған қаң құсатпи бабалар бізге ана жақтан естерге береді естеріміз жиындарди соны ерлесек жақсы болар еді өйткені баяғы ата боа қазаы қазақ ата баланбыз осына елеп ескеріп әруаққа әр уақта сылап өткендір,0.5,0.2074688796680498,38
train-00000-of-00048_001203,қазір жаңағы мына жаңағы жат діни ағымдар жаңағы бүгінгі ұйымның біз басынан,қазір жаңағы мына жаңағы жаттыния ғымдар жаңағы бұрынғы ұйымның бағытыннан,0.5,0.2236842105263158,12
train-00000-of-00048_001204,әруағынан тарихынан ажыратуы жағынан өте қатты көп жұмыс істеді,әр уағынан тарихынан ажырату замынан өте қатты кір жұмыс істеді,0.5555555555555556,0.09523809523809523,9
train-00000-of-00048_001205,сол себептен жаңағы қиындау болды қазір жаңағы жерде,说期就定这到不开始这了,1.0,1.0,8
train-00000-of-00048_001206,айғақ жоқ сүйегі ұрап қалған оның бәрі шүйіріп аллахқа серік қосылшы деген жағдай алла сақтасын аллаға серік ешкім қоса алмайды,айуақ жоқ сүйе урап қаған оның бәрі шеіріп аллаққа серіп қосылшо дегені алла сақтасын аллақа серіп ішкім қосалмай,0.75,0.1889763779527559,20
train-00000-of-00048_001207,алла жалғыз,了家,1.0,1.0,2
train-00000-of-00048_001208,белгісін береді тек қана өзінің сүйікті құлдарына солар деп жеткізеді,белгісін берет тек қана өзінің сүйік туғылдарына солар кеп жеткізед,0.5,0.13043478260869565,10
train-00000-of-00048_001209,че уверен,شورن,1.0,1.0,2
train-00000-of-00048_001210,мен сындыршы ауылыңды,мен сындішалынды,0.6666666666666666,0.3333333333333333,3
train-00000-of-00048_001211,құпт,чеs ty pepokoс пoкаżиć,4.0,5.25,1
train-00000-of-00048_001212,эй чоу олай емес брат негізі боксерлер да көшеде нормально төбелесіп қойды ғой эй чоу иә менің ана боксер братаным бар ғой,этчо ола эмес брат негизи боксерларды көчейлен нормальны тублис койлу чэми ана боксер братанын бар гой,0.8181818181818182,0.3442622950819672,22
train-00000-of-00048_001213,кәдімгідей өзін район ұшып атады ол,тәріде өзінің районын шолатады ол,0.8333333333333334,0.4,6
train-00000-of-00048_001214,әзіктер,لازم تر,2.0,1.0,1
train-00000-of-00048_001215,боксер анау боксер мынауды үйреніңдерші,baksrana baksırna düürmndir,1.0,0.9487179487179487,5
train-00000-of-00048_001216,мені меңдейтін боксторларды борестер сындырған,мені мендейтін баксеорларды барестір сындырған,0.6,0.10869565217391304,5
train-00000-of-00048_001217,есімдер,يس,1.0,1.0,1
train-00000-of-00048_001218,жаңағы,,1.0,1.0,1
train-00000-of-00048_001219,сөйтіп отырады,,1.0,1.0,2
train-00000-of-00048_001220,все они дерски дерски дерски дерски тачки немецки деньги немецки сучки известны,сеоми дерски дерски дерски дерски тачки немецкие деньги неместные сучкы известны,0.4166666666666667,0.12658227848101267,12
train-00000-of-00048_001221,тағы,تس,1.0,1.0,1
train-00000-of-00048_001222,әлің апарат әңгіліңіздер,لمبركلف,1.0,1.0,3
train-00000-of-00048_001223,құдай қалай,拿快,1.0,1.0,2
train-00000-of-00048_001224,иә кеше сен қашан келесің көмекке сағатты айтып кеттіңдер ме,يα كσيσاπشκνس πμικεساغανrνا,1.0,0.9666666666666667,10
train-00000-of-00048_001225,ал жансаяның каналына қош келдіңіздер жансаяның қадамына,ал жансаяның каналына қош келдіңіздер жансаяның қадамына,0.0,0.0,7
train-00000-of-00048_001226,құт тілеп өздеріңіздің ізгі ықыластарыңызды білдіре кетсеңіздер көп сұрадыңыздар мен ой сәл өсіңкіре өскеннен кейін ашасың канал деп жүрген едім,құт тілеп өздеріңіздің ыс ізгі ықыластарыңызды білдіре кетсеңіздер көп сұрадыңыздар мен ой сәл өзсің кіре өскеннен кейін ашасың канал деп жүргенедім,0.25,0.041666666666666664,20
train-00000-of-00048_001227,жансая сіздердің комментарияларыңызды оқып алып,жанция сіздердің комментарийларыңызы охып алып,0.6,0.10638297872340426,5
train-00000-of-00048_001228,мама деп екі айдан бері миымды жеп сонымен бүгін каналын ашып отыр ма,ма ма деп екі айдан бері мұымды жеп сонымен бүгін каналым ашып отыр ма,0.3076923076923077,0.043478260869565216,13
train-00000-of-00048_001229,әсіріңіздер маған,sm,1.0,1.0,2
train-00000-of-00048_001230,құт тілеймін өзім анасы ретінде бастаған ісің оң болсын және де діттеген мақсатыңа арманыңа жете бер,құт білеймін өзім анасы ретінде бастаған ісің оң болсын жәнде діктеген мақсатыңа арманыңа жете рер,0.3125,0.05,16
train-00000-of-00048_001231,бірінші күні әкеліп келген,جی بنجو کی می تتی,1.25,0.8846153846153846,4
train-00000-of-00048_001232,бізге көмектесіп жібер,فزجا كومينتيسبجبير,1.0,0.9545454545454546,3
train-00000-of-00048_001233,бүгін кешкі автоматты,nchische asramade,1.0,0.9523809523809523,3
train-00000-of-00048_001234,содан кейін манты жеп болғаннан кейін прогулкиге барып қайтайық иә,ناك مانتجك كربوكبرقدا,1.0,0.9696969696969697,10
train-00000-of-00048_001235,давай паркке барып айтайын президентский паркке барып айтамыз үйдің жанындағы әкеміздің қолы тиіп жатса теңізге баруымыз мүмкін,да партия бар қайта а президентский парт деп арып айтамыз үйден жанындағы әкеміздің қолы киіп жатса кеіңізге баруыңыз мүмкін,0.7058823529411765,0.18110236220472442,17
train-00000-of-00048_001236,ал қыздар тамақтан соң кешкі прогулкаға шықты жансай аяла қолдарын көтеріп қойыңдар,ал қыздар тамақтан соң кешкі прогулкаға шықты жаңсай аяла олдарын көтеріп қоындар,0.25,0.04819277108433735,12
train-00000-of-00048_001237,жабылысы ашытты,прабылса ашытты,0.5,0.26666666666666666,2
train-00000-of-00048_001238,үйдің қасындағы,үйдің қасындағы,0.0,0.0,2
train-00000-of-00048_001239,не маяк,你م呢,1.0,1.0,2
train-00000-of-00048_001240,ал достар өздеріңіздің қолдауларыңызбен көп сұрауларыңызбен жансая өзіне канал ашып жатып қолдап,ал достар өздеріңіздің қолдауларыңызбен көп сұрауларыңызбен жансая өзіне канал ашып жатыр қолдап,0.08333333333333333,0.010416666666666666,12
train-00000-of-00048_001241,басқан қадамына құт тілеп комментарийге жақсы ізгі тілектеріңізді тілеп қойыңыздар,басқан қадамына құт тілеп комментарийге жақсы ізгі тілектеріңізді тілеп қойыңыздар,0.0,0.0,10
train-00000-of-00048_001242,жансая,jansea,1.0,1.0,1
train-00000-of-00048_001243,бисмиллях деп өз каналын ашып жатыр,бес миллях деп өз каналын ашып жатыр,0.3333333333333333,0.05714285714285714,6
train-00000-of-00048_001244,қалай болса да мен бәрібір ұтамын деп жатыр жансая екеуміз,қалай боса да мен бәрі бір ұтамым де жатыр жансай екенміз,0.7,0.10344827586206896,10
train-00000-of-00048_001245,достарымыз жансая екеуміз спорластық,достарбі жансаекерміз спорластық,0.75,0.19444444444444445,4
train-00000-of-00048_001246,бір видеомен,per video mel,1.5,1.0,2
train-00000-of-00048_001247,сен он мың подписщик жинаса әрі қарай ютуб каналыңды сөйлесесің де келіп жатырмын да а бұл уверенно менің достарым мені қолдайды мен оның да кісіге әшейін ағаш екенмін дейді,сен онның фактишке жинаса әр қарай ютуб каналыңды сізізесіңді кейіп жатырмына абул верина менің достарым мені қолдайп мен оныда кешеке әшенағыж екенің дейді,0.6551724137931034,0.24277456647398843,29
train-00000-of-00048_001248,көрейік,كري,1.0,1.0,1
train-00000-of-00048_001249,ал достар,алдысар,1.0,0.3333333333333333,2
train-00000-of-00048_001250,көреміз алда жайлап жүрдік үйрене десең деп айналысып жатырмыз,көремсалда сайлап жүрзөп үйренебесінде барсылатырмыз,1.0,0.3387096774193548,9
train-00000-of-00048_001251,қолдау сіздерден ал қызық қызық контент жансаядан болады,толдау сіздерден ал қызық қызық контен жансай адам болады,0.5,0.10714285714285714,8
train-00000-of-00048_001252,жансаялардың көрермендері келіп суретке түсіп жатыр кішкентай ғана біздің ханшайымдар танып,жан саялардың көрермендері келіп сөрке түсіп жатыр кішкентай ғана біздің қаншайымда танып,0.36363636363636365,0.06593406593406594,11
train-00000-of-00048_001253,караңғыда,کرقت,1.0,1.0,1
train-00000-of-00048_001254,хо хо хо хо,,1.0,1.0,4
train-00000-of-00048_001255,әй еректер кішкентай ғана,еректер кішкентай ғана,0.25,0.12,4
train-00000-of-00048_001256,есімің кім сен тәтті қыздың,жесімің кім сен тәтті қылдың,0.4,0.07407407407407407,5
train-00000-of-00048_001257,аха,嗯,1.0,1.0,1
train-00000-of-00048_001258,айзере сенікі,iseria senk,1.0,0.9230769230769231,2
train-00000-of-00048_001259,мәдина айзере деген сұлу қыздар бізде міне,мадина әйзере деген сұлу қыздарбызге міне,0.5714285714285714,0.11904761904761904,7
train-00000-of-00048_001260,міне жансая сендерге арнап видео түсіреді енді,mune jam saa sindir garnab bijo siredenda,1.0,0.9347826086956522,7
train-00000-of-00048_001261,елжан сәттілік,е жаны сәптілік,1.5,0.21428571428571427,2
train-00000-of-00048_001262,анау жатыр ма жалпы мақұра жап жасыл әдемі апарып,ана жаты ма жалпы нақара жап жасылай дем апар,0.6666666666666666,0.20408163265306123,9
train-00000-of-00048_001263,иә роликтерімді алып келеміз,a rolt ta rol perndatkelemssa,1.25,1.0357142857142858,4
train-00000-of-00048_001264,сол үлкен роликтерің өздеріңе ұнамай жүр ау иә аяқтарыңа қатты дауға,сол үлкені роликтерің өздеріңе ұнамай жұрады я аяқтарыңа хатты деу ма,0.6363636363636364,0.16176470588235295,11
train-00000-of-00048_001265,ыңғайсыз емес па,o ngayisizeni lespa,1.0,1.125,3
train-00000-of-00048_001266,иә ана балтырлары дауыртпай ма,ана балтырларчлыртпаймы,0.8,0.3333333333333333,5
train-00000-of-00048_001267,онда джазға басқа роликке заказ береміз ғой иә,مند جازغة بصغرو بسكزبلومزويا,1.0,0.9347826086956522,8
train-00000-of-00048_001268,сіз жасайын көңілдеріңізді көтеріп жүр ме,сізе жансы я көңіллеріңізі көтеріп жүр ма,0.8333333333333334,0.21951219512195122,6
train-00000-of-00048_001269,бақ,,1.0,1.0,1
train-00000-of-00048_001270,кеттің,ك,1.0,1.0,1
train-00000-of-00048_001271,құдаймын,,1.0,1.0,1
train-00000-of-00048_001272,не істейсің мысалы қалай істемейді ғой кете аласың ба,م,1.0,1.0,9
train-00000-of-00048_001273,құдай қалай қалай қалай,,1.0,1.0,4
train-00000-of-00048_001274,сөйтіп тұрмын,,1.0,1.0,2
train-00000-of-00048_001275,сөйтіп отырмын,,1.0,1.0,2
train-00000-of-00048_001276,премьерке,لميحكي,1.0,1.0,1
train-00000-of-00048_001277,жаңағы жаңағы,,1.0,1.0,2
train-00000-of-00048_001278,барамыз,برام,1.0,1.0,1
train-00000-of-00048_001279,сая қазір распаковка жасаймын деп тұр әкесіне көшіп тұрмыз әкесі,казі распоковка жасаймын деп тұр акесіне кішітірміз акесі,0.7,0.21875,10
train-00000-of-00048_001280,бұл бұл бұл бұл,,1.0,1.0,4
train-00000-of-00048_001281,ааааа,啊,1.0,1.0,1
train-00000-of-00048_001282,сізде екі ұстаған қарайтын еді деп қалаңыздар тұр ма,сізде екі стан қарайтын еті деп қаныз датыр ғо,0.5555555555555556,0.25,9
train-00000-of-00048_001283,түсіріватырсың ба,сөрөп атырсың ба,1.0,0.35294117647058826,2
train-00000-of-00048_001284,бізде қазір жақсы өзі жасар иә,زيك جs ز جسار,1.0,0.9,6
train-00000-of-00048_001285,қазақсыздар мен ұлттың,زستع من,1.0,0.9545454545454546,3
train-00000-of-00048_001286,несінің төңселлаға түскіресе,etentensela asulita,1.0,0.9642857142857143,3
train-00000-of-00048_001287,иә әліпт,يا لب,1.0,0.875,2
train-00000-of-00048_001288,хмэхмэхмэхмэх,,1.0,1.0,1
train-00000-of-00048_001289,әуескә,و,1.0,1.0,1
train-00000-of-00048_001290,сәлем сәлем достар жансайынның бәрі де қызық анасына қош келдіңдердостар бүгін бізде блог жүргізейін деп жатырмын достар білесіздер ме мен осы каналды мамаға аштыру үшін маманың артында екі ай жүрдім ғой мама мама каналымды ашып беріңізші пожалуйста плис плис деп достар бұл сіздерге екі ағай ма емес бұл маған прям екі жыл өткендей болды ғой екі ай мама сосын ашып берді достар енді жансая мен бәрі де қызық арнасына қош келдіңіз,сәлем сәлем достар жан сайымен бәріде қызық арнасына қош келдіңдер достар бүгін бізде влог жүргізеңдеп жатыр достар білесіздер ма мен осы каналды мамаға аштыру үшін маманың артына екі ай жүрдім ғой мама мама каналымды ашып беріншіп пажалыста плиз плиз деп достар бұл сіздерге екі аай ма емес бол маған пірям екі жыл өткендей болды ғой еі мама сосын ашып берді достар енді жан сайымен бәріде қызық арнасына қошкелдіңд,0.38028169014084506,0.09534883720930233,71
train-00000-of-00048_001291,достар менің алғашқы басқан қадамыма құтты деп қойыңыздаршы достар менің осы арнамды 10 мың подписчикке жеткізіп тастаңыздаршы ал достар неге мен 10 мың подписчикке жеткізіп тастаңыздаршы деп отыр деп ойлайсыздар өйткені біздің мамам екеуіміз спорластық бұл каналды ашпай тұрып мама айтады осы бір таныстыру блогтан сен егерде 10 мың подписчик жинап тастасаң әрі қарай каналды ж ал егер де осы бір видеодан 10 мың подписчик жиналмаса,достар менің алғашқы басқан қадамма құттілеп қойңыздаршы достар менің осы арнамды о 0ы0 потписикке жеткізіп тастаңыздаршы ал достар неге мен он мы0 потписшикке жеткізіп тастаңыздаршы деп отыр деп ойлайсыздар өйткені біз мама мекеміз спорластық бұл каналды ашпай тұрып мама айтады осы бір таныстыру влоктан сен негерде о0ы0 потписик жинап тастасаң арқарай каналды жүргізе беруге рұқсат дейді ал егерде осы бір видеодан о 0ы0 потпишик жинеалмаса,0.45454545454545453,0.16166281755196305,66
train-00000-of-00048_001292,ары қарай каналды өшіріп тастайды достар өтінемін тез тез маған оны подпиське жеткізіп тастадыңыз,ар қарай каналды өшірік тастай туыстары өтінем тиістес маған оның патпишіге жеткізіп тастаңызбжалғасуда,0.7142857142857143,0.32989690721649484,14
train-00000-of-00048_001293,біз әке екеуіміз осындай әдемі сағаттілдік ма әдемі менің ливаныма әдемі болып тұр иә достар,біз әке екеміз осындай әдемі саға тілдік әдемі менің диваным әдемі болып тұре достар,0.4,0.11956521739130435,15
train-00000-of-00048_001294,прям күшті ұйқасып тұр ал енді мамалар ана жақта манты жасап жатыр біз әке екеуміз осыны істедік мұхаммедтерге қарадым,прям күштій қасып тұр ал енді мамалар ана жақта манты жасап жаттыр біз әке екеміз осын істедік мұхаммедтерге қарады,0.3157894736842105,0.059322033898305086,19
train-00000-of-00048_001295,мама мантын түйіватсыздар ма,mama mantы jivatsdarma,1.0,0.8928571428571429,4
train-00000-of-00048_001296,елпыны,ي不ن,1.0,1.0,1
train-00000-of-00048_001297,иә рақмет мен қазір қолымды жуып келіп мантыны жиып көмектесейін,ә рахмет мен қаз қолымды жуп келіп мантына жиіп көмектесе,0.7,0.15625,10
train-00000-of-00048_001298,иә,爷,1.0,1.0,1
train-00000-of-00048_001299,жаңағы жақырмын,ن,1.0,1.0,2
train-00000-of-00048_001300,иә мені қолдап қойыңыз,nd,1.0,1.0,4
train-00000-of-00048_001301,жән,,1.0,1.0,1
train-00000-of-00048_001302,сәлем достар сіздер мені ауылдан сәлем арнасы арқылы танисыздар өз арнамдағы алғашқы блогымда өзім жайлы қысқаша мәлімет бере кетейін,сәлем достар сіздер мені ауылдан сәлем арнасы арқытанисыздар өз арнымдағы алғашқы влогымда өзім жаяла қысқаша мәлімет бере кетейін,0.2631578947368421,0.05263157894736842,19
train-00000-of-00048_001303,өздеріңіз танитын мен жансая жасым онда,өздеріңіз данитын мен жансая жасым он да,0.5,0.05128205128205128,6
train-00000-of-00048_001304,менің сүйеп ішетін астарым манты,менің сүйеп ішетін астарым манты,0.0,0.0,5
train-00000-of-00048_001305,лаваш ромеон,лаваж рамьон,1.0,0.25,2
train-00000-of-00048_001306,айта берсем таусылмайды менің сүйікті тістерім күлгін ақ қара жасыл көк,айта берсем таусылмайды менің сүйітті түстерім күлген ақ қара жасы көп,0.45454545454545453,0.07042253521126761,11
train-00000-of-00048_001307,сүйікті әншілерім жалпы мен қазақстанның барлық әншілерін қолдаймын,сүйікті әншілерім жалпы мен қазақстанның бәрқ әншілерін қолдаймын,0.125,0.04477611940298507,8
train-00000-of-00048_001308,менің канал ашқаныма алғаш болып қуанып жүрген сіңілім аяла аяла екеуміз осы каналда сіздердің көңілдеріңізді көтеруге тырысамыз,менің канал ашқаныма алғаш болып қуанып жүрген сіңілім аяла аяла екеуміз осы каналда сіздердің көңілдеріңізді көтеруге тырысамыз,0.0,0.0,17
train-00000-of-00048_001309,ал достар бір аллаға сыйынып жаңа каналымда өз жұмысымды бастаймын,ал достар бір аллаға сыйынып жаңа каналда өз жұмысымды бастаймын,0.1,0.030303030303030304,10
train-00000-of-00048_001310,маған тілеулес болып бастаған ісіме береке тілеп қойыңыздар рақмет достар сіздердің қолдауларыңызды қазірден бастап сезініп жатырмын,маған тілеулес болып бастаған ісіме берекке тілеп қойыңыздар рахмет достар сіздердің қолдауларыңызды қазірден бастап сезініп жатырмын,0.125,0.015151515151515152,16
train-00000-of-00048_001311,ал достар үміттеріңізді ақтауға тырысамын,ал достар үміттеріңізді ақтауға тырысамын,0.0,0.0,5
train-00000-of-00048_001312,а достар,اتوستار,1.0,1.0,2
train-00000-of-00048_001313,менің инстапарақшама да тіркеліп алыңыздар ютуб пен инстапарақшам екеуі де жансая еркінбекқызы тіркеліп алыңыздар,менің инста парақшамада тіркеліп алыңыздар oютуб пен инстапарақшам екеуі де жансая еркінбек қызы тіркеліп алыңыздар,0.35714285714285715,0.035398230088495575,14
train-00000-of-00048_001314,әлгімен,arra,1.0,1.0,1
train-00000-of-00048_001315,менде вообще күшті бір ролик алды авторы,ش,1.0,1.0,7
train-00000-of-00048_001316,сөйтіп отырмын,ت,1.0,1.0,2
train-00000-of-00048_001317,бірақ тыңдай кеттің ғой да мысалы жол жібереді,برخت ج,1.0,0.9782608695652174,8
train-00000-of-00048_001318,құдай қалай қалай қалай,,1.0,1.0,4
train-00000-of-00048_001319,айтыңыздыңыздыңыздыңыздыңыздыңыздыңыздығы,军的们美不保性的一个丢婚,1.0,1.0,1
train-00000-of-00048_001320,сөйтіп отырғанымыздың ба,,1.0,1.0,3
train-00000-of-00048_001321,жараса,,1.0,1.0,1
train-00001-of-00048_000000,достар біз үшін магнумға келді енді кешкі серуенімен әке мен мама айнала төртеуіміз магнум аралап жүрміз елмен бірге кәсеңіздер қатты ұстап алыңыздар,достар біз үші мазнұмға келді енді кешкі сервенмен әке мен мама аяла төтжеміз мазнұм аралап жүміз енмен бірге кәшеңіздер қаттыстабаңыздар,0.5454545454545454,0.15436241610738255,22
train-00001-of-00048_000001,сөйтіп жүрдіңіздердіңіздердіңіздерді,,1.0,1.0,2
train-00001-of-00048_000002,мамаға,老妈哥,1.0,1.0,1
train-00001-of-00048_000003,мама не смело тесно,好妈你是记,1.0,1.0,4
train-00001-of-00048_000004,не қатар мәселе менде бойыңызшы,nitikan materimma bwensa,1.0,0.9354838709677419,5
train-00001-of-00048_000005,жаңағы жаңағы жаңағы,你عدت啦,1.0,1.0,3
train-00001-of-00048_000006,мен ангелеме,بن عمم,1.0,0.9166666666666666,2
train-00001-of-00048_000007,құдай,,1.0,1.0,1
train-00001-of-00048_000008,тап қараңдар прямаяқта осындай киімдер бар,тап қаранда пямяқта осындай кеілдер бар,0.5,0.14285714285714285,6
train-00001-of-00048_000009,но не,ن你,1.0,1.0,2
train-00001-of-00048_000010,суфель мен басқұрт сондай халықтың киімдері бар екен ананың киімдері бар екен,суфермен барқыр сондай халқтың кеңдері бар екен амнаның кемдері бар екен,0.5833333333333334,0.16883116883116883,12
train-00001-of-00048_000011,давай осыларды алып ал,我sds,1.0,1.0,4
train-00001-of-00048_000012,а типа аиф,去爸阿姨,1.0,1.0,3
train-00001-of-00048_000013,иә,ي,1.0,1.0,1
train-00001-of-00048_000014,ровыт,رووت,1.0,1.0,1
train-00001-of-00048_000015,моман маңғадан,mma naقadan,1.0,0.9285714285714286,2
train-00001-of-00048_000016,мен ангельмін,مeن انگلمان,1.0,0.9230769230769231,2
train-00001-of-00048_000017,иә иә нәрсеңіздер,ya n anna elva,1.3333333333333333,0.8823529411764706,3
train-00001-of-00048_000018,иә,فيا,1.0,1.5,1
train-00001-of-00048_000019,осы да бар,осы да бар,0.0,0.0,3
train-00001-of-00048_000020,тө,对,1.0,1.0,1
train-00001-of-00048_000021,ал аралап жүрмейді кішкентай болып біледі,اله لجلمت شكرت,1.0,0.9512195121951219,6
train-00001-of-00048_000022,жоқ ескендеймін,سكي,1.0,1.0,2
train-00001-of-00048_000023,айыр,爷意,1.0,1.0,1
train-00001-of-00048_000024,такима рет остау кәдімгі ата маңызды мягкий шөк,تکیپاړه دوستا تکواره وa کنیaخکيشه,1.0,0.9148936170212766,8
train-00001-of-00048_000025,ес,ي,1.0,1.0,1
train-00001-of-00048_000026,құдай отырсыз,la,1.0,1.0,2
train-00001-of-00048_000027,мә әдеп екен үше үйсіздер шыға ма,ә дем екен көше есіле шыға ма,0.5714285714285714,0.30303030303030304,7
train-00001-of-00048_000028,ал достар міне продукт үйлерді алдық,әдейім екене ма ал достар мінен продукцияді алдық,1.0,0.6666666666666666,6
train-00001-of-00048_000029,әл данаға барамыз,әлданмаға барамыз,0.6666666666666666,0.11764705882352941,3
train-00001-of-00048_000030,кездері заты ма,fety tarazatany mah,1.0,1.2,3
train-00001-of-00048_000031,блогым жалғасуда,блогым жалғаз суда,1.0,0.125,2
train-00001-of-00048_000032,және үйге продуктілерді алып келдік уже кеш болып кеткеннен соң қарбызды жемейміз азамды ішейтін болдық иә,және үйге продукцилерді ап келді ж кеш болып кеткеннен соң қарпызы жемемін адамда жетін болдық ия,0.5625,0.16037735849056603,16
train-00001-of-00048_000033,қар,好,1.0,1.0,1
train-00001-of-00048_000034,жақсы көп,还有可,1.0,1.0,2
train-00001-of-00048_000035,сөйтіп тұр,,1.0,1.0,2
train-00001-of-00048_000036,12636 теңге болды,он екі мың алты жүз отыз алықтеңге бол,2.6666666666666665,1.7647058823529411,3
train-00001-of-00048_000037,ассалаумағалейкүм қазақстан менің аты жөнім сырым сағат жасым он екіде нұр сұлтан қаласынан келдім,ассаламу алейкум қазақстан менің аты жөнім сырым сағат жасым он екі де нұрсұлтан қаласынан келдім,0.35714285714285715,0.061224489795918366,14
train-00001-of-00048_000038,мен өскенде әнші немесе дәстүрлі әнші боламын домбырада ойнай аламын отыз қырық сондай ән боламын домбырамен дәстүрлі ән өзіме қатты ұнайды,мен өскемде әнчі немесе дәстүрләнчі болам домбырада ойнай алам отыз қырқ сондай әнблен домбыраме дәстүрлән өзіме қаттынайт,0.6666666666666666,0.15827338129496402,21
train-00001-of-00048_000039,отбасымызда 5 ағайындымыз 2 қарындасым 1 інім 1 ағам бар мен тағы інім болғанын қалаймын,отбасымызда бес ағайындымыз екі қарындасын бір інім бір аған бар тағы інім болғаны қалай,0.6,0.25,15
train-00001-of-00048_000040,қарындасым дәстүрлі әнге қарсы аталды аты айым алтыда маған қарап қызықты кейде қарындасымды дайындалдырамын домбыраға,қарындасым дәстүрленге қасатолды ат айым алтыда маған қарап қызықты күйде қарындасымды дайындалдырамы домбырағы,0.5333333333333333,0.09322033898305085,15
train-00001-of-00048_000041,мен әннен басқа футболға қызығамын кейде поляға барып достарым ағам мен футбол ән емес егер вокал дәстүрлі ән болмаса сол футболист болғым келеді қазақтың футболын дамытқым келеді,мен әннен басқа футболға қызығам сейдеп поляға барып достарым ағам мен футбол еңеміз егер вокал дәстүрлі ән болмаса сол футболис полым келеді қазақтың футболы дамытқым келеп,0.2962962962962963,0.08379888268156424,27
train-00001-of-00048_000042,мені осы ән әлеміне әкелген ол менің анам әкемде көмектескен әкем домбыра тартады кейде ән айтады қазақстан дауысы балалар жобасын жеңіп анам мен әкемнің үміттерін ақтағым келеді жеңілген сезім бар барлығы жеңесің алға деп қолдап отыр үйде,мені осы ән әлеміне әкелген ол менің анам әкемде көмектескен әкем домбырадарда кейде ән айтат қазақстан да осы балалар жобасын жеңіп анам мен әкемнің үміттерін ақтағым келеді жеңемдіген сезім бар бәрлығы жеңесің алға деп қолдап отыр иді,0.21621621621621623,0.07112970711297072,37
train-00001-of-00048_000043,бұл менің ең алғашқы үлкен байқауым болғандықтан кішкене қобалжып тұр көрмей таңдау кезеңінен өтетініне сендім мен 2 тәлімдер бұрылады деп ойлаймын дастан оразбек маржан арапбаева ән айту бағыттарымыз ұқсайды сол себептен бұрылады деп ойлаймын,бұл менің ең алғашқы үлкен байқауын болғандықтан кішкене қопалышып тұр көрмей таңдау кезегінен өтетінме сенімдім мен екі тәлімлер бұрылат деп ойлаймын дастан оразбек маржан арапаева ән айту бақыттарымыз құқсайт сол себебұрылат деп ойлаймы,0.4117647058823529,0.11522633744855967,34
train-00001-of-00048_000044,сырым бұл алғашында дәстүрлі әнмен үйреніп жүр,сырым болу алғашында дәстүрләнімен үйреніп жүреді,0.5714285714285714,0.17391304347826086,7
train-00001-of-00048_000045,ал қазіргі уақытта менімен эстрадалық бағытта халық әндерінен сабақ алып жүр өте дарынды бала міндетті түрде жазылар алқасы бұрылады деп ойлаймын сенемін,ал қазіргі уақытта менмен рестрада опағта халық әндерінен сабақ алып жүр өте дарынды бала міндетті түрде қазалар алқасы бұрылад деп ойлаймын сенемін,0.22727272727272727,0.08496732026143791,22
train-00001-of-00048_000046,балама тек қана сәттілік тілеймін,الاماتيققامستلككليمن,1.0,1.0,5
train-00001-of-00048_000047,жеңіс тілеймін тек қана алға,жеңілтілиймін текқана алға,0.8,0.14285714285714285,5
train-00001-of-00048_000048,сізіңе әдемі костюм киіп біздің келесі қатысушыңыз келді сәлем сәлем өзіңнің ішкі сенімің қалай қорықпайсың ба кішкене қабылжу бар өз ойыңды жинақтап ең бастысы өз ойыңды жинақтап сахнаға шығуға ішкі сенімділік болу керек солай ғой иә менде сенің ойыңмен қосыламын сырым сахна сенікі ештеңеден қорықпыла келістік қ,бізне әдемі костюмін киіп біздің келесі қатысушымыз келді сәлем өзіңнің ішкі сенімін қалай ең бассы өз ойымды жинақтап сахнаға шығуға ішкі сенімділік болуы керек солай ғой енде сенің ойынмен қосылам сұрым сахна сенікі іштеңгеден қорытыла келісті қой,0.5319148936170213,0.27070063694267515,47
train-00001-of-00048_000049,сахнаға,صمغ,1.0,1.0,1
train-00001-of-00048_000050,менің керемет оқырмандарым,mi는 кrmetcmadarm,1.0,0.9230769230769231,3
train-00001-of-00048_000051,я на него,يrkي我,1.0,1.0,3
train-00001-of-00048_000052,бір күн болады бұл жай күн емес ол өте керемет өте өте керемет күн,бір күн болап бұл жәй күн емес өте керемет өте өте керемет күн,0.21428571428571427,0.09090909090909091,14
train-00001-of-00048_000053,мен қазір ғана,مiنكازرغنا,1.0,1.0,3
train-00001-of-00048_000054,апамның не алып келгенін сіздерге көрсететін боламын ал ендеше бастайық осындай бір пакет осындай капиталс келсе қазір енді осының бәрін сіздерге көрсететін боламын және осы пакет мүшінде не бар екенін көрсетейік,апалның не алып келгенін асіздерге көрсететін боламын ал ндеше бастайыосында бір пакет осындай карт алып келісті қазір ел осының бәрін сіздерге көрсететін боамы осы пакет ишіне не бар екенін көрсетейік,0.3870967741935484,0.12735849056603774,31
train-00001-of-00048_000055,бірінші ол бізде осындай мармелад,танчoлdвеснe mаr mелаs,1.0,0.7272727272727273,5
train-00001-of-00048_000056,екіншісі осындай әммемдеміз ой осындай тәртіп түседі міне менің інімдегенді сен менімен бірге айт,የክንስሰወትምዳይ አምም ደምስ ወይ ወትነትሃድ ሰት ምንይሚንእንንዴኬለስየሚመምብል ጋይስ,1.0,0.9278350515463918,14
train-00001-of-00048_000057,ал біреуін таңдасыз осы маған айтсыз қайсысы не,a brوn tnle ssm hsn,1.0,0.9148936170212766,8
train-00001-of-00048_000058,айналайын,عجنل,1.0,1.0,1
train-00001-of-00048_000059,оны алмаймын,ona alman,1.0,0.9166666666666666,2
train-00001-of-00048_000060,түсінікті көріп отырмын,ngnw不,1.0,1.0,3
train-00001-of-00048_000061,ондай бір шоколад алсыз бір шоколад,بشكوتبشكوت,1.0,1.0,6
train-00001-of-00048_000062,меннан ішінде екеуі ғой,nansndi kiuba,1.0,0.9565217391304348,4
train-00001-of-00048_000063,бұрынғы адамдар менің есімімім деді,blan sanamanma snmjata,1.0,0.9428571428571428,5
train-00001-of-00048_000064,қайсы керек саған мынау осындай сынекесі бар қазір қойып қояйық аха жаңағы екеуі бар екен айтпақшыдай мына екі сынекесінің ішіне осындай бөлініп қаламыз,қайсы керек саа ал осындай снекес бар каз қортаы а жнан екеу бар еке айпақ стай мына сникесін ішіне осындай бөлініп қағаыа,0.6521739130434783,0.28289473684210525,23
train-00001-of-00048_000065,ішінде екі екіден және осындай альбини,шінде екі екіден жанесны альбени,0.6666666666666666,0.23684210526315788,6
train-00001-of-00048_000066,осындай дебра,أثنة جابرة,1.0,0.9230769230769231,2
train-00001-of-00048_000067,жебрадан осындай екеуі,jebradan osn yik,1.0,0.9090909090909091,3
train-00001-of-00048_000068,таң ба,的,1.0,1.0,2
train-00001-of-00048_000069,әмәм дәмінген,أمم دم,1.0,0.9230769230769231,2
train-00001-of-00048_000070,туфимар твикк,sotmar tric,1.0,0.9230769230769231,2
train-00001-of-00048_000071,сосын хақ дейді,تسح,1.0,1.0,3
train-00001-of-00048_000072,жұмыр бұнынан да атып,umar bunana i wata,1.0,0.8571428571428571,4
train-00001-of-00048_000073,той бокс дейді бұны білмеймін не екенін көреміз,той бокс дейді бұны білмемі екені көреміз,0.375,0.1276595744680851,8
train-00001-of-00048_000074,жаңа да осындай неге біраз жұмыс істей қалады,dзн деброdиnскл,1.0,0.8444444444444444,8
train-00001-of-00048_000075,сенеке сен екеуің,mikir senikew,1.0,0.9411764705882353,3
train-00001-of-00048_000076,сын барын целый айтшы күн өстіп кеткен,smbار p,1.0,0.9736842105263158,7
train-00001-of-00048_000077,тағы байқатпасыз төрт альбини тағы да,فبش تفصل تورت الباني فغدة,1.0,0.8918918918918919,6
train-00001-of-00048_000078,сосын тоқтаңдар осындай білмеймін не екен тағы да тойбой деген тойбокс деген осындай,соқтандар осындай мемнекин тағы да тойбой деген той бокс деген осындай,0.5384615384615384,0.21428571428571427,13
train-00001-of-00048_000079,давайте осындай той бокстарды берші маған,давайте озна той бокс тадереш мога,0.6666666666666666,0.34146341463414637,6
train-00001-of-00048_000080,флэйвов сеннэт,lly looks an it,2.0,1.0714285714285714,2
train-00001-of-00048_000081,болды осы үш той боксшысын біреуін таңдаймыз қайтын таңдайық осындай бір жасыл екі сары шайтын таңдаймыз жоқ біреуін ақтандай аш біреуін ашып көрейік,зартұраттын болды отсы үш кой болқысын біреуін таңдаймыз қайсын таңдайық осында бір расыл екі сары қайсыанамызжоқ біреуінақтанда ақшы біреун ашып көре,0.6521739130434783,0.2483221476510067,23
train-00001-of-00048_000082,неймәні,yeyn,1.0,1.0,1
train-00001-of-00048_000083,давай осыны ашып көреміз қазір ашып көреміз мына екеуін сосын көреміз,далай осын ашып көреңіз жасылсын қазір ашып көреміз на екеуін сосын көрміз,0.5454545454545454,0.21739130434782608,11
train-00001-of-00048_000084,хат жақсы көреді,حرص人,1.0,1.0,3
train-00001-of-00048_000085,иә менің сенім қатты жақсы көреді сол үшін де ашып көремін,ә менің сыңнім қаты жақсы көреді сол ішінде ашыпкөреміз,0.6363636363636364,0.13793103448275862,11
train-00001-of-00048_000086,иә енді бұл не екенін көрейік бірінші,ә енді бұл не екен көрек біріші,0.5714285714285714,0.16216216216216217,7
train-00001-of-00048_000087,ауын сосын,wnss,1.0,1.0,2
train-00001-of-00048_000088,өйткені мұнда біз енді бір дәмін тату керекпіз ғой,ойткені мұнда біз енді бір дәмі татуу керектід ғой,0.4444444444444444,0.1,9
train-00001-of-00048_000089,ооо мынау қараңыздар достар мынандай бірдеңе сосын тоқтар рахан мынау қараңыздар мына ішінде бірдеңе бар,о мнан қараңыздар достар нандай бірдеңе сосын тоқтар ақам нірәзи тоқташ мнан қараңыздар нан үшінде бірдеңе бар,0.6,0.2692307692307692,15
train-00001-of-00048_000090,давайте мына мынаны көрейік бірінші,давайте на мна курит борше,0.8,0.4,5
train-00001-of-00048_000091,мынау какой то бір не мына сағыз осындай бір сағыз и какой то осындай,мына какой то бір не мына сағыз осындай бір сағыз и какой то осындай смалики,0.14285714285714285,0.13043478260869565,14
train-00001-of-00048_000092,ал мынада бұны тоқтап бұны былай ашатынмын осындай да осы,ал мына да бұн тоқта бұны былай ашатмын осындай да осай,0.6,0.12280701754385964,10
train-00001-of-00048_000093,ашасын иті,아ss 이c,1.0,0.9,2
train-00001-of-00048_000094,бір сыйлық бар достар мына мына жерде міне дым салынып тұрған жоқ иә достар қараңыз көрейік те енді келесіз де сонда осындай саласың түсіне аласың деп,бір сыйлық бар достар мына сете міны дым салынып тұрған жоқ я достар хаен көрейк ті енді келесіз сында осындай саласың сын аласың некен,0.4230769230769231,0.20666666666666667,26
train-00001-of-00048_000095,бұл енді тұра тұрсын ал енді келесі бізде альбини альбиниді почувстветтердің де дәмін білетін шығарсыздар көрген шығарсыздар,бұл ен тұра тұрсың ал енді келесі бізде әлбени әлбениді қочуп істепе тәмбілет шығастар көрген шығастары,0.5882352941176471,0.29838709677419356,17
train-00001-of-00048_000096,игорь мынау твитс бұны да бүкілі біледі деп ойлаймын мен де білемін мысалы біз жегенбіз сондай иә мына зевра деген типі фильмдегенмін,мынау тлитс боны да бүкелі брет деп ойлаймын мен де білемін мысалы біз жегеміз сондайге мын зебра дегенте бікілібеген,0.5909090909090909,0.24812030075187969,22
train-00001-of-00048_000097,імілдеміз сникерсті енді жемеген адам жоқ шығар өйткені сникерс амиладский ортоманиладский дәл біз жек көргенбіз,эміндем сникерстеен жемеген адам жоқ шығары өткен сникес анелад кий оте анлат кийдада біз деп көргеміз,0.8666666666666667,0.25892857142857145,15
train-00001-of-00048_000098,біз бүкілдедік мынау бірақ той бокс деген деп көрмегенбіз сол той боксты көрдік біз енді не екенін той бокс деген ойыншық қорап деген сөз негізінен аударғанда,біз бүкіл дедік мынал бірақ тойбокс деген деп көрмеген сол тойбокстік төрдік түз енді не екенін тойбокс деген ойыншық қорап деген күз негізінен аударғанда,0.5,0.0949367088607595,26
train-00001-of-00048_000099,сондықтан да мен оны басқа нәрсе шығар деп ойлап қалдым,сондықтан да мен оны басқа ншағар жып бойлап қалдым,0.4,0.16363636363636364,10
train-00001-of-00048_000100,ұлыстар,lostaر,1.0,1.0,1
train-00001-of-00048_000101,ол өтіп болды,ol ut bol,1.0,0.8461538461538461,3
train-00001-of-00048_000102,өмін ауызында сағыртылды,ومن عظم ساخبتل,1.0,0.9166666666666666,3
train-00001-of-00048_000103,біздіңіздіңіздіңіздіңіздіңіздіңізді,,1.0,1.0,1
train-00001-of-00048_000104,той бокс деген сағыстырып,той бокс деген сағыстар,0.25,0.12,4
train-00001-of-00048_000105,мен оны ашқанымды,وناعشقانمداب,1.0,1.0,3
train-00001-of-00048_000106,өзімдікін ашқанымды қандай оң жақта түскенін мен,өзімдікі ашқанымді қандай оңшық түскенін мен,0.5714285714285714,0.14583333333333334,7
train-00001-of-00048_000107,тик ток қана тик токқа түскен тик токқа түсірген болатынмын,тиктоккана чиктокка түсген чиктокка түсүрген болатмын,1.0,0.22033898305084745,10
train-00001-of-00048_000108,сол ссылка описанияда тұрады соған кіріп кетіңіздер каналыма,solsilka apisanientatrada soankriketing zdetikturkanalma,1.0,0.9666666666666667,8
train-00001-of-00048_000109,қазір мұнда менде,казір мында мен же,1.3333333333333333,0.23529411764705882,3
train-00001-of-00048_000110,көп тәттілер шәй бүкіл ішіп жатырмыз анда,көп тәттілер шәй бүкіл ішіп жатырмыз анда,0.0,0.0,7
train-00001-of-00048_000111,апам ішіп жатыр,مشبجعدرم,1.0,1.0,3
train-00001-of-00048_000112,менің нелерім сендерің,min nleram snderam,1.0,0.9090909090909091,3
train-00001-of-00048_000113,қазір енді мен сіздерге қазір көрсететін болам,қазірен мен сизерге казір корсе жетін бола,1.0,0.21739130434782608,7
train-00001-of-00048_000114,кандай тұр,看在图,1.0,1.0,2
train-00001-of-00048_000115,қандай шоколадтар бірақ мен шоколадтардың кішкенесін жеп қойдым сол үшін де,қандай шокалаттар бірақ мен шокалаттардың кішкенесін жеп қойдым сол ішінде,0.36363636363636365,0.08,11
train-00001-of-00048_000116,құдай қалай қалай,,1.0,1.0,3
train-00001-of-00048_000117,кіреміз мұнда су ішу болып тұр себебі,кіреміз мұнда сул шболтыр себебі,0.5714285714285714,0.21621621621621623,7
train-00001-of-00048_000118,өзінің кәдігі көшіп тұрдан соңынан кейін өзіңе келіп жатыр кәдіңіздер шыққан,сосын қазір күн жығыптарда содан кейін о аза еліп жатыр қазір сіздер ұа,1.0,0.5394736842105263,11
train-00001-of-00048_000119,енді,,1.0,1.0,1
train-00001-of-00048_000120,көңіл тұрған жоқ мен өзімнің ініммен және өзімнің айтсам болғандық тәсіліммен,kontranjk mn dansas,1.0,0.974025974025974,11
train-00001-of-00048_000121,сөйтіп жүрдіңіздерді,,1.0,1.0,2
train-00001-of-00048_000122,кетеді,,1.0,1.0,1
train-00001-of-00048_000123,сізде шыңқа судың жақындай мынау суға жақындағанда аяқтар,resisersinkazolodrafandakna osoga rakanamanda aknar,1.0,0.9649122807017544,8
train-00001-of-00048_000124,заждетінгі всем,заштынагсе,1.0,0.6,2
train-00001-of-00048_000125,өсіпті,شوبد,1.0,1.0,1
train-00001-of-00048_000126,сөйтіп отырсаңыздар,سوات صعل,1.0,0.9473684210526315,2
train-00001-of-00048_000127,түсінікті,صص,1.0,1.0,1
train-00001-of-00048_000128,шалп шалп етеді дауыстары,шалп шалп кетеп тауыстары,0.5,0.16,4
train-00001-of-00048_000129,сөйтіп жүрген жүрген,,1.0,1.0,3
train-00001-of-00048_000130,күн,ك,1.0,1.0,1
train-00001-of-00048_000131,түсіре алмаймын өзім кімді,set on my moment and yo could,1.75,1.0,4
train-00001-of-00048_000132,нағыздың өзінің өзіңіздің өзіңіз,你,1.0,1.0,4
train-00001-of-00048_000133,қараңыздаршы ғана келіп еді,қараңызбаршы қәна керемет,1.0,0.3333333333333333,4
train-00001-of-00048_000134,а вот это кісі,ونك,1.0,1.0,4
train-00001-of-00048_000135,сөйтіп жүрген жүрген,,1.0,1.0,3
train-00001-of-00048_000136,айта алмайыңыздар дейді вообще,tлmв,1.0,0.9333333333333333,4
train-00001-of-00048_000137,сөйтіп жүрдіңіздер,,1.0,1.0,2
train-00001-of-00048_000138,біздің өздеріңіздер,,1.0,1.0,2
train-00001-of-00048_000139,мына жердегі қызықсыз,ن,1.0,1.0,3
train-00001-of-00048_000140,жақсы,,1.0,1.0,1
train-00001-of-00048_000141,сөйтіп жүрген,,1.0,1.0,2
train-00001-of-00048_000142,қазір елдің түсінікті қалай ойнағанын тексертетін болады,قترن سوشچق و ونغمتس چق بغا,1.0,0.9107142857142857,7
train-00001-of-00048_000143,но ондай лоткалар жараман лоткалар,nوند لوپ وaرtرamaن دو,1.0,0.9411764705882353,5
train-00001-of-00048_000144,қалайсыз,,1.0,1.0,1
train-00001-of-00048_000145,сөйтіп жүрген жүрген,,1.0,1.0,3
train-00001-of-00048_000146,салмай жатып біз ойнап алған болатынбыз ойнағанымызда далаға бір екі сағаттай болды біз негізі бұның алдында көп ойнадық осы видеоның орталарында да көп ойнадық бірақ біз оның бәрін сізге қалай түсіп тұратын оператор да жоқ дедік те сосын көрсете алмайдық сіздерге сондықтан да мен сіздермен қоштасау болыңыздар деймін себебі біздің видеомыз аяқталды және де мен үйге,оаааболыызойнағанымызда да алаға бірек сағаттай болды біз негізі бұның алдында көп ойнадық осы видеоның орталарында да көп ойнадық бірақ біз оның бәрі сізерге қалай сереміз үсіріп тұратын операторда жоқ дедікті сосын көрсете алмайдық сіздерге соныстанда мен сіздерме қошы сау болыңыздар деймін себебі біздің видеомыз аяқталды жәнеде мен үйге келдім да игердер виденса лайқой мен эконалматркелді ұнтпаныдаабңыда,0.5892857142857143,0.34332425068119893,56
train-00001-of-00048_000147,сөйтіп отыр,我,1.0,1.0,2
train-00001-of-00048_000148,бұйырлық,,1.0,1.0,1
train-00001-of-00048_000149,нәп,ن,1.0,1.0,1
train-00001-of-00048_000150,той бокс кит,той бокскит,0.6666666666666666,0.08333333333333333,3
train-00001-of-00048_000151,самер,سمر,1.0,1.0,1
train-00001-of-00048_000152,кәсіпкеніміз,,1.0,1.0,1
train-00001-of-00048_000153,тағы тағы да,,1.0,1.0,3
train-00001-of-00048_000154,неймәлім,فnل,1.0,1.0,1
train-00001-of-00048_000155,давай вот на,ل,1.0,1.0,3
train-00001-of-00048_000156,жақсы бұрын,ر,1.0,1.0,2
train-00001-of-00048_000157,іл,,1.0,1.0,1
train-00001-of-00048_000158,менің қазір ашу көрейік жүр,य स च aश क र कच,1.4,0.8518518518518519,5
train-00001-of-00048_000159,міне бір дыққа,مق,1.0,1.0,3
train-00001-of-00048_000160,көйтіп бір рәсім,a kይt br,1.0,0.875,3
train-00001-of-00048_000161,не,你,1.0,1.0,1
train-00001-of-00048_000162,сонда осындай саласың сосын алатын болса,,1.0,1.0,6
train-00001-of-00048_000163,альбене,ألبنе,1.0,0.8571428571428571,1
train-00001-of-00048_000164,көрген шығарсыздар,كورگەن شغاسلار,1.0,0.9444444444444444,2
train-00001-of-00048_000165,иглем,م,1.0,1.0,1
train-00001-of-00048_000166,сүт,فت,1.0,1.0,1
train-00001-of-00048_000167,ойнағанымызда да,وiناغاندaدa,1.0,1.0,2
train-00001-of-00048_000168,әуелгіңізбен тұрақты,,1.0,1.0,2
train-00001-of-00048_000169,жұқау сәтті дамын жағып отыр,不子靠s的当上ب,1.0,1.0,5
train-00001-of-00048_000170,құдай өлше бермей целый қалжыға,مشمصرقاصك,1.0,1.0,5
train-00001-of-00048_000171,айтып кетті айтып,يسبطي,1.0,1.0,3
train-00001-of-00048_000172,қызымыз сәл ұялшақтау,قىزمز سل يالشاقدا,1.0,0.9047619047619048,3
train-00001-of-00048_000173,әйтпесе өте өнерлі,بسوت ونيرل,1.0,0.9444444444444444,3
train-00001-of-00048_000174,талантты жан жақты,талантты жан жақты,0.0,0.0,3
train-00001-of-00048_000175,көркемөнер мектебіне де барды,көркем өнер мектебіне де барды,0.5,0.034482758620689655,4
train-00001-of-00048_000176,тіпті неше түрлі желделері де бар,тіпті неше түрлі жілделері де бар,0.16666666666666666,0.030303030303030304,6
train-00001-of-00048_000177,қайыржан кішкене сабыр еді,қайржан кішкене сабыр етнелексабыз,0.5,0.46153846153846156,4
train-00001-of-00048_000178,мен онымен бірдеңе болып жүргенін байқадым бірақ,ены мен бірдене болып жүрген байқадым бірақ,0.5714285714285714,0.16666666666666666,7
train-00001-of-00048_000179,иә,,1.0,1.0,1
train-00001-of-00048_000180,нені айтып тұрсың,не найду трсу,1.0,0.5294117647058824,3
train-00001-of-00048_000181,байқамадыңдар ма,قمةنم,1.0,1.0,2
train-00001-of-00048_000182,күнде біртүрлі болып жүрді ғой,كنتي برتلجردغي,1.0,0.9666666666666667,5
train-00001-of-00048_000183,апай мен шығара алмаймын,مشخرم,1.0,1.0,4
train-00001-of-00048_000184,қалай шығаратынын білмеймін,қалай шығаратынын білмең,0.3333333333333333,0.14814814814814814,3
train-00001-of-00048_000185,сәлем папа,سلمب,1.0,1.0,2
train-00001-of-00048_000186,паплин бәрін түзең,خبم برنسي,1.0,0.9444444444444444,3
train-00001-of-00048_000187,оның уақыты сексен бір,كسمبر,1.0,1.0,4
train-00001-of-00048_000188,менің,对,1.0,1.0,1
train-00001-of-00048_000189,тұра берейін сен қайда қызым,تب想가다습,1.0,1.0,5
train-00001-of-00048_000190,сабақ оқу керек,сабап оқу керек,0.3333333333333333,0.06666666666666667,3
train-00001-of-00048_000191,бұдан нашар ешқашан тапсырмаған,بد نشرشخشتشم,1.0,0.967741935483871,4
train-00001-of-00048_000192,тебе легко говорить сен енді тапсырмайсың ғой,нципе легко говори сиенттапсермосено,0.8571428571428571,0.4444444444444444,7
train-00001-of-00048_000193,папа қоймай жатыр,папа қоймай жатыр,0.0,0.0,3
train-00001-of-00048_000194,нормальный папа боп достарының алдында қызының миллион бал жинағанымен мақтанбақшы,нормальны папа болып достарының алдында қызының миллион бал жинағанымен мақтанбақшы,0.2,0.036585365853658534,10
train-00001-of-00048_000195,хақсы,,1.0,1.0,1
train-00001-of-00048_000196,кәсіп алары,трсы bоларе,1.0,0.6363636363636364,2
train-00001-of-00048_000197,рақмет,رخمي,1.0,1.0,1
train-00001-of-00048_000198,түсің еш пайдай кейіп тұрайын еді,مشبg ست,1.0,0.9696969696969697,6
train-00001-of-00048_000199,кстати,,1.0,1.0,1
train-00001-of-00048_000200,новинки қалай,فك,1.0,1.0,2
train-00001-of-00048_000201,давай бездряк на этот раз хорошо,давай без драк на этострас хорошо,0.6666666666666666,0.15625,6
train-00001-of-00048_000202,найлайсы,ملس,1.0,1.0,1
train-00001-of-00048_000203,сәке,saka,1.0,1.0,1
train-00001-of-00048_000204,а вот такая хорошая,огыт тагай хыраше,1.0,0.5263157894736842,4
train-00001-of-00048_000205,сырт кетсекші мені,سرتكتش,1.0,1.0,3
train-00001-of-00048_000206,нет на этот,ntt,1.0,1.0,3
train-00001-of-00048_000207,уху,,1.0,1.0,1
train-00001-of-00048_000208,мирняш,раش,1.0,0.8333333333333334,1
train-00001-of-00048_000209,нәнбасасы,لبسس,1.0,1.0,1
train-00001-of-00048_000210,седан кешірші,سدانكشر,1.0,1.0,2
train-00001-of-00048_000211,это последний кадр был оказан,とパスледにиがдるгがかずい,1.0,0.8275862068965517,5
train-00001-of-00048_000212,жаңасын сатып аламын деп үміт кете беремін,жаңасы саталанженткетере,1.0,0.47619047619047616,7
train-00001-of-00048_000213,түсің,تش,1.0,1.0,1
train-00001-of-00048_000214,ары қарай өзім бара берейін,رغر زبرري,1.0,0.9629629629629629,5
train-00001-of-00048_000215,өзім іштемін,وزمشتم,1.0,1.0,2
train-00001-of-00048_000216,сұлттық,好,1.0,1.0,1
train-00001-of-00048_000217,аз автор,زaفtr,1.0,1.0,2
train-00001-of-00048_000218,нет,ن,1.0,1.0,1
train-00001-of-00048_000219,как мен беріңіздер,ب من برنسم,1.0,0.8888888888888888,3
train-00001-of-00048_000220,сексен алты,سزمت,1.0,1.0,2
train-00001-of-00048_000221,симпатечной,行ف结吃,1.0,1.0,1
train-00001-of-00048_000222,өзімше какой то,وزنشيككت,1.0,1.0,3
train-00001-of-00048_000223,мен он таңертең тудай тартқан келген көрдім,متسtدتかمكلكرdي,1.0,1.0,7
train-00001-of-00048_000224,біз бүкіл почкамызды сатсақ та оның машинасын сата аламаймыз,біз бір көл почкамыз сатсақта толмашынасы саталамаймыз,0.8888888888888888,0.26666666666666666,9
train-00001-of-00048_000225,кім ғойсаң,وس,1.0,1.0,2
train-00001-of-00048_000226,жаңа жүргізіп жүргізіп жатырмыз,,1.0,1.0,4
train-00001-of-00048_000227,мен жеке өмірі,менң жеке өңірім,0.6666666666666666,0.21428571428571427,3
train-00001-of-00048_000228,не твое дело,не твое дело,0.0,0.0,3
train-00001-of-00048_000229,тек малығының танысында,pmt d,1.0,0.9565217391304348,3
train-00001-of-00048_000230,дә,دا,1.0,1.0,1
train-00001-of-00048_000231,сен мынандай мысалдарды шеше аласың ғой,сен нандай мысалдар шеш аласың ғой,0.5,0.1282051282051282,6
train-00001-of-00048_000232,кім шығарады,كمشعرب,1.0,1.0,2
train-00001-of-00048_000233,дәурен ағай,тринағай,1.0,0.45454545454545453,2
train-00001-of-00048_000234,сізге неше жас,скiise жa,1.0,0.7857142857142857,3
train-00001-of-00048_000235,300 что ли,триста штоли,1.0,0.8,3
train-00001-of-00048_000236,интернетті ашып қараңыз,إنترنت تاش بقرامص,1.0,0.9130434782608695,3
train-00001-of-00048_000237,қазір миллион туториал бар,қазір миллион тутуорял бар,0.25,0.11538461538461539,4
train-00001-of-00048_000238,любой индус 3 минуттың ішінде қалай атомный реакторды үйге құруға болатынын айтып бере алады,любой индус үш минуттың ішінде қалай атолный реакторды үйге құруға болатынын айтып бере алады,0.14285714285714285,0.03260869565217391,14
train-00001-of-00048_000239,что творит новенький,чо творит новеньки,0.6666666666666666,0.1,3
train-00001-of-00048_000240,түсінікті,,1.0,1.0,1
train-00001-of-00048_000241,оншалықты екен деп ойламадым,шл的кетлмд,1.0,0.75,4
train-00001-of-00048_000242,сөйтіп отырмын,有的美,1.0,1.0,2
train-00001-of-00048_000243,қыздар тағы біз не айтайын ба ана асын бұнан баян мен тимур ақыры жүріпті ғой,қыздар тағы бізіне айтайын ба ана асын бынан баянмен тиморақыр жүртті ғой,0.5333333333333333,0.1038961038961039,15
train-00001-of-00048_000244,да да асығыңыз,dm,1.0,1.0,3
train-00001-of-00048_000245,біз кетті шын мейлі,كتش,1.0,1.0,4
train-00001-of-00048_000246,әәәәәәә,干不听,1.0,1.0,1
train-00001-of-00048_000247,бош бош бош бош,不,1.0,1.0,4
train-00001-of-00048_000248,ана наукеңмен сөйлестің бе,أنا لكن سلستب,1.0,0.9230769230769231,4
train-00001-of-00048_000249,роди,رز,1.0,1.0,1
train-00001-of-00048_000250,малайдыңыздар ғой,好对吧,1.0,1.0,2
train-00001-of-00048_000251,сөйтіп тұр,,1.0,1.0,2
train-00001-of-00048_000252,сен маған айта бермейсің ана қызыңа бармайды ол қызың деп,てまがのてレビtなくの말バい고くすんで,1.0,1.0,10
train-00001-of-00048_000253,ол кісінің сабағын тұрғыда сен оған тым қаталсың,صمقشصبدت,1.0,1.0,8
train-00001-of-00048_000254,а тағы бастадың ба мен өйтеуір оның болашағын алаңдайтынмын менен басқа біреу бар ма жоқ,аа вастада уде ону молатарно вандат нененасапиванао,1.0,0.6022727272727273,15
train-00001-of-00048_000255,жоқ а өздерің айттыңдар ғой ешқандай дәлеліміз жоқ деп,өздерің айттыңдар ғой ешқандай дәлеліміз жоқ деп,0.2222222222222222,0.1111111111111111,9
train-00001-of-00048_000256,менің алтыдашты,مطاف,1.0,1.0,2
train-00001-of-00048_000257,не саған мынау деп тұр ме саған,не сан мӑнау деп түрмесеға,0.7142857142857143,0.25806451612903225,7
train-00001-of-00048_000258,қандай сан тұр мына жерде айт деді,андай сантұрумна жерде айтте,0.8571428571428571,0.23529411764705882,7
train-00001-of-00048_000259,86 емес,sixinaltemis,1.0,1.7142857142857142,2
train-00001-of-00048_000260,масқара бұл жүз қырықтан сексен алты,масқара бұл жүз қырықтан сексен алты,0.0,0.0,6
train-00001-of-00048_000261,мен сеніне бүкіл репетиторларға 140 тан 86 алсын деп тасыдым ба а,мен сеніне бүкіл репетиторларға жүз қырқтан сексен алты алсың деп тасыдың ба,0.5833333333333334,0.3384615384615385,12
train-00001-of-00048_000262,не деп сабыр сақтайсыз,你لسستس,1.0,1.0,4
train-00001-of-00048_000263,не деп сабыр сақтайсың айтшы не жетпейді бұл қызға,недеп саврсактайсӑнач нежек питоволхызга,1.0,0.5,9
train-00001-of-00048_000264,не жетпейді саған,你是对怎,1.0,1.0,3
train-00001-of-00048_000265,не жетпейді а көйлегің көп тамағың тоқ басыңда баспанаң бар,не жетпейді а көдегін көп тамағың тоқ басында баспанаң ба,0.3,0.0847457627118644,10
train-00001-of-00048_000266,ал біз бұдан бір ғана зат талап еттік,ал біз бұдан бір ғана зат талап еттік,0.0,0.0,8
train-00001-of-00048_000267,дұрыс оқу,ترصوقو,1.0,1.0,2
train-00001-of-00048_000268,қайда кеттің тәмелі,أيدايتن تملا,1.0,0.9473684210526315,3
train-00001-of-00048_000269,кәдімесе рәмд,حتبسلام,1.0,1.0,2
train-00001-of-00048_000270,дә мені,干命,1.0,1.0,2
train-00001-of-00048_000271,демеле,دميل,1.0,1.0,1
train-00001-of-00048_000272,сен неге кетіп қаласың а,سngت clすな,1.0,0.9583333333333334,5
train-00001-of-00048_000273,мен саған келіп жатқанда неге келіп қаласың деп еді саған,人sktn ktdms,1.0,0.9824561403508771,10
train-00001-of-00048_000274,сөйтіп тұр,快,1.0,1.0,2
train-00001-of-00048_000275,мені түздейді мені,你تس你,1.0,1.0,3
train-00001-of-00048_000276,тағығыңыздар көбірегеңіздер үрдіңдер,哭给,1.0,1.0,3
train-00001-of-00048_000277,екінші мен сөйлеп жатқанда кетіп қалушы болма,икинчемисуложакадакит калушвома,1.0,0.5555555555555556,7
train-00001-of-00048_000278,мен одан көп жасалатып отырмын ба мен оған дұрыс ол тізімде жатырмын,қаул мен одан көз да тала елтп отырым ба мен ардур соп сындер сатызма,0.9166666666666666,0.4852941176470588,12
train-00001-of-00048_000279,сәлем асың дәмді болсын дегенің қайда,сәлем асым дәмді болсын деген ұлайды,0.5,0.16216216216216217,6
train-00001-of-00048_000280,енді көресің,نكرس,1.0,1.0,2
train-00001-of-00048_000281,адамдарын қалай өмір сүреді екен,адамдарын қала өм сүреді екен,0.4,0.09375,5
train-00001-of-00048_000282,төбелеспегеніңде,تبرسپكند,1.0,1.0,1
train-00001-of-00048_000283,ол гадюшинде болмаса енді,ол гаجюшнте болмасе,0.75,0.32,4
train-00001-of-00048_000284,тағы бір кассасыңды,다غ을k은だ,1.0,1.0,3
train-00001-of-00048_000285,банельницаға жатқызбақшысың ба,уаницаға жатқызып бақшысың ба,1.0,0.26666666666666666,3
train-00001-of-00048_000286,мен ол жақта бәрін реттеп қойдым,мен ол жақта бәрін реттеп қойдым,0.0,0.0,6
train-00001-of-00048_000287,рақмет айтсоға,рахмет айтсаға,1.0,0.14285714285714285,2
train-00001-of-00048_000288,сен по ходу мені түсінбедің сен мен түсінбедің,把后的命成,1.0,1.0,8
train-00001-of-00048_000289,вот мектепке барасың,وتمتبكي برس,1.0,0.95,3
train-00001-of-00048_000290,енді тапсырасың,يتたبسرす,1.0,1.0,2
train-00001-of-00048_000291,мысын тапсырды,ستسرس,1.0,1.0,2
train-00001-of-00048_000292,университетке түсесің,университет кет сесен,1.5,0.23809523809523808,2
train-00001-of-00048_000293,көңіл жатайтын жерге,快谁下给,1.0,1.0,3
train-00001-of-00048_000294,ал қалғанын,考خنم,1.0,1.0,2
train-00001-of-00048_000295,қалғанын көреміз,халғанің көреміз,0.5,0.1875,2
train-00001-of-00048_000296,а оғанға дейін,我好看地,1.0,1.0,3
train-00001-of-00048_000297,өзі болың өзіңе,是包冷给子你,1.0,1.0,3
train-00001-of-00048_000298,жәпірдім,فيابيردم,1.0,1.0,1
train-00001-of-00048_000299,көлік әпердім,كلг بردم,1.0,0.9230769230769231,2
train-00001-of-00048_000300,ақшаң кастасарыңа 5 жылға жетеді,akşan kastasarına 5 yılacıde,0.8,0.875,5
train-00001-of-00048_000301,так что мамаң алды менің,такшто мамаң алдына мені,0.8,0.20833333333333334,5
train-00001-of-00048_000302,імпаз,سبص,1.0,1.0,1
train-00001-of-00048_000303,айтпақшы,ايتبخش,1.0,1.0,1
train-00001-of-00048_000304,дамеле,دمل,1.0,1.0,1
train-00001-of-00048_000305,не дейді амелия немен мақтана бастады,седәмелі немен бақтаналасын,0.8333333333333334,0.4594594594594595,6
train-00001-of-00048_000306,көп бала ғой,وبلغ,1.0,1.0,3
train-00001-of-00048_000307,қыз мұраты кету,قىز مұرات كېتو,1.0,0.8,3
train-00001-of-00048_000308,бастысы жақсы жігіт жолықса,бас жаксы жигит жолукса,1.0,0.3333333333333333,4
train-00001-of-00048_000309,бақытты болса болды емес,بختبصبوش,1.0,1.0,4
train-00001-of-00048_000310,өзі де көріпті,өزدе كөرك,1.0,0.7142857142857143,3
train-00001-of-00048_000311,ренжіп қалды ма тамақ та жемеді,реншіп қалды ма тамақта жемеді,0.5,0.06451612903225806,6
train-00001-of-00048_000312,дәмелі,دميل,1.0,1.0,1
train-00001-of-00048_000313,бірінші күн қалай өтті,бірінші күн қала етті,0.5,0.09090909090909091,4
train-00001-of-00048_000314,математикадан 5 деген жақсы баға ма,математикадан бестіген жақсы баға ма,0.3333333333333333,0.14285714285714285,6
train-00001-of-00048_000315,мен сайттан қарадым ескі жүйемен есептегенде үшке де жетпейтін бала,мен сайттан қарадым ескі жүйемен есептігенде үшке де жетпейтін бала,0.1,0.014925373134328358,10
train-00001-of-00048_000316,сен өткен тоқсанда да солай айтқансың,сені өткен тоқсанда да солай айтқансың,0.16666666666666666,0.02702702702702703,6
train-00001-of-00048_000317,бар сабағыңды оқы,بار ساباңدوق,1.0,0.8823529411764706,3
train-00001-of-00048_000318,мәке бір келісімге келсек осы айдың аяғына дейін келісімшартқа отырып мысалы да уақытынан бұрын өткізетін едік енді ол жерде тек құқықтық мәселелер ғана қалады ғой реттейтін болды,мәке бір келісімге келсек осы айдың аяғына дейін келісім шартқа отырып нысанды да уақытынан мұрын өткізетін едік енді ол жерде тек құқықтық мәселелер ғана қалады ғой реттейтін болды,0.14814814814814814,0.027932960893854747,27
train-00001-of-00048_000319,нұртқарген,ر,1.0,1.0,1
train-00001-of-00048_000320,сосын мен бүгіндікі жұмыс туралы сөйлеспей ақ өкінішпін,осынмен бүгүндү күчүмуз тууралу сөйлөспей к,1.0,0.45454545454545453,8
train-00001-of-00048_000321,эми тіпті,المتب,1.0,1.0,2
train-00001-of-00048_000322,кәдімгі общеобразователь,адын щ образоوт,1.5,0.5833333333333334,2
train-00001-of-00048_000323,бұндай тұрғын не болады,betrn,1.0,1.0,4
train-00001-of-00048_000324,бәке қазір жекеменшік мектептердің бәрі одни панды білесің,әкеқаз жеке менишкі мектептердің бәрі адни панты білесің,0.625,0.1724137931034483,8
train-00001-of-00048_000325,бұл мектепте мен өзім оқығам,бұл мектепте мен өзім оқығым,0.2,0.03571428571428571,5
train-00001-of-00048_000326,сондықтан,متan,1.0,1.0,1
train-00001-of-00048_000327,балаларым да мен өткен жолмен өтсін деп,балаларымда мен өткен жолмен өтсін деп,0.2857142857142857,0.02564102564102564,7
train-00001-of-00048_000328,әдейі сол мектепке беріп отырмын,әде сол мектепке беріп отырм,0.4,0.125,5
train-00001-of-00048_000329,одан жаман болған жоқ анау үлкен ұл францияда оқиды,одан жаман болгон жок ал үлкөн ол францияда окит,0.6666666666666666,0.21568627450980393,9
train-00001-of-00048_000330,университетке де өз күшімен түсті,университетке де өз кішімен түсті,0.2,0.030303030303030304,5
train-00001-of-00048_000331,бізден бір тиын сұраған жоқ,بسdين بrطي سرغنج,1.0,0.9259259259259259,5
train-00001-of-00048_000332,ол молодец екен,ون مودسكن,1.0,0.9333333333333333,3
train-00001-of-00048_000333,өзіме тартқан,өзіме тартқан,0.0,0.0,2
train-00001-of-00048_000334,сабағының нашарлап кеткені болмаса,сабағының нашарлап кеткені болмаса,0.0,0.0,4
train-00001-of-00048_000335,мынау бт дағы алдын ала тестілеудің нәтижесіне,мұнау ботыдағы алдын ала тестілудің нәтижесіне,0.5714285714285714,0.08695652173913043,7
train-00001-of-00048_000336,көңіліміз толмай отыр,көңіліміз толмай отыр,0.0,0.0,3
train-00001-of-00048_000337,оған ұбт не керек,غ نبوت نرك,1.0,0.8823529411764706,4
train-00001-of-00048_000338,шетелге оқа түсу үшін ол қажет емес керек мәке,შიتეلგوხოცშნ ხجეتمس ქიرეكمეكე,1.0,0.9565217391304348,9
train-00001-of-00048_000339,міндетті түрде тапсыру керек,міндеттүрде тапсыру керек,0.5,0.10714285714285714,4
train-00001-of-00048_000340,ағасы сияқты осы қаладағы ең үздік түлектердің бірі болу керек,мына ағасы сияқты осы қаладағы ең үздік түлектердің бірі болуы герек,0.3,0.11290322580645161,10
train-00001-of-00048_000341,ең жоғарғы балл 140 тың 1 2 балл ғана жетпей қалды ғой ағасы,ең жоғарғы бал жүз қырықтың бір екі бал ғана жетпей қалды ғой ағас,0.5384615384615384,0.2833333333333333,13
train-00001-of-00048_000342,сондықтан мен балаларым алдың қатарда болғанын қалаймын,сондыктан мен балалар малдың катарда болган калайм,0.8571428571428571,0.18181818181818182,7
train-00001-of-00048_000343,ұстанымымы сондай,سtن snd,1.0,0.9411764705882353,2
train-00001-of-00048_000344,ой қош қайыр екен,وكشقلكي,1.0,1.0,4
train-00001-of-00048_000345,иә сұлу болған жақсы ғой,иә сылу болған жақсы ғой,0.2,0.041666666666666664,5
train-00001-of-00048_000346,бірақ ақыл болмаса,бірақ ақыл болмаса,0.0,0.0,3
train-00001-of-00048_000347,сұлулыққа не пайда,слулықтаңепайла,1.0,0.3333333333333333,3
train-00001-of-00048_000348,мен бұл қыздан ең биік нәтиже өттім,мен бұл ғыздан ең биікті нәтижеті,0.5714285714285714,0.2,7
train-00001-of-00048_000349,ештеңе жоқ оқысын,ештеңі жоқ оқысын,0.3333333333333333,0.058823529411764705,3
train-00001-of-00048_000350,тамақтан ала бермәтті,طمختنب,1.0,1.0,3
train-00001-of-00048_000351,шерри,شر,1.0,1.0,1
train-00001-of-00048_000352,қайырлы күн,قайрлыгын,1.0,0.45454545454545453,2
train-00001-of-00048_000353,менің атым қырықбаев дәурен асқарұлы сіздердің іс бойынша тағайындалған инспектормын,менің атым қырықбаев тәурен асқарұлы сіздердің ісі бойынша тағайындыола инспектормын,0.3,0.07142857142857142,10
train-00001-of-00048_000354,сіздерді ескертпеп пе еді ме,زرديسكرببدني,1.0,1.0,5
train-00001-of-00048_000355,бір бірімізді құрметтеп сіздесейік жарай ма,бір біріміз құрмет теп сіздесегі жарай ма,0.6666666666666666,0.11627906976744186,6
train-00001-of-00048_000356,байқасам,بيخصم,1.0,1.0,1
train-00001-of-00048_000357,15 жылдың ішінде мектептің жағдай біраз нашарлапты,он бес жылдың ішінде мектептің жағдайы біраз нашарлапты,0.42857142857142855,0.14,7
train-00001-of-00048_000358,ұлттық бірыңғай тестілеу түлектердің білімін объективті бағалауға бағытталған нәтижесінде,ұлттық бірынғай тес тілеу түлектердің білімін объективті бағалауға бағытталған нәтижесінде,0.3333333333333333,0.02247191011235955,9
train-00001-of-00048_000359,талапкерлерге жоғары оқу орындарынан мемлекет тарапынан,талапкерлерге жоғары оқу орындарынан мемлекет тарапынан,0.0,0.0,6
train-00001-of-00048_000360,грант бөлінеді,جراند بلن,1.0,0.9285714285714286,2
train-00001-of-00048_000361,жыл сайын,жылсайын,1.0,0.1111111111111111,2
train-00001-of-00048_000362,мыңдаған бала,мыңдаған бала,0.0,0.0,2
train-00001-of-00048_000363,сол грант үшін,сол грант үшін,0.0,0.0,3
train-00001-of-00048_000364,тестке дайындалады барын салып оқиды,тестке дайындалады барын салып оқит,0.2,0.05555555555555555,5
train-00001-of-00048_000365,ал мен бар күш жігерімді,ал мен бар күш жігерімді,0.0,0.0,5
train-00001-of-00048_000366,осы гранттардың жүйені айналып өтпек болған бір топ бұзақыға бұйырмауын қадағалаймын,осы гранттардың жүйіні айналып өтпек болған бір топ бұзақыға бұйырмауын қадақалаймын,0.18181818181818182,0.023809523809523808,11
train-00001-of-00048_000367,оны әлі анықтаймыз,نل a tيmس,1.0,0.8888888888888888,3
train-00001-of-00048_000368,бірақ осы іске қатысы бар әрбір адам тиісті жазасын алады деп уәде беремін,бірақ осы ізге қатыс бар әрбір адам тиістіз жазасына алады деп әде беремін,0.38461538461538464,0.08108108108108109,13
train-00001-of-00048_000369,сыныптың жартысы кәмелет жасқа толған сондықтан,сыныптың жардысы камилет жасқа толған сондықтан,0.3333333333333333,0.06382978723404255,6
train-00001-of-00048_000370,барлық қаталдықпен жауап бересің,барлық қаталықпен жауап бересін,0.5,0.0625,4
train-00001-of-00048_000371,жұмылашы болса жазады,جمنشسرز,1.0,1.0,3
train-00001-of-00048_000372,мен балалармен өзім жеке сөйлесем деп едім,мен балалармен өзім жеке сөйлесі деп едім,0.14285714285714285,0.047619047619047616,7
train-00001-of-00048_000373,және маған,谁你م刚,1.0,1.0,2
train-00001-of-00048_000374,кен риқорния,ترو,1.0,1.0,2
train-00001-of-00048_000375,зидан қойды,ztgt,1.0,1.0,2
train-00001-of-00048_000376,не дәл өзім,نيادلز,1.0,1.0,3
train-00001-of-00048_000377,айта берді,,1.0,1.0,2
train-00001-of-00048_000378,әкесі ықпалды бизнесмен болған баланың соңғы тоқсанда,әкесі ықбалды бизнесмен болған баланың соңғы тоқсанда,0.14285714285714285,0.018867924528301886,7
train-00001-of-00048_000379,элиталық мектептен көшіп келген қалай болды,элиталық мектептен көшіп келген қалай болды,0.0,0.0,6
train-00001-of-00048_000380,былесы ме,ولسمي,1.0,1.0,2
train-00001-of-00048_000381,сен алысып келгеннен кейін,sen askeлгinеngi,1.0,0.8461538461538461,4
train-00001-of-00048_000382,аралық нәтиже күрделесіп кетті,аралық нетиже күрдесіпжет,0.75,0.23333333333333334,4
train-00001-of-00048_000383,оған не себеп болды деп ойлайсың,буга ме сөбөк болуп деп ойлойсуң,0.8333333333333334,0.375,6
train-00001-of-00048_000384,солай болған күннің өзінде,从不换跟什的,1.0,1.0,4
train-00001-of-00048_000385,мүмкін сен олар жайлы бір жерден естіген шығарсың жоқ әлгі,мүмкін сені олашайлы бір жерден естіген шығарысын жоғалде,0.6,0.1896551724137931,10
train-00001-of-00048_000386,маған нан айтшы,мағаннаныч,1.0,0.4666666666666667,3
train-00001-of-00048_000387,не үшін,你有生,1.0,1.0,2
train-00001-of-00048_000388,ең бастысы қалайша,ең басысы қалайша,0.3333333333333333,0.05555555555555555,3
train-00001-of-00048_000389,оқу үлгерімі төмен,оқу үлгермі төмен,0.3333333333333333,0.05555555555555555,3
train-00001-of-00048_000390,тәртібі нашар,ترتب النشر,1.0,0.9230769230769231,2
train-00001-of-00048_000391,болашақта блогер болуды армандайтын адам,болашақта блогер болып дармандайтын адам,0.4,0.1,5
train-00001-of-00048_000392,бір тоқсанның ішінде,бір тоқсанның ішінде,0.0,0.0,3
train-00001-of-00048_000393,оқуын жақсарту,وقون جغصرت,1.0,0.9285714285714286,2
train-00001-of-00048_000394,ең жоғары балалық,ең жоғар болал,0.6666666666666666,0.23529411764705882,3
train-00001-of-00048_000395,түкке тұрмайтын патшандық намысыңды қойып барлық шындықты айтып беретін болсаң саған ештеңе болмайды деп уәде бер,түкке тұрмайтын патыстандық намысымды қойып барлық шымдыққа айтып беретін болсаң саған ештеме болмайт деп әде бер,0.375,0.09734513274336283,16
train-00001-of-00048_000396,мен олардың бұны қалай істеп жүргенін білмеймін,мен олардың бұны қалай істеп жүргенін білмейм,0.14285714285714285,0.0425531914893617,7
train-00001-of-00048_000397,білім деген,بليمدجن,1.0,1.0,2
train-00001-of-00048_000398,мен сыныптағылармен араласпаймын,من سنتاغلارمن ارلاسپاين,1.0,0.9375,3
train-00001-of-00048_000399,не үшін екенін білесіз бе,نشنكم لسبا,1.0,0.96,5
train-00001-of-00048_000400,кинолары,كن ولر,2.0,1.0,1
train-00001-of-00048_000401,ай сәл кем,يسبك,1.0,1.0,3
train-00001-of-00048_000402,жаңағы,上开,1.0,1.0,1
train-00001-of-00048_000403,большая тұсында,وشبسد,1.0,1.0,2
train-00001-of-00048_000404,бала өспеген,بل وسبين,1.0,0.9166666666666666,2
train-00001-of-00048_000405,бірақ мен,رقمين,1.0,1.0,2
train-00001-of-00048_000406,өз балдарымды өзім жинам,өз болдардың дөзімжынан,0.75,0.3333333333333333,4
train-00001-of-00048_000407,дәулен асқарұлы,دوليناصخغم,1.0,1.0,2
train-00001-of-00048_000408,мен мектепке не үшін келемін,ممكتبكنشنل,1.0,1.0,5
train-00001-of-00048_000409,сабақ оқушы,صبخ,1.0,1.0,2
train-00001-of-00048_000410,басқасында менің шаруам жоқ,سخسد منشرن,1.0,0.9629629629629629,4
train-00001-of-00048_000411,мысалы кедергі жастар бала болмай болашағымды өтейтін,сабар кедіре жастар бала болмай болашағымды дейтінен,0.42857142857142855,0.22641509433962265,7
train-00001-of-00048_000412,өсеңдерші шығайын,وسش,1.0,1.0,2
train-00001-of-00048_000413,әбір,,1.0,1.0,1
train-00001-of-00048_000414,таң басқан парақтарда,ambos van paramarta,1.0,0.9523809523809523,3
train-00001-of-00048_000415,сүлейтін екі сағат,수에은에도사와,1.0,1.0,3
train-00001-of-00048_000416,қасқырама жүрегі,还死拉马是里的,1.0,1.0,2
train-00001-of-00048_000417,шовтаннан,手到哪,1.0,1.0,1
train-00001-of-00048_000418,ең болмаса соңғы тоқсанда оянатын шығарсың,ي我مسس在我ي不,1.0,1.0,6
train-00001-of-00048_000419,ол сені бағалаңа,我些能把道爱呢,1.0,1.0,3
train-00001-of-00048_000420,сенсің маңгүл шалғаныма,谁什梦的少安吗,1.0,1.0,3
train-00001-of-00048_000421,солай ма,صلما,1.0,1.0,2
train-00001-of-00048_000422,жоң ә,找来,1.0,1.0,2
train-00001-of-00048_000423,нұржамал ашубасарқызы,нұржамал ашу асарғызы,1.0,0.09523809523809523,2
train-00001-of-00048_000424,заң бойынша бізде аптасына 3 сағат дене шынықтыру өту керек завтра дейін дұрыс айтады апай,заң боюнча бизди аптасына сагат енесчылыктар өтүү керек задрадин дурус айтады апой,0.7333333333333333,0.28888888888888886,15
train-00001-of-00048_000425,показ адрадин,أكازادردين,1.0,1.0,2
train-00001-of-00048_000426,құрметті сыныптастарым сүйікті мектебіңіздің алғашқы күнінің аяқталуымен шын жүректен құттықтаймын пока,құрметті сынтастарым сеікті мектебіміздің алғашқы күннің аяқталуымен шын жүректен құттықтаймын пака,0.45454545454545453,0.06796116504854369,11
train-00001-of-00048_000427,все хорошо ма жолашағың да ойлаймын,还是吗我算什走回ل,1.0,1.0,6
train-00001-of-00048_000428,мам кешке,مام كش,1.0,0.8888888888888888,2
train-00001-of-00048_000429,иә,,1.0,1.0,1
train-00001-of-00048_000430,вообще сонда бізде заряженная машина болмаса біз сонда адам емеспіз ғой иә,олчет сонда бизде заряжны машина болмаса биз сонда адам емеспіз ғой,0.4166666666666667,0.1891891891891892,12
train-00001-of-00048_000431,жай ғана второй сотпыз,жайгана қтар осулатпыз,1.0,0.4090909090909091,4
train-00001-of-00048_000432,столпали уже,不是,1.0,1.0,2
train-00001-of-00048_000433,енді де енді де болды,对一对不,1.0,1.0,5
train-00001-of-00048_000434,ей жоқ айтыңдаршы сендер шаршамадыңдар ма,cok attındar sine şaşamadındar ma,1.0,0.9024390243902439,6
train-00001-of-00048_000435,ааааа,,1.0,1.0,1
train-00001-of-00048_000436,жылдар бойы сайырайтын осы енді енді анау енді мынау енді дұрыстап тапсырыңдар осы сендердің болашақтарың болмайды,жылдар бойы сайрайтын осы енті енті анау енті мынау ентін дұрыстап тапсырыңдар олүсендердің болашақтарың болмайды,0.4375,0.07894736842105263,16
train-00001-of-00048_000437,күнде әр минут әр секунд сайын осылай миымызда кетті,kundi er minut er sekund sayn osay mayınızdaget,1.0,0.8653846153846154,9
train-00001-of-00048_000438,сол не болды,送你و道,1.0,1.0,3
train-00001-of-00048_000439,зидан бәріміз шок болдық бірақ ел итіңді шығарды уже ма енді,зидан бәрімі шок болдық бірақ не етімді шығарды жұмаенті,0.5454545454545454,0.16666666666666666,11
train-00001-of-00048_000440,весь терминститут,رسنرمس,1.0,1.0,2
train-00001-of-00048_000441,енді айыру керек,еnтын айrунер,1.0,0.625,3
train-00001-of-00048_000442,апай,不,1.0,1.0,1
train-00001-of-00048_000443,ашулана бермеңізші,ашулaна вермекшы,1.0,0.3333333333333333,2
train-00001-of-00048_000444,оданша басқа директорлардан үлгі алып бәрімізге бір бір квартирадан берсеңізші,оданша басқа директорлардан үлге алып бәрімізге бір бір квартирадан берсеңізші,0.1,0.01282051282051282,10
train-00001-of-00048_000445,осы дұрыс ағай,قس درصقي,1.0,0.9285714285714286,3
train-00001-of-00048_000446,егер хулигандарды тапсаңыз айтыңыз мен өзім сізге көмектесемін,егер хулигандар тапсаңыз айтыңыз мен өзім сізге көмектесем,0.25,0.06451612903225806,8
train-00001-of-00048_000447,асқарұлы,اسقرله,1.0,1.0,1
train-00001-of-00048_000448,свиданиемыз поражник өтіватқан сияқты иә,сведаниемыз паражне көтіп атқан сеқте,1.0,0.325,5
train-00001-of-00048_000449,кездеседіңіз,,1.0,1.0,1
train-00001-of-00048_000450,мен айтайын,你ن这,1.0,1.0,2
train-00001-of-00048_000451,ұбт ны қалай тапсырған,бот наклайт оبсро,1.0,0.6363636363636364,4
train-00001-of-00048_000452,а,,1.0,1.0,1
train-00001-of-00048_000453,ол енді ұзақ әңгіме ғой,لززغنل,1.0,1.0,5
train-00001-of-00048_000454,сізге ағай қаншалықты подробно айтайын,쓰게가看上ف들분نت,1.0,1.0,5
train-00001-of-00048_000455,қаласаңыз мен кішкене подругын айта аламын қаласаңыз нормально подругын айта аламын,қалашаңыз мен кішкене падробын айта аламын қаласаңыз нормальна падробын айта аламы,0.45454545454545453,0.10843373493975904,11
train-00001-of-00048_000456,или или давайте прям,一وت,1.0,1.0,4
train-00001-of-00048_000457,өзіңе қалай ыңғайлайды,hزخل应غ,1.0,1.0,3
train-00001-of-00048_000458,құнда,光在,1.0,1.0,1
train-00001-of-00048_000459,он бір жыл бұрын менің әкем мектепке алып келді ғой сол кезден бастап айтайын иә,он бір жыл бұрын мен әкем мектепке алып кеді ғой сол кезде басап айта не,0.4,0.125,15
train-00001-of-00048_000460,оны қоя сал,快ص,1.0,1.0,3
train-00001-of-00048_000461,маған соңғы тоқсандарың қызық,маған соңғы тоқсындарың қызық,0.25,0.034482758620689655,4
train-00001-of-00048_000462,негізі өте қате жасап жатырмын,негізі өте қайта жасып жаты,0.6,0.23333333333333334,5
train-00001-of-00048_000463,талай тірке ұзағың қалыватыр,他来تك算,1.0,1.0,4
train-00001-of-00048_000464,скерсик,سكيرسيك,1.0,1.0,1
train-00001-of-00048_000465,а жарайды,زر,1.0,1.0,2
train-00001-of-00048_000466,далада,大老ت,1.0,1.0,1
train-00001-of-00048_000467,әурайым,هوريم,1.0,1.0,1
train-00001-of-00048_000468,апай тура пятиклашкаларға сөйлегенде болдыңыз ғой бізге,апай тура кетеклашкаларға сөйлегенде болдыңыз ғо бізге,0.2857142857142857,0.07272727272727272,7
train-00001-of-00048_000469,задрадзин,задради,1.0,0.2222222222222222,1
train-00001-of-00048_000470,ал сіз мен үшін уайымдамай қойыңыз апай мен бәрібір ұбт тапсырмаймын,а сіз мен үшін лайындамай қойыңыз апай мен бәрібір опыттық тапсырмаймын,0.2727272727272727,0.1323529411764706,11
train-00001-of-00048_000471,апай қашанғы айтамын маған универ керек емес менің ағам баяғыда өзінің логистикалық компаниясында жұмысқа алған,апай қашан қайтам маған өнелер керек емес менің аға баяғы да өзінің логистикалық компаниясына жұмысқа алған,0.4666666666666667,0.0990990990990991,15
train-00001-of-00048_000472,и айтпақшы егер сізге жеткізу керек болса,айтпакчы егер сизге жеткизүү керек болса,0.5714285714285714,0.1951219512195122,7
train-00001-of-00048_000473,наверное білесіз қой,لعل لسخير,1.0,0.95,3
train-00001-of-00048_000474,жарайды онда ойланайын иә,جردだ我لないن,1.0,1.0,4
train-00001-of-00048_000475,кетермін,кетермін,0.0,0.0,1
train-00001-of-00048_000476,артта жазған сөзін қалар,қартта жазған сөзін қала,0.5,0.08333333333333333,4
train-00001-of-00048_000477,что тама иә татау мықты ма иә,ct мي tt мхtмн,1.0,0.7931034482758621,7
train-00001-of-00048_000478,айттым ғой саған студенттегі тынымен асықпа деп менің қандай мажорик келді,айттымғой саңа студенттиктің мен асықпа деді мене қандай мажериккерді,0.8181818181818182,0.22972972972972974,11
train-00001-of-00048_000479,түсіндің бе түсіндім түсіндім,明吧,1.0,1.0,4
train-00001-of-00048_000480,сол иә қызынбай қалады,со явниглe,1.0,0.7727272727272727,4
train-00001-of-00048_000481,сыймала алмай жүр ме,семал алмай жүр,0.5,0.3,4
train-00001-of-00048_000482,сөйтсем мені кім алтайық деп,شекта меныفималтах,1.0,0.6428571428571429,5
train-00001-of-00048_000483,сақтауға үш жүрі қараша,ستشورهرش,1.0,1.0,4
train-00001-of-00048_000484,сабақта отырмын ғой абай,сабақта отырым ғо апай,0.75,0.16666666666666666,4
train-00001-of-00048_000485,мүмкін басқа есеп берерсіз апай мынау расымен де қиын екен,мүмкін басқа есеп берер сапай мынал расменде қиын екен,0.5,0.1206896551724138,10
train-00001-of-00048_000486,наконец то каникулдан бері күткен сабағым осы еді,аканетсы каникулдан бері кіпкен сабағы масет,0.75,0.30612244897959184,8
train-00001-of-00048_000487,келмейміз ба,ز,1.0,1.0,2
train-00001-of-00048_000488,че то новенький,就ت能ك,1.0,1.0,3
train-00001-of-00048_000489,если баскетбол ойнаймын,y see باسkتباl naم,1.3333333333333333,0.9565217391304348,3
train-00001-of-00048_000490,пилича,لت,1.0,1.0,1
train-00001-of-00048_000491,формаң жалпы ма,فرمجكم,1.0,1.0,3
train-00001-of-00048_000492,қосновиді де бар ғой бір күні сіңіртсе келеді,сновеgd bр بrгn ntكd,1.0,0.8,8
train-00001-of-00048_000493,кім өзіне көп алатын ше,مز不ت,1.0,1.0,5
train-00001-of-00048_000494,еееее тоқтаңдар,toktangdr,1.0,1.0,2
train-00001-of-00048_000495,кесте деп жазылып тұр ма,кестеде дышы деп жазылып тұр ма,0.4,0.2916666666666667,5
train-00001-of-00048_000496,значит дүше болады,значит дышебола,0.6666666666666666,0.2222222222222222,3
train-00001-of-00048_000497,бетімен кеткен,esmi ges kel,1.5,1.0,2
train-00001-of-00048_000498,тәрбиесіздер не болыпты сонша,тәрбиесіздер не боп соныша,0.5,0.1724137931034483,4
train-00001-of-00048_000499,сіз өзіңіз емес былай айтқан тарих кабинетіне барыңыздар деп,сіз өзіңізді емес пі айтқан тарих кабинетіне барыңыздар деп,0.2222222222222222,0.11666666666666667,9
train-00001-of-00048_000500,біз ойлап қалдық деші тарих кабинетінде болады деп солай емес,біз ойлапқалтық деші тарих кабитетінде болапы деп солай емес ба,0.5,0.11475409836065574,10
train-00001-of-00048_000501,ремонт жасап қойшы пожалуйста,montsзаpоs pажostа,1.0,0.8275862068965517,4
train-00001-of-00048_000502,не дейді ма балаңа,د بлaa,1.0,0.8888888888888888,4
train-00001-of-00048_000503,асаның ғой дейді асаның қайшы,,1.0,1.0,5
train-00001-of-00048_000504,мәссақшы,سش,1.0,1.0,1
train-00001-of-00048_000505,что тамақтан шығып қалайсың,чо там асанчка коллисн,1.0,0.5925925925925926,4
train-00001-of-00048_000506,все вот бірақ необщительный сияқты ше,всео брат необщительный сяхе,0.8333333333333334,0.2972972972972973,6
train-00001-of-00048_000507,не салам не алейкум,ن سлام نе علеكن,1.0,0.6842105263157895,4
train-00001-of-00048_000508,давайте хотя бы на обращение обнимемся,досить чав напрошеня внім,1.0,0.6842105263157895,6
train-00001-of-00048_000509,иә ну иә біздің көп алғанымыз,我不是كb,1.0,1.0,6
train-00001-of-00048_000510,апайлар қарап не болды жылай бермес табындаватыр,апайлар жараптыне болды жылайвер еместазындалатыр,0.7142857142857143,0.20833333333333334,7
train-00001-of-00048_000511,творец просто он непростой,вэтозо не простой,1.0,0.5,4
train-00001-of-00048_000512,лайва жазушы да,لوجغوتت,1.0,1.0,3
train-00001-of-00048_000513,жай жазбайды,جزب,1.0,1.0,2
train-00001-of-00048_000514,аңғайға,外头,1.0,1.0,1
train-00001-of-00048_000515,сіздің қолдауыңызды бағалаймыз апай рақмет,сіздің қолдауыңызды бағалаймыз апай рахмет,0.2,0.023809523809523808,5
train-00001-of-00048_000516,шөп шөп,شس,1.0,1.0,2
train-00001-of-00048_000517,кәмелі тоқташы,دميلي خطش,1.0,0.9285714285714286,2
train-00001-of-00048_000518,қайдан сұрадым,回ج,1.0,1.0,2
train-00001-of-00048_000519,саған жүзден дегенше,三展机心这去,1.0,1.0,3
train-00001-of-00048_000520,шашап қалдым ғой,sasakalmo,1.0,1.0,3
train-00001-of-00048_000521,аяғың кішкентай болса да тездеп жүр өткен иә,аяқың кішкентай босады тезде жүреткен я,0.875,0.20454545454545456,8
train-00001-of-00048_000522,а что дамиле неге көңіл күйің жоқ,ачодамеле неге көңіл кен жып,0.7142857142857143,0.30303030303030304,7
train-00001-of-00048_000523,жоқ айтасың оны жай ғана атсаңдар ғой,帰いてそののジがなっさんだろう,1.0,1.0,7
train-00001-of-00048_000524,сене тапсырма точно саған енді сен францияға кетесің,сенет апсрма счем сана ендеси францявакетеска,1.0,0.34615384615384615,8
train-00001-of-00048_000525,олай болса,وлبسا,1.0,0.9,2
train-00001-of-00048_000526,формаңды берсеңші ма құнадың,formn dversisppn,1.0,0.9642857142857143,4
train-00001-of-00048_000527,өсіп,وصف,1.0,1.0,1
train-00001-of-00048_000528,неге шыдам или сен,نشدملس,1.0,1.0,4
train-00001-of-00048_000529,просто так ойындаваться,تاكن,1.0,1.0,3
train-00001-of-00048_000530,вот мен сенің орныңда болғанда бар ғой,от ми сең на боғында баr ғой,0.8571428571428571,0.34210526315789475,7
train-00001-of-00048_000531,менің атамнан менің далада гений деп атамыз,mimatuna mintana genijapatas,1.0,0.9534883720930233,7
train-00001-of-00048_000532,мақтанып тұратын едім ал сен,мақтанып тұтатыне ал сен,0.4,0.17857142857142858,5
train-00001-of-00048_000533,солай үшін тапсырайық,pش taبss,1.0,0.9523809523809523,3
train-00001-of-00048_000534,жөл,就,1.0,1.0,1
train-00001-of-00048_000535,кешегі болған жағдай бұл просто проверка,кешек болған жағдай бол пос провектор,0.6666666666666666,0.25,6
train-00001-of-00048_000536,негізі нормальный процесс,sنم不t,1.0,1.0,3
train-00001-of-00048_000537,лак обещаю без рак,оبشا لزرаك,1.0,0.8333333333333334,4
train-00001-of-00048_000538,түсінікті,,1.0,1.0,1
train-00001-of-00048_000539,жаңа сай,ي,1.0,1.0,2
train-00001-of-00048_000540,аха,س,1.0,1.0,1
train-00001-of-00048_000541,сөйтіп шығып,起ش去,1.0,1.0,2
train-00001-of-00048_000542,қарас қандай едің,رsaddn,1.0,1.0,3
train-00001-of-00048_000543,неге сөйтіп,نجeس,1.0,1.0,2
train-00001-of-00048_000544,ештеңе айтпайды келесі рет сұрайсыз,штеңетик келесгсгс,1.0,0.6,5
train-00001-of-00048_000545,клитик,rك,1.0,1.0,1
train-00001-of-00048_000546,келесі рет мен түсіретін кезде мен саған қайтарып беремін,كlsretmin سüretindiزe mنsan ktepكri,1.0,0.9473684210526315,9
train-00001-of-00048_000547,бұл жерде,点,1.0,1.0,2
train-00001-of-00048_000548,үйіңіздің әлі алыс тұр,үйңедин ал алышты,1.0,0.5,4
train-00001-of-00048_000549,айналамын,子,1.0,1.0,1
train-00001-of-00048_000550,шайырлы,是,1.0,1.0,1
train-00001-of-00048_000551,мен өзім ата анамды тентектеп жүрсем,ен өзүм атананбу сентектебижсем,1.0,0.3333333333333333,6
train-00001-of-00048_000552,или не болады,инن л,1.0,0.6923076923076923,3
train-00001-of-00048_000553,біз не істейміз сіз,你事,1.0,1.0,4
train-00001-of-00048_000554,әй не болмсыған,那牛村,1.0,1.0,3
train-00001-of-00048_000555,тартпай тұрсың,تارت بيترس,1.0,0.9285714285714286,2
train-00001-of-00048_000556,туар,ور,1.0,1.0,1
train-00001-of-00048_000557,инт жауыттарына қол жеткізе алатын адамдар көремін,енді жалаптарына қол жетпеге алатын адамдар,0.5714285714285714,0.34,7
train-00001-of-00048_000558,яғни нелері анау сабақтағы,мері анау сабақ ағ,1.0,0.38461538461538464,4
train-00001-of-00048_000559,түбет может,تويت مش,1.0,0.9090909090909091,2
train-00001-of-00048_000560,мазасын алмайсың олардың таң атпай өсек айтып,мағдаст алмайсын олардың таңатпай осек айты,0.8571428571428571,0.17777777777777778,7
train-00001-of-00048_000561,план бұл,ل,1.0,1.0,2
train-00001-of-00048_000562,сонда апай бұл теңдеуде иғ пен икс табу керек иә,сонда апай бұл теңдеуде игірікпен екіс тау керек е,0.5,0.20833333333333334,10
train-00001-of-00048_000563,ары қарай қалай шешем,ر 何起شم,1.0,0.9523809523809523,4
train-00001-of-00048_000564,бұл алтысына бірақ ой,بلهسنترو,1.0,1.0,4
train-00001-of-00048_000565,шеше амады ма апай,只想毛的م杯,1.0,1.0,4
train-00001-of-00048_000566,блин апай маған неге 4 дамириге 5,мілейін апай маған неге төрт дамилике бес,0.5714285714285714,0.42424242424242425,7
train-00001-of-00048_000567,балдары әпшібасар қызы,базады апши басарғызы,1.0,0.36363636363636365,3
train-00001-of-00048_000568,ой білмеймін үш төрт күн бұрын әлгі күн,شكك,1.0,1.0,8
train-00001-of-00048_000569,жүк,中,1.0,1.0,1
train-00001-of-00048_000570,вот жоқ енді шығарып шығады,那s,1.0,1.0,5
train-00001-of-00048_000571,мен ментальмен сөйлескенін естіп қалдым,мен ментальмен сөйлескен естіп қалдым,0.2,0.05128205128205128,5
train-00001-of-00048_000572,походу әкесі қысым жасаған пробнадан аз балалдың деп вот,походу әкесі қысым жасаған пробнудан азып алалдың деп оты,0.4444444444444444,0.10714285714285714,9
train-00001-of-00048_000573,бөбек сен,بك س,1.0,0.8888888888888888,2
train-00001-of-00048_000574,сөйтіп ба,天,1.0,1.0,2
train-00001-of-00048_000575,тағы,,1.0,1.0,1
train-00001-of-00048_000576,менің үйленгенің ғой менің қалай үйленгенім,你们个ل慢看,1.0,1.0,6
train-00001-of-00048_000577,сәлеметсіз бе,,1.0,1.0,2
train-00001-of-00048_000578,бетер сөйтпес,فبر ست,1.0,0.9230769230769231,2
train-00001-of-00048_000579,кәсіптіңіздер,,1.0,1.0,1
train-00001-of-00048_000580,оқу керек еді,,1.0,1.0,3
train-00001-of-00048_000581,сөйтіп жүрген,,1.0,1.0,2
train-00001-of-00048_000582,сөйтіп тұрғығы,بد قو,1.0,0.9285714285714286,2
train-00001-of-00048_000583,кәсіп тұр,لسف,1.0,1.0,2
train-00001-of-00048_000584,қалайығы,嘞,1.0,1.0,1
train-00001-of-00048_000585,жарат шауна,真受美,1.0,1.0,2
train-00001-of-00048_000586,шая түлік мау,现直过,1.0,1.0,3
train-00001-of-00048_000587,не жетпейді деп ол не жетпейді а,نجبيتسمنجبيت,1.0,1.0,7
train-00001-of-00048_000588,бұған,ن,1.0,1.0,1
train-00001-of-00048_000589,иә,,1.0,1.0,1
train-00001-of-00048_000590,қалысыңыз ба,شم,1.0,1.0,2
train-00001-of-00048_000591,сөйтіп жүрдіңіздерді,,1.0,1.0,2
train-00001-of-00048_000592,әй сендер бұны қайдан ойлап таптыңдар неге енді ғана айтып жатсыздар балаларға тестті қайта тапсырғызуға ешқандай құқықтарыңыз жоқ,сендер бұны қайдан ойлап таптыңдар неге енді ғана айтып жатсыздар балаларға тесті қайта тапсырғызуға ешқандай құқықтарыңыз жоқ,0.1111111111111111,0.03076923076923077,18
train-00001-of-00048_000593,біз бәріміз жиналып жалып жазамыз сендер,біз бәріміз жиналып жалып жазамыз сендер,0.0,0.0,6
train-00001-of-00048_000594,қара айш күй көп көп,رشكك,1.0,1.0,5
train-00001-of-00048_000595,келді ме әжеп,كزمش,1.0,1.0,3
train-00001-of-00048_000596,маған өтті лақтыл,ل,1.0,1.0,3
train-00001-of-00048_000597,и жаңағы мысал,一家人ص,1.0,1.0,3
train-00001-of-00048_000598,ү,,1.0,1.0,1
train-00001-of-00048_000599,бірінші күні қалай өтті,бірінше күнің қалай өтті,0.5,0.08695652173913043,4
train-00001-of-00048_000600,керемет жақсы бар,كرمل جخسبر,1.0,0.9411764705882353,3
train-00001-of-00048_000601,онан да бардасы,我نندورضست,1.0,1.0,3
train-00001-of-00048_000602,ақша жіберді,ахшажыберді,1.0,0.25,2
train-00001-of-00048_000603,сенен менің,سن من,1.0,0.9090909090909091,2
train-00001-of-00048_000604,қашан ба сөйлеспе,xasan slsb,1.0,0.9411764705882353,3
train-00001-of-00048_000605,жоқ болып қалды,جوق بولپ قالد,1.0,0.8666666666666667,3
train-00001-of-00048_000606,сен өзіңді маған,سدمن,1.0,1.0,3
train-00001-of-00048_000607,скрипкаға ойнап берші,سكركزنпш,1.0,0.9047619047619048,3
train-00001-of-00048_000608,көп болды ғой қолыңыз ұстамағаны,көп болдығы қолың ұстамағының,0.8,0.21875,5
train-00001-of-00048_000609,қызығы,كتفي,1.0,1.0,1
train-00001-of-00048_000610,ас үйден шықпаймын,阿س点出分,1.0,1.0,3
train-00001-of-00048_000611,сонда да бір кішкене музыка тыңдауға болмайды ма,sündede bir kışkeri muzikatında bork bolmayını,1.0,0.9375,8
train-00001-of-00048_000612,хәәәәәәәәәәәәрім сол,جرمس,1.0,1.0,2
train-00001-of-00048_000613,ойдай ғой,ونو,1.0,1.0,2
train-00001-of-00048_000614,венеге,wenega,1.0,1.0,1
train-00001-of-00048_000615,оны қыз бала екенін ұмытып қалған сияқты,ك بлتنب,1.0,0.95,7
train-00001-of-00048_000616,құрметті қымбатты он бірінші б,құрметті қымбатты он бірінші б,0.0,0.0,5
train-00001-of-00048_000617,сендерді соңғы оқу тоқсанның басталуымен құттықтаймын,сендерді соңғы оқу тоқсанның басталуымен құттықтаймын,0.0,0.0,6
train-00001-of-00048_000618,1 2 айдан кейін сендердің өмірлерің күрт өзгереді,бір екі айдан кейін сендердің өмірлерін күрт өзгереді,0.375,0.14285714285714285,8
train-00001-of-00048_000619,алда сендерді,алда сендерді,0.0,0.0,2
train-00001-of-00048_000620,талай қызықтармен,талайкызыптар мен,1.0,0.23529411764705882,2
train-00001-of-00048_000621,қуаныштар күтіп тұр,қуаңыштар күтіптүр,1.0,0.15789473684210525,3
train-00001-of-00048_000622,мектепті бітіргеннен кейін жолдарында қиыншылықтар күтуі мүмкін,мектепті бітіргеннен кейін жолдарыңда қиыншылықтар күту мүмкін,0.2857142857142857,0.031746031746031744,7
train-00001-of-00048_000623,алайда сендердің барлықтарың,алайда сендердиң баарлыкдары,0.6666666666666666,0.17857142857142858,3
train-00001-of-00048_000624,оларға төзетіндер ме шын жүректен,оларға төзетіндеріме шыңжіректен,0.8,0.12121212121212122,5
train-00001-of-00048_000625,кеңес,ن,1.0,1.0,1
train-00001-of-00048_000626,иә,ي,1.0,1.0,1
train-00001-of-00048_000627,себебі кейбіреулерінің білімдерін бесінші сыныптың деңгейінде қалып қойған зидан,себебі кейбірлерінің білімдерін бесінші сыныптың деңгейінде қалып қойған зидан,0.1111111111111111,0.025,9
train-00001-of-00048_000628,емт жақындап қалды балалар,ент жақындап қалды болла,0.5,0.15384615384615385,4
train-00001-of-00048_000629,ал көрсеткіштерім тым нашар,ал көрсеткіштерін тұңнаша,0.75,0.18518518518518517,4
train-00001-of-00048_000630,не жармай шығыңыз ағады,你说能说小了不,1.0,1.0,4
train-00001-of-00048_000631,дәл қазір сол туралы сөйлесіп отырмыз,біз дәл қазір сол туралы сөйлесіп отырм,0.3333333333333333,0.16216216216216217,6
train-00001-of-00048_000632,тарсымовтан,سبوبتا,1.0,1.0,1
train-00001-of-00048_000633,зидан,زيدن,1.0,1.0,1
train-00001-of-00048_000634,ойыңды өзгерткен жоқсың ба,ол енді өзгерткен жоқсын ба,0.75,0.23076923076923078,4
train-00001-of-00048_000635,мүмкін тапсырасың а тестілеуді,و مكن تبسراسنا تستلود,1.0,0.9333333333333333,4
train-00001-of-00048_000636,дұрыс арене,дру сарения,1.0,0.5454545454545454,2
train-00001-of-00048_000637,бірақ сонда да,бірақ сондады,0.6666666666666666,0.14285714285714285,3
train-00001-of-00048_000638,ертең не боларын білмейсің ғой сен,ертең не боларын білмейсің ғой сен,0.0,0.0,6
train-00001-of-00048_000639,сенің орныңда жоғарғы білім туралы ойланып көрер еді,сенің орныңда жоғарғы білім туралы ойланып көрер еді,0.0,0.0,8
train-00001-of-00048_000640,асанғойы,三过ي,1.0,1.0,1
train-00001-of-00048_000641,мүмкін өзің туралы айтарсың бізге танысамыз,мүмкін өзің туралы айтарсың бізге танысамыз,0.0,0.0,6
train-00001-of-00048_000642,жоқ қалауынша,只快老红山,1.0,1.0,2
train-00001-of-00048_000643,онда бастаймыз иә,ودبستمز,1.0,1.0,3
train-00001-of-00048_000644,ал балалар,ال باللار,1.0,0.9,2
train-00001-of-00048_000645,сәттілік,ستلك,1.0,1.0,1
train-00001-of-00048_000646,зидам,زد,1.0,1.0,1
train-00001-of-00048_000647,күрт телефонды,تركب فند,1.0,0.9285714285714286,2
train-00001-of-00048_000648,ая,阿燕,1.0,1.0,1
train-00001-of-00048_000649,тастанган кисе,多ست个كس,1.0,1.0,2
train-00001-of-00048_000650,буғ,我,1.0,1.0,1
train-00001-of-00048_000651,сосын тест нәтижелері күнделікті енетіні туралы ұмытпаймыз,жосын тест нәтижелері күнделік кеенетін туралы мұхкаймыз,0.5714285714285714,0.15517241379310345,7
train-00001-of-00048_000652,енді ешкімге де ескен,nljixkin yiljixk,1.0,0.9523809523809523,4
train-00001-of-00048_000653,бағалайығыңыздар,完出,1.0,1.0,1
train-00001-of-00048_000654,құрметті ата аналар,ومر تتنظر,1.0,0.9473684210526315,3
train-00001-of-00048_000655,сәл сауал таза беспредел солай ма,ол таза биспредел солай мы,0.6666666666666666,0.30303030303030304,6
train-00001-of-00048_000656,құрметті адамға тыныш тыныш,متتشکنش,1.0,1.0,4
train-00001-of-00048_000657,расымен,رسمين,1.0,1.0,1
train-00001-of-00048_000658,талапкерлердің заңды бұзғанының ешбір дәлелі жоқ,талапкерлердиң заңды бузлганының ھеч бир дәлели,0.8333333333333334,0.2708333333333333,6
train-00001-of-00048_000659,алайда,الايدا,1.0,1.0,1
train-00001-of-00048_000660,бүткіл сынып,بكل سن,1.0,0.9166666666666666,2
train-00001-of-00048_000661,жүз қырық балалы деп енді ол миға қонбайтын,жүз құрық болалды енді ол миға қонбай,0.5,0.20930232558139536,8
train-00001-of-00048_000662,бұл енді шынын айтқанда,olandışın aytkanda,1.0,0.9565217391304348,4
train-00001-of-00048_000663,тіпті мүмкін де емес,تىپdى مüمكüن düمüز,1.0,0.9,4
train-00001-of-00048_000664,нұржамала шұбасарқызы,ჟამალაშბაზარ,1.0,1.0,2
train-00001-of-00048_000665,расында,لسني,1.0,1.0,1
train-00001-of-00048_000666,мың ойларың қалай жеттіп жүр иә,mwiwera ngawajichura,1.0,0.967741935483871,6
train-00001-of-00048_000667,ал енді біз,أرندبز,1.0,1.0,3
train-00001-of-00048_000668,айта тапсыруды талап етпейміз,hayta tapsırudu talab etleğimiz,1.0,0.9655172413793104,4
train-00001-of-00048_000669,оған ешбір негіз жоқ,oni ispr nigż,1.0,0.9,4
train-00001-of-00048_000670,сондай ақ полиция қызметкерлеріне шақыруға да біздің,сондай ақ полиция қызметкерлерен шақыруға да биздің,0.2857142857142857,0.057692307692307696,7
train-00001-of-00048_000671,қалқыңыз,好好的时,1.0,1.0,1
train-00001-of-00048_000672,алайда,好老一的,1.0,1.0,1
train-00001-of-00048_000673,біз ішкі тергеуді жалғастырамыз,біз ішкі тергеуді жалғастырамыз,0.0,0.0,4
train-00001-of-00048_000674,ертеңнің өзінде,ертеңнің өзінде,0.0,0.0,2
train-00001-of-00048_000675,мектепке инспектор қызметін атқаратын өкілін жібереміз,мектепке инспектор қызметін атқаратын өкілін жібереміз,0.0,0.0,6
train-00001-of-00048_000676,сондықтан,سد中,1.0,1.0,1
train-00001-of-00048_000677,бүкіл мұғалімдер оған көмектесу,мүхүл мұғалимдер оған көмектөсү,0.75,0.1935483870967742,4
train-00001-of-00048_000678,ал енді ата аналарға ескертерім,ал энди атаналарга ескертерим,0.8,0.1935483870967742,5
train-00001-of-00048_000679,егер балалар,iger balalar,1.0,0.9166666666666666,2
train-00001-of-00048_000680,кінәсі мойындалса,knesim oyundalısa,1.0,0.9411764705882353,2
train-00001-of-00048_000681,яғни дәлелденсе,ياغني دنلدنس,1.0,1.0,2
train-00001-of-00048_000682,онда оларды өте ауыр сауда күтеді,ondavalardı etте avru savları ku,1.0,0.8787878787878788,6
train-00001-of-00048_000683,назарларыңызға рақмет,hazarlarınızla rahmet,1.0,0.9523809523809523,2
train-00001-of-00048_000684,грасс,درث,1.0,1.0,1
train-00001-of-00048_000685,ұбт ны қайтадан навык аттастырайық бәріміз,бытында қайтадан науы каттастыраяқтарімыз,0.8333333333333334,0.3333333333333333,6
train-00001-of-00048_000686,жинаңдар,几ن你在,1.0,1.0,1
train-00001-of-00048_000687,мен бе,ميمب,1.0,1.0,2
train-00001-of-00048_000688,шонфон,说凤,1.0,1.0,1
train-00001-of-00048_000689,мен осы мектепте жұмыс істегеніме,мен осы мектепте жұмыс істегенім е,0.4,0.030303030303030304,5
train-00001-of-00048_000690,бақаң да жиырма жыл болды,بقn د جirمaжubo,1.0,0.88,5
train-00001-of-00048_000691,ал мынандай сыныпты мен көрген емеспін,ал мынандай сыныпты мен көрген емеспін,0.0,0.0,6
train-00001-of-00048_000692,үлгерімдері нашар тәртіптері одан да нашар сабаққа келмейді төбелеседі скандалдан скандал,үлгерімдері нашар тәртіптері одан да нашар сабаққа келмейді төбелеседі скандалдан скандал,0.0,0.0,11
train-00001-of-00048_000693,қасықтап жинаған мектептің абыройын айрандай төктіңдер,қасықтап жинаған мектептің абыройын айғандай төктіңдер,0.16666666666666666,0.018518518518518517,6
train-00001-of-00048_000694,айналайындар ау бұған сендердің мына миларың қалай жетті,айналайындарау бұған шендері мына мыйларын қалалы жетті,0.625,0.16071428571428573,8
train-00001-of-00048_000695,ең сорақысы,jenسoرeقسe,1.0,1.0,2
train-00001-of-00048_000696,мені және мұғалімдерді сендерге көмектес деп жатыр екен,мені және мұғалімдерді сендерге көмектестеп жатыр екен,0.25,0.03636363636363636,8
train-00001-of-00048_000697,құлтты,ا,1.0,1.0,1
train-00001-of-00048_000698,сөйткен сөйткен,,1.0,1.0,2
train-00001-of-00048_000699,ертең бәрі ашылғанда қалай қалай күлетіндеріңді көреміз әлі,ертең бәрі ашылғанда қалай қалай күлетіндеріңді көреміз әлі,0.0,0.0,8
train-00001-of-00048_000700,сендер түсінесіңдер ме а бұл қылмыстық іс,сендер түсінесіңдер ме ә бұл қылмыстық іс,0.14285714285714285,0.024390243902439025,7
train-00001-of-00048_000701,кеш болмай тұрғанда,кеш бوлمай тұрغанда,0.6666666666666666,0.15789473684210525,3
train-00001-of-00048_000702,майда,文蛋,1.0,1.0,1
train-00001-of-00048_000703,ескертті ескертті бірақ инспектор сен екенін білмедік дәурен,ескертті ескертті бірақ инспектор сен екенін білмейдік тәурен,0.25,0.03333333333333333,8
train-00001-of-00048_000704,бейтан,هت,1.0,1.0,1
train-00001-of-00048_000705,толық келісем дәурен,толكелсеمдрн,1.0,0.5,3
train-00001-of-00048_000706,аха иә дәурен асқарұлы бізде бәрін анықтағымыз келеді біздің мектептің ешбір қызметкері бұл іске қатысты емес деп айта аламын,и дәурен асқарұлы біз де бәрін анықтағымыз келеді біздің мектептің ешбір қызметкері бұл іске қатісті емес деп айталамы,0.3684210526315789,0.088,19
train-00001-of-00048_000707,тұра енді,对,1.0,1.0,2
train-00001-of-00048_000708,он бірінші ба,ومبرنشبا,1.0,1.0,3
train-00001-of-00048_000709,жаңа сыныптастарың,żanasnyptastaryn,1.0,1.0,2
train-00001-of-00048_000710,ерқожа әсан,يروجا أسم,1.0,0.9090909090909091,2
train-00001-of-00048_000711,асан отыра ғой,أس ترgل,1.0,0.9285714285714286,3
train-00001-of-00048_000712,ал бос орынға отырамын,ابصغوط,1.0,1.0,4
train-00001-of-00048_000713,иң,ي,1.0,1.0,1
train-00001-of-00048_000714,покум,وبط,1.0,1.0,1
train-00001-of-00048_000715,нәтиже өте төмен,ناتج وتتمن,1.0,0.9375,3
train-00001-of-00048_000716,мен сендер сияқты нашарсыныпты,мен сендер сияқты нашар сыныпты,0.5,0.03333333333333333,4
train-00001-of-00048_000717,өмір көрген емеспін,өмірі көрген емеспін,0.3333333333333333,0.05263157894736842,3
train-00001-of-00048_000718,шынымды айтсам,是ن大,1.0,1.0,2
train-00001-of-00048_000719,мектептің абыройы үшін,мектептің абыройшы,0.6666666666666666,0.22727272727272727,3
train-00001-of-00048_000720,мына сыныптың тең жартысын,мына сыныптың тең жарт сынып,0.5,0.11538461538461539,4
train-00001-of-00048_000721,тестке қатыстырмас едім,тестке қатыстырмас едім,0.0,0.0,3
train-00001-of-00048_000722,өкінішке орай ол менің қолымда емес,өкүнүшке орай ол менин колумда эмес,0.6666666666666666,0.2,6
train-00001-of-00048_000723,қуантатын жалғыз садраддин,куонтатын жалғыз садыраддин,0.6666666666666666,0.11538461538461539,3
train-00001-of-00048_000724,эй зидан,يي سيدان,1.0,0.875,2
train-00001-of-00048_000725,сен тыныш отыр,سيلتلشوتر,1.0,1.0,3
train-00001-of-00048_000726,ең нашар оқушылардың бірісің,ең нашар окучылардың бересең,0.5,0.17857142857142858,4
train-00001-of-00048_000727,жақсы болды,çaksı boldu,1.0,0.9090909090909091,2
train-00001-of-00048_000728,айтпақшы дәмелі,اه أيتبقشداميل,1.0,1.0,2
train-00001-of-00048_000729,мысалы соңғы тоқсанда алатын шығарсың,сαsоnғτоsдα νατνш,1.0,0.8108108108108109,5
train-00001-of-00048_000730,ағаңа ұқсап сенің де суретің құрмет тақтасында ілініп тұрады деп ойлаймын,ағаңа құсап сеніңде суретің құрмет таптасында ілініп тұрады деп ойлаймын,0.36363636363636365,0.0547945205479452,11
train-00001-of-00048_000731,жинал,是ن,1.0,1.0,1
train-00001-of-00048_000732,әкең саған көмектесуді тапсырған,әкең таған көмектетуді тап тұрған,1.0,0.15625,4
train-00001-of-00048_000733,басқа айтарым жоқ,басқа айтарым жоқ,0.0,0.0,3
train-00001-of-00048_000734,барлықтарың,بارلыقتارن,1.0,0.9090909090909091,1
train-00001-of-00048_000735,киімдеріңді ауыстырып,киімдерің дауыстырып,1.0,0.14285714285714285,2
train-00001-of-00048_000736,қайтадан басты корпусқа барасыңдар,қайтадан басты корпусқа барасыңдар,0.0,0.0,4
train-00001-of-00048_000737,биыл енді сендерге дене шынықтыру сабағы болмайды оның орнына ұбту ға дайындаласыңдар,биыл енді сендерге денежынықтыру сабағы болмайды оның орнына ұбытуға дайындаласыңдар,0.3333333333333333,0.047058823529411764,12
train-00001-of-00048_000738,таппайсыз прикол ұстап тұрсыз ба,пайсыз приколстап тұрсызпа,1.0,0.21875,5
train-00001-of-00048_000739,зидан прикол деген сенің он бірінші сыныпқа жеткенің,зидан прикол деген сенің он бірінші сыныққа жеткенің,0.125,0.019230769230769232,8
train-00001-of-00048_000740,балда зидан садриддин сенің енді заңды құрметтегенің өте жақсы бірақ мына сыныптастарыңа қосымша дайындалу керек,балалда зидан садраддин сенің енді заңды құрметтегенің өте жақсы бірақ мына сыныптастарыңа қосымша дайындалу керек ал менде денес жынықтырды,0.4,0.25892857142857145,15
train-00001-of-00048_000741,вожденье болса міне,вожде не был сам,1.3333333333333333,0.42105263157894735,3
train-00001-of-00048_000742,қосымша сабақтарға бармай қойсам бола ма жібек сен немене ең ақылдымын деп тұрсың ба,қосымша сабақтарға бармай қойсам бола ма жібек сен не міне ең ақылдымын деп тұрсың ба,0.14285714285714285,0.023809523809523808,14
train-00001-of-00048_000743,рамазан амангелдіұлы сендерді тарих кабинетінде күтеді болды басқа айтарым жоқ барыңдар тезірек,рамазан амангелдұлы сендерді тарих кабинетінде күтеді болды басқа айтарым жоқ барыңдар тезірек,0.08333333333333333,0.010526315789473684,12
train-00001-of-00048_000744,ивницка,か,1.0,1.0,1
train-00001-of-00048_000745,құдаймын,嗯,1.0,1.0,1
train-00001-of-00048_000746,бұл не деген сұмдыға не деген масқара,бұл не деген сымдыға не деген масқара,0.14285714285714285,0.02702702702702703,7
train-00001-of-00048_000747,мектепте қанша жыл жұмыс істеп жүріп мен мұндайды көрген емеспін,мектепте қанша жыл жұмыс істеп жүріп мен мұндайды көрген емеспін,0.0,0.0,10
train-00001-of-00048_000748,сәлем,,1.0,1.0,1
train-00001-of-00048_000749,сөйтіп тұрғыдан келіп тұр,,1.0,1.0,4
train-00001-of-00048_000750,менің шамам жоқ егер доп тепкілерің келсе келе беріңдер,болды болды енді менің шаман жоқ егер доп тепкілеріңкесе тебелеріңде,0.8888888888888888,0.45454545454545453,9
train-00001-of-00048_000751,жүрсің,学这,1.0,1.0,1
train-00001-of-00048_000752,мыналарға,不能能是干,1.0,1.0,1
train-00001-of-00048_000753,байқау тестін өткізесің білімдерін тексереміз ал сіз,байқал тестін өткізесің білімдерін шексереміз ал сіз,0.2857142857142857,0.038461538461538464,7
train-00001-of-00048_000754,мына кабинетте редко гадрязь,на кавинет третька гардряс,1.0,0.42857142857142855,4
train-00001-of-00048_000755,сәлем,,1.0,1.0,1
train-00001-of-00048_000756,тиіпті 11 б,текті он бір б,1.0,0.8181818181818182,3
train-00001-of-00048_000757,ұбт ға қаншалықты дайын екендеріңді көрейік,ұбытыға қаншалықты дайын екендеріңді көрейік,0.3333333333333333,0.046511627906976744,6
train-00001-of-00048_000758,нәтижелерін алдыңғыдан да,нәтижелерің алдыңғыдан да,0.3333333333333333,0.04,3
train-00001-of-00048_000759,нашар болатынына толық сенімдімін,нашар болатıнdа толу сенімдемін,0.75,0.18181818181818182,4
train-00001-of-00048_000760,ең болмаса соңғы тоқсанда оянады,ي我م,1.0,1.0,5
train-00001-of-00048_000761,дуру,در,1.0,1.0,1
train-00001-of-00048_000762,енді әрі қарай шешпейсің бе,енді ар қарай шешпейсіңбе,0.6,0.1111111111111111,5
train-00001-of-00048_000763,басыммен шешесің,八سمششس,1.0,1.0,2
train-00001-of-00048_000764,әй иә,你子,1.0,1.0,2
train-00001-of-00048_000765,қайта отырғанын ұмытып қалдың ба,қайта отырғанын ұмытып қалдың ба,0.0,0.0,5
train-00001-of-00048_000766,енді жоқ,别ش,1.0,1.0,2
train-00001-of-00048_000767,арман не болды шештің бе,арман не болд шештиң бе,0.4,0.08333333333333333,5
train-00001-of-00048_000768,құм,,1.0,1.0,1
train-00001-of-00048_000769,отыр,我ت,1.0,1.0,1
train-00001-of-00048_000770,түрт,快,1.0,1.0,1
train-00001-of-00048_000771,кім шығарады,كمشغرت,1.0,1.0,2
train-00001-of-00048_000772,сені білем ғой садырайдан шығара алатын,сені білемін ғой садырайдан шығара алатын,0.16666666666666666,0.05128205128205128,6
train-00001-of-00048_000773,данелі,تنيل,1.0,1.0,1
train-00001-of-00048_000774,шық тақтаға,شقطقط,1.0,1.0,2
train-00001-of-00048_000775,кіші қараған,شخرم,1.0,1.0,2
train-00001-of-00048_000776,да не или деймін,داميل دين,1.0,0.9375,4
train-00001-of-00048_000777,а,啊,1.0,1.0,1
train-00001-of-00048_000778,апаймен бақтасам боламын,апай мен бракпасам боламын,1.0,0.16666666666666666,3
train-00001-of-00048_000779,ай шығуына тура келеді,ي شغлңا تورا لеك,1.0,0.8181818181818182,4
train-00001-of-00048_000780,ана бағаларын түзеуіміз керек болды,ана бағаларым түзеуіміз керек бұл,0.4,0.11428571428571428,5
train-00001-of-00048_000781,бұл,不,1.0,1.0,1
train-00001-of-00048_000782,посаш,不صش,1.0,1.0,1
train-00001-of-00048_000783,дәмелі,دميل,1.0,1.0,1
train-00001-of-00048_000784,буртап,不رت,1.0,1.0,1
train-00001-of-00048_000785,ей тынышты отыршы білгісі сенбейді,تطرش بلسبي,1.0,0.9705882352941176,5
train-00001-of-00048_000786,он жыл бойы үздік оқып,我知لبيد过,1.0,1.0,5
train-00001-of-00048_000787,не болды саған өзі,нивопسغنuس,1.0,0.8888888888888888,4
train-00001-of-00048_000788,примин,明,1.0,1.0,1
train-00001-of-00048_000789,алдағы еңбектерің үшін ғана мен саған 5 деген балл қоямын,алдағы еңбектерің үшін ғана мен саған бес деген бал қоям,0.3,0.10526315789473684,10
train-00001-of-00048_000790,аз болса екі қойып берейін,аз болса екі қойып берейін,0.0,0.0,5
train-00001-of-00048_000791,ол маған қиындық тудырмайды,ол маған қиын тықтұлдырмайды,0.5,0.18518518518518517,4
train-00001-of-00048_000792,бәрі дұрыс па,عردرسب,1.0,1.0,3
train-00001-of-00048_000793,кім шығады тақтаға,кім шығат тақтағы,0.6666666666666666,0.16666666666666666,3
train-00001-of-00048_000794,ал садырадин шық,صدر点شق,1.0,1.0,3
train-00001-of-00048_000795,өлеңешегі өлеңдебақыңыз,说,1.0,1.0,2
train-00001-of-00048_000796,енді бітіретін жыл сені құдай атты ма,nd бtrtnssr kdaっtm,1.0,0.918918918918919,7
train-00001-of-00048_000797,не болды саған осы,gsغs,1.0,1.0,4
train-00001-of-00048_000798,обязательно ма,بزاتنما,1.0,1.0,2
train-00001-of-00048_000799,жақсы болыпты,رaخسبopت,1.0,1.0,2
train-00001-of-00048_000800,қатты маңызды ма сол,قattı مanزدı مaso,1.0,0.9,4
train-00001-of-00048_000801,мен маңызды деп білемін,人مز对不,1.0,1.0,4
train-00001-of-00048_000802,нұсқаң бар ма,مسgرن,1.0,1.0,3
train-00001-of-00048_000803,білмедім,ولمن,1.0,1.0,1
train-00001-of-00048_000804,бәлкім мен тыңдарындымын,бәлкім мен тымдарымдымын,0.3333333333333333,0.08333333333333333,3
train-00001-of-00048_000805,тың біліндімін,تب린د은,1.0,1.0,2
train-00001-of-00048_000806,басқа балалар мен сияқты болғысы келеді,басқа балалармен сияқты болсы келеді,0.5,0.07692307692307693,6
train-00001-of-00048_000807,сонымен қоса,س明我س,1.0,1.0,2
train-00001-of-00048_000808,мен адамдармен,من عضمدلمن,1.0,0.9285714285714286,2
train-00001-of-00048_000809,жақсы тыңдап саламын,جخصلص,1.0,1.0,3
train-00001-of-00048_000810,замет не я это сказал,заметь не я это сказал,0.2,0.047619047619047616,5
train-00001-of-00048_000811,финога,,1.0,1.0,1
train-00001-of-00048_000812,хоп,طط,1.0,1.0,1
train-00001-of-00048_000813,ол смеялись и хватит меня на годю чем ты бір күн шыдамай мне то что или кай,коснеялиси хватит меана гадюшимте быргыншштамамнетоштеликай,0.9411764705882353,0.41333333333333333,17
train-00001-of-00048_000814,сейчас не даю бизнес деймін болды өз сабағымды алдым бәрін түсіндім,сичаснедалю бизнес деі олды өз сабағында алдым бәрін түсіндім,0.5454545454545454,0.16417910447761194,11
train-00001-of-00048_000815,там невозможно находиться,там невозможно находитьс,0.3333333333333333,0.04,3
train-00001-of-00048_000816,ол,,1.0,1.0,1
train-00001-of-00048_000817,авалды алдық,war dldo,1.0,0.9166666666666666,2
train-00001-of-00048_000818,мені мектебіме қайташы,мені мектепіме айташ,0.6666666666666666,0.13636363636363635,3
train-00001-of-00048_000819,надо ж маму вспомним,надаш маму вспомњил,0.75,0.25,4
train-00001-of-00048_000820,білмеймін жаңа хатын тауып алдым ғой өзің,білмеймі жаңа қатын тауалдың өзім,0.8571428571428571,0.2682926829268293,7
train-00001-of-00048_000821,және привет дейді ау,人你p别pd,1.0,1.0,4
train-00001-of-00048_000822,давай,ม,1.0,1.0,1
train-00001-of-00048_000823,максимально балалы сақшайық әрқайсысымыз,максимальны балалысакше арқайсснес,1.0,0.325,4
train-00001-of-00048_000824,құдай қылсын қалмай қалмай,utasan,1.0,1.0,4
train-00001-of-00048_000825,бұрынғы керек,kur ir,1.0,0.9230769230769231,2
train-00001-of-00048_000826,ассалаумағалейкүм достар сіздермен дайлингизет бүгін біз мына гринвикс сервис,ассалому алейкум достар сіздермен дайленгезет бүгін бізна гринвик сервер,0.7777777777777778,0.16883116883116883,9
train-00001-of-00048_000827,атты серверінде дезран деген ойынды ойнайтын боламыз неге дезран десең деп,атты серверінде дезран деген ойынды онитын боламыз неге дезран десеңдеп,0.2727272727272727,0.05405405405405406,11
train-00001-of-00048_000828,менде вообще идея жоқ просто мінекей менің қасымда подписчик та біреу,енде орше идея жоқ просты мінеке мен қасымды патписшікка біреу,0.7272727272727273,0.2318840579710145,11
train-00001-of-00048_000829,қалмайды менің қасымның үйде түсіватқанын байыптап ендеше осы видео смеу лайк басып комментарий жазамыз арғы жақта дауыс шығыватса мән бермейміз вакуум ғой,қалмайт менің қасымның видео цсірақлаын баптып ендеше осы видеосыме алайк басып комментари жызамыз арық жақты даусшығатсамәбеліні жұлакуым ғой,0.7272727272727273,0.25806451612903225,22
train-00001-of-00048_000830,ендеше осы үйді ысымай алып айтпасамыз ал ендеше біз,indішe os вideosma ait basamыs au indiшe bіz,1.0,0.7884615384615384,9
train-00001-of-00048_000831,кет,ket,1.0,1.0,1
train-00001-of-00048_000832,айтады достар мен дезранға кірдім мінекей он секунд қауіпті қазір енді он секунд күте тұрайық,итакбустар мен дезранға кірдім мінеке он секунд қалыпты қазір енді он секунд күтетұрайық,0.4,0.12903225806451613,15
train-00001-of-00048_000833,укөй о,我o kle 我o,1.5,1.3333333333333333,2
train-00001-of-00048_000834,мен пахуды қашам алдым,мен паходы қашан малдим,0.75,0.18181818181818182,4
train-00001-of-00048_000835,кеттік кеттік кеттік,kit kit kit,1.0,0.9,3
train-00001-of-00048_000836,ты бегом дейді ол жақсы ұлы,ты бег он де ол жақсы олды ол,0.8333333333333334,0.37037037037037035,6
train-00001-of-00048_000837,йолл сразу аш жүрді ғана қаш енді қаш,ол сыразу аш жердұған қаш енді қаш,0.5,0.1891891891891892,8
train-00001-of-00048_000838,анау бас шепсе тағы түсіп кетеміз енді болды қашамыз мына жасылдарға секіру керек мынау бас қоса біз түсіп кететін боламыз,но бас шепсе тағы түсіп бетеміз енді болды қашамыз на жасылдарға секіру керек наука бас қоса біз түсіп кететін боламыз,0.2,0.08196721311475409,20
train-00001-of-00048_000839,мен жалпы дезран деген ойынды бірінші рет ойнала тұрмын сол үшін,мен жалпы дезран деген ойынды бірінші рет ойналатырм сол үшін,0.18181818181818182,0.0625,11
train-00001-of-00048_000840,ойнап білмейатсам кешірім сұраймын,ونا بلماتسام كېشم سرايم,1.0,0.9117647058823529,4
train-00001-of-00048_000841,кеттік енді чекпоинт дейді,ketgencpointida,1.0,1.0,4
train-00001-of-00048_000842,сонда қалайын ол,ص的خون,1.0,1.0,3
train-00001-of-00048_000843,біз нең үстінен жүреміз а түсіндім мына отқа түсеткенбіз ғой,біз ненің үстінен жүрмеміз а түсінді мына отқа түсет екенміз ғой,0.5,0.11666666666666667,10
train-00001-of-00048_000844,қазір енді мына отты алып ұстасын мен жүгірем де өтіп кетейін,қазір енді мына от талпыстасын мен жүгіремді өткетейін,0.6363636363636364,0.18032786885245902,11
train-00001-of-00048_000845,кеттік секір,gt kسkر,1.0,0.9166666666666666,2
train-00001-of-00048_000846,хм,嗯,1.0,1.0,1
train-00001-of-00048_000847,сонда біз не анаяққа жетуіміз керек қой,сонда бізне анаяқа жетуіміз керек па,0.5714285714285714,0.1282051282051282,7
train-00001-of-00048_000848,ә түсіндім мен түсіндім мына жаққа жетуіміз керек пе екен,ә түсіндім ен түсіндім нажаққа жетуымыз керек екен,0.5,0.15789473684210525,10
train-00001-of-00048_000849,жеттім ау,جtm,1.0,1.0,2
train-00001-of-00048_000850,так достар осы видеосымен лайк басып кетейікші,так dосtави us вidеoasме лаik бaskretikш,0.8571428571428571,0.6086956521739131,7
train-00001-of-00048_000851,итак скорыйменде жаңа имидж болады достар,итак скормен де жаңа имеж болат тұрсыздар,0.8333333333333334,0.3170731707317073,6
train-00001-of-00048_000852,маған көмектескілерің келсе көмектесің,маған көмектескілерін келсе көмектесің,0.25,0.02631578947368421,4
train-00001-of-00048_000853,қазір енді біз мына жерге түстік,хазір ені бізң нәжерге түсік,1.0,0.25,6
train-00001-of-00048_000854,ей не ұлды,и ниуды,1.0,0.6,3
train-00001-of-00048_000855,түсінбей кеттім достар бірдеңе болды да мен өліп қалдым будь аккуратный дейді,түсінбей кеттім достары бірдеңі олытта ме өліп қалдым бут аккуратіне дейді,0.5833333333333334,0.15584415584415584,12
train-00001-of-00048_000856,қазір енді көреміз аккурат не болып,gazrintქurims aкuratni бoب,1.0,0.8857142857142857,6
train-00001-of-00048_000857,секір давай,сiкrdoл,1.0,0.8181818181818182,2
train-00001-of-00048_000858,мына жаққа секіргіміз керек,нажаққа секіріңіміз керек,0.75,0.18518518518518517,4
train-00001-of-00048_000859,жеттім енді келесі,жеттім енді келесі,0.0,0.0,3
train-00001-of-00048_000860,иим,im,1.0,1.0,1
train-00001-of-00048_000861,кеттік қайттан,كitقaiton,1.0,1.0,2
train-00001-of-00048_000862,қайттан,거있던,1.0,1.0,1
train-00001-of-00048_000863,е қайтадан жап жаңа түспедің ғой а болды достар біз түстік мен шифтте отырып болған екенмін ғой жаңа,қайттан жап жаңа түспедің ғо а болт достарымыз түстік мен шифтте отырып балған екенім ғо жаңа,0.5,0.14,18
train-00001-of-00048_000864,енді біз мына жерге түсеміз не істейміз сосын,jendeb зnažebe řemznisim sosem,1.0,0.9333333333333333,8
train-00001-of-00048_000865,а жаңа анау басып қалған шығар походу,а жаңа ану басқалғаншар походу,0.5714285714285714,0.1891891891891892,7
train-00001-of-00048_000866,сол үшін мен өліп қалдым енді қашамыз қаш қаш қаш,сол үшін мен өліп қалдым енді қашамыз қаш қаш қас,0.1,0.02040816326530612,10
train-00001-of-00048_000867,енді менде идея жоқ болған соң дез ұран түсіріп отырмын мен,енді мен де идея жоқ болған соң дезұрған түсіріп отырмын мен,0.36363636363636365,0.05084745762711865,11
train-00001-of-00048_000868,қазір енді ешкім жоқпын мына жерде қашып алайық ана,қазір енді ешкім жоқ пен әжерді қашы болайық ана,0.5555555555555556,0.21568627450980393,9
train-00001-of-00048_000869,кмит,mit,1.0,1.0,1
train-00001-of-00048_000870,басық қалада анандай заттарды шынымыз өліп қоямыз сондайлар,бас қалада онандай заттары түсірімізді өріп қаламыз сондай бар,1.0,0.3220338983050847,8
train-00001-of-00048_000871,жоқ қазір,жоқ қазір,0.0,0.0,2
train-00001-of-00048_000872,енді қашамыз қашамыз үлгерсек болды,енді қашамыз қашамыз үлгепсек болды,0.2,0.02857142857142857,5
train-00001-of-00048_000873,мына жердіңіздер енді су ма,nagernizate suma,1.0,0.9629629629629629,5
train-00001-of-00048_000874,ел давай давай давай,yo nway nwy nwy,1.0,0.85,4
train-00001-of-00048_000875,тис тис тис,,1.0,1.0,3
train-00001-of-00048_000876,шық,ش,1.0,1.0,1
train-00001-of-00048_000877,е өттік достар енді келесі чекпот дейді кеттік ау,е өттік достар енді келесі чекбой дейт кеттік ау,0.2222222222222222,0.08163265306122448,9
train-00001-of-00048_000878,анау жоқ қой не істеп тұрсың,ана жоққа не істеп тыпсың,0.6666666666666666,0.21428571428571427,6
train-00001-of-00048_000879,ұял достар анау жарылып кетті,йелдостараны жарылып кетті,0.6,0.20689655172413793,5
train-00001-of-00048_000880,иә о ма әй о не істейміз енді мына жерде біз,jo majo nisimzen hežebdebes,1.0,0.9318181818181818,11
train-00001-of-00048_000881,буайтем сосын,boitin sn,1.0,0.9230769230769231,2
train-00001-of-00048_000882,ейеу аны басып қалыпты ұстар,يو анو басقп тустаرд,1.0,0.5714285714285714,5
train-00001-of-00048_000883,кит кит кит,ق ق قت,1.0,0.8181818181818182,3
train-00001-of-00048_000884,тұттық,تت,1.0,1.0,1
train-00001-of-00048_000885,е бұл шей,ي bش,1.0,0.8888888888888888,3
train-00001-of-00048_000886,шәйт етпейді уф секіріп үлгердің достар енді мынандай паркур жоқ,шайт етпей уф секір білгерің достар енді нандай пар кор жоқ,0.7,0.1875,10
train-00001-of-00048_000887,мә мен не істеп қойдым,мәмен естек бойдым,1.0,0.2727272727272727,5
train-00001-of-00048_000888,кеттіген түс,게ت게ت,1.0,1.0,2
train-00001-of-00048_000889,түс,تس,1.0,1.0,1
train-00001-of-00048_000890,естерсіз қазір тағы да өліп қалып жатпайық,ش كاستض w قطيقة,1.0,0.9285714285714286,7
train-00001-of-00048_000891,ұ,,1.0,1.0,1
train-00001-of-00048_000892,жеттік секір,et zeker,1.0,0.9166666666666666,2
train-00001-of-00048_000893,көкөніміз,,1.0,1.0,1
train-00001-of-00048_000894,кет қайтадан қайтадан қайтадан өте алмайатырмыз качелялар,кет кайттан кайттан кайттан үт алмайятырңуз качелалар,0.8571428571428571,0.2631578947368421,7
train-00001-of-00048_000895,енді былай қарай секіреміз,енді бұлайғара сикіреміз,0.75,0.19230769230769232,4
train-00001-of-00048_000896,и потом мына жерде,и потом на жерде,0.25,0.1111111111111111,4
train-00001-of-00048_000897,мынаған,منغان,1.0,1.0,1
train-00001-of-00048_000898,нан өту қиын достар чоттамаған,мынаны өту қиын достар чоттамаған,0.2,0.1,5
train-00001-of-00048_000899,өте алмаймын мен достарымнан ары қарай,өте алмайым мен достарынан арғарай,0.6666666666666666,0.15789473684210525,6
train-00001-of-00048_000900,себебі мен вышел дейді қазір біз енді қайтадан ойнайтын боламыз мен мына листочка бастаймын кірген соң қайтадан бастаймын,время вышылы дет казі біз ен қайтадан онитын боламыз мен мына листочиккі бастай кірген соң қайтатан бастаймын,0.5555555555555556,0.2231404958677686,18
train-00001-of-00048_000901,үйтап тұрсам мінекей мен кірдім қаш немесе өлге болдым білем мен қажақша сөйтем,үй тактұстар мінеке мен кірдім қаш немесе өлге болын білеммен қажақшасын тек,0.6153846153846154,0.189873417721519,13
train-00001-of-00048_000902,аты дезран болған соң мен де дезран дей беремін негізі қаш немесе өл қазақша,аты дезран болған соң мен де дезран деберім негізі қаш немесе гөл қажақша,0.2857142857142857,0.09210526315789473,14
train-00001-of-00048_000903,қазір енді біз мына жерден өтпей тұру керек,қазір енді бізің әжепеден өтпей тұруы керек,0.5,0.20930232558139536,8
train-00001-of-00048_000904,әйтпесең ау келіп басып қалса сразу құлаймыз айттым мен,әйтпісен аукеліп басқа осы сыразы қуаймыз айттым мен,0.7777777777777778,0.23636363636363636,9
train-00001-of-00048_000905,но мешать етеме отчеті бір түрлі болады да жоқ па,нлa мешайте tema чot бtrлювataжп,1.0,0.7346938775510204,10
train-00001-of-00048_000906,у,嗯,1.0,1.0,1
train-00001-of-00048_000907,жаңа ана біреуі өтіп кетті ана алпыс жасада,жаңа аны біреу өтіп кетті на алпыс асада,0.5,0.09302325581395349,8
train-00001-of-00048_000908,енді біреуіміз құлатып кетті ана жерге кеттік ау өттік нанын ау өлдіңдер,енді рилымыз қулак бетті ғана жерде кеттік ал өттік наны нау өлдіңдер,0.6666666666666666,0.2222222222222222,12
train-00001-of-00048_000909,секір,sikr,1.0,1.0,1
train-00001-of-00048_000910,ай секіршіш а болды енді біз,ай секірпшеш а болды енді біз,0.16666666666666666,0.07142857142857142,6
train-00001-of-00048_000911,бұлайған секілуіміз керек еді бірақ мен жетпей қалдым,бұлай қара секіруміз дерегет бірақ мен жетпей қалдым,0.5,0.20754716981132076,8
train-00001-of-00048_000912,қарап отырсаңыздар менде күшті ресурс батыр бұл бір аюдың суреті тұрған ресурс батыр бұл полпыға арналған мен оны өшіруге ұмытып кетіппін,қара отсаңыздар мен де күште ресурс плактыр бұл бір аюдың суретіп тұрған ресурс плак бұл пвпаға арналған мен оны өшіруге ұмыт кетпін,0.5238095238095238,0.15328467153284672,21
train-00001-of-00048_000913,қазір енді біз бүйтіп секіреміз ана жерге жету керек болды,қазір енді біз битіп секіреміз ана жүрге жету керек болды,0.2,0.05172413793103448,10
train-00001-of-00048_000914,давай кеттік,d kt,1.0,0.9166666666666666,2
train-00001-of-00048_000915,ей жеттім достар енді келесі бізде,и жеттің достар енді келесі бізде,0.3333333333333333,0.08823529411764706,6
train-00001-of-00048_000916,мынаған түсу керек пе,мынаған түсу керікпа,0.5,0.14285714285714285,4
train-00001-of-00048_000917,уф төменге түсіп кетпесем болды,өф төменге түсіп кетпесем болды,0.2,0.03225806451612903,5
train-00001-of-00048_000918,енді қазір бүйтіп секіріп көрейік мына жерде нью,енді кәзір бит секір керек нәжерде ню,0.875,0.3333333333333333,8
train-00001-of-00048_000919,әйтпесе секіріп тұрмын,اt psi sikpt,1.0,0.9090909090909091,3
train-00001-of-00048_000920,аяқтауымыз керек біз мынау бас жемей тұрып әзір дірің деп соны қайтадан партал жақтан шығып жүрсек,аяқтауымыз керек бізің ау бас женмей тұріп пәзір төрен деп с қайтта партау жақпан шығып жепжеп,0.6875,0.23469387755102042,16
train-00001-of-00048_000921,уф,,1.0,1.0,1
train-00001-of-00048_000922,дұрыстап бөлуге сәл қалдым ғой менде,дұстап өлуге сайлық алдым ол мінде,1.0,0.2777777777777778,6
train-00001-of-00048_000923,о мой кеттік кеттік кеттік енді жаңағы картинаны өте алсақ,ма кеткет кет эн жаңа качелян ут алсак,1.0,0.4827586206896552,10
train-00001-of-00048_000924,кеттік кеттік кеттік,kit kit kit,1.0,0.9,3
train-00001-of-00048_000925,тестестесіз,سس,1.0,1.0,1
train-00001-of-00048_000926,киел,يو,1.0,1.0,1
train-00001-of-00048_000927,әне әне әне жылу,أني أني أني جرغ,1.0,0.8125,4
train-00001-of-00048_000928,біздің охотнигіміз,بdn aخoתniبns,1.0,0.9444444444444444,2
train-00001-of-00048_000929,уфь,ووف,1.0,1.0,1
train-00001-of-00048_000930,кеттік кеттік жаман қорқып отырмын бар ғой біртүрлі ол,кет кеттік жаман қорқып отыры барғой бір түрлі,0.6666666666666666,0.18518518518518517,9
train-00001-of-00048_000931,ендігі анау келіп бас шеруі мүмкін,ендікан келп бас жыры мүмкін,0.6666666666666666,0.29411764705882354,6
train-00001-of-00048_000932,сөзсіз сөзсіз көтем,sis sis sis sisy cotina,1.6666666666666667,1.105263157894737,3
train-00001-of-00048_000933,ал басып қойыпты достар,ал басы койпту устан,0.75,0.30434782608695654,4
train-00001-of-00048_000934,біз нан астында өлеміз ғой,бізнаң астында өлеміз ғой,0.4,0.07692307692307693,5
train-00001-of-00048_000935,давай давай давай давай,都都豆,1.0,1.0,4
train-00001-of-00048_000936,тис тис тис,تسسس,1.0,1.0,3
train-00001-of-00048_000937,ты өмердің неге мен қалай өліп қалдым,ты өмер неге меу қалай өліп қады,0.42857142857142855,0.16216216216216217,7
train-00001-of-00048_000938,или по ходу воздух жетпей қалды сол бітті а ана жерде лава бар екен ұмыт кеттің,иле паходы воздых жетпей қалды сол бітті а нәжерде ұлава бар кін ұмыт кеттін,0.5625,0.1518987341772152,16
train-00001-of-00048_000939,енді бұның бәрін қайтадан өтуді айт,endі bұnың barыn қattan өtudaй,1.0,0.6857142857142857,6
train-00001-of-00048_000940,отылғанымыз болды,otołamzbut,1.0,1.0,2
train-00001-of-00048_000941,ай,aي,1.0,1.0,1
train-00001-of-00048_000942,бірақ өте алмай қалдым,رغتمغض,1.0,1.0,4
train-00001-of-00048_000943,кетті енді тез секірсекші әй не боп баратыр бәрі,кетрен тiстикопсиш ай неупаркдeр,1.0,0.6041666666666666,9
train-00001-of-00048_000944,тез тез өтіп кетуге болған екен мен гринликс паркулерге өтетін едім ғой,тестез өтіп кетуге боламы кен мен греникс даы паркурды өтетінедің бо,0.75,0.28169014084507044,12
train-00001-of-00048_000945,ең соңыңына дейін,ең соңына дейн,0.6666666666666666,0.17647058823529413,3
train-00001-of-00048_000946,кеттік кеттік кеттік а мен өзімді ренжігісіп отырмын енді,kit kit kit kami wis ngriniksotokemb,1.0,0.9122807017543859,9
train-00001-of-00048_000947,жалпысамай тұрып көтерілуі керек,жалпыс амайтыр көтерілу керек,0.75,0.1875,4
train-00001-of-00048_000948,портал,भरत,1.0,1.0,1
train-00001-of-00048_000949,енді мына жерде қазір тенті жоқпын тиіссіз түсеміз,енді мына жерде қазір тенты жоқ екен тистес түсеміз,0.5,0.18,8
train-00001-of-00048_000950,манаға қарағанда жай болып қалды вообще ұтылып қалды,манаға қарағанда жай болып қалды қоша отылып қалды,0.25,0.11538461538461539,8
train-00001-of-00048_000951,уф дәл түстім мен,وf dلtt مiن,1.0,0.8823529411764706,4
train-00001-of-00048_000952,кеттік кеттік,كت كت,1.0,0.9230769230769231,2
train-00001-of-00048_000953,йо тағы да кәчелер ма,yoл тағы да кaчuляма,0.6,0.38095238095238093,5
train-00001-of-00048_000954,нау басайын деп тұр достар если что мен секірсем сосын маған қайтадан өту керек болады,қама ау басайындеп тұр достар ешілешты мен секірсем сын маған қайттан өту керек болады,0.4666666666666667,0.18604651162790697,15
train-00001-of-00048_000955,мен өтпеймін деп ойлаймын андай аққа,мен өтпейім де ойлаймын анаяққа,0.6666666666666666,0.19444444444444445,6
train-00001-of-00048_000956,оттянука бас жері түсін болды,etpsanuka basirtsnbod,1.0,0.9655172413793104,5
train-00001-of-00048_000957,енді мен бегун болсам да,енді мен бегун болсам да,0.0,0.0,5
train-00001-of-00048_000958,әй қуатып кеттім ананы алдайын ба деп едім,ай қуат кеттін анан алдайын ба дебенің,0.75,0.21428571428571427,8
train-00001-of-00048_000959,қорытпай түн кетті мұнда қайттан,хотпетын кеттіг унда қайттан,0.8,0.3125,5
train-00001-of-00048_000960,қайттан,قط,1.0,1.0,1
train-00001-of-00048_000961,айттайын,تان,1.0,1.0,1
train-00001-of-00048_000962,үй секір,يسكر,1.0,1.0,2
train-00001-of-00048_000963,испен,iske,1.0,1.0,1
train-00001-of-00048_000964,иске,इसक,1.0,1.0,1
train-00001-of-00048_000965,а болды жаңағы качеляға мініп едік енді міне алмаймын біліп едім мен скоростпен секіре алмай қалдым достар бір енді,а болды жаңа качелияға мінуп едік енді мін алмайым білуп едің мен скорспен секір алмай қалдым достары енді,0.5789473684210527,0.1391304347826087,19
train-00001-of-00048_000966,қазір осыны өте алмайтын сияқтымыз біз осы жерін вообще ешқашан өтпейміз деп ойлаймын мен,казі осыны өте алмайтын сияқтымыз біз жосшерін бәсше ешқашан өтпейміз деп ойлаймын мен,0.2857142857142857,0.12359550561797752,14
train-00001-of-00048_000967,себебі мына качеляға секірудің өзі қиын ғой,себебі мына кәчелияға ситрдің өзі қиын ғой,0.2857142857142857,0.13953488372093023,7
train-00001-of-00048_000968,ой,到位,1.0,1.0,1
train-00001-of-00048_000969,давай,دوaي,1.0,1.0,1
train-00001-of-00048_000970,әйййййййййййййййййййййййййййййййййййййййййййййййййййййййййййййййййййййййййййййййййййййййййййййййййййййййййййййййййййййййййййййййййййййййййййййййййййййййййййййййййййййййййййййййййййййййййййййййййййййййййййййййййййййййййййййй,eнiупtvery,1.0,1.0,1
train-00001-of-00048_000971,ең соңғы сауғанда достарыммен өліп қалдым,ең соңғы сауанды достар мене өліп қалдым,0.5,0.12195121951219512,6
train-00001-of-00048_000972,чызы,cuzo,1.0,1.0,1
train-00001-of-00048_000973,болмайды ғой мынандай ойынды кім шығарып жүр уже,bomaidomnde windkmsabj us,1.0,0.9583333333333334,8
train-00001-of-00048_000974,он рет өлдім,он рет өлдім,0.0,0.0,3
train-00001-of-00048_000975,давай давай давай молодец,ドいドいどいまわです,1.0,1.0,4
train-00001-of-00048_000976,бәрі өткетті ана жерде,бәрі өткет ана жеруде,0.5,0.13636363636363635,4
train-00001-of-00048_000977,мен қазір осыдан қуанбасам,min kaз ostan goamasa,1.0,0.8461538461538461,4
train-00001-of-00048_000978,и кеттік уф достар өттім осы жерін,икеттік уф достар өттім ос жерін,0.42857142857142855,0.058823529411764705,7
train-00001-of-00048_000979,секіреміз қаяққа секіреміз,сикремс қаяқа сикремс,1.0,0.34615384615384615,3
train-00001-of-00048_000980,до конца өте алмадым қашық немесе өлді,дакансап өт алмадым қашы немесе өлді,0.5714285714285714,0.18421052631578946,7
train-00001-of-00048_000981,енді осы видео лайк басып кетейік,енді осы видеоғат басып кетсеік,0.5,0.18181818181818182,6
train-00001-of-00048_000982,сіздермен болған соң күндегі дэйли,сіздермнен болған солы күндегі дэйли,0.4,0.08823529411764706,5
train-00001-of-00048_000983,енді менде,ي들 م지,1.0,0.9,2
train-00001-of-00048_000984,қазір шығып кетеді,كاشقود,1.0,1.0,3
train-00001-of-00048_000985,біраздан сай не деп осы видеоға қосып комментария жазып кетті,razirnsaid nenji wose video awokwaskuemitarraski,1.0,0.9344262295081968,10
train-00001-of-00048_000986,енді сіздермен болған дэннин,енді сіздер мен болған бейлин,0.75,0.17857142857142858,4
train-00001-of-00048_000987,давайте,だわいて,1.0,1.0,1
train-00001-of-00048_000988,біздің жұмыс жұмыс ай кейде маған диктің маған пәс ай,ibis o is your mess ey taking my dick on my pess,1.2,0.9056603773584906,10
train-00001-of-00048_000989,сәлеметсіз бе,,1.0,1.0,2
train-00001-of-00048_000990,ал сәлем достар сіздермен алты ай бүгін достар біз өзіміздің майнкрафт покетизишн нан керемет выживание номер үшінші видеомызды жалғастыратын боламыз бұл выживание өте қызықты болайын деп жатыр өйткені не болғанын не кереметтіктер өзгергенін және де біз алдағы уақытта қайда барып қайда және не істейтініміз туралы айтамын,ал сәлем достар сіздермен алтай бүгін достар біз өзіміздің майнcraft покеt edишннан керемет вжвани номер үшінші видеомызды жалғастыратын боламыз бұл вжвани өте қызықты болайын деп жатыр өйткені не болғанын не кереметтіктер өзгергенін және де біз алдағы уақытта қайда барып қайда және де не істейтініміз туралы айтамын,0.17391304347826086,0.06521739130434782,46
train-00001-of-00048_000992,ай үй жасаймын деппін ғой желеварка жасаймын тозаққа барамын сондай сондай анам мынауларын жасап тұрамын мен енді бұған достар бір нәрсе айтайын мен қазіргі уақытта мына бір осы бір екі үш басындағы бөлімдерді бөлемін ғой сол соларды кеше не істедім жасадым енді бүгін де түсіріп қойдым да қазір аударып отырмын сол үшін егер ошибкалар бірдеңелер болмаса келмейтіндер онда ренжім,үй жаседіңдептіо зелеваркш жасаймы тозаққа барам сондай сондай анамналарын жасап тұрамын мен енді бұған достар бірнәше айтайын мен қазіргі уақытта мына іосы бірек кіші басындағы бөлімдерді бөлем ой соларды кеше еістедім жасадым енді бүгінде түсіріп қойдымда қазір аударып отырмын сол үшін егер бір ашипкалар бр деңелер болмаса келмейтінер онда ренжімеңіздер ал біз кеттік не істейтінмізге,0.6101694915254238,0.24274406332453827,59
train-00001-of-00048_000993,ал достар мен шахтаға кіріп алмастаппын өте қатты қуанып тұрмын бұған өте қатты керемет болып тұр қараңыздар қыз қанша алмашық еткен екі үш төртеу бесеу алтау жетеу сегіз және де бұлармен бірге артық шықты иә ой артық шығыпты енді біз қазір мен үйдегі екі алмаспен салам сонымен он болады так мен бұл тастарды үй жағыма көбейту үшін алдым,ал достар мен шақтаға кірк қағам алмас таптым өте қатты қуаныптұрмын бұған өте қатты кереметі болып тұр қараңыздар кіз қаншама шығаткен екі үш төртеу бесеу алтау жетеу сегіз жәнеде бұлармен бірге артық шықты ия ой артық шығапты енді біз қазір мен үйдегі екі алмасбен салм сонмен он болады так мен тастарды үй жағыма көпету үшін алдым,0.3620689655172414,0.10059171597633136,58
train-00001-of-00048_000994,ал достар мен қазір тозаққа аттанайын деп жатырмын сосын барлық заттарымды дайындадым кстати мен жаман заттарымды киіп жүргенім ананың бәрін мықты феникс дейтін броняның бәрін неге арнап алдым мынандай неге,ал достар мен қазір тозаққа аттанайым деп жатырмын солсын барлық заттарымды дайындадым кістати мен жаман заттарымды киіп жүргенім ананың бәрін мықты феникс тейтін браняның барін неге арнап алдым нандай ниеге,0.26666666666666666,0.043689320388349516,30
train-00001-of-00048_000995,қалай айтсам болады тозаққа ой эндер крайға барған кезде максимум затировать етемін максимум мықтылатамын и оған дейін күшті күшті болып киіп аламын кстати мен өзіме золотой яблоко уже жасап алдым енді затированныйын жасаймыз деп ойлаймын иә о бірақ алдыңғы где то бір сегізінші тоғызыншы серияларда ма или даже мен жетінші серияда аяқтайын деп отырған сияқтымын,қалай айтсам болады тозаққа эндер крайға барған кезде максимум затероватитем максиу мақтылатам еоған дейін күшті күшті болып киіп аламын кстати мен өзіме залатояблкаужы жасап алдым енді затеровнаын жасаймыз деп ойлаймын бірақ алдыңғы деті бір сегізінші тоғызнші сериалларда ма илидажмен жетінші серияда аяқтайын деп отырған сияқтымын,0.36363636363636365,0.12154696132596685,55
train-00001-of-00048_000996,сегізде аяқтайтын шығармын,сегізде аяқтайтын шығармын,0.0,0.0,3
train-00001-of-00048_000997,елжеттеме короче көру керек так анаяқта гастр главное өл қамау керек иә,дилиgиттима короч көргөрек таганакта гастор главны өл камагөрек ян,0.9166666666666666,0.36619718309859156,12
train-00001-of-00048_000998,өліп қалса қапец,өліп қаза қапетс,0.6666666666666666,0.25,3
train-00001-of-00048_000999,иә өлмеді онда мен де қазір нақты садақпен атамын айбай айбай айбай ұнбаған гаст,е өлмеді онда менде қазір мынай ақта садақпен атамын айбай айбай айбай оңбаған гаст,0.42857142857142855,0.1375,14
train-00001-of-00048_001000,так мен сені аламын да қазір садақпын бір ақ оқпен ақ өлтіремін так тимеді қазір шыңғырмаса болды айбы шыңғырватыр ал біз онда кеттік,тік месен аламды кіз садақтың бір ақ оқпен ақ өлтірем тіктемеді кіз шыңғырмаса олай бы шыңырып атыр ал біз онда кеттік,0.6521739130434783,0.24060150375939848,23
train-00001-of-00048_001001,иә,,1.0,1.0,1
train-00001-of-00048_001002,короче мен нервім ұстап тұр өліп қалдым зато главный газ пен нефритті өлтірдім хотя бы біреуін өлтірдім енді мен қазіргі уақытта зеревалетка,корочин мен ниерм ұстаптар өліп қалдым зато главны гаст пен ифридті өлтірдім атабы біреуін өлтірдім енді мен қазіргі уақытта зеревалерка,0.45454545454545453,0.12857142857142856,22
train-00001-of-00048_001003,уф,,1.0,1.0,1
train-00001-of-00048_001004,сере валерка не істейін деп жатырмын жасайын деп жатырмын енді оған қазір мен барамын,зеревалерка нестейн деп жатырмын жасайын деп жатырмын енді оған казір мен барамын,0.35714285714285715,0.07058823529411765,14
train-00001-of-00048_001005,так менің аяқта нем бар так так так мен өз өзіме тас алып алайын сосын киген болдым кстати мен үшінші этардан далаға көшетін сияқтымын или солай ма бірдеңе істегім келіп тұр әйтеуір көшіп кетсем жақсы болатын еді бірақ,так мен маяқты нем бар так так так мен өз өзіме тас алпалайын сосын кейін болдым кстати мені үшінче етордан далаға көшетін сияқтымын ели солай ма бірдең істегім кеп тұр әйтебір көшіп кетсем жақсы болатын едім бірақ,0.34210526315789475,0.09174311926605505,38
train-00001-of-00048_001006,анандай верстакті дала ауып қоссам болды а то төсекті құлып қоссам бүгін мені қазір моптар өлтіріп кетуі мүмкін әне жүр олар,андай верстакти дала убып колсам болда ато түсөктөй кууп колсам рру меник азыр моптар өлтурүп кетүү мүмкүн ане жроолар,0.9047619047619048,0.2903225806451613,21
train-00001-of-00048_001007,так менің мейірім ұстап тұрды ол өліп қалғаныма құлап содан кейін енді,та менің нерім сұтап тұрса олып қағаныма құлап содан кейін енді,0.5833333333333334,0.18571428571428572,12
train-00001-of-00048_001008,қатты ашуланған жоқпын сол үшін енді жүре үйректеліп тәк аяқта зомби жүр зомби жүр мен одан қашып қашып қашып өзіме тамақ ішіп аламын ей қарамаймын маған қазір барамында тәк ойпай маған біреу түйісіватыр е зомби екенсің вергіл бер вергіл бытышын шарт сен егер түйіс алмасаң маған тиіс пе дейміз да кете береміз әрі қарай тәк енді мен аяқта не істей,қатты ашуланған жоқпын сал шін нді жүреректеліп так аята зомби жүр зомби ж меноан қашып шып ш өе тамашыала қарамаймын аан кааадаойпай маан біре тисатыр е зомби кен соң вергел ве вергел бтшш еі тис алмасаң маан тиіспе дейміза кете береміз арқарай ткеді мен аяты не істеймін так,0.7666666666666667,0.29022988505747127,60
train-00001-of-00048_001009,айтпақшы мен айтпақшы неде жоқ қой менде трастник неге,айтпасшы мен айтпасшы не де жоққу мене трастник негем,0.7777777777777778,0.14814814814814814,9
train-00001-of-00048_001010,хотя бы паучи мореновый глазға соған керек болып тұр енді қант және де өзіне де вообще қант маған торт жасағанға керек деп ойлаймын бірақ тауықты көреміз әйтеуір қай уақытта не істейтінін көретініміз табатынымыз жұмыртқа мен қазіргі уақытта жұмыртқа тауыватқан жоқпын скайварц та болмаса,хатеба паучи мариново глазға соған керек боптұр енді қант жәнеде өзіне де бапше қант маған торт жасағанға керек деп ойлайым бірақ тауықты көреміз әйтеуір қай уақытта естейтінін көретініміз талатыныз жұмыртқан мен қазірі уақытта жұмыртқа талып атқан жоқтын скай барса болмаса,0.4418604651162791,0.1254355400696864,43
train-00001-of-00048_001011,және де тағы да басқа ойындарда мини ойындарда бірақ мен наяқтау өзімнің штатинелерімді алып алдым жетелдердің нелерін жаңағындай саттарын бұлар енді маған керек болмайды,және де тағы да басқа ойындарда мене ойындардам так мен аяқты өзім штати нелерінді алып алдым жетелдердің нелерін жаңағындай саттарын бұлар енді маған керек болмайды,0.2916666666666667,0.08823529411764706,24
train-00001-of-00048_001012,олар қала берсін үйлер жабырышка болып мына мен болсам қазіргі уақытта тростник іздеймін иә тростник іздеп жүремін көп уақыт және де мынаяқта не істеймін тауып алғанша жүремін и содан кейін достар тауып алған соң көрсететін шығармын не болып жатқанын қандайын тауып алғанын атып видеоны ұзақ созғым келіп тұрған жоқ,олар қала берсін үйлер забырушка боп нал мен болсам қазіргі уақытта трасниг іздеймін ия трасник іздеп жірем көп уақыт және де мынай ақта нестеймін тауып алғаны жірем и содаңен достар тауып алған соң көрсететін шығармын не бола жатқаны қандайын тауып алған ата видеоны ұзақ созғым келіп тұрған жоқ,0.3673469387755102,0.12063492063492064,49
train-00001-of-00048_001013,в общем достар мен короче наконец то тростник тауып маринованный паучиглар жасадым,вобщем тостар мен кроти наконецто трачник тооп маринованы поутиглаж жасадым,0.8333333333333334,0.2073170731707317,12
train-00001-of-00048_001014,енді тек қана бутылкага не жасауға алды короче бутылка үшін,енді тек қана бутулкаға не жасау қалды крч бутулка үшін,0.5,0.15254237288135594,10
train-00001-of-00048_001015,оу біргүл бір құтырма құтырма,о бергел бір құттырма құттырма,0.8,0.1724137931034483,5
train-00001-of-00048_001016,қытай ғана уулап быт шын шығарып түсай ма то,тайғана оллап бшынша тсайма ту,1.0,0.38636363636363635,9
train-00001-of-00048_001017,кет бар енді осына кетейміз әрі қарай алып алайық короче,кет бар менде осуна кетеймиз ар карай албалайккароч,0.8,0.26785714285714285,10
train-00001-of-00048_001018,уһ уһ ішім пысып тұр менің тез не жасағым келіп тұр,ух у ішім пысып тұр менім тез не жасағым келіп тұр,0.2727272727272727,0.058823529411764705,11
train-00001-of-00048_001019,өзіме бутылка как нам қарамаймыз тисе де екі рет оқатса да әрі қарай барып өзіме песок алып алайық песок песок тез тез тез негізі шын өмірде бүйтіп қарасаң төрт бұрыш песок деген ол кішкене біртүрлі төрт бұрыш ағасы жарайды төрт бұрыш ағасы өте кішкене оригинальный кірпіш болса вообще жақсы дұрыс үйді де төрт бұрыш,өзіме бутокан такнан қарамаймыз тисе де екі ретоатсадам арқарай барып өзіме песок алалай песок песок тез тез тез негізі шнөмірде битіп қарасаң төрт бұрш песок деген нол кішкене біртүрлі төрт бұрш ағас жарайт төрт бұрш ағасы өте кішкен оригинальный кірпіш боса уапет жақсы дұрыс үйді де төрт біршқып кебіреулер саладыйнда домалақ үш бұршқып салмайтын шығар,0.5555555555555556,0.3037974683544304,54
train-00001-of-00048_001020,ам,,1.0,1.0,1
train-00001-of-00048_001021,сонысы жақсы бірақ кейбір жерлерде көп көлдер кішкентай кішкентай болғаны дұрыс емес біріншіден екіншіден барлығы квадрат болған,соғымсыз жақсы бірақ кейбіржерлерде көп көлдер кішкентай кішкентай болғаны дұрыс емес біріншіден екіншіден барлығы квадратуа,0.29411764705882354,0.078125,17
train-00001-of-00048_001022,ал достар мен барлығын жасап болдым қазір қандай зелья шыққанын көресіздер,ал достар мен барлығын жасап болдым қазір қандай зеле шыққанын көресіздер,0.09090909090909091,0.02702702702702703,11
train-00001-of-00048_001023,мен вообще енді зелияда шарицит етпейм сол үшін комментарияға маған жаман зеливарицит етесің деп айтпаңыздар мен өзім барлығымша тырыстым,мен ваши үйімді желияда шаритсететпейім сол үшін комментарияға маған жаман зеляварит етесің деп айтпаңыздар мен өзім барлығымша тырыстым,0.3157894736842105,0.12408759124087591,19
train-00001-of-00048_001024,екіншіден мен білмедім үшіншіден мен рецептерді интернеттен көрген кезде сондай ондай болған жоқ сондай ондай болмады иә,екіншіден мен білмедім үшіншіден мен рецепттерді интернеттен көрген кезде сондай ондай болған жоқ сондай ондай болмады ия,0.11764705882352941,0.016666666666666666,17
train-00001-of-00048_001025,каратчи енді қазір мен мына жерге көтерілемін да енді өзімнің немді қандай жасағанын көрсем так нулағашы міне мен зелеславский жасап жіберіппін ол қуа менмін вообще мен білмегенмін ғой даже мен қазір енді атыс қиын арыс қаяқта екенін белгісіз білмеймін даже,карочи енді қазір мен мына жерге көтерілемін да енді өзімнің немді қандай жасағаны көрсемін тік но ағаш міні мен зеле сылап істе жасап жіберіппін ол қуа мемен вапще мен білмегем ғо даж мен қазір енді атысқи нарыс қаяқта кенін белгісіз білмеймн даж,0.525,0.13229571984435798,40
train-00001-of-00048_001026,мен бірақ қуғаным,мен бірақ қуғаным,0.0,0.0,3
train-00001-of-00048_001027,вальфи прикол болып отырмын өзім ішім пісіп сол қуып отырмын да өзім енді,лафи прикол болып отырмын өзім ішім псіп сол қуып отырмында өзім енді,0.3076923076923077,0.0684931506849315,13
train-00001-of-00048_001028,ана жаңағындай слабостьті білмеппін слабостьтің маған неше керегі бар деймін бірақ хотя бы противникке лақтырғанмен оны біреуіне қылышпен өлтіп соғуға болады ғой хотя бы енді бір нормальное бір отравление болса да болады ғой сол енді достар сіздермен болған алтыдай сау болыңыздар,ана жаңағындай слаб исті білмепін слаб истің маған несі керегі бар деймдам бірақ хата протевниккел ақтырғанымен оның біреуімен қылышпен өлтіп таұлады ғо хатабы енді бір нормальны бір атравление боса да болады ғо сол енді достар сіздермен болған налттай сау болыңыздар,0.5609756097560976,0.16428571428571428,41
train-00001-of-00048_001029,ассалаумағалейкүм достар бізбен аян бүгін біз сенің жаңа үйімізде едіңіз,asayomali kumdosar biзbin aliжaн bөgөn bisтеrin ende iyimizдi idеginis,1.0,0.8888888888888888,10
train-00001-of-00048_001030,сабақча жеуміз ғой мыңға ілінген,sabcaجi mجr nngarnجa,1.0,0.9375,5
train-00001-of-00048_001031,ішінде айтты күшті,sni alcikشi,1.0,0.9444444444444444,3
train-00001-of-00048_001032,бірақ мұңғалім ішкінің кілігі жоқ екен,ra mungaلm شkngلi جukin,1.0,0.9210526315789473,6
train-00001-of-00048_001033,жаңағы өзіңді,cikanyi woyo,1.0,1.0,2
train-00001-of-00048_001034,біреу әкім біреу әкім,بреوaك brيوك,1.0,0.8571428571428571,4
train-00001-of-00048_001035,мин,من,1.0,1.0,1
train-00001-of-00048_001036,бұл енді көңілді бұйырса бақ жамп еш айт,i dekuindip sebak campisa,1.0,0.925,8
train-00001-of-00048_001037,биселем біре,بيسيلمبرا,1.0,1.0,2
train-00001-of-00048_001038,менің әнам жоқ,mn أnaجok,1.0,0.9285714285714286,3
train-00001-of-00048_001039,адам жоқ қарасын бәрібір де жүре беремін қарасын,dجkرc bاb dجr vrm src,1.0,0.9166666666666666,8
train-00001-of-00048_001040,бұл үшін жай,us ndai,1.0,0.9166666666666666,3
train-00001-of-00048_001041,ай,هي,1.0,1.0,1
train-00001-of-00048_001042,мен апай жоқ көчейм жолом,apaž kucemžro,1.0,0.96,5
train-00001-of-00048_001043,ол неқты ол жайықты,لقtجaيك,1.0,1.0,4
train-00001-of-00048_001044,селаматсыздар ма оқырдылар,сәламатсыздармы оқырылар,1.0,0.15384615384615385,3
train-00001-of-00048_001045,бос бос бос кетті,我оs бошkи,1.0,0.7647058823529411,4
train-00001-of-00048_001046,бүгінбіз деген менің айтым,бүгін бістейген менім айтым,0.75,0.23076923076923078,4
train-00001-of-00048_001047,ай,ي,1.0,1.0,1
train-00001-of-00048_001048,менің атым амина мен бүгінмін осындай,менің атым амнина мен бүгүн мен ошентай,0.6666666666666666,0.1891891891891892,6
train-00001-of-00048_001049,осындай,осындай,0.0,0.0,1
train-00001-of-00048_001050,сабақ өтеміз бүгінбіз деген нанымдай,sabaho temes begunbesigen an andai,1.0,0.9444444444444444,5
train-00001-of-00048_001051,әлі ешкім оқушы жоқ мен,الشكم مقشرق من,1.0,0.9130434782608695,5
train-00001-of-00048_001052,әлижан,عليجا,1.0,1.0,1
train-00001-of-00048_001053,қең,行,1.0,1.0,1
train-00001-of-00048_001054,келгісі ма не сабаққа,كلگiسmaنe سبقa,1.0,0.9523809523809523,4
train-00001-of-00048_001055,мені ешкім жоқ сабақты әлижан,ماشكمروق صبقت اليجان,1.0,0.9310344827586207,5
train-00001-of-00048_001056,секелгісі майын сабаққа,се келгіز моне сабаققа,1.3333333333333333,0.391304347826087,3
train-00001-of-00048_001057,я я чие мань не одя а пай,я я чiемон нотa ап,0.75,0.44,8
train-00001-of-00048_001058,таааааааа,啊,1.0,1.0,1
train-00001-of-00048_001059,келген бе,كلگيمبا,1.0,1.0,2
train-00001-of-00048_001060,онда мен күлде тұрайын яқта отырып,онда мен көде тұрай иняқта отырып,0.5,0.14705882352941177,6
train-00001-of-00048_001061,охохо,اهاها,1.0,1.0,1
train-00001-of-00048_001062,қалайсыңдар әр неге өзіңе толтырып алам,қалай шында рәям ен ната отырып алам,1.0,0.4358974358974359,6
train-00001-of-00048_001063,сот,شط,1.0,1.0,1
train-00001-of-00048_001064,тығып тыныш ие ба дауы неменене,ттнси падала менден,1.0,0.5806451612903226,6
train-00001-of-00048_001065,түсіп,,1.0,1.0,1
train-00001-of-00048_001066,білгім келеді да,ngеلpt,1.0,0.9375,3
train-00001-of-00048_001067,менің,,1.0,1.0,1
train-00001-of-00048_001068,мэрон,من,1.0,1.0,1
train-00001-of-00048_001069,бір тұтқынды қазып бір жерге барып келем,біржүз күндіп қазір бір жерге барып көйлем,0.5714285714285714,0.3,7
train-00001-of-00048_001070,бұзып келемін бұзып қаламын әкетті,бұзып келім бұзықұламакетін ул ааа,0.8,0.5,5
train-00001-of-00048_001071,қақмыр сулатып келеді,kst,1.0,1.0,3
train-00001-of-00048_001072,кетті,kت,1.0,1.0,1
train-00001-of-00048_001073,ой тағы да жұмыс жұмыс жүр жабық,woy tatax rumos rumos du aba,1.0,0.875,7
train-00001-of-00048_001074,сәлеметсіз бе,,1.0,1.0,2
train-00001-of-00048_001075,маған бұл өлкес болды ғой,妈吃ش多,1.0,1.0,5
train-00001-of-00048_001076,кәш кәш ұмытып бұл айшып тұрып өткен көріп кішкене непрухен қаласына әдемі қарт көрінеткен а мына бір абайлы шаттық мектеп көріп көрдік,кәш кәш мтбұл айшықтыркеріш мене брухиның қаласында а деген қырық көрінеткен ә мәбір абайла жастасынке көрее,0.8636363636363636,0.45185185185185184,22
train-00001-of-00048_001077,му,mo,1.0,1.0,1
train-00001-of-00048_001078,маған кейіпкерлік мүмкін кесіп қоңыз болды,маки кессін кесқо балда,1.0,0.5952380952380952,6
train-00001-of-00048_001079,тағы да кешіп қойдың ғой,ұтаға да кешіп көлдің ғой,0.4,0.25,5
train-00001-of-00048_001080,бәрек,dr ก,2.0,1.0,1
train-00001-of-00048_001081,тоғым,تو,1.0,1.0,1
train-00001-of-00048_001082,мынау мынау мынау,,1.0,1.0,3
train-00001-of-00048_001083,қалай,رو,1.0,1.0,1
train-00001-of-00048_001084,неге,,1.0,1.0,1
train-00001-of-00048_001085,бәрек,يارج,1.0,1.0,1
train-00001-of-00048_001086,сәлем сәлем барлықтарыңызға көңіл күйлеріңіз қалай бұл менің инстаграмм парақшам инстаграм әлеуметтік желісінде өте белсендімін тіркеліп кетіңіз және де ютуб арнама да тіркелуді ұмытпаңыз пікір қалдырыңыз сүлупіл басыңыз,сәлем сәлем барлықтарыңызға көңірлікелеріңіз қалай бұл менің инстаграм барақшам инстаграм әлеуметтік жерісінде өте белсендімін тіркеліп кетіңіз және де ouтuбe арнама да тіркелді ұмытпаңыз пікір қалдырыңыз сүлі пілбасыңыз,0.32142857142857145,0.06818181818181818,28
train-00001-of-00048_001087,жалпы мен ютубта,жaлpa min youtube ta,1.3333333333333333,1.0,3
train-00001-of-00048_001088,алты айдан аса уақыт жоқ болып кеттім уақытым болмады тағы да сылтау айта берсем көп нақты айтқанда фокусымды дұрыс қоя алмадым ютубқа,алты айдан аса уақыт жоқ болып кеттім уақытым болмады тағы да сылтау айта берсем көп нақт айтқанда фокусымда дұрыс қоя алмадым ютубқа,0.09090909090909091,0.014925373134328358,22
train-00001-of-00048_001089,енді бүгін уақытысы келген сияқты бүгінгі менің қозғайтын тақырыбым кітап оқу мені қалай өзгертті,енді бүгін уақытсы келген сияқты бүгінгі менің қозғайтын тақырыбым кітап оқуы мена қалай өзгертті,0.21428571428571427,0.030927835051546393,14
train-00001-of-00048_001090,жалпы мен айтқан едім алғашқы видеомда ең бірінші ютубқа салған видеомды айтқанмын мен көп кітап оқымаймын сол үшін де мені сөкпеңіздер тіл байлығым қатты күшті емес деген сияқты айтқан болатынмын,жалпы мен айтқан едім алғашқы видеомда ең бірінші ютубқа салған видеомды айтқанмын мен көп кітап оқымаймын сол үшінде мені сөкпейңіздер тілбайлығым қатты күшті мес деген сияқты айтқан болатынмын,0.2,0.02040816326530612,30
train-00001-of-00048_001091,сол кезден бастап 5 кітап оқыдым қазір сіздерге мен оқыған кітаптар жайлы айтамын және де сол кітаптардан алған өз ойымды,сал кезден бастап бес кітап оқыдым қазір сіздерге мен оқыған кітаптар жайлы айтамын жәнеже сол кітапта даналған өз ойымды,0.3,0.06611570247933884,20
train-00001-of-00048_001092,қалай мені өзгертті сол туралы барлығын сіздерге айтатын боламын бірінші кітап бұл қаржылай сауаттылыққа байланысты қаржылық тәуелсіздікке даңғыл жолы деген кітап авторы бодо шефер бұл кітапты екі мың жиырма бестегі оқып бітірген бірінші кітаптарым деп айтсам болады бұл кітапты оқығаннан кейін мен ең үлкен инсайтында айтайын кітап жалпы жүз елу беттен тұ,қалай мені өзгертті сол туралы барлығын сіздерге айтатын боламы бірінші кітап бұл қаржылай сауатылыққа байланысты қаржылық төйелсіздікке даңыл жол деген кітап автор бодошефер бұл кітапты екі мың жиырма бесіндегі оқып бітірген бірінші кітаптарым деп айтсам болады бұл кітапты оқығаннан кейін мен ең үлкен инсайтынды айтайын кітап жалпы жжүз елу беттен тұрады,0.23076923076923078,0.047752808988764044,52
train-00001-of-00048_001093,ең үлкен инсайтым ол міндетті түрде ақша жинау керек,ең үлкен инсайтым ол міндеттүрде ақшы жинау керек,0.3333333333333333,0.07692307692307693,9
train-00001-of-00048_001094,былай тап тап былай жазған егер сенің,была кітапта болай жазған егер сенің,0.5714285714285714,0.16216216216216217,7
train-00001-of-00048_001095,егер сен айына миллион теңге табасың ал қасыңдағы адам оның капиталында яғни капитал сенің жинап қойған ақшаларың сол ақшада онда миллион теңге жатса сен емес ол адам бай дейді,егер сен айна миллион теңге табасын ал қасыңдағ адам оның капиталында яғни капитал сен жинап қойған ақшаларың сол ақшада ода миллион теңге жатса сен емес ол адам бай дейді,0.1724137931034483,0.03409090909090909,29
train-00001-of-00048_001096,яғни ақша жинаудың маңыздылығы қандай екенін түсіндірген осы кітапта бұл кітапты тек қана бүйту керек сөйту керек деп айтып қоймайды онымен қоса практикалық тапсырмалар да көп мен бұл кітапты үш айдай оқыдым неге сонша ұзақ десеңіздер мен бірінші кітап оқуға әдет қалыптастыруды осы кітаптан бастаған едім де сол үшін де бұл кітапты мен өзімді қина,яғни ақша жинаудың маңыздылығы қандай екені түсіндірген осы кітапта бұл кітапта тек қана бейтугерек сетукерек ктап айтып қоймайды олмен қоса практикалық тапсырмаларда көп мен бұл кітапты үш айдай оқыдым неге соншала ұзақ десеңіздер мен бірінші кітап оқуға әдет қалыптастыруды осы кітаптан бастаған едім да сол үшінде бұл кітапты мен өзімді қинағам жоқпын бір гүнде елебеті оқы бір гүнде жүзбеті оқм керек бір гүнде нанша бетдеген сақта өйтіп қинағам жоқпын,0.6,0.3735632183908046,55
train-00001-of-00048_001097,главное мен осы кітапты хотя бы бір күніне екі беттен оқысам да әйтеуір оқу және де кейбір тапсырмаларды,главна мен осы кітапты қайтябы бір күнне екі беттен оқысам да әйтеуір оқу жәнеде кейбір тапсырмаларды,0.3333333333333333,0.07692307692307693,18
train-00001-of-00048_001098,орындасам мен кітапты ары қарай жалғастырып оқымайтын едім сол үшін де кітапты оқу ұзақтығы осындай ұзаққа созылып кетті бұл кітап туралы тағы не айтуға болады,орындасам мен кітапта арғарай жалғастырып оқымайтын едім сол үшінде кітапты оқу зақтығы осындай ұзаққа сазылып кітті бұл кітап туралы тағ не айтуға болады,0.36,0.05660377358490566,25
train-00001-of-00048_001099,негізгі басты нәрсе бұл жердегі мақсатқа жеткізетін нәрсе жеті жылдың ішінде алғашқы миллионды жинау және ол жерде миллион теңге емес доллармен жазған ғой вот оны қалай жинау керек барлығын этаптарын барлығын түсіндірген қарыздардан құтылу ақшаны жинау қалай жинау керекпіз не үшін жинау керекпіз соның ішінде барлығын толықтай жазған сізге де оқуға кеңес беремін осы кітап,негізгі басты нәрсе бұл жердегі мақсатқа жеткізетін нәрсе жеті жылдың ішінде алғашқы миллионды жинау не ол жерде миллион теңге емес доллармен жазған ғой оны қалай жинау керек барлығынатаптардын барлығын түсіндірген қарыздардың құтылу ақшаны жинау қалай жинау керекпіз не үшін жинау керекпіз соның ішінде барлығын толықтай жазған сізге де оқуға кеңес беремін осы кітапты оқығаннан кейін бірден,0.16363636363636364,0.09651474530831099,55
train-00001-of-00048_001100,ақша жинауды бастадым,asozinoвd bastadm,1.0,0.9523809523809523,3
train-00001-of-00048_001101,айтпаймын мен миллионмен де қазір жинап қоямын деп ол жерде қанша теңге болса да әдетті қалыптастыру сол ақша жинауға деген сол әдет менде қазір бастысы қалыптасты мен қанша ақша тапсам да оның он процент болсын жиырма процент болсын сол ақшамды міндетті де депозитке салып жинап сақтайтын болдым,айтпай мен миллионменде қазір жинап қойдым деп ол жерде қанша теңге болса да әдетті қалыптастыру сол ақша жинауға деген сол әдет менде қазір басысы қалыптасты мен қанша ақша тапсам да оның он процент болсын жиырма процент болсын сол ақшамды мүндеттірде депаиске салып жинап сақтайтын болдым,0.1702127659574468,0.04391891891891892,47
train-00001-of-00048_001102,сол кезде ойландым неге мен студент кезімде ақша жинамадым деген сияқты но хотя өкінбеймін студент кезімде бұл бүкіл менің базовый патриотмыстарымды тапқан ақшаларым жатты деп айтсам болады екінші бұл сен кітабы азамат скафтың сонымен қоса мен үшінші кітап тілде бірден айта өткім келіп тұр бұл менің кітабы екеуі де бір автордан яғни азамат скафтың егіз кітабы деп айтсам да болады бір,сол кезде ойландым неге мен студент кезімде ақша жинамадым деген сияқты ына хатта өкінбеймін студент кезімде бүкіл менің баз потромостарымды тавқан ақшаларым жапты деп айтсам болады екінші бұл сен кітабы азамат скаовтың сонымен оса мен үшінші кітапты де бірден айта өткін дептір бұл мен кітабы екеу де бір автордаң ни азамат скаовтың егіз кітабде отенде болаы бірінен кейін бірін жалғайтын,0.4262295081967213,0.19689119170984457,61
train-00001-of-00048_001103,кітап бұл кітапты оқыған кезде бірінші сен туралы айтайын сен көбінесе бұл ұйқы қалып ұйқыны дұрыс ұйқыны дұрыстау ұйқының пайдасы дұрыс ұйықтау бойынша және де әдет қалыптастыру бойынша жазған сонымен қоса мақсат қою пландарды жазу деген сияқты жалпы даму жағы бойынша,кітап бұл кітапты оқыған кезде бірінші сен тұрлайтын сен көбінесем бұл йұйқыұйқыны дұрыстау ұйқының пайдасы дұрыс ұйықтау бойынша жәненде айтет қалыптастыру бойынша жазған сонмен қоса мақсат қою пландарды жазу деген сияқты жалпы даму жағы бойынша,0.2926829268292683,0.11524163568773234,41
train-00001-of-00048_001104,жазылған кітап оқуға міндетті түрде кеңес беремін әрбір адам оқу керек деп ойлаймын мен кітабы оның жалғасы яғни мен кітабы атайып тұрғандай өзіңе көп көңіл бөлесің мысалға сен кітабында әдет қалыптастырдық ұйқынын дұрыстадық енді біз өзіміздің ішкі эмоцияларымызбен жұмыс жасаймыз сол кітап бойынша ол кітапта қателеспесем он бес т,жазылған кітап оқуға міндет түрде кеңес беремін әрбір адам оқу керек деп ойлайм мен кітабы оның жалғасы яни мен кітабы адайп тұрғандай өзіңе көп көңіл бөлесін мысалсен кітабында әдет қалыптастырдық ұқн дұрсадық енді біз өзіміздің ішкі эмоцияларымызбен жұмыс жасаймыз сол кітап бойынша ол кітапта қателеспесем он бес тапсырмабар алсен кітапта жиырма бір күндік андай не бар тапсырмаларбар оны біркүнде орнамайсын жиырма бір күн бойы,0.5306122448979592,0.39457831325301207,49
train-00001-of-00048_001105,орындап жүресің как челендж сияқты ғой төртінші кітап бұл педагогика мағжан жұмағыновтың кітабы жазда мен осыны оқимын мағжан жұмағыновтың кітабын оқу керекпін деп прямо осылай жазуға қолыма тиген кезде қатты қуандым да потому что менде мен өзім мектепте мұғалім болғандықтан маған педагогика кітабы өте қызық болды ішінде не бар бірақ ол кітапта менде ожидание реальность болды деп айтс,орындап жүресін ка челленж сияқты ғой төртінші кітап бұл педагогика мағжан жұмалаевтың кітабы жазда мен осыны оқи мағжан жұмаловтың кітабын оқу керекпін деп пірям осылай жазға қолыма тиген кезде қатты қуанымда падамышта менде мен өзім метепте мұғалім боладықтан маған педагогика кітабы өте қызық болды ішінде не бар бірақ ол кітапта менде ажыдание реальнес болды деп айтсам болады неге себебі,0.3448275862068966,0.1421188630490956,58
train-00001-of-00048_001106,мен күткен нәрсе оның ішінде болған жоқ,мен кіткен нәрсе оның ішінде болған жоқ,0.14285714285714285,0.02564102564102564,7
train-00001-of-00048_001107,сосын ол кітапқа мен инстаграмда сторисінде хейт айтқан болатынмын ол кітапты оқыған кезде өзімді бір маман сияқты сезіндім де енді босанған,сысін ол кітапқа мен инстаграмда историсінде хейхейт айтқан болатынмын ол кітапты оқыған кезде өзіңді бір мама сияқты сезінімді енді болсанған,0.38095238095238093,0.08571428571428572,21
train-00001-of-00048_001108,себебі оның ішінде бала туылғаннан бастап,себебі оның ішінде бала туылғаннан бартап,0.16666666666666666,0.024390243902439025,6
train-00001-of-00048_001109,дүниеге келеді ғой ол уже прям не үшінші қырық күніне қырық күнінен бастап соған дейін оның өскенге шейінгі және қателеспесем,дүниеге келеді ғой ол өже піра не жінше қыүқырқ күнінен бастап соған дейін оның өскенге шенігі және қателеспесем,0.35,0.16,20
train-00001-of-00048_001110,жасөспірім кезге дейін бүкілін жазып шыққан оның организмі оның ұйқысы қандай болады оның жүрек қағысы қандай болады,жас үспірім кезге дейін бүкілін жазып шыққан оның организмі оның ұйқысы қандай болады оның жүрек қақысы қандай болады,0.17647058823529413,0.02586206896551724,17
train-00001-of-00048_001111,бала қай кезде жақсы ести бастайды қай кезде көре бастайды,бала қай кезде жақсы есте бастайды қай кезде көре бастайды,0.1,0.017241379310344827,10
train-00001-of-00048_001112,қалай жуындыру керек,қалай жуындыру керек,0.0,0.0,3
train-00001-of-00048_001113,ал мен ол жерде күткен кітабым ол ол кітаптан мынадай нәрселерді күткен едім балалармен қалай жұмыс жасау керек сабақ та методикаларды мен көп ажырат етіп қойған екенмін бірақ оның ішінде олар емес көбірек сол жаңағы айтқандай оларды және де тәрбиесі болсын оларды,ал мен ол жерде күткен кітабым ол кітаптан мыналай нәрселерді күткен едім балалармен қалай жұмыс жасау керейік сабақ та емне методикаларды мен көп ажыдат етіп қалған екенін бірақ оның ішінде оллары емес көбірек сол жаңақ айтып қандай оларды неде тәрбиесі болсын оларды,0.30952380952380953,0.0946969696969697,42
train-00001-of-00048_001114,олардың организмі болсын осы жайлы толық айтқан екен инстаграмда инстаграмда сторисімде,олардың организмі болсын осы жайлы толық айтқан екен исагрмда инстаграмдасторесімде,0.2727272727272727,0.05747126436781609,11
train-00001-of-00048_001115,хейт еткен едім хейт емес енді күткенім де болмады деген сияқты алтыдан он деп баға берген едім сол кезде маған,хет еткан едім хет емес енді күткенім деп болмады деген сияқты алтыдан он деп баға берген едім сол кезде маған,0.2,0.036036036036036036,20
train-00001-of-00048_001116,жазды ол кітап сол замандарда өте қатты адамдарға керек болған кітап,жазды ол кітап сол замандарда өте қатты адамдарға кетет болған кітап,0.09090909090909091,0.029411764705882353,11
train-00001-of-00048_001117,сөйтпеймін,sف,1.0,1.0,1
train-00001-of-00048_001118,кәдімгі кітап керек болған кітап деп маған барлығын түсіндірді сол кезде мен де түсіндім,ол кітап керек болған кітап деп маған барлығын түсіндірді сол кезде мен де түсіндім,0.07142857142857142,0.07954545454545454,14
train-00001-of-00048_001119,кәдімгідей сол заманда ол кітапқа адамдар зәру болған балалардың организмін білмеген деген сияқты,кадіміде сол заманда ол кітапқа адамдар зәру болған балалардың организ білмеген деген сияқты,0.15384615384615385,0.061855670103092786,13
train-00001-of-00048_001120,сол мақсатта жазылған кітап екен егер мен ана болсам сол кітапты оқитын едім және де аналарға да кеңес беремін былай қарап тұрсаң ана болу ол да бір педагогика екен бесінші және соңғы кітап бұл азылхан нұршайықовтың махаббат қызық мол жылдар кітабы бұл кітапты оқудағы мақсатым негізі,сол мақсатта жазылған кітап екен егербен ана болсам сол кітапты оқитын едім және де аналағыда кеңес перен байқарып тұрса ана болу ол да бір педагогика екен бесінші және соңғы кітап бұл азылхан нұршайқовтың махаббат қызық мол жылдар кітабы бұл кітапты оқуудағы мақсаттым негізі,0.2391304347826087,0.056338028169014086,46
train-00001-of-00048_001121,тіл байлығын арттыру болған себебі әдеби кітаптар оқыған кезде мен мына нәрсені түсіндім негізі сен дамитын кітаптарды емес,тірбайлығын арттыру болған себебі әдеби кітаптар оқыған кезде менің мына нарсені түсіндім негізі сен дамитын кітаптарды емес,0.2222222222222222,0.04065040650406504,18
train-00001-of-00048_001122,кішкене әдеби бағыттағы кітаптарды оқысаң тіл байлығың көтеріледі себебі оның ішінде біз білмейтін неше түрлі теңеу сөздер,кішкене әдеби бағыттағы кітаптарды оқысан түлбайлығын көтеріледі себебі оның ішінде біз білмейтін неше түрлі теңеу сөздер,0.17647058823529413,0.03278688524590164,17
train-00001-of-00048_001123,сөз тіркестері бар мен бұл кітапты оқыған кезде үлкен қызығушылықпен оқытым да,сөстіркестері бар мен бұл кітапты оқыған кезде үлкен қызығушылықпен оқытымда,0.3333333333333333,0.038461538461538464,12
train-00001-of-00048_001124,бір күнде елу беттен алпыс беттен оқып оқып кеткен күндерім де болды негізі оқиғаны оқыған өте қызық сосын автордың ойын білгім келеді бұл жерде не айтқысы келді деген сияқты ең қызық нәрсе,бір күнде елу беттен алпыс беттен оқып кеткен күндер мне болд негізі оқиған оқған өте қызық сосын автордың ойын білгін келеді бұл жерде няйтқысы келді деген сияқты ең қызық нәрсе,0.28125,0.07936507936507936,32
train-00001-of-00048_001125,маған бұл кітапты қайтадан 2 3 рет оқу керек сияқты себебі бұл кітаптың,маған бұл кітапты қайтадан екінші рет оқу керге сияқты себебі бұл кітаптың,0.23076923076923078,0.11267605633802817,13
train-00001-of-00048_001126,соныма,صن,1.0,1.0,1
train-00001-of-00048_001127,басқаша аяқталды,басқа шайыкталды,1.0,0.3125,2
train-00001-of-00048_001128,айта салайыншы енді махаббат қызық болсын да ол 2 адамның арасындағы махаббат қой осы кітапты оқып жатқанда маған қасымда құрбым айтады бұл кітапты ең соңында,айтасалайыншы енді махаббат қызық молзылда ол екі адамның арасындағы махаббат қой осы кітапты оқып жатқанда маған қасымдау құрбым айтаты бұл кітапты ең соңында,0.28,0.06329113924050633,25
train-00001-of-00048_001129,екеуі қосылмайды деп маған андай не айтып қояды ғой спойлер айтып қояды сосын мен а деп қоямын и мен бірақ біліп тұрмын кітаптың соңында қосылмаймын бірақ ана кітап қызық болыватыр мен күнде оқимын оқимын оқимын и бір кезде кітаптың соңында қосылады и мен айтамын құрбыма сен айтқан едің ғой ананы кітаптың соңында қосылмайды деп сосын айтады тағы,екеу қосылмайды деп маған да не айтып қояды оспойлар айтп қояды сосын мен адеп қалаы мен бірақ біліп тұрым кітаптың соңында қосымайыбірақ ана кітап қызық бол алаты мен күнде оим оқим оқим бір кезде кітапты соңында қосылаы еасен айтанеді оа кітаптың соңында қосылмай еп сосын айда тағы да оқы сен ол кезде түсінбегенсін бұл кітапта оны,0.6842105263157895,0.34293948126801155,57
train-00001-of-00048_001130,қиялымдағыдай етіп бітірген деп айтады одан кейін тағы да бір кітап оқып бастаймын именно сол махаббат қызылық маусымдарды айтқанда соңындағы авторды жеткізген олар қосылмаған себебі осындай деген сияқты қылып,қиялындағыда етіп бітірген деп айта одан кейін тағы да бір кітап оқып басаем еіна сол махаббат қызылы молжылдарды айтқанда соңындағы авторды жеткізген олар қосылмаған себебі осындай деген сияқты қылып,0.20689655172413793,0.08133971291866028,29
train-00001-of-00048_001131,түсіндірген кезде ғана барып мен сендім де ана кітапты қайтадан оқу керек екен деген үндем,түсіндірген кезде ғана барып мен сендім да ана кітапты қайтадан оқу керек екен деген өндем,0.13333333333333333,0.022222222222222223,15
train-00001-of-00048_001132,ой пайда болды енді дәл қазір менің оқып жатқан кітабым бұл 13 ақиқат деген дина төлепбергеннің кітабы мен көбінесе қазақ тілдегі кітаптарды оқимын,ой пайда болды ні дәл қазір менің оқып жатқан кітабым бұл он үш ақиқат деген динан тілеп берген кітабы мен көбмесе қазақ тілдегі кітаптарды оқимын,0.30434782608695654,0.10204081632653061,23
train-00001-of-00048_001133,маған ыңғайлырақ орыс тілдегі кітаптарды оқу мен үшін кішкене қиынырақ мен ағылшынша кітаптар оқығым келеді сосын дәл қазір оқып жатырмын кітабым бұл дина төлепбергеннің,маған ыңғайылырақ орыс тілдеп кітаптарды оқу мен үшін кішкене қыынырақ мен ағылснша кітаптар оқыын калетсіз дәл қазір оқуп жатқан кітабын бұл дина төйлеп бергеннің,0.5,0.14201183431952663,24
train-00001-of-00048_001134,он үш ақиқат атты кітабы маған дина төлепбергенді қараған мысырам өте қатты жақсы қарайтын едім де сол кезде осы кітаптың ойын жеткізген кезде мен мына кітапты,он үш ақиқататты кітабы маған дина төлеп бергенді қараған мысарам өте қатты жақсы қарайтын едім да сол кезде осы кітаптың ойын жеткізген кезде мен мына кітапты,0.23076923076923078,0.025157232704402517,26
train-00001-of-00048_001135,точно алу керек деп и сатылымға шыққан кезде сатылымға шықпас бұрын мен бірден сатып алдым бұл кітапты каспий магазиннен сіздерге де алуға кеңес беремін ол жерде айтқан әрбір ана әрбір қыз баласы оқу керек деп,точин ау керек теп сатылымға шыққан кезде сатылымға шықпас бұрынмен бірден сатып алдың бұл кітапты кәсіпке магазинн сіздерге де алуға кеңес берем ол жерде айтқан әрбір ана әрбір қыз баласы оқу керек деп,0.2857142857142857,0.07655502392344497,35
train-00001-of-00048_001136,бірақ оны ойлай айтатын едім тек қана қыздар емес оны жігіттер қауымы да оқу қажет деп,бірақ оның ойла айтатын едім тек қана қыздар емес оны жігіттер қаумы да оқу қажет деп,0.1875,0.03488372093023256,16
train-00001-of-00048_001137,себебі бұл кітап арқылы мен тағы да бір мақсатым болды мен мектептегі жас маманмын ғой және де менің сыныбым бар сыныбыма сынып сағаттарын қазір сыныбым жетінші сынып оқиды сынып сағаттарында түрлі тарқаттарды қозғап жүрмін дәл қазіргі уақытта сол кезде қыздарға бірдеңе айтпасы бұрын менің де айтатын нәрселерім болу керек қой сол үшін де осы кітапты алып оқуды,себебі бұл кітап арқылы мен тағы да бір мақсатым болды мен мектептегі жасмаманмы ғой және де мені сыныбым бар сыныбыма сынып сағаттарын қазір сыныбым жетінші сынып оқит сынып сағаттарында түрлі тақырыптарды қозғап жүрдім дал қазір уақытта сол кезде қыздарға бірдеңе айтпаспорн менің де айтатын нәрселерім болу керек қой сол үшінде осы кітапты алып оқуды жөн көрдім,0.24561403508771928,0.08839779005524862,57
train-00001-of-00048_001138,бұл кәтіп,بكهبت,1.0,1.0,2
train-00001-of-00048_001139,оэнд,我爷你,1.0,1.0,1
train-00001-of-00048_001140,он үш түрлі ақиқат жазылған,он үш түрле ақиқатты жазылған,0.4,0.1111111111111111,5
train-00001-of-00048_001141,ақиқат жазылады ол кітаптардан кейін дина төлепбергеннің өзінің түйген ойы ең қызығы бұл кітаптар өмірде болған мен жағамды ұстадым кәдімгідей шынымен де біз өмірде білмейтін жағас татарлық,ақиқат жазылады ол кітаптардан кейін дено төлеп бергеннің өзінң түйгені ойы ең қызығы бұл кітаптар өмірде болған мен жаған тұстадын кәдіңгіде үшінменде біз өмірде білмейтін жағастатарлық,0.4444444444444444,0.08994708994708994,27
train-00001-of-00048_001142,түрлі оқиғалар өте көп,түрлі оқиғалар өте көп,0.0,0.0,4
train-00001-of-00048_001143,соны енді ашып жазып көрсеткен бұл кітапты ең бірінші айтар едім кәдімгідей розовый очкиді шешіп қарау керек,соны енді ашып жазып көрсеткен бұл кітапты ең біршайталетін кәдіндей розу әчкиді шешіп қарауы керек,0.4117647058823529,0.1574074074074074,17
train-00001-of-00048_001144,және де кішкене психолог тұрғыдан ауыр кітапта болуы мүмкін енді сізге байланысты ол,және де кішкене психолық тұрғыдан ауыр кітапта болуы мүмкін енді сізге байланысты ол,0.07692307692307693,0.023809523809523808,13
train-00001-of-00048_001145,көрінсе бұл оқиғалардан кейін яғни дина төлепберген өз ойын айтады сосын өзінің қызына арнаған кішігірім хаты болады жалпы кітаптарды оқыған кезде бұл жаңа айттым ғой сен деген кітап арқылы,көбінесем бл оқиғалардан кейін яне денатореп берген өзі ойын айтады сосын өзінің қызына арнаған кішігірім хаты болады жалпы кітаптарды оқиған кезде бұл жаң айттым ғой сен деген кітап арқылы,0.27586206896551724,0.07407407407407407,29
train-00001-of-00048_001146,өмірімді кітап оқу негізі шынымен де өмірімді өзгертеді түрлі әдеттерді қалыптастыруға алып келеді мысалға сен кітабы менде солай болды әдет қалыптастырды менің сумкамда қазір міндетті түрде кітап жүреді оны мен сол күні оқымай ақ қояйын бірақ мен мектепке барған кезде менің сумкамнан мүлде кітаптар түспейді бір кітап оқиды егер менде акошка болса мен міндетті түрбұл қалыптасып кетті енді алдағы уақытта ютубта жиі шығамын деп ойлаймын жоғалып кетпеуге тырысамын әрбір апта сайын,өмірімді кітап оқу негіз үшін менде өмірімді өзгерте түрлі әдеттерді қалыптастыруалып келе мысаласен кітабы меесолайболпдет алптастыды менсункамда азі мндеттүрдектап жүе онымен сол күн оыма обамемектекебаан кеемесамүлдектататүпейкеемееакошкабосамне түрехат бірекібет болсымеыомеүшдет ол аыптасеті ендіалдаы аытта тюбтаы жи шыаын деп ойлаймын жаап кетпеге тырсамын әрбір апта сайын,0.8169014084507042,0.31950207468879666,71
train-00001-of-00048_001147,өйткені аптасына екі күн болып өші қалып айтсаңыз біткен төлеп,qunga pasna itdnigo bsoбцenintr,1.0,0.9354838709677419,10
train-00001-of-00048_001148,екі видео шығаруға тырысып отырамын енді мен алдағы уақытта мынандай видеолар шығарғым келеді,екі видео шығаруға тырысып отырамын енді мен алдағы уақытта нандай видеолар шығарым келет,0.23076923076923078,0.053763440860215055,13
train-00001-of-00048_001149,қазір жаңа жыл келе жатыр соған дайындық қалай жоспар жазу керек қалай план қою керек айға жоспар жазу деген сияқты,қазір жаңа жыл келе жатыр соған дайындық қалай жоспар жазу керек қалай план қою керек айға жоспар жазу деген сияқты,0.0,0.0,20
train-00001-of-00048_001150,өзімнің де қалай айтсам болады өзім де қолданып жүргендіктен оны сіздермен бөліскім келеді арнаға жазылуды міндетті түрде ұмытпаңыздар лүпіл басыңыздар,өзімніңдеөзіңде қолданып жүргендіктен оны сіздермен бөліскім келеді арнаға жазулуды міндетті түрде ұмытпаңыздар ліпіл басыңыздар,0.45,0.17218543046357615,20
train-00001-of-00048_001151,пікір қалдырыңыздар келесі видеода кездескенше,пікір қалдырыңыздар келесі видеода кездескенше,0.0,0.0,5
train-00001-of-00048_001152,бұл үш ақсақал үш машайықтың кімдер екенін сыпыра шежіреші әлиасқар байқұтұлы мен оның құйма құлақ ұлы ақпантай байқұтовтың бізге жеткізіп кеткен баға жетпес мұрағаттары негізінде білдік,бұлушы ақсақал үш машайықтың кімдер екенін сыпыра шежіреші әлиасқар байғұтұлымен оның құймақұлақұлы ақпантай байғұтовтың бізге жеткізіп кеткен бағажетпес мұрақаттары негізінде білдік,0.4230769230769231,0.053763440860215055,26
train-00001-of-00048_001153,айтып отырғанымыз 1941 жылы әмір темірдің моласын аштырып көрмек болғанда қайдан шыққаны белгісіз үш ақсақал әміршінің қабіріне тиюге болмайтынын әйтпесе қарғыс ататынын айтып жылдам көзден ғайып болатыны бар емес пе сол үш ақсақал үш машайық,айтып отырғанымыз мың тоғыз жүз қырық бірінші жылы әмір темірдің моласын аштырып көрмек болғанда қайдан шыққаны белгісіз үш ақсақал әміршінің қабіріне тиюге болмайтынын әйтпесе қарғысататынын айтып жылдам көзден ғайып болатыны бар емес пе сол үш ақсақал үш машайық,0.2,0.11570247933884298,35
train-00001-of-00048_001154,бұл 3 машайықтың біреуі жоғарыдағы сыпыра шежіреші әлиасқар байғұтұлының өзі екен,бұл үш машайықтың біреуі жоғарыдағы сыпыра шежіреші әлиясқар байғы тұлының өзі екені,0.45454545454545453,0.07407407407407407,11
train-00001-of-00048_001157,ақыры 90 пұттық жасыл нефрит астындағы 3 қабатты мрамордан тұратын табытты ашу басталады,ақыры тоқсан путтық жасыл нифрид астындағы үш қабатты мырамырдан тұратын табытты ашу басталады,0.38461538461538464,0.14772727272727273,13
train-00001-of-00048_001158,алтын жалатылған матаға ораулы арша ағашынан жасалған төрт тұғырлы табыттың қақпағын ашуға бүкіл экспедиция мүшелері жиналады мың тоғыз жүз қырық бірінші жылдың жиырма бірінші маусымы күні таң алдында табыт қақпағы ашылғанда әміршінің бейнесінде елес берген хош иісі бас айналдыратын ыстық лепті қою бу сыртқа атылып шығып ж,алтын жалатылған матаға ораулы арша ағашынан жасалған төрт тұғырлы табыттың қақпағын ашуға бүкіл экспедиция мүшелері жиналады мың тоғыз жүз қырық бірінші жылдың жиырма бірінші маусымы күні таң алдында табыт қақпақ ашылғанда әміршінің бейнесінде елес берген хош иісі бас айналдыратын ыстық лепті қою бу сыртқа атылып шығып жұрт шошынғанынан кері серпіліп кетеді,0.1276595744680851,0.12037037037037036,47
train-00001-of-00048_001159,сол замат кесене ішінде 3 апта бойғы қазулар кезінде бірде бір рет өшпеген жарық жалп етіп сөніп қалады 1941 жылдың 21 маусымы күні правда газеті ақсақ темірдің қабірі ашылып оның бас сүйегінен жирен қылдар табылғанын яғни әлем әміршісінің сақал шашы жирен түсті болғанын хабарлаған ал дәл осы сәтте берлинде гитлер барбаросса жоспарына қол қою үстінде болатын ал барбароссының аударма мағынасы жирен сақал,сол замат кесене ішінде үш апта бойға қазулар кезінде бірде бір рет өшпеген жарық жалп етіп сөніп қалады мы94біші жылдың жыбіші маусымы күні правда газеті ақсақ темірдің қабірі ашылып оның бас сүйігінен жирен қылдар табылғанын яғни әлем әміршісінің сақал шашы жирен түсті болғанын хабарлаған ал дәл осы сәтте берлинде гитлер барбаросса жоспарына қол қою үстінде болатын ал барбароссаның аударма мағынасы жирен сақал,0.0967741935483871,0.04187192118226601,62
train-00001-of-00048_001160,ертеңіне 60 миллион адамзатты алапат қырғынға ұшыратқан герман фашизмінің кеңес одағына шабуылы басталады да кетеді,ертеңіне алпыс миллион адамзатты алапат қырғынға шұратқан герман фашизмінің кеңесі одағына шабуылуы басталад дек етеді,0.4666666666666667,0.11304347826086956,15
train-00001-of-00048_001161,бұл мистикалық сәйкестіктің сталинге қаншалықты әсер еткені белгісіз дегенмен жезмұрт көсемінің мәскеуге әкетілген әлем әміршісінің бас сүйегін 1942 жылғы 20 желтоқсан күні самарқандтағы өз орнына тездетіп қойғызғаны анық,бұл мистикалық сәйкестіктің сталлинге қаншалықты әсер еткені белгісіз дегенмен жезмұрт көсемнің мәскеуге әкетілген әлем әміршісінің бас сүйегін мың тоғыз жүзқырық екінші жылғы жиырмасыншы желтоқсан күні самарқанттаға өз орнына тездетіп қойғызғаны анық,0.2857142857142857,0.18099547511312217,28
train-00001-of-00048_001162,оған да себеп болған жоғарыда айтылған мәлік каюмов ол кинооператор ретінде көп ұзамай қанды соғысқа аттанған майданда жүргенде өзі куә болған нәрселер оған тыныштық таптырмайды ақыры құдай сәтін салып майдан даласында маршал жуковпен кездескен қарапайым солдат ойындағының бәрін ақтарып темірдің сүйегін өз орнына қоймайынша кеңес халқы жеңімаршалл мұның барлығын сталиннің құлағына жеткізген көрінеді,оған да себеп болған жоғарыды айтылған мәлік каюмов ол кинооператор ретінде көп ұзамай қанды соғыс қаттанған майданда жүргенде өзі куә болған нәрселер оған тыныштықтаптырмайды ақыры құдай сәтін салып майдан даласында маршал жуковпен кездескен қарапайым солдат ойындағының бәрін ақтарып темірдің сүйігін өз орнына қоймайынша кеңес халқы жеңіске жете алмайтынын тұспалдап айтады маршал мұның барлығын сталиннің құлағына жеткізген көрінеді,0.22641509433962265,0.10945273631840796,53
train-00001-of-00048_001163,темірдің қарғысынан сұсық ашқан сталин әмірші мен ұрпақтарының сүйегін жерлеуге дереу 1 миллион рубль бөлген бұл о заманда бүтіндей бір дивизияны бір ай ұстап тұруға жетіп артылатын үлкен ақша еді темірдің сүйегі әскери құрметпен артиллерияның салют беруімен өз орнына қойылғаннан кейін көп ұзамай сталинград қаласы фашистерден толық азат еті,темірдің қарғысынан сұсық ашқан сталин әміршімен ұрпақтардың сүйегін жерлеуге дереу бір миллион рубль бөлген бұл о заманда бүтіндей бір дивизияны бір ай ұстап тұруға жетіп артылатын үлкен ақшет темірдің сүйегі әскери құрметпен артиллерияның солют беруімен өз орнына қойылғаннан кейін көп ұзамай сталинград қаласы фашистерден толық азат етіледі міне тағы да сәйкестік,0.24489795918367346,0.1111111111111111,49
train-00001-of-00048_001164,ақсақ темірдің сүйегін сталинградтағы майдан даласы үстімен алып ұшқан сонан кейін ғана жеңіс кеңес армиясы жағына ауған делінеді сондай ақ ұлы қолбасшының сүйегін соғыста ортаазиялық жауынгерлердің рухын көтеру үшін олар шоғырланған әскери бөлімдерге апарғаны туралы да деректер бар,ақсақ темірдің сүйегін сталинградтағы майдан даласы үстімен алып шыққан сонан кейін ғана жеңіс кеңес армиясы жағына ауған делінет сондай ақ ұлы қолбасшының сүйегін соғыста орта азиялық жауынгерлердің рухын көтеру үшін олар шоғарланған әскери бөлімдерге апарғаны туралы да деректер бар,0.13157894736842105,0.024734982332155476,38
train-00001-of-00048_001165,не десек те сталинград майданының фельдмаршал паулисті армиясымен тұтас қолға түсірген соғыс тағдырына бетбұрыс жасаған шешуші шайқас болғаны белгілі тағы да бір сәйкестік мәлік каюмов соғыста тура ұлы әмірші сияқты сол аяғына оқ тиіп жараланған бұл да жаратушының оның 1941 жылы жіберген қателігін түзеуі үшін ескертуі әдейі тір қалдырғаны болар,не десекте сталинград майданының фельд маршал паулисті армиясымен тұтас қолға түсірген соғыс тағдырына бекбұрыс жасаған шешуші шайқас болғаны белгілі тағыда бір сәйкестік мәлік каюмов соғысты тура ұлы әмірші сияқты сол аяғына оқ диіп жаряланған бұл да жаратушының оның 1941 жылы жіберген қателігін түзу үшін ескертуі әдей тірқалтырғаны болар бәлкім,0.3,0.05491329479768786,50
train-00001-of-00048_001166,енді негізгі әңгімемізге көшсек жоғарыда айтқан сыпырашы шежіреші әлиасқар байғұтұлы әмір темір көрегенінің самарқандтағы мүрдесін ашуға қарсы болған 3 машайықтың бірі ерекше қасиет қонған бұл 3 ақсақал аян арқылы сөйлесіп әмір темірдің сағанасы алдында кездесейік деп уағдаласады,енді негізгі әңгімемізге көшсек жоғарыды айтқан сыпырашы шежіреші әлиясқар байғытұлы әмір темір көрегенінің самарқанттағы мүрдесін ашуға қарсы болған үш машайықтың бірі ерекше қасиет қонған бұл үш ақсақал аян арқылы сөйлесіп әмір темірдің сағанасы алдында кездесейік деп уағыдаласады,0.1891891891891892,0.03214285714285714,37
train-00001-of-00048_001169,оқыған қуат ахметжанов,окыған кууат ахмеджанов,1.0,0.18181818181818182,3
train-00001-of-00048_001170,иии сәлем достар сіздермен бірге мен да кизет и менің жанымда дина кизет сәлемдесіңізге сәлем сәлем достар бүгін біз осы скайблокта өтетін боламыз бүгінгі видеомыздың мақсаты скайблокта жүз пайызға өту,и сәлем достар стелмен бірге мен дакезет и менің жанында денігізді сәлемдеспке сәлем сәлем достар бүгін біз осы скайблогты өтетін боламыз бүгінгі видеомыздың мақсаты скайблогты жүз пайызға өту,0.3333333333333333,0.12437810945273632,30
train-00001-of-00048_001171,мына жерге қаралсаңыздар көптеген аралдар бар осы аралдардың бәрін зерттейміз,мәдере қаросаңыздар көптеген аралдар бар осы аралдарың бәрін зерттейміз,0.4,0.11688311688311688,10
train-00001-of-00048_001172,ең бірінші кірісетін заттарымыз мына сұмдықтағы заттарды алып аламыз,ең бірінші кірісетін заттарымыз мына сұндықтағы заттарды алып аламыз,0.1111111111111111,0.014705882352941176,9
train-00001-of-00048_001173,міне осындай шелек бар және кирға бар,не осындай шелек бар және кирха бар,0.2857142857142857,0.08108108108108109,7
train-00001-of-00048_001174,бірақ бұларды қалдыр салайын демек те сен осы жерден темірдің фермасын жасай бер,бірақ боларды қалдырсылайын женеттесен мушеден темірдің фермасын жасайлер,0.7692307692307693,0.2,13
train-00001-of-00048_001175,ал мен наяқты ағаш жарқыза беремін,أو منا يخطاع غشت لغزبل,1.0,0.8823529411764706,6
train-00001-of-00048_001176,оң,,1.0,1.0,1
train-00001-of-00048_001177,сөйтіп жүрдіңіздердіңіздердіңіздердіңіздердіңіздерді,,1.0,1.0,2
train-00001-of-00048_001178,мүм,อ อ,2.0,1.0,1
train-00001-of-00048_001179,жақсы жасайы білмеген,كتسيبالمج,1.0,1.0,3
train-00001-of-00048_001180,өй қараңғырлық,y kalan,1.0,0.9285714285714286,2
train-00001-of-00048_001181,былай қаза беремін жайлап жайлап,лا قаزарем желеزелеп,1.0,0.625,5
train-00001-of-00048_001182,солайлап алайын да,ت把来,1.0,1.0,3
train-00001-of-00048_001183,ала беріңіз,وبرو,1.0,1.0,2
train-00001-of-00048_001184,енді кәдімгі барысқа тұрасыз,إندe kdm مark,1.0,0.9285714285714286,4
train-00001-of-00048_001185,оп болды мен қайсыс болдым дейді на визит,ап болым мен кас полым жина дизет,0.875,0.4146341463414634,8
train-00001-of-00048_001186,бүгін,ر,1.0,1.0,1
train-00001-of-00048_001187,лаваны алып андай екі жерге пұл мен лаваны тәзе салайық,лаван алып андай екі жеге пулмен лаван кәсе сылат,0.7,0.2,10
train-00001-of-00048_001188,мә менің кәсіпті,namtas,1.0,1.0,3
train-00001-of-00048_001189,бізде верстоксиз айтылады верстоксиз ең ең бірінші мақсатымыз ағаш жүрсеміз және верстоксиз еміз тағы ағаш браконь жамай өндірсе,бізде верстакынса айтла верстакжлаын ең басша мақсатымыз ағас жасаймыз және верстакшсаймыз тағ ағас баканшабай өндіпса,0.7777777777777778,0.3359375,18
train-00001-of-00048_001190,енді,眼在,1.0,1.0,1
train-00001-of-00048_001191,балка балка сөзіңіз айтатын бірінші құрайды иә кәдімгідей айтатын көріңіздер,палка палка сосыңдясатты біріншіғаарядесае көзініштір,1.0,0.5526315789473685,10
train-00001-of-00048_001192,ең бірінші бізге ең керекті заттардың бірі ол бізде керка,ең бірші бізге ең керект заттардың бірі ол бізде керка,0.2,0.05263157894736842,10
train-00001-of-00048_001193,және қылыш және топор,жәрне қылыш және тапор,0.5,0.09523809523809523,4
train-00001-of-00048_001194,осы осы құрылғылар алқа мен осы біздің скайбургта өте үлкен концерт бар,осы кроклер алқан мен осы біздің скайбод өтег комцерт бар,0.5833333333333334,0.3380281690140845,12
train-00001-of-00048_001195,мына жерде тұрған егіндерді неге жинап алайық бұлар әзірге тамақ береді өсіпті,мына жерде тұрған егіндерді неге жиналу кере а жинаблайық олар ізге тамақта өсіпті,0.5833333333333334,0.32051282051282054,12
train-00001-of-00048_001196,байқалай құл қау на лава түс кетпей әйел ғой,dak だako 아na wabatkita,1.0,0.9318181818181818,9
train-00001-of-00048_001197,иңізге байқаған өлеңіз,xts is,1.0,0.9545454545454546,3
train-00001-of-00048_001198,ана аралдарға келесі бөлімдерді барып көреміз бірақ осы бөлімде біз бір аралдардың ішіне барып келуіміз мүмкін,ана аралдарга келет бөлүмдөрди барып көремиз бирак осо бөлүмде биз бир аралдардын ишине барып керубиз мүмкүн,0.8125,0.19090909090909092,16
train-00001-of-00048_001199,бірінші бала қарағанбыз үй ана үй жолығында иә міне мына жерде үй тұрмыз осыған барып көреміз иә,бірінші ба арауымыз ана үй олтында иямінена жер веиторлы осы қамбартып көремізе,0.8235294117647058,0.3541666666666667,17
train-00001-of-00048_001200,жақсы кішкене ресурс керек болады,gtanetasars dassnssrba dl,1.0,0.9393939393939394,5
train-00001-of-00048_001201,осыдан ана жерде көп ағаш көп тұса керек себебі андай,босарн аңа же көп агыш көпса бөлек себеби андай,0.8,0.32075471698113206,10
train-00001-of-00048_001202,бұл блоктар істеп жүрері тез барып жатамыз,po loktasefsedire tis vargdons,1.0,0.9285714285714286,7
train-00001-of-00048_001203,тау жақта бізде керекті заттар болады деген ойдағыдан,ожақты бізге керекті заттар болады деген ойдағды,0.5,0.16981132075471697,8
train-00001-of-00048_001204,мен жайлы жайлы бағыштыр қазір емес,جlajlبa شtrقadabm,1.0,0.9714285714285714,6
train-00001-of-00048_001205,геморганизация болып қалдың ба жеміс жеміс деп,деме кезет сен болып қалдың ба жеміш жермастеп,0.8571428571428571,0.3695652173913043,7
train-00001-of-00048_001206,айғұр жиырма блоктан,у жерма блыقтан,1.0,0.45,3
train-00001-of-00048_001207,альтенадо,افتنادو,1.0,1.0,1
train-00001-of-00048_001208,осылар арқылы біз андай қабыламыз қазіргі таңғы аштыққа дейін,усылар арқы біз анаяк барығыз бәзір тағалаштақыжи,0.8888888888888888,0.4426229508196721,9
train-00001-of-00048_001209,алта,다,1.0,1.0,1
train-00001-of-00048_001210,оп төлеп,,1.0,1.0,2
train-00001-of-00048_001211,сосын айтпақшы мына жақта бізде сиырлар бар бір дәусір және оның баласы,оса айтпақшы нә жақта бізде тирлар бар бір дәусер және оның баласы,0.3333333333333333,0.1267605633802817,12
train-00001-of-00048_001212,осылар арқылы біз оларды өсірейік ана проценттерді және оларды баға,осылар қы біз оларды өсіреп ана псенттерда және оларды балап,0.4,0.19402985074626866,10
train-00001-of-00048_001213,жинаққа алған дегендеріңді еске алайын қайтамын,яқа алған бееліңдерімді қайын қайттан,0.8333333333333334,0.44680851063829785,6
train-00001-of-00048_001214,менің көкемесің,تيبس,1.0,1.0,2
train-00001-of-00048_001215,оған бізге алда келіп боламын,s ta k ft,1.0,0.896551724137931,5
train-00001-of-00048_001216,қазір өз университетпен нан жасайтын боламын,кәҙер беҙ версәктән на сәйтын була,1.0,0.5227272727272727,6
train-00001-of-00048_001217,биыл жаңағыңа кетеді екен,yuknanga keteke,1.0,0.96,4
train-00001-of-00048_001218,аха,嗯哈,1.0,1.0,1
train-00001-of-00048_001219,ең бірінші бейміт арнайы қабақ үшін ағаштарды өндірсе бірінші,n بшa b ана kbaروш ғаشтa dдच ш,1.0,0.7213114754098361,9
train-00001-of-00048_001220,жаңағы не аламын білеміз,جلا يلابنريمس,1.0,0.9583333333333334,4
train-00001-of-00048_001221,иә экос,يا يا كس,1.5,1.0,2
train-00001-of-00048_001222,мен негізі зор жасап қойдым кішкене,ine isrzorasaqadin kskina,1.0,0.9428571428571428,6
train-00001-of-00048_001223,сөйтсек,,1.0,1.0,1
train-00001-of-00048_001224,сәлема керек мені ән аяқтады деп отайын,sadino gisnienertesjote,1.0,0.9743589743589743,7
train-00001-of-00048_001225,сіздің бауыртпыздар енді мен сири,я на меня сир,1.0,0.7272727272727273,5
train-00001-of-00048_001226,опа сол жайлап құлак етпей өтініп отыр құлак етсек бұл өліп қаламыз өліп қалсақ заттарымыз жауап кетеді қазір мен өзімнің бұл блоктарымды алдайын жасаған және міне андай австриялар жайлап жайлап осылай дамы береміз,коппа сы жайлап қыла кетпе өрнатын қылакетсек бұ өріп аламыз өріп қалсақ заттарымыз жолп кетет қазір мен өзімнің пол блоктарында аблайын жасаған және мыне на астырақ жайлап жайлап олсылай дама береміз,0.6666666666666666,0.205607476635514,33
train-00001-of-00048_001227,қазір былай былай,кәзер былай былай,0.3333333333333333,0.17647058823529413,3
train-00001-of-00048_001228,орплей,ل,1.0,1.0,1
train-00001-of-00048_001229,былай мына жолы түсуган кейін кішкене үлкен керек андай бір мос курс десек болады иә дина деді айтшы иә,былай ана жолду сунункиин кишикене үлкүлү көрөк андай бир мос кулуп истесек балады динокизитатч,0.8421052631578947,0.4174757281553398,19
train-00001-of-00048_001230,ол маған кішкене бас балдар сияқты,о маади сулкисенабо басбалдарсакес сулкс,1.0,0.6764705882352942,6
train-00001-of-00048_001231,менде маған,这吗,1.0,1.0,2
train-00001-of-00048_001232,неге көптесе,كtس,1.0,1.0,2
train-00001-of-00048_001233,ой өп өп,وي و不,1.0,0.875,3
train-00001-of-00048_001234,мына біздің үйіміз осындай дүние келеді,m nabsnίn sosm dnαgsit b,1.0,0.9230769230769231,6
train-00001-of-00048_001235,негізі үй күштік екен иә,бізі үй күчтікіне,0.8,0.4583333333333333,5
train-00001-of-00048_001236,не ақ та сұмдықтар ешнәрсе а сұмдықтар ешнәрсе бізге балтина өте қазір важналы аха білемін осы уточка істесек болады,неақта сұнукта ишбізге палкина өте қасы базынала аа білем осыдан удычка стесек болаты,0.9473684210526315,0.4482758620689655,19
train-00001-of-00048_001237,өй көрсеттің өз,喂这是د,1.0,1.0,3
train-00001-of-00048_001238,ол неяқта қара демек кететін неяқта күшті ағаштар тауып алдым өздеріңіз,ол нияқта қара бинекетек нияқта күшті ағаштарталоды,0.7272727272727273,0.39436619718309857,11
train-00001-of-00048_001239,екі бағыштай қоштамын,cmscs,1.0,1.0,3
train-00001-of-00048_001240,мына жақта алатын нәрселерім банал,منختارت نشن بنض,1.0,0.9411764705882353,5
train-00001-of-00048_001241,ол пич пич кейіпкөр өзіңізге қалтып түсіп алайын өзіңіздер турамыз емес,بيت كير وزوشترمج بس,1.0,0.9577464788732394,11
train-00001-of-00048_001242,суған айтып алғанмын мен иә менен өліп,تنت يابل,1.0,0.9736842105263158,7
train-00001-of-00048_001243,бірақ та көтерілетін үйге қыз тұрса менде көтерілетін үйдің күшейтемін екен менде дұрыс а,حta كtlت tl,1.0,0.9775280898876404,14
train-00001-of-00048_001244,мен баға қылайық,inta nmafi,1.0,0.9375,3
train-00001-of-00048_001245,ар жақты үйді айтып жүрді,artaste ideazaitudu gunte,1.0,0.96,5
train-00001-of-00048_001246,мұндай,来,1.0,1.0,1
train-00001-of-00048_001247,қазір достар біз негізі өзінің планын құрды ғой қазір мына жерде мен аяқта лестница жасаймын дегенді,казир тостар динегизе өзүнүн планын кордооп казы на жерде мен аякта лешнсеесте рееле,0.8125,0.42,16
train-00001-of-00048_001248,пусть,حفط,1.0,1.0,1
train-00001-of-00048_001249,оп реңбиаты,dat,1.0,1.0,2
train-00001-of-00048_001250,оппа,我爸,1.0,1.0,1
train-00001-of-00048_001251,нол,bo,1.0,1.0,1
train-00001-of-00048_001252,енді енді қазір көтерек неге болып жатады,мендем инде кәзер кутелетн олып жатылт,1.0,0.4634146341463415,7
train-00001-of-00048_001253,алтын сауыт,أ不,1.0,1.0,2
train-00001-of-00048_001254,янжикары аха,كن شcر اه,1.5,0.9166666666666666,2
train-00001-of-00048_001255,енді жаңағы жаңағы,يت我ج,1.0,1.0,3
train-00001-of-00048_001256,сәлем қайтадан қайталамыз жаңағы барған жерім,сар ені қайта қайталнды жаңа барған жеді,1.0,0.3333333333333333,6
train-00001-of-00048_001257,сондықтан абайланса керек оппа анаяқта ағаштар жатыр,сондуктан абаймодажирек оппаанаякты агаштыржатыт,1.0,0.3076923076923077,7
train-00001-of-00048_001258,білетін ең күдікті біздің алғашқы бір мақсат ол планета,ретіннеңдікті бізде ағасәсір мақсат ол қоларе кітап,0.8888888888888888,0.4,9
train-00001-of-00048_001259,аяғына ала алып бірінші пайызда,na al knشpst,1.0,0.9354838709677419,5
train-00001-of-00048_001260,мемлекет басқа да аралдарға бағалған емес,ена кізет басқада араларап алғат неңез,1.0,0.4146341463414634,6
train-00001-of-00048_001261,керек жаңағын сүйрөтті уақытты қандығының арқасында,cadajiala usiure tua kanjana kasia,1.0,0.9215686274509803,6
train-00001-of-00048_001262,жаңағы,,1.0,1.0,1
train-00001-of-00048_001263,би да өтпайын ұйықтаған ағаштар көп,دي بمطحتك,1.0,0.9714285714285714,6
train-00001-of-00048_001264,түсінігісі кеңір,كك,1.0,1.0,2
train-00001-of-00048_001265,таковызек су,dakogzet,1.0,1.0,2
train-00001-of-00048_001266,барлығын бір көріп қалғанмын анау аралда болып тұрғанда мына офисында кешегі шахта бар екен,бананын бір көрүп калған ана аралдап турғанда асында кее шарты бар экен,0.8571428571428571,0.31868131868131866,14
train-00001-of-00048_001267,альфу,قص,1.0,1.0,1
train-00001-of-00048_001268,асыға қарай қазып көрсейді былай құлап қалмады заттардың бәрін сумка ма салып қой иә сумка салып қой,ожоменде бітті асы қарай қасып көрсейді бірақ қылапқама жаттары бәрін сұныкама салып қой я сұныыка салып қой,0.7058823529411765,0.39,17
train-00001-of-00048_001269,достар дино кездесіп бір осы аралдың несін таба алды,достар дино кезеттір осы аралың несін таболды,0.5555555555555556,0.19230769230769232,9
train-00001-of-00048_001270,бұл керемет қой,ngũkĩrĩ mku,1.0,0.9333333333333333,3
train-00001-of-00048_001271,посқа сөйтіп жүрген өнер сипат жүрген өнер сипат,piskiselice pichben onsifoclozoatap,1.0,0.9583333333333334,8
train-00001-of-00048_001272,оооо,嗯,1.0,1.0,1
train-00001-of-00048_001273,жолмен аяқта не нәтижесін аяқта не тасқа бұлуттар қаза бергенше ме тасқа аралдарға бару жолдарын тапсыруға,so ata n tiज ta a paska blu tar kaजargcin askaर ldara baरu soldan tas,1.0,0.8679245283018868,16
train-00001-of-00048_001274,достар,طست,1.0,1.0,1
train-00001-of-00048_001275,опа геноцид хат болуға болатын ба,па жүнокеі қуат бол болатын ба,0.6666666666666666,0.3333333333333333,6
train-00001-of-00048_001276,онда достар,مندا دستر,1.0,0.9090909090909091,2
train-00001-of-00048_001277,анасы ұшып ішкеннен жарық болып кеткен кішкене қараңғы болып кетті,ш кише жак бокетт жан киши каранк болт,1.0,0.6363636363636364,10
train-00001-of-00048_001278,нәріңіз,,1.0,1.0,1
train-00001-of-00048_001279,аааааа,嗯,1.0,1.0,1
train-00001-of-00048_001280,а жақ па,شخب,1.0,1.0,3
train-00001-of-00048_001281,енді алмагүл сендерде болыңыз,mmgt不,1.0,1.0,4
train-00001-of-00048_001282,немесе мына жақын жерде тұрған,немесе мына жақын жерде тұрған,0.0,0.0,5
train-00001-of-00048_001283,құмды аралға,қымды аралғарт,1.0,0.25,2
train-00001-of-00048_001284,бірақ ол жерде кішкене тағы алу екен,بра جd кشkе таrau iكn,1.0,0.7222222222222222,7
train-00001-of-00048_001285,бірақ уже бір нәрсе баары болуы мүмкін,بره جبنس بعربو مكن,1.0,0.9210526315789473,7
train-00001-of-00048_001286,диногазет бір нәрселері қаздым ба,جена газет бінеселер казымда,1.0,0.3939393939393939,5
train-00001-of-00048_001287,аха,,1.0,1.0,1
train-00001-of-00048_001288,опа кино күзет бір нәрселер не алдың ба иә сумка сала бер онда,опа кинокизет пінесілер не алдың ба сунука сала беренда,0.6153846153846154,0.24193548387096775,13
train-00001-of-00048_001289,және тұрғындармен,jt unde min,1.5,0.9411764705882353,2
train-00001-of-00048_001290,түн батып жатса онда төсек келе жатса ана жақта барып,ка сумбатватса нда түсикежата анажата барба,1.0,0.4339622641509434,10
train-00001-of-00048_001291,анасыға әкелесіз бізге,رصكلصت,1.0,1.0,3
train-00001-of-00048_001292,а өшіге әкелісайық па әкесі әкесі,a usigakisaa akasakisa,1.0,0.9393939393939394,6
train-00001-of-00048_001293,қыздарымыздың мына үйі болмайтын болып бірақ,доздарбыздыңна ұы болмайтын болып бірақ,0.5,0.22727272727272727,6
train-00001-of-00048_001294,бұл бізде ана үйіміз ана аралымыз кішкентай болған соң осы жерге келіп тұрып жүреміз ғой,бұл бізде үйіміз аралымыз кішкендай боласа оше келіп тұрып жеміз ғой,0.5333333333333333,0.26136363636363635,15
train-00001-of-00048_001295,достар қараңыздар анасыныс келет жүр ғой,srqransnsnskdr,1.0,1.0,6
train-00001-of-00048_001296,төрт,طر,1.0,1.0,1
train-00001-of-00048_001297,аллоу,,1.0,1.0,1
train-00001-of-00048_001298,динокизед,تن给,1.0,1.0,1
train-00001-of-00048_001299,мына астына скелет жүр ғой,mas naskira chirko,1.0,0.9230769230769231,5
train-00001-of-00048_001300,уквар,уксва,1.0,0.4,1
train-00001-of-00048_001301,кәйт жүлесіп екен,ج جلしد,1.0,0.9411764705882353,3
train-00001-of-00048_001302,иә деген кезде де анаяқта угль бар екен досылар қарағанда анаяқта угль бар және железа бар көрдің бе мен соны айттым ғой иә иә иә,деме кездед анияқты угль бар екен достар қаранда анаяқты угль бар және желеті бар көрі ме соған айттың ғо я я,0.72,0.26356589147286824,25
train-00001-of-00048_001303,монарк,munаr,1.0,0.8333333333333334,1
train-00001-of-00048_001304,мына коверларды ана өзіміздің немізге апарсақ болады бірақ,на ковеорларда ана өзімізді немізге апаржақ болат бирақ,0.75,0.15517241379310345,8
train-00001-of-00048_001305,нән өсірәк,نان اساق,1.0,0.9,2
train-00001-of-00048_001306,себебі бізде үйде печ жоқ бірақ жасалыватыр бірақ ала беріңіз сенде ағаш бар ма ағаш бар жо жоқ ағаш өсіватыр негізі,себбізде үйе петі жоқ бірақ жасау балаты бірақ ала берміс осылай тақма ереміағаш бар ма ағаш бар жоқты ағаш өсіп атыр негізі,0.6666666666666666,0.3275862068965517,21
train-00001-of-00048_001307,маған қазір срочно керек,ма ка срочено грек,1.0,0.4166666666666667,4
train-00001-of-00048_001308,кәсіпкенде бір идея болып тұр,kaskede bіr idea boptыr,1.0,0.8620689655172413,5
train-00001-of-00048_001309,қандай елді,嗯看在一滴,1.0,1.0,2
train-00001-of-00048_001310,үйге кішкене ағаш көп ағаш көп па сынырайын ба а жайды сыныра бер сыныра бер үйіне кетеді жайды қазір сынырайын,е кіскене ағаш көп ұма ағаш көп па сымырайынжайты сымырайер сыныра диноктет а,0.75,0.4594594594594595,20
train-00001-of-00048_001311,мұнда достар дино кездесу қосуды алғашқы сәт кішкене қылқата бергенше,анда достлар динакизе толсында ағаш сат кшкине катабергинче,1.0,0.391304347826087,10
train-00001-of-00048_001312,мен мына бір аралдарға бардым бізге факел керек қой факел факел иә достар дзюдо кездеседі қайда барасың,мен на бір аралдара бардым бізге фак кереко фако я достар дино кезер қайда барасын,0.6470588235294118,0.2621359223300971,17
train-00001-of-00048_001313,а мен үйдемін оба нағы деді,idem obalagcze,1.0,0.9629629629629629,6
train-00001-of-00048_001314,а жақсы ағаштарын қаза берің иә иә иә,a ds aغsan qatagrm,1.0,0.918918918918919,8
train-00001-of-00048_001315,ммм,嗯,1.0,1.0,1
train-00001-of-00048_001316,енді мына кезде менде мындай план бар мына ағаштарды ана біздің мына дәу аралға қоя салайық та бізде мына арал бізде керек болады ғой,жена кезеті менде мындай план бар мына ағаштарды ана біздің на дау аралыға қоя салайық та на аралы бізге керек болады ғо,0.4583333333333333,0.18796992481203006,24
train-00001-of-00048_001317,аха,嗯,1.0,1.0,1
train-00001-of-00048_001318,жарайды болатын,جr bk,1.0,0.9333333333333333,2
train-00001-of-00048_001319,достар достар осы скайблокстерге ұнаватса онда лайк басып подписаться кнопкасын басып кетеміз,достар достар осу скйблокстирге ынаватса унда лайк басы подписация кунукасын басып кетемиз,0.6666666666666666,0.13978494623655913,12
train-00001-of-00048_001320,және келесі бөлімдерде осындай бөлімдерін шығарсақ болады,және келес бөлімдерде осына бөлімдерін шығарсақ болады,0.2857142857142857,0.05263157894736842,7
train-00001-of-00048_001321,көп лайк жинасаңыздар,көп лайк жасаңыдар,0.3333333333333333,0.14285714285714285,3
train-00002-of-00048_000000,достар если сіздер бір блог қаласаңыздар онда соны түсіреміз комментарий жазып кетіңіздер,стар еслі істер бір блог қаласаңыздар онда соны түсіреміз комментарий жазып кетіңіздер,0.25,0.06741573033707865,12
train-00002-of-00048_000001,мына жерде нааралығы бар ғой деймін,на жерде наралға барғони,0.8333333333333334,0.4,6
train-00002-of-00048_000002,жұмыс келсе мен аралға барып көремін қайта аралға мен соған барғым келеді полбога келатырмын қазір,n kиi min арaлga baр kure аrala en sonbаna bаrumggi поboаkelerimga,1.0,0.8163265306122449,15
train-00002-of-00048_000003,ана жақ соны да алып біле өтті,a جخصنd تلوs,1.0,0.9333333333333333,7
train-00002-of-00048_000004,мына мен ненің қазірі мұнда тасты,аі мына мен ен қазіре мұнда тасты,0.5,0.21212121212121213,6
train-00002-of-00048_000005,не қызық,قازر,1.0,1.0,2
train-00002-of-00048_000006,достар міне қара дина кизетке салған осындай тас фермасы осыны жайлап жайлап бұл өзі нетті қазылар емес,достырміне қара дино кезеп жесаған осындай тас фермасы осын жайлап жайлап бұл жинитті қазарыңыз,0.5882352941176471,0.21359223300970873,17
train-00002-of-00048_000007,ой келіп кетті достарын аяқ,وي ت تصن,1.0,0.9259259259259259,5
train-00002-of-00048_000008,салқын,skt,1.0,1.0,1
train-00002-of-00048_000009,иә иә иә осы жерде бала мына екі мемлекетті қазір жинауға созамын,a usuجelebala nاhemni كettka جinaaзla,1.0,0.9230769230769231,12
train-00002-of-00048_000010,осырай осырай иә,wsla wsly l,1.0,0.875,3
train-00002-of-00048_000011,ол енді тас жолы тас несіп кетті а міне тұрарсың,tas tasspta amne tras,1.0,0.9375,10
train-00002-of-00048_000012,асылай асылай қазір осы новый аралдарды ашақ,слай аслай казер өсы новый раалдарда ашақ,0.7142857142857143,0.20454545454545456,7
train-00002-of-00048_000013,сіздерді таныстырамыз осы алдармен,сзерд таныстрамзс аллдармен,1.0,0.2647058823529412,4
train-00002-of-00048_000014,так одака эл,大c大か,1.0,1.0,3
train-00002-of-00048_000015,мен қызықсы,نقشقش,1.0,1.0,2
train-00002-of-00048_000016,сен мынаға барғың келеді ме иә барамын ғой барамын,кай кай се наа барың келема э барам у барам,1.1111111111111112,0.5,9
train-00002-of-00048_000017,мысалы көп қай жоқ,danka al,1.0,0.9444444444444444,4
train-00002-of-00048_000018,бағанағы үйді сындырдым кішкентай аптіс төрт бір сегіз,үйде сындырдым кішкөп сорт бір сегіз касіпкетұр,0.75,0.6111111111111112,8
train-00002-of-00048_000019,оппа болды онда мен бара беремін дат күйзеліп,боппа болт унда мен бара берем даккижек,0.75,0.3111111111111111,8
train-00002-of-00048_000020,кентинокизет аллоу,днгдет л,1.0,0.7222222222222222,2
train-00002-of-00048_000021,құнды,鸡蛋,1.0,1.0,1
train-00002-of-00048_000022,өткіздің ағасың,وسلعط,1.0,1.0,2
train-00002-of-00048_000023,аха,啊哈,1.0,1.0,1
train-00002-of-00048_000024,ал айтты сынықтаймын иә сыныра бер,حاي سمطي يا سمربر,1.0,0.9117647058823529,6
train-00002-of-00048_000025,алпыс төрт қоняқты,алпыс төрт қоняхта,0.3333333333333333,0.1111111111111111,3
train-00002-of-00048_000026,қайдан жинадың,kaydanşindadım,1.0,1.0,2
train-00002-of-00048_000027,ал жақтан кішкене ит ұсынамын,алагта кшн исна,1.0,0.5172413793103449,5
train-00002-of-00048_000028,достар аяқта,دوستا ناختا,1.0,0.9166666666666666,2
train-00002-of-00048_000029,оппа,koba,1.0,1.0,1
train-00002-of-00048_000030,айналайық қалай көтерсек болады екен,ана калай көтүрсек болот экен,1.0,0.3333333333333333,5
train-00002-of-00048_000031,бір қиын сол бірақ ана жерде,beरकainसu pरak alaजeजe,1.0,0.9285714285714286,6
train-00002-of-00048_000032,анда өнерлер бар лиа аналар сол лиа аналармен көтеру керек,antanе जabaр лian aлaр su лian лamе kocеa,1.0,0.7758620689655172,10
train-00002-of-00048_000033,оппа бәләйелі,hokpa belacala,1.0,1.0,2
train-00002-of-00048_000034,гелленс а жоқ көреріңіздер негізі,gelens ado gelems nis,1.0,0.9090909090909091,5
train-00002-of-00048_000035,меніңіздің өзіңізді,嗯嗯,1.0,1.0,2
train-00002-of-00048_000036,мына кезде тынаяқ келе бер,بمركزات نخ كليبر,1.0,0.9230769230769231,5
train-00002-of-00048_000037,үң,嗯,1.0,1.0,1
train-00002-of-00048_000038,жайлап жасаватырмын негізі қазір келе бермейді,jaga da bisa salata menyagiskaskilieni,1.0,0.9347826086956522,6
train-00002-of-00048_000039,мына жерде қазір құлап кетсем достар жаман болады мен екі төсек қолымда ғой,таме сактабарклжереке кулап кетсеген достар жаман болат мен эки төсек колумда ол,0.6923076923076923,0.41333333333333333,13
train-00002-of-00048_000040,анау,ه呢,1.0,1.0,1
train-00002-of-00048_000041,неге сізді көтерем деп ойлама құлап кетесің,неге көтерем де орлама қалып кетесін,0.7142857142857143,0.2558139534883721,7
train-00002-of-00048_000042,мен көздері жасайын ба мен эксперимент давай,мin guтir сain бaexperimentt,1.0,0.8636363636363636,7
train-00002-of-00048_000043,тағы эфирмен шыдап көр,حر م تذكر,1.0,0.9090909090909091,4
train-00002-of-00048_000044,достар мен ана алған блогтарын қойып келмей әйтсе қазір құқыға кетсем заттарын бәрін оқып мен қатты ол ана сындыққа ұқпаймын мен бір нәрсе істеп көрейін,тосар менн эка ана алган блоктарын койкөни т куа кетсем заттарын баракл аны сындыкка коой мен бирнерсее көрен,0.88,0.47368421052631576,25
train-00002-of-00048_000045,тос айнап қоямыз,توصلنقمس,1.0,1.0,3
train-00002-of-00048_000046,барлығы,,1.0,1.0,1
train-00002-of-00048_000047,осындай достар ана үйде уақыт келген заттарын,sたないdlけgzったan,1.0,1.0,7
train-00002-of-00048_000048,ну а кемс,nagrems,1.0,1.0,3
train-00002-of-00048_000049,оймей ағаштар қоймаған ағаштар көп екен ғой,оймы яғаштар коймаған ашда кобитең,1.0,0.4186046511627907,7
train-00002-of-00048_000050,содан кейін сөйтіп мен ана жақтағы аралға өсіре беремін,жына кезетіне ана жияқтағы аралға өсе блім не,0.8888888888888888,0.43636363636363634,9
train-00002-of-00048_000051,жоқ қақсы қақсы қақсы,sks,1.0,1.0,4
train-00002-of-00048_000052,мен қазір ағаш дұрыс оқимын ой мен қайда бардым,dnag tur megazagшtorsui oymi qadabata,1.0,0.9361702127659575,9
train-00002-of-00048_000053,нұршаға баратын достар,درشارتن دوستر,1.0,0.9545454545454546,3
train-00002-of-00048_000054,аяқта ашу сұраймыншы,neg tausroy minx,1.0,0.95,3
train-00002-of-00048_000055,оппа оппа,oppa oppa,1.0,0.8888888888888888,2
train-00002-of-00048_000056,отты,,1.0,1.0,1
train-00002-of-00048_000057,достар барлық зомбилар да шығуы мүмкін зомбилар шықса онда ол кісіге жаман болады себебі олар үйге қылады жеруі мүмкін а бізге өлсе бұл біздің бұжбаниеміз аяқталады,достар борақ зомбиларда шығуы мүмкін зомбилар шықса онда озіке жаман болады себебі олар ике құлат жеруі мүмкін а бізге өлсе бұл біздің жуаниеміз аяқталады,0.3076923076923077,0.11585365853658537,26
train-00002-of-00048_000058,отқасақ бір жерде бізде осы выживаниеміз аяқталып өте алмаймыз,отқасақ бір жерде бізде осы бжванеміз аяқталып өте алмағамыз,0.2222222222222222,0.0967741935483871,9
train-00002-of-00048_000059,дүкәс,dك,1.0,1.0,1
train-00002-of-00048_000060,бізге железі қатты важно ма,бізге жілезі хатты важны ма,0.6,0.1111111111111111,5
train-00002-of-00048_000061,иә иә иә ол қорғанышың керек әне бізде әндерді,е қорғаншын керек әне бізде анежерде,0.6666666666666666,0.3695652173913043,9
train-00002-of-00048_000062,келезарыма түзе отыр,sileзaरम т зत,1.0,0.8,3
train-00002-of-00048_000063,аха,嗯ه,1.0,1.0,1
train-00002-of-00048_000064,достар мен аяқта барлық ағаштар қойып шықпаймын қазір енді ол кезде эксперимент көрсетейін деп отыр мініп,дустар мен аякта байлык акшты кочушум казино кизи экстеримент курсинотур мынып,0.9375,0.44761904761904764,16
train-00002-of-00048_000065,кәсіпкерлерді күйіне күзетінсің келатыр,kaskiri tukina kusetin sangelatr,1.0,0.9487179487179487,4
train-00002-of-00048_000066,опа опа қап қара мұхит достар,pa pa kap karanoki tosot,1.0,0.8620689655172413,6
train-00002-of-00048_000067,кәсіл айттым,kasan eltr,1.0,0.9166666666666666,2
train-00002-of-00048_000068,кавказ 5,ukafkaskiratin,1.0,1.75,2
train-00002-of-00048_000069,оппа факті өкізші су су ішіп қалыпты ден алып жүреді,опп сакилакішнехты суу сушқап динакежет,1.0,0.6153846153846154,10
train-00002-of-00048_000070,трейтинг,啊就这的,1.0,1.0,1
train-00002-of-00048_000071,жаңағындай болғанын көрдіңіздер ғой иә,жаңнда булган көрүңүздер гойя,1.0,0.39473684210526316,5
train-00002-of-00048_000072,үлгі түні,,1.0,1.0,2
train-00002-of-00048_000073,давай оппа көтеріп бара жатырмын он жетпіс міне көтердің өзің жоқ көтерме қой сен,mنg,1.0,1.0,14
train-00002-of-00048_000074,аха көтеріп көтерді оба сізге кішкене жол жоқ бізге анау шетінен бару керек,көтері көтерді упа істіге кішкене жыл жоқ бізге аны шеттен бар,0.6923076923076923,0.29333333333333333,13
train-00002-of-00048_000075,қазір кішкене,θας ξκini,1.0,0.9230769230769231,2
train-00002-of-00048_000076,қалай ішіне міну керек ана ішіне міну керек қой иә,o šitña manugurik a anaa šitña manuguri koya,1.0,0.92,10
train-00002-of-00048_000077,мен ол жерді сынаймын,енаجелснr,1.0,0.7619047619047619,4
train-00002-of-00048_000078,айбала,айбылы,1.0,0.3333333333333333,1
train-00002-of-00048_000079,оғы,,1.0,1.0,1
train-00002-of-00048_000080,біздің өзі көрсетпейміз ғой,,1.0,1.0,4
train-00002-of-00048_000081,достар дина күйзет өліп қалды,достар динокезде өліп қалды,0.4,0.20689655172413793,5
train-00002-of-00048_000082,достар,دوستر,1.0,1.0,1
train-00002-of-00048_000083,одинокісіз өліп қалыпты,دينك الزول بقلط,1.0,0.9565217391304348,3
train-00002-of-00048_000084,өкінішке бар бірақ қазір қайтадан келеді,күнчүшке ба бирак кас катинтелет,1.0,0.5,6
train-00002-of-00048_000085,келесіде өлсең онда,кてкして uしもだ,1.0,0.8947368421052632,3
train-00002-of-00048_000086,достар біз выживаниемыз аяқталатын кезде ол екі біз өлгеннен кейін оны демократиялық өліп қалған жоқ бірақ,достар біз вжваниямыз аяқтылатын кезде ол екіміз өлген екен ғана динокзет өліпқаған жоқ бірақ,0.625,0.2358490566037736,16
train-00002-of-00048_000087,өліп қалды бірақ мен әлі өлген жоқпын,aul wald braq min ala uldiga,1.0,0.8648648648648649,7
train-00002-of-00048_000088,давай,到,1.0,1.0,1
train-00002-of-00048_000089,аның әндері сезіңіз,anetrsl,1.0,1.0,3
train-00002-of-00048_000090,сізді көріп тұр,soso कoरत,1.0,0.9333333333333333,3
train-00002-of-00048_000091,ой,أوي,1.0,1.5,1
train-00002-of-00048_000092,достар бұндай кезде тағы өліп қалды болды,достар биздан киши та болюп калып болду,0.8571428571428571,0.3902439024390244,7
train-00002-of-00048_000093,достар,بоسтار,1.0,0.6666666666666666,1
train-00002-of-00048_000094,енді біз мына аралық мінбейтін болдық себебі ол жақта өліп қалуымыз мүмкін мүмкін жинап өсіп көрсетсең,енді біз на аралық мәнбейтін болдық се ақта өліп қалуымыз мүмкін үмкін жен үзіп көрсетжены,0.5625,0.19607843137254902,16
train-00002-of-00048_000095,достар не ақтады жаман көп аралдар екен ғой үстіне қарамап жөнекей сөйтіп қарасаң ішіне,достар ниякта жаңан көп аралдыр экен гой үстүе каранатын дүйнүкизит карсы эсине,0.8571428571428571,0.40229885057471265,14
train-00002-of-00048_000096,мынаяқта көптеген аралдар үлкен андай фонариктер мынаяқта андай бір самолет сияқты бірдеме сөздер қарап түссеңіз,нияқты көктең аралдыр кен ане фонариктур нияқта андай самулет сияқты бірнесе ар қарая,0.8666666666666667,0.35714285714285715,15
train-00002-of-00048_000097,достар,دصر,1.0,1.0,1
train-00002-of-00048_000098,алда осы бөлімдерді күтесіздер,алда осы бөлімдерді күтесіздер,0.0,0.0,4
train-00002-of-00048_000099,келістер деген ойдағыдамын бірақ та келіс бөлмеде біз андай көптеген,тешлердегін ойда адам миақта керес бөлінеді біз мұндай көптеген,0.8,0.3235294117647059,10
train-00002-of-00048_000100,аралдар басып шығамыз әлі бар ма,аралдар баркышканызибаторкөрү,0.8333333333333334,0.5625,6
train-00002-of-00048_000101,біздің мақсатымыз мына аралға да бару болып тұр иә айтшы джунгли сияқты аралға,биздин максатымызы на аралга да баруу болуп тур яч жөңгүлү сыякты аралга,0.9230769230769231,0.34615384615384615,13
train-00002-of-00048_000102,достар,ضستر,1.0,1.0,1
train-00002-of-00048_000103,онда сіздермен қоштасып кетейік,анда сиздермен қоштасып кетик,0.75,0.16129032258064516,4
train-00002-of-00048_000104,диноксид өліп қалдың ба,دنكستلقلمغ,1.0,1.0,4
train-00002-of-00048_000105,терек,جر,1.0,1.0,1
train-00002-of-00048_000106,достар осымен біздің видеоролигіміз аяқталды келесі бөлімдерді күтіңіз лайк басып подписаться кнопкасын басып кетеміз онда сіздермен болған,достар осымен біздің видеоролигіміз аяқталды келесі бөлімдер күттіңіз лайк басы прописац экономикасын басып кетеміз онда сіздермен болған,0.29411764705882354,0.10071942446043165,17
train-00002-of-00048_000107,даквизитпен тиноквизит қош сау болыңыздар,дакизетпен жинакизет қош сал болыңыздар,0.6,0.17073170731707318,5
train-00002-of-00048_000108,аумен,امين,1.0,1.0,1
train-00002-of-00048_000109,мен не жазылды,,1.0,1.0,3
train-00002-of-00048_000110,қанның,他来,1.0,1.0,1
train-00002-of-00048_000111,ма,妈,1.0,1.0,1
train-00002-of-00048_000112,жоғы менде бір сәт,جمجبس,1.0,1.0,4
train-00002-of-00048_000113,маған жаққыға түрегі,جاطري,1.0,1.0,3
train-00002-of-00048_000114,а жайды сындыра бер сындыра деймін,جي سnرr snr dنr,1.0,0.9117647058823529,6
train-00002-of-00048_000115,қазағыңыздар ғой,azara n,1.0,0.9375,2
train-00002-of-00048_000116,адамын,,1.0,1.0,1
train-00002-of-00048_000117,кемең көтерілді,ل ت,1.0,0.9333333333333333,2
train-00002-of-00048_000118,мен бір,ni,1.0,1.0,2
train-00002-of-00048_000119,дайыншы ма,,1.0,1.0,2
train-00002-of-00048_000120,өйтіп па,我,1.0,1.0,2
train-00002-of-00048_000121,қайдағыныңыз,tres amigos,2.0,1.0,1
train-00002-of-00048_000122,кеме күзеттіңіз,كوكس,1.0,1.0,2
train-00002-of-00048_000123,а сен алың ғой,س了我,1.0,1.0,4
train-00002-of-00048_000124,мен көрдіңіз бе,мен корсім ба,0.6666666666666666,0.4,3
train-00002-of-00048_000125,көрсеткен жаңағын жаңағы,,1.0,1.0,3
train-00002-of-00048_000126,білмейді,嗯你那,1.0,1.0,1
train-00002-of-00048_000127,сәлеметсіз бе,,1.0,1.0,2
train-00002-of-00048_000128,жаңа сақтама,s,1.0,1.0,2
train-00002-of-00048_000129,қолыңыздар,bوlnzar,1.0,1.0,1
train-00002-of-00048_000130,мынау көрсетсін деп ойлаймын ғой,maka san dewar ina,1.0,0.90625,5
train-00002-of-00048_000131,бағының алыпын,,1.0,1.0,2
train-00002-of-00048_000132,меніңіздің бе,س,1.0,1.0,2
train-00002-of-00048_000133,та ты идти,的بي起,1.0,1.0,3
train-00002-of-00048_000134,өткен өткен өткен,通多,1.0,1.0,3
train-00002-of-00048_000135,түсінікті,,1.0,1.0,1
train-00002-of-00048_000136,жүкеме,,1.0,1.0,1
train-00002-of-00048_000137,түсінікті,,1.0,1.0,1
train-00002-of-00048_000138,саяңмен айналысатын,ينس,1.0,1.0,2
train-00002-of-00048_000139,жиырма бай,,1.0,1.0,2
train-00002-of-00048_000140,жақын жақсы,就,1.0,1.0,2
train-00002-of-00048_000141,аллағанға,ل,1.0,1.0,1
train-00002-of-00048_000142,класына әңгіптің ғой,كlسل,1.0,1.0,3
train-00002-of-00048_000143,әлгі дәрет,gr,1.0,1.0,2
train-00002-of-00048_000144,түүү,,1.0,1.0,1
train-00002-of-00048_000145,кәсі тәрі дайындай,جست عرضي,1.0,0.9444444444444444,3
train-00002-of-00048_000146,босын келген,,1.0,1.0,2
train-00002-of-00048_000147,плывай джүрдәләм и тағы главы центра ол джүр джүрділ болт если джүрділ болт если джүрділді,оба дртна т центра полсучн чси,0.9333333333333333,0.7777777777777778,15
train-00002-of-00048_000148,еееееей,,1.0,1.0,1
train-00002-of-00048_000149,а,来,1.0,1.0,1
train-00002-of-00048_000150,сәлеметсіздер,ho,1.0,1.0,1
train-00002-of-00048_000151,тоқазір тергеуі түсіндіреді,что кажды торговый центр,1.3333333333333333,0.7407407407407407,3
train-00002-of-00048_000152,так қазір сен өзіңе бір көйлек таңдап ал мен өзіме бір костюм ала алдым болды,така сен өзүне бир көлдек тандапалы мен өзүме бир катума он болот,0.8666666666666667,0.36363636363636365,15
train-00002-of-00048_000153,үнді,,1.0,1.0,1
train-00002-of-00048_000154,ревальц,推玩,1.0,1.0,1
train-00002-of-00048_000155,түсінікті өте әдемі,すか아 う제제m,1.0,0.9473684210526315,3
train-00002-of-00048_000156,нұрсұлу,,1.0,1.0,1
train-00002-of-00048_000157,мағыншама,来是,1.0,1.0,1
train-00002-of-00048_000158,пуф,不,1.0,1.0,1
train-00002-of-00048_000159,түсірткі,就动,1.0,1.0,1
train-00002-of-00048_000160,тәзім елдіңіздер,,1.0,1.0,2
train-00002-of-00048_000161,иә дайындай тұрақ,يә дайндай тұраق,1.0,0.17647058823529413,3
train-00002-of-00048_000162,ал енді,ал енді,0.0,0.0,2
train-00002-of-00048_000163,адамдай сен ғаламдай сүйіп ғарақтай сен боламын,дадайсен адаңдай сен аракты сен боы,0.8571428571428571,0.3829787234042553,7
train-00002-of-00048_000164,сөздерін мен айтпайын кім болсаңды сөйлесеңдер,そじるんじゃないというく本さんですがすりとい,1.0,1.0,6
train-00002-of-00048_000165,арады маған айналады ма соларды маған айналайын айналайын айналайын айналайын айналайын айналайын айналайын айналайын айналайын айналайынжетерден сенің беңеңіздердің беңіздердің беңіздердің беңіздердің бе,,1.0,1.0,22
train-00002-of-00048_000166,сөйтіп жүрдіңіздер,,1.0,1.0,2
train-00002-of-00048_000167,енді,大,1.0,1.0,1
train-00002-of-00048_000168,қарлығаш сен типан біз бірге бірге боламыз деп ойлап тұрсың ба,қарлығаш сен типпан біз бірге бірге боламыз деп ойлап тұрсың ба,0.09090909090909091,0.016129032258064516,11
train-00002-of-00048_000169,сөйтіп тұр,,1.0,1.0,2
train-00002-of-00048_000170,такси,,1.0,1.0,1
train-00002-of-00048_000171,жақсы жақсы керемет,,1.0,1.0,3
train-00002-of-00048_000172,аааааааа,,1.0,1.0,1
train-00002-of-00048_000173,құдай қалай қалай,是是,1.0,1.0,3
train-00002-of-00048_000174,әріңді сөлтіркәсіңді,رات مسفلطرك,1.0,0.95,2
train-00002-of-00048_000175,әлгі,唉,1.0,1.0,1
train-00002-of-00048_000176,сәлем сәлем достар домалақтасыздар сендермен бірге мен кек ауру қыз жиырма алты и бүгін біз менің сестренкаммен бірге история ойлап тапты мектептегі махаббат деген так менің сестренкамның аты амина амина привет деп қой привет,саялем салемдаздар дымалақбастар сенермен бірге мен кикорогус жиырма алты и бүгін біз менің систренкамен бірге история ойлап тапты мектептегі махаббат деген так менің систренкамның аты амин амина привет деп қой привет,0.3235294117647059,0.11555555555555555,34
train-00002-of-00048_000177,так бүгін біз бастайтын боламыз ол қазір история типа басталады и бізде екі ақ адамбыз сондықтан типа мамасынан папасынан мен типа сөйлете беремін если еще история басталды бір екі үш,так бүгін біз бастайтын боламыз қазір история типа басталады ибізде екі ақ адамбы сондықтан типа мамасынаң папасын мен типа сөйлете берем есілитче история басталды бір екі үш,0.3,0.07650273224043716,30
train-00002-of-00048_000178,так мен мектепке барайын,tak min nitit geвarin,1.0,0.875,4
train-00002-of-00048_000179,то есть бүгін а бүгін воскресень ертең барады екенбіз ол мектепке,тойс бүгін а бүгін баскасенң ертең барад екенміз ол мектепке,0.45454545454545453,0.16923076923076924,11
train-00002-of-00048_000180,так бүгін ертеңге дайындалайын қазір жай торговый центрге қыдырып қайтайын ой достар қазір бір минут,так бүгін васкетен ертеңге дайындалайын қазір жай торгови центрға қыдырып қайтайын ойы достары қазір бір минут,0.3333333333333333,0.15,15
train-00002-of-00048_000181,кешірім сұраймын мен сестренкам на карте шығып кетті вытела дегендей ғой так давайте ойбай так давайте бастаймыз ойынды,тар кешірімзарі мезестіромкамда кар шығып кеттіп вілитела дегендей ғо так давайте ойбай так давайте бастаймыз ғойынды,0.5555555555555556,0.23529411764705882,18
train-00002-of-00048_000182,жалғастырайық то есть бір екі үш так құрсын и мен барып торговый центрге барып қайтайын сосын а ой болды,жалғасыраяқтойс бір екі үш та кұрсын имен барып тарговый центрга барып қайтайымаой болду,0.7368421052631579,0.22115384615384615,19
train-00002-of-00048_000183,если маңызды маңызды,кесе машлымай қойдығо,1.0,0.75,3
train-00002-of-00048_000184,мен осындай өзімнің жеке бассейнім деген сияқты сияқты айтсам болады сондай бар енді,менің осындай өзімнің жеке бас сенім деген сиысияқты айтсам болады сондаы бар енді,0.46153846153846156,0.10714285714285714,13
train-00002-of-00048_000185,так давайте машина қоямыз қандай машина,так давайте машина қоямыз қандай машина,0.0,0.0,6
train-00002-of-00048_000186,давайте я типа такая крутая и пользуюсь и типа пользуюсь мотоциклом такая крутая типа,давайте я типо такая крутая и пользуюсь убелно немеу и типо пользуюсь мотоциклом такая крутая типо,0.35714285714285715,0.18823529411764706,14
train-00002-of-00048_000187,давайте ойбай матасы или мынаяқта пайда болыңыз,давайте оiвe маtази мяхtа пaiдавонис,0.8571428571428571,0.5106382978723404,7
train-00002-of-00048_000188,скорый скорый көбейтеміз и кеттік ойбай мен қайда баратырмын өзі торговый центрге,скорост скорость копитеніс и кеттік ойбай мен қайда баратын торговый центрға ке,0.5833333333333334,0.2962962962962963,12
train-00002-of-00048_000189,кастерске,kas,1.0,1.0,1
train-00002-of-00048_000190,достар мындайға қоя салайын,тостар мондайға ҡаятлайн,1.0,0.2962962962962963,4
train-00002-of-00048_000191,бұл кезден сұраймын қатып жатыр,بs سرم خاطف جaتر,1.0,0.9032258064516129,5
train-00002-of-00048_000192,так шыны оқуып тастайын,たhのく,1.0,1.0,4
train-00002-of-00048_000193,өткір түк тұрғайлы,kadt,1.0,1.0,3
train-00002-of-00048_000194,так ян,tak jam,1.0,1.0,2
train-00002-of-00048_000195,ойбай достар қазір тағы киноға кіріп кино көріп одан кейін үйге қайтайын чо деп кірмей отыр ғой киноға,ойбай доса кәзіп тақ киноға кіріп кино көріп оданенеге қайтайын жода кірнен тұрғо киноға,0.6111111111111112,0.23529411764705882,18
train-00002-of-00048_000196,осыны,不生,1.0,1.0,1
train-00002-of-00048_000197,тағы,,1.0,1.0,1
train-00002-of-00048_000198,тагьям,tak ja,2.0,1.0,1
train-00002-of-00048_000199,қайда отасам екен осы жерге отырайын,hydaotasamekosirotran,1.0,1.0,6
train-00002-of-00048_000200,типа бір сағат өтті де кино бітті өйткені брухэмде достар тез тез уақыт өтеді де,типа бир саат өттү де кинобетте иткен брукемда достар тие тиз убакыт өтетте,0.8,0.2625,15
train-00002-of-00048_000201,типа көрдім короче попкорны бұтқағандай так болды енді шығайын,типа көрдім коротчи поп корны бұтқағандай так болды енді шығайын,0.3333333333333333,0.04838709677419355,9
train-00002-of-00048_000202,торговый центр қызықсыз оданша балмұздақ жеп қайтайын,таргова центр қызықсыз оданша балымұздақ жеп қайтайын,0.2857142857142857,0.07547169811320754,7
train-00002-of-00048_000203,татпалы мұзақалар айында сосын үйге барып жең,татпалымұзағалайнда сұсынезе балар жен,1.0,0.3333333333333333,7
train-00002-of-00048_000204,ойбай авария болып кетті ғой типа достар құлап түсті,войвавария вопкетотипа досeклаp,1.0,0.5384615384615384,9
train-00002-of-00048_000205,достар бұл типа өтірік қой қызық емес деп жүрмеңдер бұл біздің идеямыз өзіміз білеміз қалай ойнайтынымыз,аай достар бол типа өтірі қой қызық емес деп жүрмеңдер бұл біздің идеямыз өзіміз білеміз қалай ойнайтынмыз,0.25,0.0673076923076923,16
train-00002-of-00048_000206,ай ұмыттым тағы,ай тынтақ дар жеттыма,1.0,0.9333333333333333,3
train-00002-of-00048_000207,бәрі жақсы ма ештеңе болып қалмады ма,бәрі жақсымай ешен боқ қамандымай,0.8571428571428571,0.32432432432432434,7
train-00002-of-00048_000208,жоқ бәрі жақсы рақмет сен кімсің өзі мен аналитикте оқитын отызымын,жоқ бәрі жақсы рахмет сен кімсің өзі мен наметите оқитын,0.2727272727272727,0.208955223880597,11
train-00002-of-00048_000209,атың кім,атыңгым,1.0,0.375,2
train-00002-of-00048_000210,ал қайрат,اقيرت,1.0,1.0,2
train-00002-of-00048_000211,типа қайрат нұртас па,tipa qayrat mirtasba,1.0,0.9047619047619048,4
train-00002-of-00048_000212,жарайды ай басым ауырып тұрғанын ай туым атады дегенім сынып қалды енді жүрмейді ау жүр мен сені апарып тастайын неге деймін,жарайт ай басыма ор тұрғанын ай туу мотоцикм сынып қалды енді жүрмейді ау жүрмен сен апарптысе неңедейн,0.6190476190476191,0.28225806451612906,21
train-00002-of-00048_000213,түрлі,جل,1.0,1.0,1
train-00002-of-00048_000214,достар дауысымыз естілмей алса дауысын көтеріп етіңіздер,достар даусымыз естілмей алса даусын көтеріп етіңіздер,0.2857142857142857,0.03571428571428571,7
train-00002-of-00048_000215,көбеңіздер,我杯,1.0,1.0,1
train-00002-of-00048_000216,қайсысыншы менікі ме ой ұмытып қалдым ғой менікі вроде бы а жиырмасыншы жиырмасыншы жиырмасыншы,қaysinчhi мeнiкima olimudqa мeнiкi vroде bu a жirmasinчhi жirmasinchi,1.0,0.8,14
train-00002-of-00048_000217,так жиырмасыншы үй жиырмасыншы,takimasinci ikimasnci,1.0,0.9666666666666667,4
train-00002-of-00048_000218,былай 1 лицо қуып қояйын достар біз барғанша кейін көресіздер,первый лице копкоин достар биз бар канча ким көресиздер,1.0,0.4098360655737705,10
train-00002-of-00048_000219,тоста кстати,достар кстати,0.5,0.16666666666666666,2
train-00002-of-00048_000220,сөйтіп жүрген жүрген,,1.0,1.0,3
train-00002-of-00048_000221,ойбай біз не болып кеттік қайрат,وي بايبزني وكات في القيرات,1.0,0.9375,6
train-00002-of-00048_000222,құдайым ай машинайды білесің бе өзі,құдай май машинайда білесің бі өзі,0.6666666666666666,0.11428571428571428,6
train-00002-of-00048_000223,я уже,ياوس,1.0,1.0,2
train-00002-of-00048_000224,иә осы а көрсіңіз бе не а иә сенің көрсетті бе жарайды рақмет,я osi a кo рsiңiз baнi а yя seнing s jaрaт рahмет,0.9230769230769231,0.6557377049180327,13
train-00002-of-00048_000225,тәуел,下龙,1.0,1.0,1
train-00002-of-00048_000226,таатты,ت,1.0,1.0,1
train-00002-of-00048_000227,ертең ойбай сағат он екі болып тоқ ұрсын ертең сабақ жатайын,ертеңіз ойбай сағат он екі опта құрсын ертеңі сабақ жатай,0.5454545454545454,0.2,11
train-00002-of-00048_000228,так,تاك,1.0,1.0,1
train-00002-of-00048_000229,ертеңнен не кисем екенін осыны кие салайын кстати бізде свободная форма болады,ертени неги семекен осыныгесалай кстати безде свободный форма болот,0.8333333333333334,0.2692307692307692,12
train-00002-of-00048_000230,так,ت,1.0,1.0,1
train-00002-of-00048_000231,ей мен шашты таңдадым ғой мен бетке кетіп қалдым ау,эми шашт таңдадңо ми бетке кетіп алы ма,0.8,0.35294117647058826,10
train-00002-of-00048_000232,так шаш шаш қандай шаштанбаса ма екен қандай шаштанбаса ма екен қандай шаштанбаса ма екен,так шаш шаш хане шаштаңнасамикен хане шаштанасамикен кане шаштаңнасамикен,0.8,0.3258426966292135,15
train-00002-of-00048_000233,жоқ мен теперь ертең кудряшка жасап барамын иә әдемі әдемі енді типа ұйықтаймын бізге көп минут ал сіздерге бір ақ секунд,жоқ мен тепедеттен көдіре арта жасап барам е әдем әдем аені сип айоқтайм бізге көк минут ал сіздерге бірақ секунд,0.6190476190476191,0.23140495867768596,21
train-00002-of-00048_000234,тұрайын достар мен үште тұрдым өйткені типа бесте тұрғандай боламын өйткені буфем де сағат тез өтеді қараңыз сағатқа бір секунд болмай уже уақыт өтіп жатыр типа сондай кезде тұрамын,тұрайын достар мен үште тұрдым өйткені типа бесте тұрғандай болам өйткені букелмда сағат тез өтеті қараңыз сағатқа бір секунд болмай ожы уақыт өтіп жатыр типа сондай кезде тұрам,0.20689655172413793,0.06077348066298342,29
train-00002-of-00048_000235,типа жуындым короче вау менің айналым қараңдар қандай мен киініп дайын отырмын сабаққа шыға берейін,перпееспектива жуундам карочу а мен айнам карандар кандай мен кийинип даын отумын сабакка чыга берейин,0.9333333333333333,0.35353535353535354,15
train-00002-of-00048_000236,или қазір старбоксқа кірейін де кофе алайын да дальше сабаққа бара берейін,еле кәзіл старбоксқа киында кофеялайында дәлшү сабаққа бара берейін,0.6666666666666666,0.24324324324324326,12
train-00002-of-00048_000237,кстати мен мотоциклім сынқап еді ғой туу даже қайраттың номері де жоқ кешігетін едім ғой жарайды такси жаққа салайын,кстати мен мотоцикум сынқап еді ғо туу тажы қайраттын нөмерда жоқ кешігетін едім ғой жәрай такси шақыра салайын,0.42105263157894735,0.13793103448275862,19
train-00002-of-00048_000238,типа не ішедім,تبنشد,1.0,1.0,3
train-00002-of-00048_000239,тип тип,ช บช บ,1.5,1.0,2
train-00002-of-00048_000240,аласалам,pرsam,1.0,1.0,1
train-00002-of-00048_000241,о привет,و pريريت,1.0,0.875,2
train-00002-of-00048_000242,жақсы,تقسم,1.0,1.0,1
train-00002-of-00048_000243,бұл жерге апарып түссем бе мектепке,biجer يaba senba mitirke,1.0,0.9142857142857143,6
train-00002-of-00048_000244,иә кстати сен мен сенің мектебіңе көшіп жатқан негізі ол күшті,ия кстати сен мен сенің мектебіңе көшіп жатқан негіз ол күшті,0.18181818181818182,0.03225806451612903,11
train-00002-of-00048_000245,жолы не бір кофе бір теңге алуға керек пе иә иә кстати мен старбакс ақыруым керек тезірек барамын сендерде сабақ қаншада басталады кстати,жолы не бір кофебідегеалп я я кстати емес сарбоксала күрум керек тезгерек бара сендерде сабақ қанша да басталады кстатисеіз,0.6956521739130435,0.29927007299270075,23
train-00002-of-00048_000246,ойбай тезірек барайық уақыт тез өтіп жатыр ғой алло мам привет,ойбай тезіек барақ уақыт түзөтіп жатыр ғой кзало мам привет,0.45454545454545453,0.12903225806451613,11
train-00002-of-00048_000247,а қызым не деуші еді не бүгін маған қонаққа келсеңізші а мам бүгін бізде мектеп бірінші сентябрь жаңадан басталып жатқан негізі новл мектебіне барамын,а қызым не деушеді не бүгін маған қонаққа елсеңші а ман бүгін бізде мектеп бірінші сентябр жаңадан басталып жатқан негізді новы мектебіңе барам,0.375,0.08,24
train-00002-of-00048_000248,а жарайды онда құзым келесі жолы келерсің иә келетін үйде өзім хабарласам ғой жақсы сапа сау болыңыздар,а жарайды онда құзым келуш жолы келерсің иә келетінеде өзім хабарласам ғой жақсы сапа сау болыңыздар,0.17647058823529413,0.05825242718446602,17
train-00002-of-00048_000249,бұл айналайын,我会难了一子,1.0,1.0,2
train-00002-of-00048_000250,сарбыз қай ақта екенін білесің бе өзі жоқ мектептің қасында ғой,тарбыс қаяқта кені білесіңбі өзі мектептің қасында ғой,0.6363636363636364,0.20634920634920634,11
train-00002-of-00048_000251,жәрек,حلاني,1.0,1.0,1
train-00002-of-00048_000252,иә анау түзу жүр мен саған жолды айтайын,ýa na tüзü жürmеsan жоlday de,1.0,0.775,8
train-00002-of-00048_000253,әй ояққа емес қой әй болып жүре бер сояқпен деп олар енді бұр енді түзу жүре бер,эй уояқа мес хой й боп жүре бер сояқ пенде болад енді бұр енді түзу жүре бер,0.5294117647058824,0.1625,17
train-00002-of-00048_000254,енді водитель сенен күшті емес екен енді а мен старбакс деп тұр ғой старбакс кофе деп лесницаның қасында библиотеканың қасында,енді вадителсенен күшті емес екен енді бұр әме старбокс деп тұра старбокс кофе деп леинцяның қасында библиобой библиотеканың қасында,0.5,0.21428571428571427,20
train-00002-of-00048_000255,очень тоқтайсыз болып түсе саласыз,os poteses posisa,1.0,0.9411764705882353,5
train-00002-of-00048_000256,міне жүр міне міне жаттап ал старбакс кофе деп тұр,мине жүрмн мине жаттаба старбакс кофия деп тур,0.8,0.22,10
train-00002-of-00048_000257,тағыт,た,1.0,1.0,1
train-00002-of-00048_000258,саламатсыздар ма не қолайсыздар,slمtdمnغlst,1.0,1.0,4
train-00002-of-00048_000259,сәлеметсіз бе маған бір кофе бере саласыз ба,سلمسبمبالكوفي بريسغصبا,1.0,0.9772727272727273,8
train-00002-of-00048_000260,олардың бірі маған үшін ғана бүйтіп бересің өзіңе көрсең оң жағынан шығады,a бірм ш пберs ож aa,1.0,0.7837837837837838,12
train-00002-of-00048_000261,менің өзімде ақша бар,мен өзімде ақша бар жөтлисм,0.5,0.47619047619047616,4
train-00002-of-00048_000262,кітап күйеуар ма кет,tak qu ar ma,1.0,0.85,4
train-00002-of-00048_000263,так сізге молочный коктейль так екі мың бес жүз теңге,так сизге малочный коктел так екі мың бес жүз теңге,0.3,0.07547169811320754,10
train-00002-of-00048_000264,оплата прошла успешно бес минут күтіңіздер,оплата прошла успешно без нитктнуззер,0.5,0.23809523809523808,6
train-00002-of-00048_000265,керек төледің бе иә иә,кере төледіңбі ә ә,1.0,0.22727272727272727,5
train-00002-of-00048_000266,типа менің достар типа шахризаттың ойы ту о сондай әдемі неге сондай красавчик,типа менің достар типа шахризаттың ойы пуо сондай әдемәнеге сондай кросавчик,0.38461538461538464,0.0641025641025641,13
train-00002-of-00048_000267,қайрат шахрисат кофесі дайын дайын болды біздікілер,қайрап шақмизат кофесі дайын ол дайын болды бізді күлдир,0.7142857142857143,0.21568627450980393,7
train-00002-of-00048_000268,рақмет,دخمت,1.0,1.0,1
train-00002-of-00048_000269,сен мал үшін кәптеліңді аласайың,ت مشكتلsي,1.0,0.96875,5
train-00002-of-00048_000270,толик,ي,1.0,1.0,1
train-00002-of-00048_000271,жүр сабаққа басталмай жиырма минут қалды жиырма секунд даже мектеп қасымызда ғой қазір қандай сабақ,жүр сабаққа бастална жиырма минут қалды жжиырма секунд тажы мектеп қасымызда ғой қазір қандай сабақ,0.2,0.050505050505050504,15
train-00002-of-00048_000272,қазір тілімізде қазақ тілі,казіп ізде қазақ тілі,0.5,0.2692307692307692,4
train-00002-of-00048_000273,казақ тілі,خزاختل,1.0,1.0,2
train-00002-of-00048_000274,аааааааа,嗯,1.0,1.0,1
train-00002-of-00048_000275,жарайды одан кейін мен тез он он минут қалып ой он секунд типа он минут бірақ он секунд достар қалып қараңдар,жарайт онаң ерма сезон он минут қалық о он секунд типпа он минут бірақ он секунд достар қалықаранда,0.5238095238095238,0.1834862385321101,21
train-00002-of-00048_000276,жаңағы жаңағы жаңағы жаңағы,,1.0,1.0,4
train-00002-of-00048_000277,так балалар сабақты бастайық ой қайрат а кстати балалар бізде норинге келді атыңды таныстыра кет менің атым шахризар жасым он бесте,так балалар сабақты бастайы ой қайрат а кстати балалар бізде новинки келді атыңды таныстыра кет менің атымшахризар жасым он бесте,0.19047619047619047,0.03816793893129771,21
train-00002-of-00048_000278,так любой орынға отыра бері ғой мен қайраттың қасында отырамын,та үлібой орынға отыра бере ғой мен қайратпыңға сына тырамын,0.6,0.16129032258064516,10
train-00002-of-00048_000279,так бізде біздің сабақ біткеннен кейін қосамын достар сендерге сендерге бір секунд ал бізге бір минут,так бізде біздің сабақ біткеннениқосам достар ссендерге бір секунд ал бізге бір минут,0.3125,0.16831683168316833,16
train-00002-of-00048_000280,бұны енді көңіл көңіл,بلم好,1.0,1.0,4
train-00002-of-00048_000281,біздің,,1.0,1.0,1
train-00002-of-00048_000282,типа бұл қайраттың ойы,сипа бұл қайраттың ойы,0.25,0.045454545454545456,4
train-00002-of-00048_000283,о перемена болды,о перемена болды,0.0,0.0,3
train-00002-of-00048_000284,так балалар тоқтаңдар тоқтаңдар бері келіп бері қайда барасың так балалар үй жұмысын ғылым таппай мақтанбаны жаттап келесіңдер ұқтыңдар ма,так балалар тоқтаңдар тоқтаңдар бергел бер қайрап қайра арақсың так балалар и жұмысы ғылым таппай мақтанбаны жаттап келесіңдер ұқтыңдар ма,0.35,0.13043478260869565,20
train-00002-of-00048_000285,ол не болды сол жаңағы менің чатқа білемін оны көмектесейін бе жоқ керегі жоқ,не болсыңжа мен жатқа білемі оны көмектесең бадем керей жеқ,0.8571428571428571,0.36363636363636365,14
train-00002-of-00048_000286,қазақсыздар ма,ستسم,1.0,1.0,2
train-00002-of-00048_000287,жарайды,جرك,1.0,1.0,1
train-00002-of-00048_000288,жүз талапқаға барасыңдар давай,jüs talakabarasma dabay,1.0,0.9333333333333333,4
train-00002-of-00048_000289,хендер угощаю,حمجر قشاي,1.0,0.9230769230769231,2
train-00002-of-00048_000290,ой от души мен жаңағы неңді де ішпедім ғой кофені де менде ғой,aдшыме дaна нмдле шпе оковендм,1.0,0.6451612903225806,13
train-00002-of-00048_000291,соны ішіп отырайық да бірдеңе жарайды,сон чевотрек,1.0,0.7837837837837838,6
train-00002-of-00048_000292,жоқ керек емес тойып тұр мыйтақты кофенің өзі тамақ қой бізге қазір қандай сабақ,жоқ керегіміз тойыпты митактык кофенің өзі тамақ қол бізге жаз қандай сабақ,0.5,0.2,14
train-00002-of-00048_000293,вроде расписание одан музыка,вроде расписания дан музыка,0.5,0.07142857142857142,4
train-00002-of-00048_000294,иә иә,,1.0,1.0,2
train-00002-of-00048_000295,музыкаға барады да көреміз сосын кешіксек айтамыз араспица дайын шата саладық деп,музыкала барасыла көреміз сосын кеешкесек айтамыз арасписадаыншаата саладық деп,0.5833333333333334,0.14814814814814814,12
train-00002-of-00048_000296,иә төртті,det dör mi,1.5,1.0,2
train-00002-of-00048_000297,менің мысль типа шахризаттың мысли то у нее сондай красавчик то мен не ойлап жатырмын,менің мысл типа шахыризаттың мысли по нее сондай красовит жекпомене ойлап жатырмы,0.6,0.18823529411764706,15
train-00002-of-00048_000298,жарайды жүр дейсіз барайық саламатсыңдар ма балалар музыка сабағына қош келдіңдер қайрат шахризат отырыңдар так шахризат сен білді новенькая сияқтысың иә иә мен новенькаямын так сен немен айналысасың мен гитара тартқанын ұнатамын,жарай жүртесз барақсаламатсыңдар ма балалар музыка сабағына қош келдіңдер қайрат шаһризат отырыңдар так шаһризат сенбізден новинькая сияқтысың я я мен новинькаямын так сен немен айналысасың мен гитара тартқанан атам,0.46875,0.11353711790393013,32
train-00002-of-00048_000299,жақсы сен гитараңды тарта бер қайрат сен өзіңнің жаңағы мынау немере еді мынаның атын ұмытып қалдым ғой мынандаймен айналысайың,жақсыз сенкей тараңды тарта бер қайрат сен өзіңнің жаңағы мынау немелейт мынаның әті ұмытып қалдым ғой нандайыңмен айналысамен,0.42105263157894735,0.15748031496062992,19
train-00002-of-00048_000300,иә рок гитара ал мен қазір соловыйға барып келейін филдругпен,ә рок гитары ал мен казір саловыға баркелин филдрукпен,0.7,0.19672131147540983,10
train-00002-of-00048_000301,жарайды мен гитара жақсы көремін,жарайды мен гитары жақсы көрем,0.4,0.09375,5
train-00002-of-00048_000302,құдай қалай,,1.0,1.0,2
train-00002-of-00048_000303,енді ойнайын хуф бисмілләх,يند وnاiنهوف بسم الله,1.0,0.9230769230769231,4
train-00002-of-00048_000304,қайраттым ғой енді мәні күшті ойнайтын шал гитарада күшті ғой,pirtmnкشtلt شرgtrt كشt,1.0,0.9508196721311475,10
train-00002-of-00048_000305,как война пастайнинг,каквойна пастайнент,1.0,0.15,3
train-00002-of-00048_000306,оооо что ойнайды екен,ksd oýn eýdiken,1.0,0.9047619047619048,4
train-00002-of-00048_000307,той не еткенсің,ستوdqس,1.0,1.0,3
train-00002-of-00048_000308,келмейсін деген сияқты,kmsbs,1.0,1.0,3
train-00002-of-00048_000309,оларды тыңдамай өте жақсы ойнайсың,олар тыңдабаделде жақсы ойнасың,0.8,0.23529411764705882,5
train-00002-of-00048_000310,махмет,محمت,1.0,1.0,1
train-00002-of-00048_000311,так әр типымнан қалар кеттім,так типымнан қалыр кеттім,0.4,0.14285714285714285,5
train-00002-of-00048_000312,болында да какой то қыздар тұр екен десе скрип,u naqтa qakoyтa қызdaр тur eкan esiskren,1.0,0.7391304347826086,9
train-00002-of-00048_000313,ойбай достар қарамаңдар достар қарамаңдар,ойбай достар қарамаңда достар қарамаңдар,0.2,0.024390243902439025,5
train-00002-of-00048_000314,так типам,tกท ปm,1.0,0.8888888888888888,2
train-00002-of-00048_000315,кон жуыватыр,خم جو مت,1.5,0.9166666666666666,2
train-00002-of-00048_000316,эй қыз,اي قضق,1.0,0.8333333333333334,2
train-00002-of-00048_000317,сен не менің қайратыма жабысасың а,сенне менің қайратыма жапсасыңа,0.6666666666666666,0.11764705882352941,6
train-00002-of-00048_000318,мне,ن,1.0,1.0,1
train-00002-of-00048_000319,сен немені қайратыма жабысасың деп тұр мен оның жігіті ой мен оның қызымын,сенне мені қайратыма жапсасын деп тұр мен оның жігіті ой мен оның қызымын,0.23076923076923078,0.06756756756756757,13
train-00002-of-00048_000320,жолдан тұршы мен сабаққа кешігіп жатырмын ей бері кел сен типа қолымнан ұстап достар,жолдантыршы мен сабаққа кешііп жатырым ей берге сен қазы типа қомынан стады дұсыр,0.7142857142857143,0.25,14
train-00002-of-00048_000321,пергел,برگيل,1.0,1.0,1
train-00002-of-00048_000322,моймай как,我边k,1.0,1.0,2
train-00002-of-00048_000323,сен қайратқа жолайтын болсаң менен жақсылықты жұма ұқтың ба,сен қайратқа жолайтын болсаң менен жақсылық күтішума ұқтың ба,0.2222222222222222,0.11864406779661017,9
train-00002-of-00048_000324,шашың бір,шاшم بر,1.0,0.6666666666666666,2
train-00002-of-00048_000325,ай,姨,1.0,1.0,1
train-00002-of-00048_000326,типа достар бетіне шапалақ берді бетін кішкене қанап кетті,типа достар бетіне шапалық берді бетін кішене қанап кет,0.3333333333333333,0.06896551724137931,9
train-00002-of-00048_000327,и тауыппаймын,itevten,1.0,1.0,2
train-00002-of-00048_000328,уф құдай сақтасын,у құдай сақтасым,0.6666666666666666,0.11764705882352941,3
train-00002-of-00048_000329,уф болды параң тисіз,uf bolte parentistis,1.0,0.9,4
train-00002-of-00048_000330,кәкім,,1.0,1.0,1
train-00002-of-00048_000331,келдім,كيلடم,1.0,1.0,1
train-00002-of-00048_000332,шахридзад,شخرزات,1.0,1.0,1
train-00002-of-00048_000333,ауқым,好و,1.0,1.0,1
train-00002-of-00048_000334,моктябрьші,كتيربش,1.0,1.0,1
train-00002-of-00048_000335,неге бетім қызарып тұр,неге бетін қызарып тұр,0.25,0.045454545454545456,4
train-00002-of-00048_000336,чештіңізге қолын түсіп жүрген,这c,1.0,1.0,4
train-00002-of-00048_000337,бірақ ол бірердің қолын әппен жағынан ұстап тұр,a biraq ol brevdin qoli arpijadim masta sabtұr,1.0,0.9361702127659575,8
train-00002-of-00048_000338,жоқ ондай ештеңе емес,жо жо жок андай иштеңеңбиз,1.25,0.6190476190476191,4
train-00002-of-00048_000339,түсінбайды,шыныңдайды,1.0,0.6,1
train-00002-of-00048_000340,черек,جر,1.0,1.0,1
train-00002-of-00048_000341,сен ешкімге айтып қоймашы иә,сен ишімге әйтып қоймаш иә,0.6,0.14285714285714285,5
train-00002-of-00048_000342,короче маған таулетте жаңа какой то қыздар келіп алды да үш қыз маған ортасындағы қыз айтты мен қайраттың қызымын қайратқа жолаушы болма қайратқа жолап қайратқа жабыссаң қайратқа бірдеңе қылықтасаң менен жақсылық күтпе деді де мені етер жер рақима одан кейін бетімнен шапалақ беріп кетіп қалды,корочи маған толетте жаңа кокойта қыздар келіп алдыта үш құз маған ортасындағы қыз айтты мен қайраттың қызымын қайратқа жолаушы болма қайратқа жолап қайратқа жабысаң қайратқа бірдеңеп қылықтасаң менен жақсылық күтпе де да мені итер же раклина оданен бетімнен жапалақ беріп кетіп қалды,0.37777777777777777,0.08191126279863481,45
train-00002-of-00048_000343,ал қарлығашқы оған обращайтесь вниманием тупо влюбленное о типі,аа ул карылыгашкой ол гана обращайт избе вниманиен тупо влюбленный эотипы,1.2222222222222223,0.38095238095238093,9
train-00002-of-00048_000344,бұрында жүргенсіңдер ме,бурунда жүргенсиңдер ма,1.0,0.17391304347826086,3
train-00002-of-00048_000345,өзі кінәлі екен ғой,өзі гіна лекен ғо,0.75,0.3157894736842105,4
train-00002-of-00048_000346,қай қай қай,会ه,1.0,1.0,3
train-00002-of-00048_000347,топ балалар тез бәріңді директорге шақырып жатыр жарайды,топ болала тез бәріңді директорге шақырып жатыржарайт,0.375,0.08928571428571429,8
train-00002-of-00048_000348,черетт,جرet,1.0,1.0,1
train-00002-of-00048_000349,директордың кабинеті мынау ма а міне кабинет директоры типа бәрі оқушы тұр,директорның кабинетін нама а мне кабинет директора типа бәлі оқуштұр,0.75,0.14864864864864866,12
train-00002-of-00048_000350,ой отырайын орын бар екен ғой,ой отырайын орын бар екен ғой,0.0,0.0,6
train-00002-of-00048_000351,қарлығаш қарлығаш е шахриза тұр менің орнымнан бұл менің королевский орыным,арлғашқарылғаш э шахризат турменің орнынан бұл менің королевский орным,0.7272727272727273,0.14666666666666667,11
train-00002-of-00048_000352,а,啊,1.0,1.0,1
train-00002-of-00048_000353,жарай отыра бер керегет орны,жәрайт мотрабер керегеторыны,1.0,0.25,5
train-00002-of-00048_000354,ооо не деп сөйлеттім мен жыныма алып жатырмын неге ол ашуланған жоқ жоқ деп неге даң шығарған жоқ ашуланба қарлығаш ашуланба бәрібір қайратты тартып алатын шығар қарлығаш иә аузыңды жап ше айым,ф не деп сүліктің мен жыным алып жатыр неге ол ашуланған оқ жоқ деп неге даң шығарған жоқ ашуланба қарлығаш ашуланба бәрі бір қайратты тартып алатын шығар қарлығаш аузыңды жап ше айым,0.25,0.08808290155440414,32
train-00002-of-00048_000355,ой кетсе,okiسa,1.0,1.0,2
train-00002-of-00048_000356,директор так болар сәлеметсіздер ме сендерді ертең бізде конкурс болады сол конкурсқа бәрілерің қатысуларың керексіңдер сол билеуге де болады ән айтуға да болады бәрін істеуге болады қалағандарыңды істеңдер бәрін істесеңдер болады бірақ қазір сендерді совхозға үйлене қайта жібереміз өйткені сендер ертең болады дайындалып келіңдер ертең қарлығаш аға ертең,директор так болар сәлеметсіңдер ме сендерді ертең бізде конкурс болады сол конкурсқа бәрілерін қатысуларың керексіңдер билеуге де болады ән айтуға да болады бәрін істеуге болады қалаандарыңды істеңдер бәрін істесеңдер болады бірақ қазір сендерді савадоа үйлеріңе қай жібереміз өйткені сендер ертең болады дайндалып кендер ертең қарылғаш аға ртеңге шін үйрене алмаймын ғой,0.3125,0.1404494382022472,48
train-00002-of-00048_000357,там,嗯,1.0,1.0,1
train-00002-of-00048_000358,директор үйренесіңдер неге үйрене алмайды екенсіңдер сосын пара парамен шығу керек или өздеріңде жалғыз шыға берсеңдер болады бірақ көбісі парамен шығамыз дейді кім кіммен шығады сосын маған айтып кетіңдер жақсы үйлеріңе қайта беріңдер,директор үйренесіңдер неге үйрене алмайды екесіңдер сосын пара пара мен шуғу керек ел өздерінде жалғы шыға берсеңдер болады бірақ көбісі парамен шығамыз дейді кім кіммен шығады сосын маған айтып кетіңдер жақсы үйлеріңе қайта беріңдер,0.21212121212121213,0.029787234042553193,33
train-00002-of-00048_000359,жарайды,جرايد,1.0,1.0,1
train-00002-of-00048_000360,жәлі табалыс,جaritobons,1.0,1.0,2
train-00002-of-00048_000361,типа давайте типа мына қарлығаш бола тұрайын зрительлар если что типа қарлығаш,типа давайте типана қарылығаш болатырын зрительлер еслеуче типа қарлығашпын,0.75,0.20512820512820512,12
train-00002-of-00048_000362,қайрат тоқташ,қайрат тоқташ,0.0,0.0,2
train-00002-of-00048_000363,себебебі өзіңіздер,心也不的,1.0,1.0,2
train-00002-of-00048_000364,қайрат ертең екеуіміз бірге бір сұхбат етейік алдындағы алдынды алдын ой алдынғы екі жыл бұрындағы бейімізбен бірге ән айтып одан кейін сенімені көтеріп,қайрат ертең екеуіміз бірге босыпат етейк алдындағы алдыңы алдың ой алдыңғы екі жыл бұрындағы биіміз бен бірге анайтып одан кейін сен мені көтеріп,0.5217391304347826,0.1118421052631579,23
train-00002-of-00048_000365,жоқ,就,1.0,1.0,1
train-00002-of-00048_000366,жоқ,жоq,1.0,0.3333333333333333,1
train-00002-of-00048_000367,бірақ қайда кеттің,рاт ҡайدа киттең,1.0,0.4444444444444444,3
train-00002-of-00048_000368,церет,جرك,1.0,1.0,1
train-00002-of-00048_000369,сөйтіп жүрдіңіздердіңіздерді,,1.0,1.0,2
train-00002-of-00048_000370,заттарыңды алайыншы,маттарын далаынж,1.0,0.42105263157894735,2
train-00002-of-00048_000371,ойбай,我一杯,1.0,1.0,1
train-00002-of-00048_000372,қаттарында алып жатыр,tبaوlت,1.0,1.0,3
train-00002-of-00048_000373,туэй,土,1.0,1.0,1
train-00002-of-00048_000374,бетімді тағы ұрып алдым ғой бір жарайды,петін та құрып алын ғо бір жарет,0.8571428571428571,0.358974358974359,7
train-00002-of-00048_000375,қарлығаш әй шахризат қолымнан жұлды ай қуасың ба,қарлығаш эй шахризат қолынан жұлды ай қуасың ба,0.25,0.041666666666666664,8
train-00002-of-00048_000376,сене ме ертең қайратпен өз тұлпат етуші болма сені қайратпен көрсем жаныңды шығарар типа менің бетіме де үстіме де су шаршып жіберді,сеніне ме ертең қайраппен выступат етуші бона сені қайраппен көрсем жаныңды шығара типа менің бетіме де үстімеде су шашы жібеді,0.5,0.12121212121212122,22
train-00002-of-00048_000377,кәсіпте тұрыңдар,q خستي tندر,1.5,0.9375,2
train-00002-of-00048_000378,ойбай,ويب,1.0,1.0,1
train-00002-of-00048_000379,ай,أي,1.0,1.0,1
train-00002-of-00048_000380,адамын,,1.0,1.0,1
train-00002-of-00048_000381,турайын тұрайын келе жатыр,tu turain turain kelayozyatir,1.0,1.0769230769230769,4
train-00002-of-00048_000382,шіртіп жатырмын салфеткамен,شرتجاتصافيةكمين,1.0,1.0,3
train-00002-of-00048_000383,не болды неге сіздің бәрі сусу жой су емес жай кофе төгіп алды,не болды негестін бәрі су су жои суу емес жай кофетөгіп алды,0.6153846153846154,0.14516129032258066,13
train-00002-of-00048_000384,кофе емес кофе болса ол футболканың бәрі қап қара болып кетті,кофе емес кофе болса ол футболканың бәрі қатп қара ол тмед,0.2727272727272727,0.14754098360655737,11
train-00002-of-00048_000385,хонар,қоңыр,1.0,0.6,1
train-00002-of-00048_000386,жоқ көрсету қылып алдым болды,жок көпе тогубар мүмкүн болду,1.0,0.6206896551724138,5
train-00002-of-00048_000387,айтпа,妈,1.0,1.0,1
train-00002-of-00048_000388,өтірік сатпашы,өтірік сұқпасшы,0.5,0.21428571428571427,2
train-00002-of-00048_000389,жүрмей саған жүрші мен мен мен саған өзімнің футболкамды беремін,csme nisaa wgu fotbolkamdbire tkdrsas,1.0,0.9375,10
train-00002-of-00048_000390,үйіңе ме иә,一你妈,1.0,1.0,3
train-00002-of-00048_000391,может,может,0.0,0.0,1
train-00002-of-00048_000392,чоов,住,1.0,1.0,1
train-00002-of-00048_000393,керек,جر,1.0,1.0,1
train-00002-of-00048_000394,тахарлар,خرلار,1.0,1.0,1
train-00002-of-00048_000395,айм ха карлаш тебе не повезло,айым ха карлгаш тибени павезло,0.8333333333333334,0.20689655172413793,6
train-00002-of-00048_000396,сұшайым төбелес басталды қыздарда,сыш айым төбелес басталды қыздарда,0.5,0.06060606060606061,4
train-00002-of-00048_000397,күкіл,,1.0,1.0,1
train-00002-of-00048_000398,өте түк табиғи жағатыр,отитуктапрежажат,1.0,0.5909090909090909,4
train-00002-of-00048_000399,жарайдың сөзі соныңыздыңыздыңыздыңыздыңыздыңыздыңыздыңыздыңыздыңызда,черетуsсонч лабаgертес,1.0,0.9411764705882353,3
train-00002-of-00048_000400,көп,,1.0,1.0,1
train-00002-of-00048_000401,өте үн үн үй ба,嗯听天没一包,1.0,1.0,5
train-00002-of-00048_000402,төңкеліп түстік қой қайрат,токеліп стыққо қайрат,0.75,0.3076923076923077,4
train-00002-of-00048_000403,менің өзіме жоғарыңызға мәнсіздік қой,没自所以就个人都买会,1.0,1.0,5
train-00002-of-00048_000404,мен кофем дәл ішіп бітпедім ғой ужас,мен копем дәл шіпіппедім о ужас,0.5714285714285714,0.19444444444444445,7
train-00002-of-00048_000405,солар,,1.0,1.0,1
train-00002-of-00048_000406,сен іштің бе молочный коттейліңді,sen iştimbe maloşine kattıelimdi,1.0,0.9090909090909091,5
train-00002-of-00048_000407,терезедегі уақытта жібердім типа ой шығып кетті,терезде лақтыр жерін типі ойл шықып кетті,0.8571428571428571,0.2978723404255319,7
train-00002-of-00048_000408,сенің үйің,其令医应,1.0,1.0,2
train-00002-of-00048_000409,ойбай қайда барасың қайрат сіз үшін үлкен болып кетті,ба қайда баратсын қайрат скора сілшінң үлкен болып кетті,0.4444444444444444,0.24528301886792453,9
train-00002-of-00048_000410,жарайды үлкен себеп,شري سنسر,1.0,0.9473684210526315,3
train-00002-of-00048_000411,есік ашып жерші,jěsekaž pěć,1.0,0.9333333333333333,3
train-00002-of-00048_000412,касиет,كس,1.0,1.0,1
train-00002-of-00048_000413,ойбай,回杯,1.0,1.0,1
train-00002-of-00048_000414,ең өзінің бір комплекті өкілсін,sp completcs,1.0,0.967741935483871,5
train-00002-of-00048_000415,еще дала су ұмытып қалып кеттім ғой,еше дала суымұзқұлап кеттім ғой,0.5714285714285714,0.2857142857142857,7
train-00002-of-00048_000416,яғни жүрдік,jamt,1.0,1.0,2
train-00002-of-00048_000417,сізге ұнамай ақ қойсаймыз,مقفس,1.0,1.0,4
train-00002-of-00048_000418,құп,,1.0,1.0,1
train-00002-of-00048_000419,есташы есташы,нисташ исташ,1.0,0.38461538461538464,2
train-00002-of-00048_000420,мы пода ашып баратыр,مaبدaش بraت,1.0,0.95,4
train-00002-of-00048_000421,муткар,vtكr,1.0,1.0,1
train-00002-of-00048_000422,әбінеңіз маған,بني سم,1.0,0.9285714285714286,2
train-00002-of-00048_000423,выбай кім,ويبكم,1.0,1.0,2
train-00002-of-00048_000424,намалыс,妈妈我,1.0,1.0,1
train-00002-of-00048_000425,мә,来,1.0,1.0,1
train-00002-of-00048_000426,жарайды ой балам привет типа қайраттың бетінде деп сүйіп жатыр,ерй ой бала привет типа қайратың беде н всү жатыр,0.6,0.27419354838709675,10
train-00002-of-00048_000427,әй,,1.0,1.0,1
train-00002-of-00048_000428,сәлеметсіз бе,,1.0,1.0,2
train-00002-of-00048_000429,ой сәлем берсекші енді мұғын,كل وسلم برتشندمقن,1.0,0.9285714285714286,5
train-00002-of-00048_000430,иә мәселе асаңызға болмай біріншіден маған айттым да жөн көрдің келіп тұрғым келеді,msmbrc,1.0,1.0,13
train-00002-of-00048_000431,жарайды,جرت,1.0,1.0,1
train-00002-of-00048_000432,жарайды екеуің комнатаға кіріңдер иә иә,جaredik comt crndria,1.0,0.9487179487179487,6
train-00002-of-00048_000433,комда кіріп бірдеңе бала шаға деп ай мен шайға ұнатайын,комдакіріп бірдеңе балашаға де й мен чай ғана тайым,0.9,0.18181818181818182,10
train-00002-of-00048_000434,найықты любой затты ала бер жарайды сені шығатырмын киіп алайын,ныехта любай затта алэбер дяретин чығатырмы кивалай,1.0,0.4126984126984127,10
train-00002-of-00048_000435,түүү,,1.0,1.0,1
train-00002-of-00048_000436,бала ол,pala,1.0,1.0,2
train-00002-of-00048_000437,не деуші еді қандай керемет келін анау,не де уседі қандый керемет келен анал,0.7142857142857143,0.18421052631578946,7
train-00002-of-00048_000438,туф,多,1.0,1.0,1
train-00002-of-00048_000439,ойын мағына ол менің пресса сыныптасым,hይ mama omin hessntasam,1.0,0.9210526315789473,6
train-00002-of-00048_000440,ой иә иә сені өлең қарлығашты да тура солай қылып келді ғой ол қарлығаш уже менікі емес ал басқа біреудікі,ой я я сені білем қарылғашты да торызылай алып келді о қарылғаш ушін меңке емес ап басқа біреотып,0.7,0.330188679245283,20
train-00002-of-00048_000441,тфу олай айтпашы балам жоқ қазір ойбай,pул паш балам чо йbй,0.8571428571428571,0.5526315789473685,7
train-00002-of-00048_000442,оқпайсың бар,ر,1.0,1.0,2
train-00002-of-00048_000443,кешір это бірдеңеге сұрайын деп едім ертең менімен бірге,кеш ті преденге сранде тын ерте меннембірге,1.0,0.4107142857142857,9
train-00002-of-00048_000444,иә білмейсің бе,بليسb,1.0,1.0,3
train-00002-of-00048_000445,негізінше мен параллельдегі баламен билеймін дегенмін жарайды мен билеймін,негізіше мен паралильдары баламен билем дегенмін жәрайтсемен білем,0.6666666666666666,0.22972972972972974,9
train-00002-of-00048_000446,тогда бүгін дайындалайық қазір,теgdе бүgіn deйnlkaz,1.0,0.7666666666666667,4
train-00002-of-00048_000447,қазір киініп алайын да сен жұқсайшы а кстати сым бар ма иә конечно бар бірақ нелерге менің дәрісі жоқ,каз кеіновалайда сен шықсайшы а кстати сым бар ма я конешна наяқты бар бірақ наяқты бірақ медер емеңдар жоқ,0.631578947368421,0.42574257425742573,19
train-00002-of-00048_000448,жарайды кей саламын бәрім,جري ذ كيصوم,1.0,0.92,4
train-00002-of-00048_000449,менің жағызға тіреу,المشمصوطو,1.0,1.0,3
train-00002-of-00048_000450,не болды ма ой балам қандай әдемі келін қашан үйленесің сөйтіп ме мен бала шаға хочу,не болды ма ой балам қандай дем келін қашан үй сездіргі ма мен балашаға хачу,0.4375,0.20238095238095238,16
train-00002-of-00048_000451,мама маңыз үй өз өз өзгерді,他们马新问属节对,1.0,1.0,6
train-00002-of-00048_000452,мама гүл ша жері жері,mm gs jeni jedi,1.0,0.8571428571428571,5
train-00002-of-00048_000453,жүгір дайындалма енді сендер болған шығар ана қызық,жүгір дайындалыңдар енді сендер болған шығар нағызы,0.375,0.1568627450980392,8
train-00002-of-00048_000454,болдыр,болдым,1.0,0.16666666666666666,1
train-00002-of-00048_000455,жүрген аяқты қайталайық киімің он түші емес дейсің иә қазір анау не жеді қандай билер бар қазір көріп жеймін,жезнаяқта кыйдалаық киши муунчүнсигндейсиңе қазаңа анау нешеді қандай билер бар каз көру жерин,0.7894736842105263,0.39814814814814814,19
train-00002-of-00048_000456,так міне анандай сапфир деген өлең бар екен,китміне нандай сопфир деген өлең бар екен,0.5,0.13953488372093023,8
train-00002-of-00048_000457,қайсысы билеп көрейінші сен маған қара и бағала,кайс билип көринч теманан карай ибагала,1.0,0.3829787234042553,8
train-00002-of-00048_000458,ой я ломник,我要l你,1.0,1.0,3
train-00002-of-00048_000459,мысль шахризаттың ойы,мысіл шахризаттың ойы,0.3333333333333333,0.09523809523809523,3
train-00002-of-00048_000460,өйткені ол мен ұялам қайратты қалай майыспеймін оның көзінше,ом ұалап қаратын қалы майыспеймін аның көзінше,0.7777777777777778,0.3333333333333333,9
train-00002-of-00048_000461,ой ол не дейм мен оған давай мен өзін выступать ете берейін жоқ ай давай бірге,ой ала неде мен оған давай мен өзүн мыступат ете берең жога давай бірге,0.5,0.1794871794871795,16
train-00002-of-00048_000462,жарайды онда бастайын,certonda basti,1.0,0.9523809523809523,3
train-00002-of-00048_000463,жақыр еркің ойын бұл мен әдемі естіліп жатқан шығармын бөлмайсың бұның әмірім аяқтан ба көріңді жемейтін әңгімелеватыр сұлуу жәріп жүрек,жaк mенa днс зaкончa amba бливats,1.0,0.8970588235294118,20
train-00002-of-00048_000464,қоштасаңыздар,,1.0,1.0,1
train-00002-of-00048_000465,эболда,é بولد,2.0,1.0,1
train-00002-of-00048_000466,белодрама,dila drama,2.0,1.1111111111111112,1
train-00002-of-00048_000467,онда мен соның мелодрамасында бір өлеңін ой би ойлап табайын а сен соның өлеңін айтуды,онда мен сон мелодрамасына бір өлең ой би ойлап табайың а сен соның өлеңін айтылымда,0.3333333333333333,0.12790697674418605,15
train-00002-of-00048_000468,әәәәәәәәәәәәәәәәәәәәәәәәәә,wa texs mlvi,3.0,1.0,1
train-00002-of-00048_000469,сен текстін білмесең неменеге айтып жатсың білмеймін бір қайырмансың ғана білемін,пуэн чекстің бенесі немнеге айтып жатсың білемін бір қайырмасың ғана білемін,0.5454545454545454,0.1728395061728395,11
train-00002-of-00048_000470,бұл жатталғыш бүгін кешейін,por ya estabas pogingesi,1.0,0.9629629629629629,4
train-00002-of-00048_000471,давай жаңағы биді айландамай ғана,davaca lndamanşinonda cattami bi ulap tavaveri,1.2,1.303030303030303,5
train-00002-of-00048_000472,так типо био,تببيو,1.0,1.0,3
train-00002-of-00048_000473,типа екі сағат өтті,типа екі сағат өттім,0.25,0.05263157894736842,4
train-00002-of-00048_000474,и мен би ойлап таптым би билеп көрсетейін давай,и мено bилоi лaptaptam biл biвepкostiньв,0.8888888888888888,0.7446808510638298,9
train-00002-of-00048_000475,ай жүрегім сенің атыңды осындай сосын тағы бір биыл армандай,жебегім меріін сенбеатыңды осындай сосын тағы бір бигарнанды,0.6,0.3333333333333333,10
train-00002-of-00048_000476,вот екеуін билет берейік,ك ي بل ب,1.0,0.875,4
train-00002-of-00048_000477,давай,دوي,1.0,1.0,1
train-00002-of-00048_000478,сен ән айтасың,现なたす,1.0,1.0,3
train-00002-of-00048_000479,менің балаларым және келінім екеуің бір төсекте жата беріңдер иә мен осы өрнемде жатамын жүгір қайрат бөлмені көрсет бол тез,балара мениң балаларым жане келинем экеөң бырды жекти жата ериңдер я мен озун бөлнемде жатам жүгүр кайрат бөлмени көрсет болтес,0.85,0.2903225806451613,20
train-00002-of-00048_000480,туэп,对,1.0,1.0,1
train-00002-of-00048_000481,так он жарайды,tak nceret,1.0,0.9285714285714286,3
train-00002-of-00048_000482,өте меңдем көңілсіздер иә кәкірсіз қайтадан соғамыз,σimindio comss κaκrkitads,1.0,0.9607843137254902,7
train-00002-of-00048_000483,неге деген сияқты,mene yọai,1.0,0.9411764705882353,3
train-00002-of-00048_000484,ал неге лучше мен жерге жатайын да жоқ сен қонақсың так балам мен саған белгілі белгілі бер балам,неге учун мен жере жатайын да так балам мен саган биргелб бир гелбер балам,0.5555555555555556,0.36082474226804123,18
train-00002-of-00048_000485,типа менің баста типа мамасы ей боже ана қызбен бірге жататын болып жатпасаң бар ғой мен сені үйден қуып жіберемін ұқтыңдар,типа мен дастар типа мамасы епоа нағыз беңдіуле жататын бол жатпасаң бар ғо мен сен үйден қоып жерем ұқтың да,0.6666666666666666,0.23577235772357724,21
train-00002-of-00048_000486,жарайды,srd,1.0,1.0,1
train-00002-of-00048_000487,қайрат свет өшіріп жатшы,хайрат сіветт өшіріп жатшы,0.5,0.125,4
train-00002-of-00048_000488,нөл,面,1.0,1.0,1
train-00002-of-00048_000489,сөйтіп тұр,,1.0,1.0,2
train-00002-of-00048_000490,құдай әл кәте бер,ج,1.0,1.0,4
train-00002-of-00048_000491,стобы игра достар сосед берші,نصطoبرا dtر fsتبش,1.0,0.9310344827586207,5
train-00002-of-00048_000492,иә азамат қайда жатып барасың әне қай жағдай табыңыз ғой тиіп барады,قзна хججат прс عني خجатавлو тип,1.0,0.75,12
train-00002-of-00048_000493,бұл жердің біріңе,jminbani,1.0,1.0,3
train-00002-of-00048_000494,сосед по комнате,сасе покомнате,1.0,0.1875,3
train-00002-of-00048_000495,добавь семена,добайв семема,1.0,0.23076923076923078,2
train-00002-of-00048_000496,жолығай соседі по комнате мы все кеттік,جоғ ссетпаколсшкет,1.0,0.6666666666666666,7
train-00002-of-00048_000497,типа короче достар сендерге бір секунд бізге бір минут,насататасында деді ғотипа короч достар сенлерге бір секунд бізге бір минут,0.5555555555555556,0.42592592592592593,9
train-00002-of-00048_000498,достар қазір кішкене уақытта жүреді карантин біз киіңдер деватыр ғой,дослар каз кчене уақтыжет караче біскеиндірдеватырхай,1.0,0.4264705882352941,10
train-00002-of-00048_000499,так,,1.0,1.0,1
train-00002-of-00048_000500,қайрат тұр жүр мектепке барамыз,қайраты дұр немі жүр мектепке барамыз әле сүнгі үш ғо,1.4,0.7419354838709677,5
train-00002-of-00048_000501,хой бәрбі,i bاب,1.0,0.8888888888888888,2
train-00002-of-00048_000502,давай келіп машаға отыр,بغيكيل ماشل وتب,1.0,0.9130434782608695,4
train-00002-of-00048_000503,дүнием жоқпы кетті,mнч不gt,1.0,0.9444444444444444,3
train-00002-of-00048_000504,біз сразу мектепке барамыз,مم راز مكتبكبرام,1.0,0.9230769230769231,4
train-00002-of-00048_000505,қан жолдан басталатынын айтпайды ғой менікі апайға звондап сұрап көрейін,kaнjodа бастатнтpeломикa aпaзванaпсракuрi,1.0,0.6527777777777778,10
train-00002-of-00048_000506,әне тұрғыз әлгі өлтендір барсайшы әппақ,أني ترغطعلى لقوسنتر برسش عبق,1.0,0.8974358974358975,6
train-00002-of-00048_000507,анай ақ қой деймін оқи алмай қайда ай білмей мынау,анаякуи охмd не мно,1.0,0.78,10
train-00002-of-00048_000508,алло саламатсыз апай саламатсыздар ма келе жаттыңдар ма жоқ апай қаншада басталады ол ма ол он нөл нөлде басталады утра да болады болады,ало саламатсы апай саламатсыңдар ма келе жатқындар ма не жоқ апай қанша да басталады ол ма ол он нөл нөл де басталад отырады,0.5652173913043478,0.19852941176470587,23
train-00002-of-00048_000509,сен басқа отделға бар мен басқа мен модельныйға барамын,сен басқа делға бар мен басқа мен модельниға барам,0.3333333333333333,0.10909090909090909,9
train-00002-of-00048_000510,кат,ات,1.0,1.0,1
train-00002-of-00048_000511,қандайды иә қара тұста ғой точно,かんだいтからっつたいだした,1.0,0.96875,6
train-00002-of-00048_000512,ну жарайдан да өзің сұрадың кірме только сосын көресің,нужарайдонда өзің сырадың кірметок сосын көресің,0.6666666666666666,0.14814814814814814,9
train-00002-of-00048_000513,нәженең,现在这,1.0,1.0,1
train-00002-of-00048_000514,чревер,чireeber,1.0,1.1666666666666667,1
train-00002-of-00048_000515,достарлары типа қара киімін ауыстырды,достаргылары типа қара кинін ауыстырды,0.4,0.10810810810810811,5
train-00002-of-00048_000516,айтпа,七怪,1.0,1.0,1
train-00002-of-00048_000517,түсінікті,,1.0,1.0,1
train-00002-of-00048_000518,адельная келіп көресің,adenakel ქoresim,1.0,0.9545454545454546,3
train-00002-of-00048_000519,мен ойладым бір бірінші отызда ма иә,моледн брж ренчетыждамая,1.0,0.5833333333333334,7
train-00002-of-00048_000520,лұл,,1.0,1.0,1
train-00002-of-00048_000521,сіздің лайық отырсайық,نوطسي,1.0,1.0,3
train-00002-of-00048_000522,алай давай,د位,1.0,1.0,2
train-00002-of-00048_000523,болдым қайрат,жидболдум кайраташ,1.0,0.5384615384615384,2
train-00002-of-00048_000524,рақмет тау саламатсыз ба атыңыз кім төлесеңіз жақсы а қазір,рахмет ток саламатсзпа қатыңызкем төйлесеңіз ұжақса а қазір,0.8,0.2033898305084746,10
train-00002-of-00048_000525,сөйтіп отыр,,1.0,1.0,2
train-00002-of-00048_000526,таза ақшасын төлеймін жоқ қымбат қой так осы екеуімізге қанша болады,таз ақшасын тәлим дай тіні салңыз жоқ қыммат қой тәл осы екеніміз еқінша болады,0.8181818181818182,0.35294117647058826,11
train-00002-of-00048_000527,ма,ma,1.0,1.0,1
train-00002-of-00048_000528,аяғы бөйлектің өзі қанша 150 мың бас ондай,aya fөlеktiŋ za kanчa еlumunba sundaй amdka еlum,1.0,1.0238095238095237,8
train-00002-of-00048_000529,біздіңіздіңіздің бе,,1.0,1.0,2
train-00002-of-00048_000530,оплата прошло успешно жақсы өздеріңіз де тоссын,тип аплата прошла успешна жахсы узерныде тоссы,1.0,0.3404255319148936,7
train-00002-of-00048_000531,ой қайрат рақмет сізге мен саған қайтарамын уәде беремін жоқ керегі жоқ керегі,ой қайрат рахмет се мен салан қайсарам әде берем жөк келе жоқ ері,0.6923076923076923,0.24358974358974358,13
train-00002-of-00048_000532,маған айтшы жігіт,mss,1.0,1.0,3
train-00002-of-00048_000533,тривит,,1.0,1.0,1
train-00002-of-00048_000534,карт ма,خارضم,1.0,1.0,2
train-00002-of-00048_000535,біз қайталауымыз керек тезірек барып сосын жеке жақын келіңіз,біз қайта лауымыз керек тезерек бара сосын кеке жақын жерміз,0.6666666666666666,0.14754098360655737,9
train-00002-of-00048_000536,столовкадан аласың өмірде сипап көлемді көтеріп әдемілеп отырдым тезірек мектепке барайық дайындалуымыз керек жоқ,саловкадынаас ле сиба көлем көтеріп әдем эле боттым тезерек мектепке барак жайындаламыз керек жок,0.8571428571428571,0.2743362831858407,14
train-00002-of-00048_000537,мен қайрат мен сені выступать ете алмаймын неге,қайрат месене усыпат ете алмайды е,0.75,0.3617021276595745,8
train-00002-of-00048_000538,кеше менің киімім су болған кезде,кеше меним кимим су болган кезде,0.5,0.15151515151515152,6
train-00002-of-00048_000539,абыл чтение,btしてn,1.0,1.0,2
train-00002-of-00048_000540,айттыңызсыз еш,أتففش,1.0,1.0,2
train-00002-of-00048_000541,оны маған қаралған шашты ертең қайратпен ұсынба десең саған жаман болады деді боб,ону маган карылгаш шашты ертен карап мен усупа десең саган жаман болот кеп бол,0.8461538461538461,0.2962962962962963,13
train-00002-of-00048_000542,мен сол үшін сенімен выступать ете алмаймын ой оған совет ете салшы ештеңе болмайды саған,мен сол жідене ұсыпат етте алмаймын ой оған зәбетете саша ештен болмайты саған,0.6,0.25842696629213485,15
train-00002-of-00048_000543,ойбай көйлегім не қылды тибоевский қыстырылған қазір жыртылады ғой,қайбай көлегім мелды тибаеске қыстал қал каз жыртылады ғой,0.7777777777777778,0.30303030303030304,9
train-00002-of-00048_000544,үткен,,1.0,1.0,1
train-00002-of-00048_000545,кеттік,كеتك,1.0,0.8333333333333334,1
train-00002-of-00048_000546,көтеріп жүрсің дейсің иә,我觉得是思呀你,1.0,1.0,4
train-00002-of-00048_000547,мен тиратты өзіңе қаралып шығып жатырмын,tratzkalstpl,1.0,1.0,6
train-00002-of-00048_000548,хой деп па еді,غايش بد,1.0,0.9285714285714286,4
train-00002-of-00048_000549,көтере қой емес енді түспен кәдімгі кәдімгі кәдімгі толетке барып келейін сосын аха,көтере колмес ен типе кзм казминь толиткиварклинцосын аха,0.8461538461538461,0.4819277108433735,13
train-00002-of-00048_000550,сенде кірпіш қылайықшы туристке барғым келеді,نكرتشخيش مر,1.0,0.9777777777777777,6
train-00002-of-00048_000551,кітап,ت,1.0,1.0,1
train-00002-of-00048_000552,туілбеймін кешігіп баратырмын,tuyynikesprtrmn,1.0,1.0,3
train-00002-of-00048_000553,сенің отырың отырып,我تروتر,1.0,1.0,3
train-00002-of-00048_000554,тағы жүрді жетер мен аяққа барайық жүр артымнан,تäزb eترمeنخaبara jyرarقnنa,1.0,0.9574468085106383,8
train-00002-of-00048_000555,кәсіпкерлер,快,1.0,1.0,1
train-00002-of-00048_000556,апайдан сұрап көрші қайсыншы болып шығамыз деп мынаяқта жазылып тұр ғой міне тағы шахризат қайра шахризат әли,апның сұрап көрсі қайсыынша болып шыққамыз деп мақты жазылып тұрған мне так аизат шахризат али,0.7058823529411765,0.27522935779816515,17
train-00002-of-00048_000557,а мен басқа біреу жазып қойған ғой қарлығаш қайрат деп тұр,а мен басқа бірен жасып қойған ғо қарылғаш қайрап деп тұр,0.45454545454545453,0.10344827586206896,11
train-00002-of-00048_000558,ой выступать ете берейікші біздікі 11 20 да номер 20 да шығамыз дайын отыр,ой буступадетей берекші біздікі он бір жиырма да өмір жиырмада шығамыз дайын отыр,0.6428571428571429,0.3918918918918919,14
train-00002-of-00048_000559,офф булл,ف,1.0,1.0,2
train-00002-of-00048_000560,хадимлене вотык,هذي ملين وتي,1.5,0.9333333333333333,2
train-00002-of-00048_000561,көлсе,过,1.0,1.0,1
train-00002-of-00048_000562,так әдеміленіп отырмын,так әдемі лені болып тұрмын,1.3333333333333333,0.36363636363636365,3
train-00002-of-00048_000563,бітті ал енді орталарыңызға шахризат пен қайраттың мелодрама өлеңіне бие мен әнін қарсы алып салыңыздар,бітті ал енді орталарыңызға шаһризат пен қайраттың мелодрамма өлеңіне биемен әнін қаршалып салыңыздар,0.4,0.05825242718446602,15
train-00002-of-00048_000564,басынан айтайыншы достар кеше жұмсаймын сіздерден өткен,basnadi tenstostarkižmsmsedelltem,1.0,0.9818181818181818,7
train-00002-of-00048_000565,так мынандайды қосып қояйын деймін ғой же,тк なндт коскндもоде,1.0,0.7073170731707317,7
train-00002-of-00048_000566,так,تك,1.0,1.0,1
train-00002-of-00048_000567,мелодрама өлеңіне және бейне шақырамыз ооо так ал енді может салып тұр екенсің ғой так ал енді,мелодрамма өлеңне және бийине шакырамыз у так ал н а музык слаптарэкесың так ал энде,0.7058823529411765,0.30851063829787234,17
train-00002-of-00048_000568,өте керемет би өте керемет би қошеметтеп қойыңыздар типа көрермендер,өте керемет пи өте керемет пи қожеметтеп қойыңыздар бтиба көрермендер,0.4,0.07352941176470588,10
train-00002-of-00048_000569,өте керемет би енді сіздерге үлкен рақмет енді келесіде,өзе кереметпей енді сеге үлкен рахмет енді келесізде,0.6666666666666666,0.18181818181818182,9
train-00002-of-00048_000570,уф күшті айттың сен бар ғой мен шаршап кеттім ба дейін деп,күшті айттың сен бар ғой ма шашап кеттін бегендеп,0.5833333333333334,0.22413793103448276,12
train-00002-of-00048_000571,соны айтамын ау шаршағандай мынағы типа терімді сүртіп жатырмын,соан айтаң жаршағандай н типотенімді сүртіп жатырн,0.8888888888888888,0.30158730158730157,9
train-00002-of-00048_000572,ой маған жаңағы біреу гүлберген кстати өте әдемі екен али ғой,оймаган жаңа бирек гүл берген кстати өти адимикен а алиго,0.9090909090909091,0.29508196721311475,11
train-00002-of-00048_000573,әлгіге иә,algd ya,1.0,0.8888888888888888,2
train-00002-of-00048_000574,так ал енді орын белгілейтін боламыз типа бәрі бейім бітті бәрің ортаға шығыңдар,так ал енді орын белгілейтін боламыз сиба бәрі миін бітті бәрің ортаға шығыңдар,0.15384615384615385,0.075,13
train-00002-of-00048_000575,ал енді бізде үшінші орынды алған айым мен али,ал енди бизде үчүнчү орундалган тр айыммен али,0.7777777777777778,0.30434782608695654,9
train-00002-of-00048_000576,сіздерге ішім жоқ мінеки,sizlerga ushinch or mileki,1.0,1.0,4
train-00002-of-00048_000577,ал бірінші орынды алған,ал бірінші орындалған,0.5,0.08695652173913043,4
train-00002-of-00048_000578,ал бас жүлдені алған шахризат пен қайрат,ал бас жүлден алған жақризат пен қайрат,0.2857142857142857,0.075,7
train-00002-of-00048_000579,құдай әлгі,,1.0,1.0,2
train-00002-of-00048_000580,ой күшті күшті типа алия дейді,我去把阿里给站火,1.0,1.0,6
train-00002-of-00048_000581,мына ой уау қандай керемет от болды мынау деген мына аяқ ысымай тұрған кезде бәрін аяқтайық саламатта болыңыздар,ойуау қандай керемет от болды мынау деген мынай ақ ыстымай тұрған кезде бәрін аяқтайық қош саламаттап алыңыздар,0.5,0.14285714285714285,18
train-00002-of-00048_000582,кешірім сұраймын,كشن فرمن,1.0,0.9375,2
train-00002-of-00048_000583,так шақырып жат қайрат бергендерші,так шахризат қайрап бергеңдерш,0.8,0.2647058823529412,5
train-00002-of-00048_000584,таңғы,ص,1.0,1.0,1
train-00002-of-00048_000585,мен сендерден кешірім сұрағым келіп тұр осы үшін сен қайрат екеуің біліп тұрмын енді бақытты болғандарыңды қалай мені кешіріңдер мен өзіме басқа махаббат тауып алдым ештеңе кетпейді мен кешіремін құшақтастық,мен сендерден кешірім сұрағым келіп тұр осы үшін сенің қайрат екеуің біліп тұрмы енді бақытты болғандарын қалай мені кешіріңдер мен өзіме басқа махаббат тауып алдым ештең кетпейді мен кешірем құшақтастық,0.16666666666666666,0.043478260869565216,30
train-00002-of-00048_000586,өй қайыра өй өй мәй күн,kr wይ mg,1.0,0.9130434782608695,6
train-00002-of-00048_000587,иә әрине екеуің бірге болсаңдар өте керемет болатын шығар иә шақыр риза,иә әрине екеуін бірге болсыңдар өте келімет болатын шығар яқ шақыризат,0.5,0.1267605633802817,12
train-00002-of-00048_000588,мен кетуім керек ей барсайын шақыр ризаттың артынан,мен кетуім керек ебарсай шақыр жзатын артынанаа,0.5,0.19607843137254902,8
train-00002-of-00048_000589,не ты из реки тинч,tetزrекitinч,1.0,0.8333333333333334,5
train-00002-of-00048_000590,мені үйіме апарып саласың ба или жоқ такси шақырасың,мен еме апарып саласың ба эли жоқ такси чақырасылам,0.4444444444444444,0.17307692307692307,9
train-00002-of-00048_000591,жоқ отыр,жоқ отыр,0.0,0.0,2
train-00002-of-00048_000592,жарайды мен артында отыра салайыншы тоқтап тұр,дерейт мен артына отраслаинч сталтап түрін,0.8571428571428571,0.41304347826086957,7
train-00002-of-00048_000593,жоқ алдына отыр,жоғ алдына отыр,0.3333333333333333,0.06666666666666667,3
train-00002-of-00048_000594,шақыр ризат бұл сен қазір ана барлық гүліңнің бәрін құртасың,шахризат бұл сен кәзі ана барылық көленің бәрін құртасың,0.5,0.2,10
train-00002-of-00048_000595,керектің,krt,1.0,1.0,1
train-00002-of-00048_000596,уф қайрат қайда саған қазір такси келеді қызым тездескенше оден бір замуж сияқты киің кеш жарайды ма жаным сол қызыммен тыңдаушы енді жарайды,қайрат қайда асаған казі такси келет қызым тетес кенш әдем бір замуш сыяқты кеінгеш жарайма жаным су қызым мен тыңдау шүнді жарайды,0.782608695652174,0.2127659574468085,23
train-00002-of-00048_000597,казір,كازر,1.0,1.0,1
train-00002-of-00048_000598,жарайды кейін,جر كنi,1.0,0.9230769230769231,2
train-00002-of-00048_000599,чипа достар киініп алдым ойбай үстім не болып кетті,типодостар кийныл қалдым ойбай сүстімне у кетті,0.7777777777777778,0.27450980392156865,9
train-00002-of-00048_000600,тездескені ғой қызым өтінемін,тездескина ғош қызым өтінемін,0.5,0.10344827586206896,4
train-00002-of-00048_000601,жарайды жарайды көз,cerit cerit kes,1.0,0.8947368421052632,3
train-00002-of-00048_000602,тәк түпті,ታቀትቱ,1.0,1.0,2
train-00002-of-00048_000603,қазір мен болдым киіндім не болды өте әдемі болып тұрсың жаным менің құлым түрә ғой мен сені апарып салайын иә,қазір мен болдым кеіндім не болды өте әдем болп тұрсың жоным менің құзу жүра ғой ме сені апарып салайн я,0.45,0.11818181818181818,20
train-00002-of-00048_000604,түрә қойым,راغم,1.0,1.0,2
train-00002-of-00048_000605,мен саған такси шақырып қояйын жарайды ма,misaltaksi cakerpkonjare man,1.0,0.9512195121951219,7
train-00002-of-00048_000606,әмжерек,أمجريك,1.0,1.0,1
train-00002-of-00048_000607,таа,,1.0,1.0,1
train-00002-of-00048_000608,алло балам,علو بلم,1.0,0.9,2
train-00002-of-00048_000609,алло балам,алобала,1.0,0.3,2
train-00002-of-00048_000610,келе жатыр дайын тұр,кележата дайнто,1.0,0.35,4
train-00002-of-00048_000611,үлкен,,1.0,1.0,1
train-00002-of-00048_000612,кәсіпкерлердің кәсіпкерлерінің кәсіпкерлерінің кәсіпкерлері,,1.0,1.0,4
train-00002-of-00048_000613,иә,,1.0,1.0,1
train-00002-of-00048_000614,көзіңізді жұмасыз ба,过rمس的,1.0,1.0,3
train-00002-of-00048_000615,жақсы типа шақырайық көзін жұмып тұр достар,жақсы тибак шақриераз көзін жұмып тұр достар,0.2857142857142857,0.18604651162790697,7
train-00002-of-00048_000616,ойбай мынау немене бәле тайғанақ қой,жөніңзінеқа ой байнау неңне біле тайғанаққой,1.0,0.5277777777777778,6
train-00002-of-00048_000617,көзіңіз аз,كزمزفس,1.0,1.0,2
train-00002-of-00048_000618,қайрат,خرك,1.0,1.0,1
train-00002-of-00048_000619,парадия,حرت,1.0,1.0,1
train-00002-of-00048_000620,ювент,يوود,1.0,1.0,1
train-00002-of-00048_000621,ал сен маған тұрмысқа шығасың ба демесең мен бала шаға және де көп баланы қалайсың,ауемаа тұрмысқа шығасма меселмен балашаға жәйітте көп бала қалайтын,0.8666666666666667,0.2926829268292683,15
train-00002-of-00048_000622,мүсін жақсы керек,فنتحصينة,1.0,1.0,3
train-00002-of-00048_000623,бір азайып тұрсың ба,라서 했었으말,1.0,0.95,4
train-00002-of-00048_000624,ер,ي,1.0,1.0,1
train-00002-of-00048_000625,мүмкін келсе,كس,1.0,1.0,2
train-00002-of-00048_000626,мынау маған ба,ына маған ба,0.3333333333333333,0.14285714285714285,3
train-00002-of-00048_000627,кең,人,1.0,1.0,1
train-00002-of-00048_000628,рақмет,فخميد,1.0,1.0,1
train-00002-of-00048_000629,мына жақта өте әдемі украст етіп қойыпсың маған ұнады,нақты өте әдем украситеті қойыпсын мағанынады,0.8888888888888888,0.24528301886792453,9
train-00002-of-00048_000630,спасибо құшақтастық достар,типа құшақтастық достар,0.3333333333333333,0.23076923076923078,3
train-00002-of-00048_000631,тоқшақтас қазір тоқтаңдар достар тоқтаңдар сіздерсіздер,شبشts كas تختd dتd,1.0,0.9454545454545454,6
train-00002-of-00048_000632,казір бір минут,اسبر من نطص,1.0,0.8666666666666667,3
train-00002-of-00048_000633,кипакель обезьян алшы қолыңа,кipakеs abiзianaл je crois уna,1.25,0.9285714285714286,4
train-00002-of-00048_000634,тәңіреге,d,1.0,1.0,1
train-00002-of-00048_000635,бердім саған,يردسع,1.0,1.0,2
train-00002-of-00048_000636,өңіріңіздердіңіздердіңіздердіңіздердіңіздердіңіздердіңіздерді,الي أحمد,2.0,1.0,1
train-00002-of-00048_000637,маған жақындап тұр,маған жақындаптұр,0.6666666666666666,0.05555555555555555,3
train-00002-of-00048_000638,мен қылышты әкелді,قو,1.0,1.0,3
train-00002-of-00048_000639,ползаткас дос таркас жоэ,поз кaз dоstаr каз جлe,1.25,0.625,4
train-00002-of-00048_000640,достай достай оказывается,دستاستاكتت,1.0,1.0,3
train-00002-of-00048_000641,карате тиіп ақшақтасып тұрмыз,كرج تيا خشلاقتلس ترمز,1.0,0.896551724137931,4
train-00002-of-00048_000642,соны енді түсінікті сіздер ғой иә,sنيلسطستري,1.0,1.0,6
train-00002-of-00048_000643,ал осымен достар біздің сериалымыз бітті қайрат қасыма тырысайшы,алысымен достармен біздің сериалымыз бітті қайрат қасыма тұрсыйш,0.4444444444444444,0.140625,9
train-00002-of-00048_000644,алпыстал да обезьяны не мынау осы мен біздің сериалымыз бітті біздің сериалымыз көргендеріңізге үлкен үлкен рақмет комедия болды қызық болды бірақ адам жетпей қалды енді есі жоқ адам болып ойнағыларыңыз келсе маған тіркелеп комментарияға неттарыңызды жазыңыздар мен сіздерді жақсы көремін менің сіңірім қайратты өте күшті ойнап шықты иә соны иә,алпсталда обизияна немн ау осымен біздің сериалымыз бітті біздің сериалымыз көргендеріңізге үлкен үлкен рахмет комедия болды қызық болды бірақ адам жетпей қалды енді есілше адам боп ойнағыларыңызг есе маған тіркелеп комментарияға еттарыңызды жазыңыздар мен сіздерді жақсы көрем менің сігілім қайратты өтекішіз ойнап шықты с,0.42,0.10755813953488372,50
train-00002-of-00048_000645,иии,ي,1.0,1.0,1
train-00002-of-00048_000646,бәріңізге сәлем достар сіздермен бірге мен аружан және де мына видеоны сіздер көп күттіңіздер деп ойлаймын ол үш ай жазда адам танымастай өзгеру туралы болмақ мен ойлаймын кез келген мектеп бітірген оқушы болсын студент болсын,бәріңе сілем достар сіндермен бірге мен аружани жәнеде мына видеоны істер көпкүттіңіздер деп ойлаймын ол үш ай жазда адам танымастай өзгеру туралы болмақ мен ойлаймын кез келген мектеп бітірген оқушы болсын студент болсын,0.2571428571428571,0.048672566371681415,35
train-00002-of-00048_000647,тіпті одан үлкен оқып бітірген адам болсын осы үш ай жазды максималды продуктивті өткіземін деп мақсаттар қойып бір өмірге деген мотивациясы ашылып,тіпті одан үлкен оқып бітірген адам болсын осы үш ай жуазды максималды продуктивті өткіземін деп мақсаттар қойып бір өмірге деген мотивациясы ашылып,0.045454545454545456,0.006802721088435374,22
train-00002-of-00048_000648,бір,بر,1.0,1.0,1
train-00002-of-00048_000649,өзгергісі келіп тұрады ана оқу жылы келген кезде немесе жалпы осы үш ай жазды пайдаланып аудушы жұмыс жасағысы келеді оқу жылына адам танымастай барғысы келеді жаңа оқу жылына ше сол себепті де ол адамдардың қатарында мен де болдым осыдан бірнеше жыл бұрын мен де сондай бір сыныптағы өзімді ең ұсқынсыз сезінетінмін өте аз табатынмын няня болып клиник болып әртүрлі ааз ақ қана беретін айына 20000 теңге біреуі,өмізге иргісі келіп тұрат ана оқужылы келген кезде немсе жалпыосы үш ай жазды пайдаланып адушы жұмысшысағысы келеді оқу жылына адам танымастай барысы келеді жаңа оқу жылына ше сол себепті де ол адамдардың қатарында мен де болдым осыдан бірнеше жыл бұрын менде сондай бір сыныптаы өзімді ең ұсқынсыз сезінетінмін өте ас табатымын яня болып клиник болып әртүрлі ауыр жұмыстар жасады өте азақана беретінайна жирма мың теңге біреуі,0.3880597014925373,0.12895377128953772,67
train-00002-of-00048_000650,30 мың теңге ғана табатынмын,отыз мың теңге ғана табатынмын,0.2,0.14285714285714285,5
train-00002-of-00048_000651,ол ақша мүлде маған жетпейтін киімге болсын өзімнің арманындағы өмірге сол себепті,ол ақша мөлдемаған жетпейтін киімге болсын өзімнің арманындағы өмірге сол себепті,0.16666666666666666,0.024390243902439025,12
train-00002-of-00048_000652,үлкен мақсат қойып өзгергім келеді деген ниет сол кезден бір 15 жасымнан болды,үлкен мақсат қойы ізгергім келеді деген не сол кезден бір он бес жасымнан болды,0.38461538461538464,0.1282051282051282,13
train-00002-of-00048_000653,шүкір жаймендеп сол бір процесті байқауға болады деп ойлаймын менен сол бір өзгерісті әлі де әрине өзгеріс үстінде міне әлі де үлкен мақсаттарым бар бірақ осы жолдың өзінде ойлаңыздаршы бұл әлі соңы емес сол бір,шүкір жемендеп сол бір процесті байқалға болады деп ойлаймын менен сол бір өзгерісті әлі де әрине өзгеріс үстіндемін әлі де үлкен мақсаттарым бар бірақ осы жолдың өзінде ойлаңыздар бұл әлі соңы емес сол бір,0.14285714285714285,0.03317535545023697,35
train-00002-of-00048_000654,ендеше бүгін маған осы аружаннан мына аружанға өзгеруге көмектескен ең күшті деген кеңестермен бөлісемін себебі,ендеше бүгін маған осы ару жаннан мына ару жанға өзгеруге көмектескен ең күшті деген кеңестермен бөлісемін себебі,0.26666666666666666,0.018018018018018018,15
train-00002-of-00048_000655,барлығы айтатын нәрселермен емес барлығы секілді кітап оқы ерте тұр спортпен айналыс деген секілді,барлығы айтатын нәрселермен емес барлығы секілді кітабұхы ерте тұр спортпен айналыс деген секілді,0.14285714285714285,0.04081632653061224,14
train-00002-of-00048_000656,маналды немесе бастап тастап кете беретін сондай бір қиын болып көрінетін нәрселерді айтпаймын,манауылды немесе бастап тастап кете беретін сондай бір қиын болып көрінетін нәрселерді айтпаймын,0.07692307692307693,0.02127659574468085,13
train-00002-of-00048_000657,өте оңай кез келген адам өміріне енгізе алатын бірақ жүз пайыз көмектесетін,өте оңай кез келген адам өміріне енгізе алатын бірақ жүз пайыз көмектесетін,0.0,0.0,12
train-00002-of-00048_000658,кеңестеріммен бөлісемін өзім қолданған кеңестермен ендеше кеттік бүгінгі видеоға осылай макияж,кеңестеріммен бөлсемін өзім қолданған кеңестермен ендеше кеттік бүгінгі видеға осылай макияж,0.18181818181818182,0.02127659574468085,11
train-00002-of-00048_000659,жасамауды дұрыс санадым макияжсыз болып тұрсам да өте әдемі болып тұрған секілдімін өзгеріс андай бетімде көрініп тұрған секілді деп,жасама уды тұрыс санадым макешсіз болып тұрсам да өте әдем болып тұрған секілді мін өзгеріс андай бейтімде көрініп тұрған секілді депші,0.47368421052631576,0.08333333333333333,19
train-00002-of-00048_000660,бірақ кішкене мен жерде приштар пайда болды бірақ мен ондай нәрселерге қатты мән аудармаймын,бірақ кішкенемен жүде приштар пайда болды бірақ мен ондай нерселерге қатты мән аудармайм,0.35714285714285715,0.06521739130434782,14
train-00002-of-00048_000661,иә осы орайда,وس oرايدا,1.0,0.9230769230769231,3
train-00002-of-00048_000662,видео на бастамас прон инстаграмм,видеoну востомаспрон iнстаграм,1.0,0.2727272727272727,5
train-00002-of-00048_000663,парақшама тіркеліп кетсеңіздер болады ол жерде пайдалы видеолар пайдалы стористер өте көп күнде сол себепті,барақ шама тәркеліп кетсеңіздер болады ол жерде пайдалы видеолар пайдалы стористер өте көп күн де сол себепті,0.3333333333333333,0.037383177570093455,15
train-00002-of-00048_000664,сіздерді сонда күтемін ал енді ең бірінші кеңесім ол,стерді сондай күтем ал енді ең бірінші кеңесім ол,0.3333333333333333,0.11538461538461539,9
train-00002-of-00048_000665,ой мен шынсыз,оймен қымс,1.0,0.38461538461538464,3
train-00002-of-00048_000666,қазір осының ішіне толықтай кіріп көрейік не үшін,қазір осының кішіне толықтай кіріп көрейік не үшін,0.125,0.02040816326530612,8
train-00002-of-00048_000667,себебі достар адамның ең үлкен жауы оның ойы,себебі дұстар адамның ең үлкен жауы оның ойы,0.125,0.022727272727272728,8
train-00002-of-00048_000668,дәл солай ең үлкен аллахтан кейін әрине,дәл солай ең үлкен аллахтан кийін әриня,0.2857142857142857,0.05128205128205128,7
train-00002-of-00048_000669,құтқарушысы,құтқарушысы,0.0,0.0,1
train-00002-of-00048_000670,тіпті адамды емдеп алатын да нәрсе ол ой,та адамды емде алатын да нәрсе ол ой,0.25,0.125,8
train-00002-of-00048_000671,яғни адамға аллах бұл жерде аллах исключение естественно аллахтан кейін,яғни адамға аллах бұл жерде аллах исключение естественен аллахтан кейін,0.1,0.028169014084507043,10
train-00002-of-00048_000672,ойдан артық ешнәрсе зиян тигізе алмайды және ешнәрсе пайдасын да тигізе алмайды дейді де,ойдан арттық ешнәрсе зиян тигізе алмайды және ешнәрсе пайдасын да тигізе алмайды дейті,0.21428571428571427,0.056818181818181816,14
train-00002-of-00048_000673,сол себепті көбінесе адам стресс депрессияға өмірлік жағдайлардың кесірінен емес,сол себепті көбінесе адам вугарани стресс депрессияға өмірлік жағдайлардың кесіріне немес,0.3,0.1375,10
train-00002-of-00048_000674,өзінің ойының кесіріне түсіп жатады,өзінің ойының кесіріне түсіп жатады,0.0,0.0,5
train-00002-of-00048_000675,себебі иә өмір себебі дәл сондай қиындықтар,себебі ә өмір себебі дәл сондай қиындықтар,0.14285714285714285,0.023255813953488372,7
train-00002-of-00048_000676,барлық адамның өмірінде болып жатыр мысалға сіздің өміріңізде бір қарызға кіріп кеткен шығарсыз немесе үйде береке жоқ шығар үйде күнде ұрыс шығар ата анаңызда бір проблема бар шығар ажырасып кеткен шығар білмеймін денсаулықпен проблема бар шығар,барлық адамның өмірінде болып жатыр мысалға сіздің өміріңізде бір қарызға кіріп кеткен шығарсыз немесе үйде береке жоқ шығар үйде күнде ұрыс шығар ата нәңізда бір проблема бар шығар ажарасып кеткен шығар білмейм денсаулық пен проблема бар шығар,0.1388888888888889,0.028455284552845527,36
train-00002-of-00048_000677,бірақ ондай проблема барлық адамда бар ғой барлық адамда демей ақ қояйыншы бір адамдарда бар,бірақ ондай проблема барлық адамда бар ғой барлық адамда дема қоынш бір адамдар да бар,0.3333333333333333,0.08695652173913043,15
train-00002-of-00048_000678,ол бір проблема бірақ сонда да олар,ол бір проблема бірақ сонда да олар,0.0,0.0,7
train-00002-of-00048_000679,одан сынып қалған жоқ қой бұған сондай 1 өмірлік ситуациялардан сынбаған адамдар бар ғой,одан сынып қалған жоқ қой боған сондай бір өмірлік ситуациялардан сынбаған адамдар бар ғой,0.14285714285714285,0.045454545454545456,14
train-00002-of-00048_000680,қалай сонда,қалай сонда,0.0,0.0,2
train-00002-of-00048_000681,яғни бұл жерде біз проблеманы кінәлай алмаймыз өміріміздің сондай бір бычт болып кеткендігіне,яғни бұл жерде біз проблеманы кінәлай алмаймыз өміріміздің сондай бір буджет болып кеткендігіне,0.07692307692307693,0.043010752688172046,13
train-00002-of-00048_000682,проблемаға байланысты өз ойымызды ғана кінәлай аламыз өз ойымызға ғана,проблемаға байланысты өз ойымызда ғана кінәлай аламыз өз ойымызға ғана,0.1,0.014285714285714285,10
train-00002-of-00048_000683,фоксымызды аударып өзгертуге талпына аламыз,фокусумызды аударып өзгертуге талпына аламыз,0.2,0.046511627906976744,5
train-00002-of-00048_000684,понимаете себе дәл сол проблемалар,понимаете себе бидаюсот проблема лар,0.6,0.20588235294117646,5
train-00002-of-00048_000685,бірақ бір адамдар шығады неге бір адамдар одан шығады бір адамдар шықпайды,бірақ бір адамдар шығат неге бір адамроудан шығат бір адамдар шықпайды,0.3333333333333333,0.10810810810810811,12
train-00002-of-00048_000686,значит,значит,0.0,0.0,1
train-00002-of-00048_000687,екі адамның көзқарасы ол түсінікті бәріміз білеміз адамның ойы қандай өмірі сондай екенін бірақ өмірде қалай қолдану керектігін қазір,екі адамның көзқарасы ол түсінікті бәріміз білеміз адамның ойы қандай өмірі сондай екенін бірақ өмірде қалай қолдану керектігін қазір,0.0,0.0,19
train-00002-of-00048_000688,күштілеп тұрып айтып бергім келіп отыр,күсілеп тұрып айтып бергін келіп отыр,0.3333333333333333,0.07894736842105263,6
train-00002-of-00048_000689,тағы да осы орайда бір мысал келтіргім келіп отыр,тағыда осы орайда бір мысал келтіргін келіп отыр,0.3333333333333333,0.04081632653061224,9
train-00002-of-00048_000690,ол ой туралы исламда кванттық физикада және нейроғылымда,ол ой туралы исламда кванттық физикада жөнде нейро ғылымда,0.375,0.05357142857142857,8
train-00002-of-00048_000691,осы ой туралы бір,осы ой туралы бір,0.0,0.0,4
train-00002-of-00048_000692,инсайттармен бөлісіп өтсем,инсайдторами больсвате,1.0,0.5,3
train-00002-of-00048_000693,мысалға яғни адамның миын зерттейтін ғылымдар дейді адамның,мысалға яғни адамның миын зерттейтін ғылымда дейді адамның,0.125,0.01694915254237288,8
train-00002-of-00048_000694,адам миына қандай ойды салады ми сол ойды барынша шындыққа айналдыруға тырысады немесе сол ойдың сол ойды дұрыс етіп көрсететіндей жұмыс жасайды,адам миына қандай ойды салады ми сол ойды барынша шындыққа айналдыруға тырысады немесе сол ойдңсол ойды дұрыс етіп көрсететіндей жұмыс жасайт,0.13636363636363635,0.027777777777777776,22
train-00002-of-00048_000695,ызмыймы,دمم,1.0,1.0,1
train-00002-of-00048_000696,сен миыңа мен чертпін деген ойды салдың ба миың соны дәлелдеп береді соны шындыққа айналдыратын болады,сен мыйыңа мен чортпон деген ойды салдың ба мийың соны дәлелдет береді соны шындыққа айналдыратын болады,0.25,0.058823529411764705,16
train-00002-of-00048_000697,әйтпесе не үшін мен бір сөзді мен әрбір видеомда осы нәрсені айтатын сияқтымын бірақ сонда да қайталай берген сайын қайта ести берген сайын керісінше адам миына кіреді,әйтпесем не үшін мен бір сөзді мен әрбір видеомды осы нәрсене айтатын сақтымын бірақ сонда да ақайталай берген сайын қайта естей берген сайын керісінше адам мыйына кіреді,0.25925925925925924,0.059880239520958084,27
train-00002-of-00048_000698,бір айтқаннан кейін күшті инсайт деп келесі күні ұмытып кетіп жатамыз ғой сол себепті,бір айтқаннан кейін а күшті инсайт деп келесікүн ұмытіп кетіп жатамыз ғой сол себепте,0.35714285714285715,0.07058823529411765,14
train-00002-of-00048_000699,қайталай берсем,قайталай берسеم,1.0,0.2,2
train-00002-of-00048_000700,керісінше қайтадан ести бергендеріңіз өте жақсы,керісінше қайтадан есте бергендеріңіз өте жақсы,0.16666666666666666,0.02127659574468085,6
train-00002-of-00048_000701,сушылың,苏说,1.0,1.0,1
train-00002-of-00048_000702,мысалға осыдан бірнеше ай бұрын өзіңізге,мысалға осыдан бірнеше ай бұрын өзіңізге,0.0,0.0,6
train-00002-of-00048_000703,мен толықпын мен толықпын деген ойды салып жүрдіңіз ғой хотя ол кезде қазіргідей толық емес едіңіз керісінше сол ойды салып бастағаннан кейін қазір одан әрі толып кеттіңіз әрине бұл жерде ой ол первичный,мен толықпын мен толықпын деген ойды салып жүрдіміз ғой хайтя ол кезде қазіргі дей толық емес едіңіз керісінше сол ойды салып бастағаннан кейін қазір одан әрі толып кеттіңіз әрине бұл жүрде ой ол перевичной,0.18181818181818182,0.034482758620689655,33
train-00002-of-00048_000704,тек қана ойдың кесірінен емес әрине көп тамақ ішкен шығарсыз немесе қозғалмаған шығарсыз тағысын тағы бірақ бірінші ойдан басталды ғой бұл нәрсе содан кейін жаңағы әрекеттер,тек қана ойдың кесірінен емес әрине аркөп тама жүшкен шығарсыз немесе қозғалмаған шығарсыз тағысын тағы бірақ бірінші ойдан басталды ғой бұл нәрсе содан кейін жұнаға әрекеттер,0.15384615384615385,0.046242774566473986,26
train-00002-of-00048_000705,дін кесірінен,дің кесіріне,1.0,0.15384615384615385,2
train-00002-of-00048_000706,яғни қандай ой саласың сол ойды шындыққа айналдырасың,яғни қандай ой саласың сол ойды шындыққа айналдыратың,0.125,0.018867924528301886,8
train-00002-of-00048_000707,бұл нейроғылымда кванттық физикада дейді физика деген ол бір заттардың,бұл нероғылымда кванттық физикада дейді физика деген ол бір заттардың,0.1,0.014285714285714285,10
train-00002-of-00048_000708,қозғалысын зерттейтін ғылым ғой мысалға мынау менің қозғалыс жұтқанымды доптың доп лақтырған кезде неге ол именно анаточкаға түседі ол қалай түседі ол қанша жылдамдықпен түседі деген сияқты нәрсем бар ғой ол физика иә ал енді кванттық физика деп отырғанымыз сол бір,қозғалысын зерттейтін ғылым ғой мысалға мынау менің қозғалып жатқанымды доплақтырған кезде неге ол имен анаточкаға түседі ол қалай түседі ол қанша жолдамдықпен үсеттеген сияқты нәрсен барығы ол физика я ал енді кванттық физика деп отырғанбыз сол бір физиканың,0.36585365853658536,0.13584905660377358,41
train-00002-of-00048_000709,әрбір заттың ішіндегі,әрбір заттың ішіндегі,0.0,0.0,3
train-00002-of-00048_000710,атомдардың қозғалысын зерттейді де,атымдардың қозғалысындер тетті,1.0,0.2647058823529412,4
train-00002-of-00048_000711,понимаете яғни,понимаете ярней,0.5,0.21428571428571427,2
train-00002-of-00048_000712,кез келген зат ол атомдардан тұрады ғой қарапайым сөзбен айтуға тырысыватырмын мен атомдардан тұрамын,кез келген зат ол атымдардан тұрады оға қарапайым сүзубен айтуға тырысылатырмын мен атымдардан тұрамым,0.42857142857142855,0.0891089108910891,14
train-00002-of-00048_000713,атом деген кішкентай өте кішкентай микроскоппен де ол өте кішкентай,атындеги кішкентай өте кішкентай микроскоппен де болөте кішкентай,0.4,0.1044776119402985,10
train-00002-of-00048_000714,мына ноутбук болсын диван болсын телефон барлығы зат су бар ма тас бар ма кез келген зат адам барлығы атомдардан тұрады ал сол атомның ішіндегі нейтрон протон сосын басқалардың жаңағы,мына ноутбук болсын диван болсын телефон барлығы зат су бар ма тас бар ма кес келген зат адам барлығы атомдардан тұрады ал сол атомның ішіндегі нийтрон протон сосын басқалардың жаңағы,0.06666666666666667,0.01092896174863388,30
train-00002-of-00048_000715,атомның ішіндегі субатом дейді оларды кішкентай одан кішкентай нәрселерді зерттейтін,атымның ішіндегі суп атым дейді оларды кішкентай одан кішкентай нәрселерді зерттейтін,0.3,0.047619047619047616,10
train-00002-of-00048_000716,жаңағы ол солардың қозғалысын зерттейтін ол кванттық физика яғни квант деп отырғаным сондай кішкентай атомның ішіндегі нелерді квант деп атай ма бірдеңе в общем достар бұл арқылы айтқым келіп отырғаны,жанағы ол солардың қозғалысын зерттейтін ол кванттық физика яғни квант деп отырғанмыз сондай кішкентай атымның ішіндегілерді квант деп атай ма бірдеңе опшимдұстар бұл арқылы айтқан келіп отырғаны,0.3,0.08,30
train-00002-of-00048_000717,адам дейді,aدام دidا,1.0,0.9,2
train-00002-of-00048_000718,бір күшті эксперимент жасалған ол наблюдатель,бир күштө эксперимент жасалган ол наблюдатель,0.5,0.06666666666666667,6
train-00002-of-00048_000719,бір күшті интернетте өте іздесеңіздер интернетте ол эксперимент туралы видео бар,бір күшті интернетте өте іздесеңіздер интернетте ол эксперимент туралы видео бар,0.0,0.0,11
train-00002-of-00048_000720,ол наблюдатель эффектісі деп аталады орысша эффект наблюдателя,ол наблюдатель эффектс деп аталады орша эффект наблюдателя,0.25,0.06451612903225806,8
train-00002-of-00048_000721,неде ол жерде дейді,ند وлجج的,1.0,0.8947368421052632,4
train-00002-of-00048_000722,ай,อ,1.0,1.0,1
train-00002-of-00048_000723,екі эксперимент көрсетіледі,екі экспермент көрсетіледі,0.3333333333333333,0.037037037037037035,3
train-00002-of-00048_000724,бірінші экспериментте,бірінші экспериментте,0.0,0.0,2
train-00002-of-00048_000725,бір жарық қояды да,бір жары қоятта,0.75,0.2777777777777778,4
train-00002-of-00048_000726,сол жарық 2 тесіктен өтіп,сол жарық екі тесіктен өтіп,0.2,0.12,5
train-00002-of-00048_000727,екі емес одан көп із қалдырады екен,екі емес одан көп іс қалдырады екен,0.14285714285714285,0.02857142857142857,7
train-00002-of-00048_000728,прикиньте,prekinte,1.0,1.0,1
train-00002-of-00048_000729,негізі жарық екі тесіктен өтсе екі ақ былай полоска болу керек қой бір тесіктен өтсе бір ғана ізі қалады деген сияқты бірақ ол жерде,негізі жарық екі тесіктенөтсе екі ақ былай полоска болу керек қой бір тезіктенетсе бір ғана ізіқ алады деген сияқты бірақ ол жерде,0.25,0.045454545454545456,24
train-00002-of-00048_000730,екі ақ тесіктен бір неше,екі ақ тесіктен бірнеше,0.4,0.041666666666666664,5
train-00002-of-00048_000731,жаңағыдай ізі кетеді де бірнеше одан әрі сәулесі шашырайды арғы бетке екі ақ тесіктен,жанағыдай ізі кетет та бірнеше одан әрі сәуез шашырайды арға бетке екі ақ тесіктеді,0.42857142857142855,0.12941176470588237,14
train-00002-of-00048_000732,адам жаңағы осы экспериментті жасап жатырғандар таң қалады қалай ол деген секілді,дамжанағы осы экспериментті жасап жатырғандар таң қалады қалай ол деген сетілді,0.25,0.04938271604938271,12
train-00002-of-00048_000733,сосын,صص,1.0,1.0,1
train-00002-of-00048_000734,аааа,嗯,1.0,1.0,1
train-00002-of-00048_000735,тағы да екінші рет кішкене басқаша қылдырып жасайды осы экспериментті дәл солай жарық қойып қояды және екі тесік қойып қояды,тағы да екінші рет кішкене басқа шағылдырып жасайды осы экспериментті дәл солай жарых қоп қояды және екі тесі қоп қояды,0.3,0.07258064516129033,20
train-00002-of-00048_000736,бірақ,براق,1.0,1.0,1
train-00002-of-00048_000737,сол екі тесттің жанына,сол екітестің жанына,0.5,0.09090909090909091,4
train-00002-of-00048_000738,андай арнайы аппарат қоят,андай арнайы аппарат коёт,0.25,0.08,4
train-00002-of-00048_000739,қарап тұратын аппарат соны бүйтіп бақылайтын аппарат,қарап туратын апарат соны битіп бақылайтын апарат,0.5714285714285714,0.09615384615384616,7
train-00002-of-00048_000740,көп қояды,ق고야ت,1.0,1.0,2
train-00002-of-00048_000741,бақылаушы деуге болады,бақалаушы деге болады,0.6666666666666666,0.09090909090909091,3
train-00002-of-00048_000742,и сол аппаратты қойып қойғаннан кейін уже жаңағыдай екі ғана тесіктен екі ғана ізі көрінеді арғы бетте,ий сол аппаратты қойып қойғаннан кейін ожы жаңағыда екі ғана тесіктен екі ғана ііізі көріне тарғып етте,0.4117647058823529,0.10784313725490197,17
train-00002-of-00048_000743,понимаете хотя бірінші экспериментте жаңағы аппаратсыз екі емес бірнеше ізі,панимай те хайтяп бірінші экспериментте жанағы аппаратсыз екі емес бірнеше ізі,0.4,0.09333333333333334,10
train-00002-of-00048_000744,сәулесі шашырайды арғы бетке ал екіншісінде уже бақылаушы аппарат пайда болғаннан кейін соны бақылайтын ана сәуленің қалай тарап жатқанын бүйтіп,сәулесі шашырайды арғы бетке ал екіншісінде ожы бақылаушы аппарат пайда болғаннакейн соны бақылайтын ана сәуленің қалай тарап жатқан бетіп,0.25,0.0625,20
train-00002-of-00048_000745,қарап тұратын аппарат қылып қояды,qarab turatin apparat qop qo yad,1.2,0.9090909090909091,5
train-00002-of-00048_000746,екі тесіктің жанына содан өтіп екі ақ ізін қалдырады дейді да,ектестің жанына содан өтіп екі ақ ізін қалдырады дейтті,0.36363636363636365,0.14754098360655737,11
train-00002-of-00048_000747,бұл не деген сөз яғни бақылаушы,бұл не деген сөз яғни бақылаушы,0.0,0.0,6
train-00002-of-00048_000748,сол бір кішкентай атомдардың қозғалысын өзгерте алады деген қорытындыға келеді,сол бір кішкентай атымдардың қозғалысын өзгерте алады деген қортындыға келеді,0.2,0.02564102564102564,10
train-00002-of-00048_000749,именно жаңағы кванттық физиктер ғалымдар сондай қорытындыға келеді прикенти,имені жанағы кванттық физиктер ғалымдар ұсындай қортындға келеді бірекейінде,0.5555555555555556,0.18666666666666668,9
train-00002-of-00048_000750,яғни адамның,يغنى ادامنىڭ,1.0,0.9166666666666666,2
train-00002-of-00048_000751,бір нәрсеге назар салуы солай,бір нәрсеге назар салуы солай,0.0,0.0,5
train-00002-of-00048_000752,атомдардың қозғалысын өзгертіп жібере алатындай адамның мына назардың күші бар депті,атымдардың қозғалысын өзгертіп жібере алатындай адамның назардың күші бар детті,0.2727272727272727,0.08333333333333333,11
train-00002-of-00048_000753,қайда назар аударасың сол жерде нәтиже деп сол үшін айтады достар,қайда назар аударасың сол жерде нәтиже деп сол үшін айтаты тұстар,0.18181818181818182,0.046153846153846156,11
train-00002-of-00048_000754,понимаете,にまいじ,1.0,1.0,1
train-00002-of-00048_000755,яғни сен өзіңнің мен неудачникпін мен жаманмын мен жаманмын мен кедеймін деген,яғни сен өзіңнің мен неуді ай түсінекпін мен жаманмын мен жаманмын мен кедеймін деген,0.25,0.11538461538461539,12
train-00002-of-00048_000756,сондай бір ойға назар аудардың ба сол ой постепенно,сондай бір ойға назар аудардың ба сол ой постепенмі,0.1111111111111111,0.0392156862745098,9
train-00002-of-00048_000757,шындыққа айналатын болады,шындық айналатын болатын,0.6666666666666666,0.16,3
train-00002-of-00048_000758,ол нейроғылым бойынша қалай шындыққа айналатындығын түсіндірдім кванттық физика бойынша осылай шындыққа айналады екен,ол нейро ғылым бойынша қалай шындыққа айналатындығын түсіндірдім кванттык физика бойынша осылай шындыққа айналады екен,0.21428571428571427,0.017094017094017096,14
train-00002-of-00048_000759,себебі әрбір зат ол атомдардан тұрады және де біздің назарымызға сай атомдар өзінің қозғалысын өзгертеді дейді бірақ та әрине бұл кванттық физика кішкене мистика болып бір сиқыр болып көрінеді тек қана кванттық физикаға сүйеніп тұрған жоқпын да шөл нейроғылымда да осыған сәйкес нәрсе бар исламда да осыған сәйкес нәрсе бар,себебі әрі бір зат ол атымдардан тұрады және де біздің назарымызға сай атомдар өзінің қозғалысын өзгертеді дейді бірақта әрине бұл кванттық физика кішкене мистика болып бір сиқыр болып көрінеді тек қана кванттық физикаға сүйініп тұрған жоқпын да үшөнері ғұлымда да осыған сәйкес нәрсе бар исламда да осыған сәйкес нәрсе бар,0.16,0.03715170278637771,50
train-00002-of-00048_000760,жалпы исламды бірінші айту керек негізінде себебі бәрі исламда баяғыда не так жазылып қойған ғой ал исламда достар,жалпы исламды бірінші айту керек негізінде себебі бәрі исламда баяғыдан итак жазып қойған ғой ал исламда достар,0.2222222222222222,0.043859649122807015,18
train-00002-of-00048_000761,құлым мен туралы қандай ойда болсам мен сондаймын дейді,құлым мен туралы қандай ойда болса мен сондаймын дейді,0.1111111111111111,0.01818181818181818,9
train-00002-of-00048_000762,болды ғой осының өзінде біраз нәрсе жатыр ғой,болды ғой осының өзімде біраз нәрсе жатыр ғой,0.125,0.022222222222222223,8
train-00002-of-00048_000763,сен ойың арқылы,сен ойың арқылы,0.0,0.0,3
train-00002-of-00048_000764,өміріңді басқара аласың өз өміріңді,өмірімді басқара аласың өз өмірінде,0.4,0.08571428571428572,5
train-00002-of-00048_000765,точнее,tcne예,1.0,1.0,1
train-00002-of-00048_000766,осы орайда,وسы оرayدa,1.0,0.7,2
train-00002-of-00048_000767,сен адамның ойы ол күшті,сен адамның ойы ол күшті,0.0,0.0,5
train-00002-of-00048_000768,адамның адам ой арқылы бәрін жасап алады адам сондай үлкен мықты деп мен мен мен деп кетпеу керек,адамның адам ой арқылы бәрін жасап алат адам сондай үлкен мықты деп мен мен мен деп кетпеу керек,0.05555555555555555,0.020618556701030927,18
train-00002-of-00048_000769,себебі создат создатель яғни жасаушы біреу ғана ол аллах ол уже все создал,себебі создатель яғни жасауша біреу ғана ол аллах он уже все создал,0.23076923076923078,0.12162162162162163,13
train-00002-of-00048_000770,басқарушы,بسقروشا,1.0,1.0,1
train-00002-of-00048_000771,аааа,啊,1.0,1.0,1
train-00002-of-00048_000772,және де жасаушы создатель біреу ғана ол аллах,және де жасаушы создатель біреу ғана ол аллах,0.0,0.0,8
train-00002-of-00048_000773,сен создатель емессің өз өміріңнің айтады ғой ты создатель,сен создатель емессің өз өміріңнең айтады ғой тый создатель,0.2222222222222222,0.034482758620689655,9
train-00002-of-00048_000774,своей жизни деп жоқ,своей жизни дябжок,0.5,0.21052631578947367,4
train-00002-of-00048_000775,п,对,1.0,1.0,1
train-00002-of-00048_000776,сен тек таңдаушысың,сен тек таңдаушысың,0.0,0.0,3
train-00002-of-00048_000777,яғни сен таңдайсың қандай өмір сүргің келеді таңдайсың құдай уже әртүрлі өмірлер былай айтқанда сценарийлерді жасап қойған сен таңдайсың қандай сценариймен өмір сүргің келеді қандай ойды таңдайсың соған сай сценарий болады,яғни сен таңдайсың қандай өмір сүргін келеді таңдайсың құдай оже әртүрлі өмірлер бұлай айтқанда сценарилерді жасап қойған сен таңдайсың қандай сценарий мен өмір сүргін келеді қандай ойды таңдайсың соған сай сценарий болады,0.22580645161290322,0.02702702702702703,31
train-00002-of-00048_000778,соған сай алла сенің тағдырыңды өзгертеді сол себепті,соғансай алар сенің тағдырыңды өзгертеді сол себепті,0.375,0.05660377358490566,8
train-00002-of-00048_000779,достар,دستار,1.0,1.0,1
train-00002-of-00048_000780,осы үш дереккөзбен ойдың құдіретін түсіндіре алдым деп үміттенемін ал енді ойды қалай өзгертеміз десеңіздер,осы үш дерік көзбен ойдың құдіретін түсіндіре алдым деп мөміптенемін ал енді ойды қалай өзгертеміз десеңіздер,0.2,0.04672897196261682,15
train-00002-of-00048_000781,сөз бен ойды өзгертеміз өзімізге дұрыс сөз айтамыз,сүрзбен ойды ескертеміз өзімізге дұрыс сөз айтамыз,0.375,0.12,8
train-00002-of-00048_000782,себебі біз қалай сөйлесек сол сөзге сай,себебі біз қалай сөйлесек сол сөзге сай,0.0,0.0,7
train-00002-of-00048_000783,ой қалыптасады,ويقوطست,1.0,1.0,2
train-00002-of-00048_000784,бізде ойда бір картинка пайда болады понимаете,бізде ойда бір картинка пайда болады понимаете,0.0,0.0,7
train-00002-of-00048_000785,сен өзіңе мен чертпын деп айттың ба сондай сөз шықты ма аузыңнан миыңда сондай картинка пайда болады,сен өзіңе мен чортпын деп айттың ба сондай сөз шықтымаузыңнан миыңда сондай картинка пайда болаты,0.29411764705882354,0.05,17
train-00002-of-00048_000786,сондай ой пайда болады дейікші,сондай ой пайда болады декші,0.2,0.06666666666666667,5
train-00002-of-00048_000787,миыңа мен әдемімін деген ой сөз шықты ма аузыңнан,мұйыңа мен әдеммін деген ой сөз шықтым аузыңнан,0.4444444444444444,0.10204081632653061,9
train-00002-of-00048_000788,сен барынша өзіңдегі әдемілікті көруге талпынасың,сен барынша өзіңдегі әдемілікті көруге талпыласың,0.16666666666666666,0.02040816326530612,6
train-00002-of-00048_000789,андай бір,أنديبر,1.0,1.0,2
train-00002-of-00048_000790,ымм,嗯,1.0,1.0,1
train-00002-of-00048_000791,артық салмағың болса көзіңді көресің көзім әдемі деп немесе шашың жұқа болса бірақ может сенің,артық салмағаң болса көзіңді көресің көзім әдемі деп немесе шашың жұққа болса бірақ можыт сенің,0.2,0.031914893617021274,15
train-00002-of-00048_000792,мммм,嗯อ,1.0,1.0,1
train-00002-of-00048_000793,керісінше фигураң күшті шығар деген секілді сол бір әдемілікті көресің сен сөз арқылы,керісінше фигуранң күшті шығар деген секілді сол бір әдемілікті көресің сен сөз арқылы,0.07692307692307693,0.011764705882352941,13
train-00002-of-00048_000794,ойды таңдайсың сөз арқылы миыңа 1 осыған назар аудар деген секілді команда бересің,ойды таңдайсың сөз арқылы миыңа бір осыған назар аудар деген секілді команда бересің,0.07692307692307693,0.036585365853658534,13
train-00002-of-00048_000795,сол себепті біз өзімізге айтатын сөзді өзгертуіміз керек,сол себепте биз өзүмүзге айтатын сөздү өзгеритүүмүз керек,0.625,0.16071428571428573,8
train-00002-of-00048_000796,осыған күшті мысалдар келтіріп өтейін майкл джексон мен джим керри деген өте танымал,осыған күшті мысалдар келдірбедейн майкал джеcксонмен жим кери деген өте таанымал,0.6153846153846154,0.15476190476190477,13
train-00002-of-00048_000797,адамдарды бәріміз білеміз мысалы майкл джексон ол әлемдік,адамдарды бәріміз білеміз мысалы майкал джексон ол әлемдік,0.125,0.017543859649122806,8
train-00002-of-00048_000798,номер один әртіс әнші,номер один әртіс әнші,0.0,0.0,4
train-00002-of-00048_000799,және де иә мен де оның фанаты емеспін дегенмен киносынан кейін ие ма деп қылдым өте күшті биографиясы да өте қызық болды әсіресе күшті шабыт алдым десем болады кинодан және де ол,және де ә мен де оның фанаты емеспін дегенмен киносынан кейін е ма деп қалдым өте күшті биографиясы да өте қызық болды әсіресе күшті шабыт алдым десем болады кинодан және де ол,0.09375,0.016853932584269662,32
train-00002-of-00048_000800,өзіне тіпті тип топтан да көріп қалдым ол өзіне күнде аффирмация айтқан күнде мен мықтымын я самый лучший,өзіне тіпті тектоптан да көріп қалдым ол өзіне күн де аффирмация айтқан күнде мен мықтымын я самый лучший,0.2222222222222222,0.0380952380952381,18
train-00002-of-00048_000801,менің альбомым ең продаваемый деген секілді сондай сөздер айтқан по факту олай болмаса да,менің альбумым ең продаваемы деген секілді сондай сөздер айтқан по факту олай болмаса да,0.14285714285714285,0.02247191011235955,14
train-00002-of-00048_000802,сондай сөздерді өзіне күнделікті айтқан екен,сондай сөздерді өзіне күнжілікті айтқан еке,0.3333333333333333,0.06818181818181818,6
train-00002-of-00048_000803,жекеңсе,kkinte,1.0,1.0,1
train-00002-of-00048_000804,осы орайда оның ағалары бар неге ағалары танымал болып кеткен жоқ егер де оның отбасысы әкесі әсер етсе оған танымал болуға,осы орайда оның ағалары бар неге ағалары танымал болып кеткен жоқ егерде оның отбасысы әкесі әсер етсе боған танымал болуған,0.19047619047619047,0.024390243902439025,21
train-00002-of-00048_000805,жоқ то есть ағалары танымал болып кеткен жоқ именно майкл танымал болып кетті ғой ойлаймыз ғой біз оның отбасы сондай сөйтіп тәрбиеледі ғой әкесі сөйтіп тәрбиеледі ғой деп жоқ,жоқ тос ағалары танымалалып кеткен жоқ емена майкл танымаллып кетті ойлаймыз ғо біз оны отбасы сондай сүйдіп тәрбиеледі ғой әкесі сүйдіп тәрбиеледі ғой деп жоқ,0.41379310344827586,0.13142857142857142,29
train-00002-of-00048_000806,ағалары неге танымал болып кеткен жоқ,агалар неге таанымалылып кеткен жок,0.6666666666666666,0.1891891891891892,6
train-00002-of-00048_000807,майкл өзіне күнделікті сондай ой салды мен лучшиймын мен танымалмын деген секілді,майкл өзүне күндөлүктө сондай ой салды мен лутчиймын мен таанымалмын деген сетілди,0.4166666666666667,0.1111111111111111,12
train-00002-of-00048_000808,дәл солай джим керри дің де историясында бар екен ол да тик токтан интервьюда осындай бір,дәл солай джимкери дың историясында бар екен олда тиктоктон интервьюнда осундай бір,0.625,0.12359550561797752,16
train-00002-of-00048_000809,айтып қалған болатын,айтып калған болатын,0.3333333333333333,0.05,3
train-00002-of-00048_000810,джинкериде күнде,dnkrij knd,1.0,0.9375,2
train-00002-of-00048_000811,мен,مn,1.0,1.0,1
train-00002-of-00048_000812,он миллионға чек алдым,он миллионға чек алдым,0.0,0.0,4
train-00002-of-00048_000813,деген даже сондай детально өзінің сөздері айтқан,деген дәлі сондай детальне өзіне суздер айтқан,0.5714285714285714,0.16666666666666666,7
train-00002-of-00048_000814,мен он миллионға чек алдым менің бір жаңағыдай кинома солай он миллион теңге,мен он миллионға чек алдым менің бір жанағыдай кинома сығой он миллион теңге,0.15384615384615385,0.05263157894736842,13
train-00002-of-00048_000815,теңге емес қойшы долларыма төлейді деген сияқты сөздер айтқан хотя по факту оның қалтасында ақша жоқ ол ең кедей болып өмір сүрген бірақ сонда да мен ең танымал актермын мен лучшимын деген секілді,тенде емес қойшы доллар ма төледі деген сияқты сөздер айтқан хайтя пофакту оның қалтасында ықша жоқ ол ең кейдей болып өмір сүрген бірақ сонда да мен ең танымалы актермын мен лутшиймын деген секілді,0.3333333333333333,0.061224489795918366,33
train-00002-of-00048_000816,сөздерді өзіне айтқан,сөздерді өзіне айтқан,0.0,0.0,3
train-00002-of-00048_000817,ештеңесі жоқ кезде бес жыл уақыт өткеннен кейін шынымен де ол танымал болады ол он миллион долларға ма бір рөлін ойнайды қай рөл еді ол,еш теңісі жоқ кезді бес жыл уақыт өткен екейін шынымен де ол танымал болады ол он миллион долларға ма бір рөлін ойнайды қай рөледі,0.32,0.07407407407407407,25
train-00002-of-00048_000818,ана а тупой еще тупе деген кино да ол сол бір,ана а тұппойще тыпе деген кинода ол сол бір,0.45454545454545453,0.13333333333333333,11
train-00002-of-00048_000819,айтқан сөзіне сай он миллион рубльға не істейді екен рубль неге рубль долларға короче в общем достар әрине естественно олар әрекет жасады бұл жерде тек жақсы сөйлеп жақсы ойлап отырасың естіп медеттері өтетіп,айтқан сөзіне сай он миллион рубльға нестейді екен рубль неге рубль долларға карач опшұндыстар әрине естественне олар әрекет жасады бұл жерде тек жақсы сөйлеп жақсы ойлап отырасың истііп медитері өтетіп,0.2727272727272727,0.08653846153846154,33
train-00002-of-00048_000820,әрекет етпейсің деген сөз емес жөн кері әрекет еткен ол жасаған әрекетін,әрекет етпейсін деген сөз емес жөңкере әрекет еткен ол жасаған әрекетін,0.25,0.05555555555555555,12
train-00002-of-00048_000821,майкл да әрекетін еткен әндер жазған тоқтамаған,майклды әрекетіне еткені әндер жазған тоқтамаған,0.5714285714285714,0.0851063829787234,7
train-00002-of-00048_000822,бүгін,嗯,1.0,1.0,1
train-00002-of-00048_000823,адам екі достар ойлайды ғой тек қана жақсы ойлап сен үлкен жетістікке жете алмайсың себебі адамға жүру үшін екі аяқ керек секілді құсқа ұшу үшін екі қанат керек секілді,адам екі достар ойлайды ғой тек қана жақсы ойлап сен үлкен жүтістікке жете алмайсың себебі адамға жүру үшін екі аяқ керек секілді құсқа ұшу үшін екі қанат керек секілді,0.034482758620689655,0.005952380952380952,29
train-00002-of-00048_000824,дәл солай сен ұшқын келе ме яғни үлкен жетістіктерге жеткім келе ме мақсаттарыңа,дәл солай сен үш күн келе ма яғни үлкен жүтістіктерге жеткін келе ма мақсаттарыңа,0.46153846153846156,0.1,13
train-00002-of-00048_000825,онда саған бір ғана жаңағыдай ойдың ғана құдіретімен сен не істей алмайсың жетістіктерге жете алмайсың немесе жаман ойлап тек қана әрекет етіп те үлкен жетістіктерге жете алмайсың екеуі де керек саған,онда саған бір ғана жанағыдай ойдың ғана құдіретімен сен нестей алмайсың жүтістіктерге жүте алмайсың немесе жаман ойлап тек қана әрекет етіп де үлкен жүтістіктерге жүзе алмайсың екеуі де керек саған,0.25806451612903225,0.045,31
train-00002-of-00048_000826,ой да керек амал да керек,ойда керек амал да керек,0.3333333333333333,0.04,6
train-00002-of-00048_000827,яғни екеуі бір бірінсіз болмайды,яғни екеуі бір бірінсіз болмайды,0.0,0.0,5
train-00002-of-00048_000828,жақсы да ойлау керек амалды ету керек менің видеомнан кейін мен ойлаймын сіздер бір екі күн жақсы ойлайсыздар бірақ екінші үшінші күн уже ұмытып кетулеріңіз мүмкін немесе бір айдан кейін тағы ұмытып кетулеріңіз мүмкін сол себепті мен сіздерді осы орайда тез тез тез бір ақ минут,жақсы да ойлау керек амалды ету керек менің видеомнан кейін мен ойлаймын сіздер бір екі күн жақсы ойлайсыздар бірақ екінші үшінші күн ожы ұмытып кетулеріңіз мүмкін немесе бір айдан кейін тағы ұмытып кетулеріңіз мүмкін сол себепті мен сіздерді осы орайда тес тесез бірақ миу,0.15217391304347827,0.03237410071942446,46
train-00002-of-00048_000829,өзімнің колбым туралы айтып өтейін сіздерге,өзімнің клубым туралы айтып өтейін сіздірге,0.3333333333333333,0.06976744186046512,6
train-00002-of-00048_000830,жүз пайыз пайдалы болатынына сенімдімін осылай жазда өмірлерімді өзгертемін деген адамдарға арнап мен клуб жасап жатырмын ол жерде біз әдет қалыптастырамыз және де сенім туралы өзіңе сену туралы қорқынышыңды жеңу туралы ерекшеліктікті жеңу мақсат қою жоспарлау секілді даму бойынша күшті эфирлер болады себебі әрине сен күшті күнде өзіңе сөз айтқанмен өміржақсы ойлау,жүз пайыз пайдалыболатын сенмдімін осылай жазда өмірлерімді өзгертемін деген адамдара арнап мен клуб жаса жатыр олжерде біз әдет алыптастырамыз жнеде сенім туралыөзіңе сену туралы қорқынышыңды жеңу туралы ерінше кітіпті жеңу мақсат қою жоспарлау секілді даму бойынша күшт фирлер болаы себебі әрине сен кшткүнде өзңе сайтмежанасөз айтанмен өііңебөзе кетпей олжедемелайте жасы ойлау,0.5,0.18528610354223432,52
train-00002-of-00048_000831,и керектігін түсіндік бірақ егер де инструкцияны толықтай білмесең,керектігін түсіндүк бірак егерде инструкцияны толықтай білмесең,0.5555555555555556,0.07575757575757576,9
train-00002-of-00048_000832,қалай жақсы болу керектігін білмесең не үшін екенін білмесең тағы да,қалай жақсолдау керектігін білмесең не үшін екенін білмесең тағы да,0.18181818181818182,0.07352941176470588,11
train-00002-of-00048_000833,тастап кетесің то есть сен біліп тұрсың жақсы ойлау керектігін бірақ оны өміріңде қолдану үшін инструкция керек ол инструкцияны біз қолдап береміз тек қана инструкцияны беріп қоймай еще біз сол нәрсені күнделікті бірге жасаймыз отчет жасаймыз бізде жаңағыдай әдет қалыптастыру бойынша,тастап кетесің тоссен біліп тұрсың жақсы ойлау керектігін бірақ оны өміріңде қолдану үшін инструкция керек ол инструкцияны біз клупта береміз тек қана инструкцияны беріп қоймай үше біз сол нәрсені күнделікті бірге жасаймыз атчет жасаймыз бізде жанағыдай әдет қалыптастыру бойынша,0.17073170731707318,0.0528169014084507,41
train-00002-of-00048_000834,бірге жарысамыз былай айтқанда осы орайда екінші жолына тоқталайық екінші кеңесім ол орта ортаңды өзгерт,бірге жарсамыз бол айтқанда осы орайда екінші жолына тоқталайық екінші кеңесім ол орта ортаңды өзгерті,0.2,0.04807692307692308,15
train-00002-of-00048_000835,мен қазір бұрынғы ортамен бұрынғы достармен араласпа демеймін,мен қазір бұрынғы ортамен бұрынғы достар мен араласпа демеймін,0.25,0.01639344262295082,8
train-00002-of-00048_000836,керісінше күліп жаңағыдай қыдыратын бірге уақыт өткізетін орта да керек иә бірақ тек қана сондай ортамен жүретін болсаң сен өміріңде күліп ішіп жүргеннен басқа,керісінше күліп жанағыдай қыдыратын бірге уақыт өткізетін орта да керек я бірақ тек қана сондай ортамен жүретін болсаң сен өміріңде күліп ішіп жүргеннен басқа,0.08333333333333333,0.018867924528301886,24
train-00002-of-00048_000837,ешқандай,شقندي,1.0,1.0,1
train-00002-of-00048_000838,өзгеріс болмайды естественно сол себепті,өзгеріс болмайды естествені сол себепті,0.2,0.05,5
train-00002-of-00048_000839,иә күліп ойнап жүру ол артық емес дегенмен жанына тағым даму деген дамуға қызығатын ортаны да қоссаң өміріңде де бір баланс пайда болады понимаете,ә күлі ойнап жүруі ол артық емес дегенмен жанына тағым даму деген дамуға қызығатын ортанында қоссаң өміріңде де бір баланс пайда болады қнимаете,0.25,0.0410958904109589,24
train-00002-of-00048_000840,сол себепті дамуға қызығатын бірге қиялдайтын жаңағыдай ерте тұру,сол себепті дамуға қызығатын бірге қиялдайтын жанағыдай ерте тұру,0.1111111111111111,0.015384615384615385,9
train-00002-of-00048_000841,кітап оқу норма болатын,кітап оқу норма болатын,0.0,0.0,4
train-00002-of-00048_000842,ортаға бас дегім келеді,ортаға баш деінділер,0.75,0.34782608695652173,4
train-00002-of-00048_000843,сондай ортаны,स नद उर थ न,2.5,0.9230769230769231,2
train-00002-of-00048_000844,тап сондай ортамен апта сайын хотя бір ақ рет кездес саған күнде құрбылармен күніне кездесесің ғой күнінде донер жейсіңдер ғой,тап сондай ортамен апта сайын хайтя бірақ рет кездесі саған күнде құрбылармен күнде кезесесің ғой күнде донер жүйсіндер ғой,0.4,0.0873015873015873,20
train-00002-of-00048_000845,хотя бы ана дамушы ортамен аптасына бір ақ рет кездесізші этого уже хватает,хотя бы она дамушуртамин оптосна брагреткиздеше этого уже хватает,0.6153846153846154,0.24,13
train-00002-of-00048_000846,неге ондай орта керек біріншіден достар,неге ондай орта керек біріншіден ұстар,0.16666666666666666,0.05128205128205128,6
train-00002-of-00048_000847,адамның миы не рұғым да,адамның миы неруғылымда,0.6,0.21739130434782608,5
train-00002-of-00048_000848,дұрыс бұрыс деген нәрсені ажырата алмайды,дұрыс бұрыс үстеге нәрсені ажырата алмайды,0.16666666666666666,0.0975609756097561,6
train-00002-of-00048_000849,бірақ,برا,1.0,1.0,1
train-00002-of-00048_000850,ортасы не жасайды соны автоматты түрде дұрыс норма деп қабылдайды сенің ортаң ішіп шексе сенің миың а норма деп қабылдайды,ортасы не жасайды соны автомат түрде дұрыс норма деп қабылдайды сенің ортаң ішіп шексе сенің биын а норма деп қабылдайды,0.1,0.03278688524590164,20
train-00002-of-00048_000851,и не керісінше ішіп кетті ішіп кетті,ين كس شبدشكت,1.0,0.9444444444444444,7
train-00002-of-00048_000852,дәл солай миың үйі жоқ болмайды,дай сулай мыйың ыйы жок болмайт,1.0,0.3225806451612903,6
train-00002-of-00048_000853,деп қабылдайды,деп қабылдайд,0.5,0.07142857142857142,2
train-00002-of-00048_000854,дәл солай сенің ортаң,дәл сағай тенің уртаң,0.75,0.19047619047619047,4
train-00002-of-00048_000855,сен үшін де ол бір күн бір блогерді тыңдап ол кітап оқу керек екен дейсің бір күн екінші күн қайтадан өзің ана ортаңа барғаннан кейін ой кітап оқымай ақ қояйыншы деп ерініп қайтадан жатып қаласың понимаете сол себепті саған күнде бір ақ рет емес күнде кітап оқиық кітап оқиық деп миыңа құйып отыратын орта керек,сен үшін де ол бір күн бір блогерді тыңдап ол кітап оқу керек екен дейсің бір күн екінші күн қайттан өзің ана ортаңа барғанан кейін ой кітап оқымай ақ қоыншы деп иерініп қайттан жатып қаласын панимаде сол себепті саған күн де бірақ рет емес күнде кітап оқи кітап оқиқ деп меңа құйып отыратын орта керек,0.23636363636363636,0.06109324758842444,55
train-00002-of-00048_000856,норма болатын орта керек,норма болатын орта керек,0.0,0.0,4
train-00002-of-00048_000857,соларға қарап сен уже кітап оқуға қызығып,соларға қарапсен ожы кітап оқуға қызығып,0.42857142857142855,0.07317073170731707,7
train-00002-of-00048_000858,кітап оқығың келіп кету керек қой,кітап оқығын кет кету керек қой,0.3333333333333333,0.12121212121212122,6
train-00002-of-00048_000859,или былай айтайық мынандай күшті тағы бір тағы бір мынандай мысал орта адамға не үшін керек,ие былай айтайық нандай күшті тағыбір тағы бір нандай мысалы орта адамға не үшін керек,0.375,0.08791208791208792,16
train-00002-of-00048_000860,егер де сен білмеймін бір,егер де сен білмең бір,0.2,0.16,5
train-00002-of-00048_000861,күшті мысал бар ғой әтір дүкеніне кіретін болсаң,күшті мысал бар ғой әтір дүкеніне күретін болсаң,0.125,0.020833333333333332,8
train-00002-of-00048_000862,сол жердегі әтірлердің иісі саған жұғады пияздың пияз турасаң пияздың иісесінен шығады немесе бір балық магазине кірсең ол балықтың иісі сенен шығатын болады яғни ортаға байланысты болып тұрдықтар ортаң ортаңның ойы орталары ортаңның әрекеттері саған жұғады,сол жердегі әтірлердің есі саған жұғат пиаздың пиаз турасаң пиаздың есесінен шығаты немесе бір балық магазинде кірсең ол балықтың есесінен шығатын болады яғни ортаға байланысты болып тұрдыстар ортаның ойы оортаңдың әрекеттері саған жұғат,0.4444444444444444,0.13618677042801555,36
train-00002-of-00048_000863,ортаң тек қана үлкен мақсат қоймаса шетелге шығайық демесе керісінше артқа тарта беретін болса сен де сондай адам боласың сен соны қалайсың ба біраздың қайтадан солай өткенін қалайсың ба деген сұрақ,ортаң тек қана үлкен мақсат қоймаса штелге шайық демесе керісінше артқа тарта беретін болса сен де сондай адам боласың сен соны қалайсың ба жазын қайтадан солай үлкені қалайсың ба деген сұрақ,0.12903225806451613,0.05555555555555555,31
train-00002-of-00048_000864,керісінше ортаңда үй біреуі біреуінің,керісінше ортаңда үй біреуі біреунің,0.2,0.02702702702702703,5
train-00002-of-00048_000865,біреуі машина алайық біреуі үй алайық біреуі үстелге шығайық деп жай ғана ауызбен айтып қана қоймай соған әрекет етіп жатқан ортамен аралассаң,біреуі машина алайық біреуі үй алайық біреуі штелге шығайық деп жай ғана ауызбен айтып хана қоймай соған әрекететіп жатқан ортамен аралассам,0.22727272727272727,0.035211267605633804,22
train-00002-of-00048_000866,сен де бір күні үй аласың себебі мен алғашқы миллионымды жаңағы миллионер адаммен араласқаннан кейін жарты жылдан кейін алғашқы миллионды таптым ғой,сен де бір күні үйе аласың себебі мен алғашқы миллионымда жанағы миллионер адаммен араласқаннан кейін жартыжылдан кейін алғашқы миллионды таптым ғой,0.22727272727272727,0.02702702702702703,22
train-00002-of-00048_000867,ортаның арқасында мен телевидениеге шықтым ортаның арқасында мен біраз түсіністіктерге жеттім,ортаның арқасында мен телевиденияге шықтым ортаның арқасында мен біраз үістіктерге жеттім,0.18181818181818182,0.053763440860215055,11
train-00002-of-00048_000868,ортаның арқасында мен турцияға барып жұмыс жасап келдім,ортаанын аркасында мен турцияга барып жумуш ысап келдим,0.75,0.18181818181818182,8
train-00002-of-00048_000869,сол себепті,소스립때,1.0,1.0,2
train-00002-of-00048_000870,аншо аншо деп отырмай адамдармен танысыңыздар,ан шоқ ан шоқ деп отырмай адамдармен таңысыңыздар,0.8333333333333334,0.1111111111111111,6
train-00002-of-00048_000871,тағы да мынандай мысал,다그다 난다いم서,1.0,0.9545454545454546,4
train-00002-of-00048_000872,мынандай бір суды алайық су магазинде,нандай бір судалайық су магазинде,0.5,0.10810810810810811,6
train-00002-of-00048_000873,100 200 теңге тұрады ал,дүз екі үш тенге тұрады ал,0.8,0.43478260869565216,5
train-00002-of-00048_000874,бір,بر,1.0,1.0,1
train-00002-of-00048_000875,бір магазин 200 теңге тұрады ал ресторандарда су 2000 3000 теңге тұрады,бір магазин екі үш теңге тұрады ал ресторандарда сол екі мың үш мың теңге тұрады,0.5833333333333334,0.29577464788732394,12
train-00002-of-00048_000876,яғни су өзгерген жоқ,يaغنى سu ۆ زگaرگaن جوق,1.25,0.95,4
train-00002-of-00048_000877,тек орта өзгерді понимаете,चk 오r다けて ま제,1.0,0.9230769230769231,4
train-00002-of-00048_000878,яғни,يەرمى,1.0,1.25,1
train-00002-of-00048_000879,аәәәәәәә,唉,1.0,1.0,1
train-00002-of-00048_000880,сен егер де сенің самооценкаң өзіңді бағалауың төмен болса мақсаттарың өте кішкентай болса қазіргі ортаң сен қиялысың сен қолыңнан түк келмейді не істеп жүрсің блогер болып кеттің бе деп айтуы мүмкін,сен егерде сенің самаценкаң өзіңді бағалауың төмен болса мақсаттарың өте кішкентай болса қазіргі ортам сен қиялсың сені қоңнан түпкелмейдінистеп жүрсің блогер боп кеттің ба деп айтуы мүмкін,0.41935483870967744,0.08542713567839195,31
train-00002-of-00048_000881,басқа ортаға барсаң сенде потенциал бар сенің қолыңнан келеді давай жаса деп айтады яғни болады ғой,басқа ортаға барсаң сенде потенциал бар сенің қолыңнан келеді дабай жаса деп айтады яғни болады ғой,0.0625,0.010101010101010102,16
train-00002-of-00048_000882,мен оған ешкім сенбейді мені ешкім қолдамайды деп,ме ған ешкім сенбейді мен ешкім қолдамайды деп,0.375,0.061224489795918366,8
train-00002-of-00048_000883,басқалар менің қолымнан келмейді деп айтып жатыр шынымен менің қолымнан келмейтін шығар деп ортаның артынан ерудің сол адамдардың сөзіне ерудің қажеті жоқ себебі ол адамдар,басқалар мен қолымнан келмейді деп айту жатыр шынмен мен қолымнан келмейтін шығар деп ортаның артынан еірудің сол адамдардың сөзіне ерудің қажеті жоқ себебі ол адамдар,0.2,0.046511627906976744,25
train-00002-of-00048_000884,мммм,嗯,1.0,1.0,1
train-00002-of-00048_000885,шынымен факт та айтпайды,шынымен фактты айтпайд,0.75,0.125,4
train-00002-of-00048_000886,олар,ور,1.0,1.0,1
train-00002-of-00048_000887,жиын саған жұқтырғысы келеді болды орта мұсыл адамға әсер етеді,ен саған жұқтұрғыс келеді болды ортақ осылап адамғәсірете,0.7,0.25396825396825395,10
train-00002-of-00048_000888,саған сенетін,саған сенетін,0.0,0.0,2
train-00002-of-00048_000889,ортамен аралас 3 айда өміріңнің қалай өзгеретініне өзің шок боласың,орта мен араласы үш айда өміріңдің қалалай өзгеретіне өзің шоп баласын,0.9,0.1791044776119403,10
train-00002-of-00048_000890,және де сол ортаны мен тоже клубта беремін достар бізде қазақстанның әрбір қаласында барлық,жөнеде сол ортаны мен тожы клуптап берем достар бізде қазақстанның әрбір қаласында барлық,0.35714285714285715,0.07692307692307693,14
train-00002-of-00048_000891,қандай қала бар 10 15 қала бар ма сол қалалардың бәрінде ортамыз бар,қандай қала бар он он бес қала бар ма сол қалалардың бәрінде ортаңыз бар,0.3076923076923077,0.1323529411764706,13
train-00002-of-00048_000892,мен сондай бір мақсатым болған,мен сондай бір мақсатым болған,0.0,0.0,5
train-00002-of-00048_000893,орта жасау орта беру деген,орта жасау орта беру деген,0.0,0.0,5
train-00002-of-00048_000894,сол себепті клубтың бағасын өте арзан еттік бәрі ала алатындай,сол себепті құлыптың бағасын өте арзан еттік бәрілығы ала алатындай,0.2,0.12903225806451613,10
train-00002-of-00048_000895,және де қасына ақша табу бойынша сабақтарды да қосып бердік,жәнде қасын ақшы табу бойынша сабақтарыда қосып бердік,0.6,0.1016949152542373,10
train-00002-of-00048_000896,бізде клубта тематикалық кездесулер болады,бізде клуптау тематикалық кездесулер болады,0.2,0.047619047619047616,5
train-00002-of-00048_000897,жай ғана кездесу емес және де әр кездесу сайын және клубқа келген адамдар,жай ғана кездесу емес жәнеде әр кездесу сайын және клубқа келген адамдар,0.15384615384615385,0.0136986301369863,13
train-00002-of-00048_000898,тек қана білім алып кетпей трансформация алып кетіп қана қоймай өзіме мәңгі қалатын,тек қана білім алып кетпей трансформация алып кетіп қана қоймай өзіме мәңгі қалатын,0.0,0.0,13
train-00002-of-00048_000899,иә өле өлгенше бірге болатын орта толып кетеді понимаете,ә өлелгенше бірге болатын орта талып кетеп панимай де,0.7777777777777778,0.17857142857142858,9
train-00002-of-00048_000900,дос тағып кетеді,دوست آپ کج,1.0,0.9375,3
train-00002-of-00048_000901,дамыйық деген дос тауып кетеді,дамыих дееn dостал ктет,1.0,0.43333333333333335,5
train-00002-of-00048_000902,үшіншіден ол қабілеттер,үшіншіден ол қабілеттер,0.0,0.0,3
train-00002-of-00048_000903,плюс өзіңнің сүйікті ісіңмен айналысу енді біз амал деген этапқа да келдік әрекет деген этапқа келдік,плюс өзіңнің сүйіттәсікімен айналысу енді біз амал деген этапқада келдік әрекет деген этапқа келдік,0.25,0.0594059405940594,16
train-00002-of-00048_000904,қандай әрекет жасаймын деген кезде ақша табу үшін да естественно осы үш ай жазда официант продавец болып жұмыс жасамай тұрып осы видеоны көр,қандай әрекет жасаймын деген кезде ақша табу үшін я естествене осы шай жазда официант продавец болып жұмыс самай тұрып осы видеоны көр,0.21739130434782608,0.05714285714285714,23
train-00002-of-00048_000905,официант продавец жұмысы,أفiцانت pرdeبيتس jmsه,1.0,0.875,3
train-00002-of-00048_000906,жұмысында сен ақшадан басқа,жұмысында сен ақшадан басқа,0.0,0.0,4
train-00002-of-00048_000907,құс құс құс,,1.0,1.0,3
train-00002-of-00048_000908,ал ақша,ал ақша,0.0,0.0,2
train-00002-of-00048_000909,ол тау жұтқан ақшаңның өзі,ол тауып жатқан ақшаңның өзі,0.4,0.11538461538461539,5
train-00002-of-00048_000910,көп нәрсеге жетпейді ғой негізі,көп нәрсеге жүтпейді ой неңгісі,0.6,0.12903225806451613,5
train-00002-of-00048_000911,сол еще сол жетпейтін ақшаны табу үшін қаншама ұйқымен нервпен,сол сол жетпейтін ақшаны табу үшін қаншама ұйқымен нервпен,0.1,0.06451612903225806,10
train-00002-of-00048_000912,жастық шағыңмен уақытыңмен құрбан етесің,жастық шағың мен уақытың мен құрбан етесің,0.8,0.05,5
train-00002-of-00048_000913,понимаете былай айтайықшы,понимаете блайд экшо,0.6666666666666666,0.4,3
train-00002-of-00048_000914,мысалға сен саған мынандай таңдау беріп көрейінші,мысалға сен саған андай таңдау беріп көрейінші,0.14285714285714285,0.061224489795918366,7
train-00002-of-00048_000915,сен саған 1 миллион доллар,сен саған бір миллион доллар,0.2,0.11538461538461539,5
train-00002-of-00048_000916,дәл қазір саған 1 миллион доллар беремін немесе тағы бір күн өмір сүруге мүмкіндік беремін,дәл қазір саған бір миллион доллар беремін немесе тағы бір күн өмір сүруге мүмкіндік беремін,0.06666666666666667,0.03333333333333333,15
train-00002-of-00048_000917,десе сен қайсысын таңдайсың,десе сен қайсын таңдайсың,0.25,0.07407407407407407,4
train-00002-of-00048_000918,сен бір күнді таңдайсың яғни сенің бір күнің 1 миллион доллардан да қымбат болып тұр,сен бір күнді таңдайсың яғни сенің бір күнің бір миллион доллардан да қымбат болып тұр,0.06666666666666667,0.03571428571428571,15
train-00002-of-00048_000919,бірақ сондай қымбат бір күнді сен 5 10 мың теңгеге сатып жатсың,бірақ сондай қымбат бір күнді сен бисонның теңгейге сатып жатсың,0.3333333333333333,0.1111111111111111,12
train-00002-of-00048_000920,бес он мың ақ теңгеге сенің бір күнің кемі миллиондар тұрады,бес он мыңақ теңгеге сенің бір күннің киемі миллиондар тұрады,0.36363636363636365,0.05,11
train-00002-of-00048_000921,сенің уақыттың 24 сағатың кемі миллиондар тұрады,сенің уақыттың жиырма төрт сағатың киімі миллиондар тұрад,0.5714285714285714,0.2916666666666667,7
train-00002-of-00048_000922,сен 5 10 мың теңгеге сатып жатсың,сен бес он мың теңгеге сатып жатсың,0.2857142857142857,0.15151515151515152,7
train-00002-of-00048_000923,енді,енді,0.0,0.0,1
train-00002-of-00048_000924,сондай құнды уақытыңды өте арзанға сатып жатсың негізінде,сондай құнды уақыттыңды өте арзанға сатып жатсың негізінде,0.125,0.017543859649122806,8
train-00002-of-00048_000925,сол уақытыңды сен дамуға шынымен де көбірек дамуға білім алуға жаңағыдай үлкен мақсаттар қоюға кетірсең,сол уақытыңды сен дамуға шынымен де көбірек дамуға білім алуға жаңағыдай үлкен мақсаттар қоюға кетірсең,0.0,0.0,15
train-00002-of-00048_000926,жарайды миллион доллар демей ақ қояйыншы бір күнде хотя бы бір,жүрайті миллион доллар деп ай қояйнш бір күнде хатябы бір,0.5454545454545454,0.1774193548387097,11
train-00002-of-00048_000927,он мың жиырма мың отыз мың таба алатын едім мен шын кейстерді айтайыншы шын өмірде жаңағыдай сен сенімен жасты қыздар бар біздің клубта мысалға он үш жасар,он мың жиырма мың отыз мың таба алатын еліңмен шын кейістерді айтайнш шын өмірде жанағдай сенмен жасты қыздары бар біздің клыпта мысалға он үш жасар,0.3333333333333333,0.1032258064516129,27
train-00002-of-00048_000928,бөрте деген қыз,мүрте деген қыз,0.3333333333333333,0.13333333333333333,3
train-00002-of-00048_000929,он 13 жасында келді 50 мың теңге тапты 13 жасында 15 жасында 100 мың теңге 16 жасында қазір 200 мыңға дейін тауып жатыр айпат алды,он үш жасында келді елу мың теңге тапты он үш жасында он бес жасында жүзм теңге он алты жасында қазір екі жүз мыңға дейін тауып жатыр айпаталды,0.56,0.2846153846153846,25
train-00002-of-00048_000930,хотя ұбт ға дайындалып жатса да,хаття убутуга дайындалып жатса да,0.5,0.1935483870967742,6
train-00002-of-00048_000931,қазір жұмыс істеп ақша тауып жатыр,қазір жұмыс істеп ақша тауы жатыр,0.16666666666666666,0.029411764705882353,6
train-00002-of-00048_000932,яғни үлгеріп жатыр екеуіне де сабағына да жұмысына да,яғни өлгеріп жатыр екеуіне де сабағына да жұмысына да,0.1111111111111111,0.018867924528301886,9
train-00002-of-00048_000933,ал официант продавец болып сен үлгермейсің ғой,ал официан прдевес болып сен үлгермейсің ғой,0.2857142857142857,0.08695652173913043,7
train-00002-of-00048_000934,үлгірсең де жынды боласың ана жерде екі ортада,үлгерсеңде жынды боласыңан жердегекортады,0.875,0.17391304347826086,8
train-00002-of-00048_000935,сол себепті,сол себепте,0.5,0.09090909090909091,2
train-00002-of-00048_000936,құдай қалай,,1.0,1.0,2
train-00002-of-00048_000937,өзіңді тым төмен бағаламаш смо мамандары көбейіп кетті ғой курс көбейіп кетті ғой,өзіңді тым төмен бағаламаш ісамма мамандар көбейіп кетті ғой курс көбейіп кетті ғой,0.15384615384615385,0.06172839506172839,13
train-00002-of-00048_000938,уже қалай табамын мен бәрібір таба алмаймын ғой деп,ол же қалай тамам мен бәрі бір тап алмайм ғой деп,0.7777777777777778,0.21568627450980393,9
train-00002-of-00048_000939,көбейіп кетті деген сөз значит конкуренция өте жоғары деген сөз емес сұраныс жоғары деген сөз,көбейип кетти деген сөз значит конкурренция өте жогары деген сөз эмес сыраныз жогары деген сөз,0.4666666666666667,0.08602150537634409,15
train-00002-of-00048_000940,әйтпесе неге көбейіп жатыр деп ойлайсыздар,айтпесем неге көйбейіп жатар же олейсызтар,0.8333333333333334,0.21428571428571427,6
train-00002-of-00048_000941,сұраныс жоғары болғандықтан,сораныш жуғары булғандыҡтан,1.0,0.18518518518518517,3
train-00002-of-00048_000942,мысалға не үшін бір немесе женская одежданы бірінен кейін бірі ашып жатыр не үшін деп ойлайсыздар,мысалға не үшін бінемесе женскі одежданы бірнегей бір ашып жатыр не үшін деп ол естар,0.5,0.17525773195876287,16
train-00002-of-00048_000943,шынымен де киімге сұраныс жоғары болғандықтан,шынымен де киімге сұраңыс жоғары болғандықтан,0.16666666666666666,0.022222222222222223,6
train-00002-of-00048_000944,магазиндер не үшін күнінде бір барлық үйдің жанында магазин бар не үшін,магазиндер не үшін күннде бір барлық йүйдің жанында магазин бар не үшін,0.16666666666666666,0.028169014084507043,12
train-00002-of-00048_000945,сұраныс жоғары болғандықтан,траныш шоғары болғанта,1.0,0.2962962962962963,3
train-00002-of-00048_000946,мамандар көбейіп жатыр сұраныс өте жоғары болғандықтан,мамандар көбейп жатыр сұраңыс өте жоғары болғандықтан,0.2857142857142857,0.037037037037037035,7
train-00002-of-00048_000947,сол себепті,توز بиتتى,1.0,0.9090909090909091,2
train-00002-of-00048_000948,ааааааа,,1.0,1.0,1
train-00002-of-00048_000949,сіз қазірден үйреніп алсаңыз сізге проект табуға білім алуға кем дегенде 3 күн,сіз қазірден үйреніп алсаңыз сізге проект табуға білім алуға кем дегенде үш күн,0.07692307692307693,0.02564102564102564,13
train-00002-of-00048_000950,максимум екі апта жеткілікті себебі біздің оқушылар,максимум екі апта жеткіліпті себебі біздің оқушылар,0.14285714285714285,0.0196078431372549,7
train-00002-of-00048_000951,үш күнде проект алып жатыр,үш күнде проектауыжөтыр,0.6,0.19230769230769232,5
train-00002-of-00048_000952,үшінші күнде,شمش根ج,1.0,1.0,2
train-00002-of-00048_000953,максимум екі аптада прямо андай іздеп іздеп табам дегендер ал еріншектерді санамаған кезде,максимум екі аптада прямандай іздеп іздеп табам дегендер ал еріншектерді санамаған кезде,0.15384615384615385,0.022222222222222223,13
train-00002-of-00048_000954,еріншіп немесе уақытым жоқ дейтін адамдарды санамаған кезде иә,еріншеп немесе уақытын жоқ дейтін адамдарды санамаған кезде я,0.3333333333333333,0.06451612903225806,9
train-00002-of-00048_000955,сол себепті мен клубта смо мобилография южиси проект рилс блог жүргізу осы 5 сала бойынша ақша табуды,сол себепті мен клубта смм мобилография юgеси проект рилс блог жүргізу осы бес сала бойыншақшы табуды,0.29411764705882354,0.0891089108910891,17
train-00002-of-00048_000956,соңғы рет осы потокта 10000 теңге үйретіп жатырмын және жанында жаңағы даму бойынша эфирлерде болады міндетті түрде,соңғы рет осы подукта он мың темге үйретіп жатырмын және жанында жанағы даму бойынша эфирлері де болатын міндет түрде,0.5294117647058824,0.1391304347826087,17
train-00002-of-00048_000957,жөнде қазақстанның әрбір қаласында оффлайн кездесу орта,жүнде қазақстанның әрбірқаласында офлайн кездесу орта,0.5714285714285714,0.05454545454545454,7
train-00002-of-00048_000958,сол себепті ақша табуды үйрететін сабақтар,сол себепті ақша табуда үйрететін сабақтар,0.16666666666666666,0.023809523809523808,6
train-00002-of-00048_000959,тек соңғы потокта ал біз уже жиырмасыншы маусымда бастаймыз сол себепті,тек соңғы потокта ал біз өже жиырмаысыншы маусымда қастаймыз сол себепті,0.2727272727272727,0.04225352112676056,11
train-00002-of-00048_000960,тіркелу үшін инстаграмдағы,тіркелу үшін инстаграмдағы,0.0,0.0,3
train-00002-of-00048_000961,профильге өтіңіз,профильге өтіңіз,0.0,0.0,2
train-00002-of-00048_000962,ал инстаграмға сілтеме мына видеоның астында,ал инстаграмға сілтеле мына видеоның астында,0.16666666666666666,0.022727272727272728,6
train-00002-of-00048_000963,нақтырақ айтқан кезде бұл клубта,нақтырақ айтқан кезде бұл клубта,0.0,0.0,5
train-00002-of-00048_000964,яғни смм оның ішінде контент банк ұру стратегия анализ бар ма тағы ма клиент табу соның барлығы үйретіледі,яғни самм оның ішінде контент банғұру стратегия анализ барма тағым клиент табуы соның барлығы үйретіледі,0.4444444444444444,0.0660377358490566,18
train-00002-of-00048_000965,және де бонус ретінде мобилография бойынша қалай түсіреміз видеоға қалай монтаждаймыз,жәнеде бонус ретінде мабелография бойынша қалай түсіреміз видеоға қалай монтаждаймыз,0.2727272727272727,0.03529411764705882,11
train-00002-of-00048_000966,риелс та қалай түсіреміз блог та қалай жүргіземіз южиси проект южиси видеоны қалай түсіреміз сол сабақтар бар,рилста калай түсүрөмүз блогта калай жүргүзөмиз южеси проект ижеси видеону калай түсүрөмүз сол сабактар бар,0.8235294117647058,0.1834862385321101,17
train-00002-of-00048_000967,сол себепті достар менің мақсатым ол үлкен комьюнити құру сол себепті бағысу өте арзан,сол себепті нұстар менің мақсатым ол үлкен комюнити құру сол себепті бағысу өте арзан,0.14285714285714285,0.03488372093023256,14
train-00002-of-00048_000968,жиырмасыншы маусым бастаймыз келесі потокта,жиырмасыншы маусым бастаймыз келесі пұтыкта,0.2,0.046511627906976744,5
train-00002-of-00048_000969,уже ақша табу бойынша сабақтарды мен мүлде алып тастаймын,өже ақша табу бойынша сабақтардымен мүлде алып тыстай,0.4444444444444444,0.10526315789473684,9
train-00002-of-00048_000970,себебі достар,себебі достар,0.0,0.0,2
train-00002-of-00048_000971,уже көбірек біз дамуға,ожы көбірекпіз дамуға,0.75,0.18181818181818182,4
train-00002-of-00048_000972,мушлениеге фокус қоятын боламыз,мушленеге фокус қоятын боламыз,0.25,0.03225806451612903,4
train-00002-of-00048_000973,достар,دستر,1.0,1.0,1
train-00002-of-00048_000974,қыздар,خزدار,1.0,1.0,1
train-00002-of-00048_000975,тем более қыз баласы,темболи қыз баласы,0.5,0.15,4
train-00002-of-00048_000976,өзімізді ауыр жұмысқа қимауымыз керек,өзімізді ауыр жұмысқа қимауымыз керек,0.0,0.0,5
train-00002-of-00048_000977,мүлде ақша таппасаң да сен ауыр жұмыс жасамауың керек,да мүлде ақша таппасаң да сен ауыржымшы самауың керек,0.4444444444444444,0.16981132075471697,9
train-00002-of-00048_000978,аружасымды мен отбасыны қалай асыраймын,аржасынды мен отбасыма қалай асыраймын,0.4,0.10256410256410256,5
train-00002-of-00048_000979,десең отбасын сен асырамайсың отбасыңды сені асырайтын сені ризақтандыратын тек құдай ал құдай саған ризақты,десең отбасымды сен асырамайсың отбасыңды сені асырайтын сені ризықтандыратын тек құдай ал құдай саған ризықты,0.2,0.046296296296296294,15
train-00002-of-00048_000980,аспаннан лақтыру аспаннан ақша түсіру керек болса түсіре алады енді аспаннан түсірмейді в прямом смысле яғни,аспаннан лақтыру аспаннан ақша түсіру керек болса түсіре алады енді аспаннан түсірмейд в примом сңісіле яғни,0.1875,0.046296296296296294,16
train-00002-of-00048_000981,олай болмаса былай береді міндетті түрде ақшаны,былай болмаса былай беретім де түрде ақшанов,0.5714285714285714,0.23404255319148937,7
train-00002-of-00048_000982,біз ол туралы жалпы қыс фитраты туралы тоже клубта айтамыз өзіңнің жаңағыдай керісінше,біз ол туралы жалпы қыс фитраты туралы тожы клубты айтамыз өзіңнің жаңағыдай керісінше,0.15384615384615385,0.023255813953488372,13
train-00002-of-00048_000983,андай женственныйстылығыңды нәзіктігіңді сақтай отыра ақша табу туралы тоже көпті айтамыз,андай женственистілығыңды нәзіктігіңді сақтай отыр ақша табуы туралы тожы клупті айтамыз,0.45454545454545453,0.10112359550561797,11
train-00002-of-00048_000984,әйтпесең біз жаман қатты пақыр болып кеттік,әйтпесен біз жаман ғаты пахыр болып кеттік,0.42857142857142855,0.09302325581395349,7
train-00002-of-00048_000985,керісінше одан лучше ой хуже болмаса лучше болып жатқан жоқ одан керісінше одан бітер,керісінше одан утшы ой хужы болмаса утшы болып жатқан жоқ одан керісінше одан беттер,0.2857142857142857,0.10588235294117647,14
train-00002-of-00048_000986,стресс болып срыв болып туф шаршап кеттім деп бәрін тастай салғым келетін моменттер болады ғой,стресс болып срыф болып туы шаршап кеттім деп бәрі тастай сағын келетін моменттер болады ғой,0.26666666666666666,0.05319148936170213,15
train-00002-of-00048_000987,өйтіп өзіңді қинамауға да болады,үйте өзінді қинамауға да болады,0.4,0.125,5
train-00002-of-00048_000988,керісінше қинамаған кезде,кесінше қинамаға гезе,1.0,0.2,3
train-00002-of-00048_000989,өзіңе жеңіл қараған кезде ақша да саған жеңіл келеді оны мен әдемілеп құлыптатуын түсіндіремін,өзіңе жеңіл қараған кезде ақша да саған жеңіл келет оны мен әдемдік құыптатор түсіндіреп,0.2857142857142857,0.13829787234042554,14
train-00002-of-00048_000990,сөйтіп жүргенім келіп тұрады,,1.0,1.0,4
train-00002-of-00048_000991,клубта өте жақсы нәтижелер көрсетіп жатыр,клыпта өте жақсы нәтижелер көрсетіп жатыр,0.16666666666666666,0.04878048780487805,6
train-00002-of-00048_000992,және де мен де сол бір,жөнде мен де сол бір,0.3333333333333333,0.13636363636363635,6
train-00002-of-00048_000993,осы айтып жатырған білімімнің айтып жатырған кеңестерімнің көрінісімін деп ойлаймын сіздерге видео ұнады деп үміттенемін клубқа тіркеліп үлгеріп қалыңыздар егер де бұл видеоны уже жиырмасыншы маусымнан кейін көріп жатырған болсаңыз сонда да ақша табу сабақтары болмаса да клубқа келуге кеңес беремін себебі анау даму бойынша эфирлердің өзі,осы айтып жатырған білімімнің айтып жатырған кеңестерімнің көрінісімін деп ойлай сіздерге видеонады деп өміттенемін клубқа тіркеліп үлгеріп қалыңыздар егерде бұл видеоның оже жиырмасыншы маусымнан кейін көріп жатырған болсаңыз сонда да ақша табу сабақтар болмаса да клубқа келуге кеңес беремін себебі анау даму бойынша эфирлердің өзі,0.19148936170212766,0.029498525073746312,47
train-00002-of-00048_000994,миды жарат,مويدجرت,1.0,1.0,2
train-00002-of-00048_000995,ойыңды өзгертудің өзі саған өте қатты көмектеседі сол себепті тіпті ойыңды өзгертіп жоқ жерден,ойыңды өзгертудің өзі саған өте қатты көмек десек сол себепті тіпті ойыңды өзгертіп жоқ жүрден,0.21428571428571427,0.05319148936170213,14
train-00002-of-00048_000996,жаңағыдай ақша келетіндей етуге болады деп жұмыс істемей ақша келетіндей етуге болады,жанағыдай ақша келетінде етуге болады жұмыс істемей ақша келетінде етуге болады,0.3333333333333333,0.08235294117647059,12
train-00002-of-00048_000997,сенбесеңдер сенбей ақ қойыңдар,сен гисеңдер семлә ҡуйындар,1.0,0.43333333333333335,4
train-00002-of-00048_000998,өздерінің өмірлерің өздеріңнің таңдауларың,өздерінің өмірлерім өздерінің таңдауларым,0.75,0.07142857142857142,4
train-00002-of-00048_000999,бірақ,برق,1.0,1.0,1
train-00002-of-00048_001000,мен оның барлығын бұйырса клубта ойды өзгерту жайлы біз келесі потоктарда,мен оның барлығын бұйырса клыпта уйды өзгерту жайлы діс келес потоктарда,0.36363636363636365,0.0821917808219178,11
train-00002-of-00048_001001,тек қана ойға фокус қоямыз,тек қана ойға фокус қоямыз,0.0,0.0,5
train-00002-of-00048_001002,жиырмасынан әрі қарай потоктарда сол себепті,жиырмасынан әріқарай подукторды сол себепті,0.5,0.11363636363636363,6
train-00002-of-00048_001003,амин,嗯,1.0,1.0,1
train-00002-of-00048_001004,сонда оны тіркелуге кеңес беремін,сонда на тіркелге киңісперем,0.8,0.2727272727272727,5
train-00002-of-00048_001005,пока пока,paka paka,1.0,0.8888888888888888,2
train-00002-of-00048_001006,акиматтың алдын бәрін тауып тастаған халық та сөз айтуға бермейді бәрін алып кетіватыр он шақты адамнан жиналса сразу алып кетіватыр,акиматтың алдының бәрін дауыт бастаған халықта сөз айтуға бермей бәрін алып кетілатыр оншақта адамнан жиналыс астыралы алып кетіпатыр,0.6,0.14393939393939395,20
train-00002-of-00048_001007,арадан мен ақсақалдан сұрақ сұрағым келіп тұр ақсақал сіз қалай ойлайсыз мына жерде бүгін тойшылыққа кіре алмай жатырқ мысалы халық өзінің,нарада ақсақалдан сұрақ тұрағымгер тұр ақсақал сқала өлейсіз на жерде бүгін тойшыққа кере алмай жатыр мысалы қал өзінің,0.5714285714285714,0.21014492753623187,21
train-00002-of-00048_001008,сөзін айта алмай жатыр бір 10 15 адам жиналса сразу бәрін тек машинаға қолдарын қайырып алып кетіватыр,сөзін айта алмай жатыр бұр он он бес адам жиналыста сыразы бәрін тек машинаға қолдарын қайырып алып кетіплатыр,0.4117647058823529,0.14705882352941177,17
train-00002-of-00048_001009,алай өлесіз,هللس,1.0,1.0,2
train-00002-of-00048_001010,неге істеуге болады сізге,л,1.0,0.96,4
train-00002-of-00048_001011,қаншамаған,ه生了,1.0,1.0,1
train-00002-of-00048_001012,тағы рақмет аға,araspegas,1.0,1.0,3
train-00002-of-00048_001013,осындай жағдай ешкімді кіргізбейді,болсыдай жағдай ешкімде кір көрбейді,1.0,0.23529411764705882,4
train-00002-of-00048_001014,дұрыс емес пе еді,dاف mፈد,1.0,0.9411764705882353,4
train-00002-of-00048_001015,мысалы адамның басы көзініксізсе,isاldadamnыbas foss,1.0,0.9375,4
train-00002-of-00048_001016,бәрін қолдарын қайырып алып кетіп жатыр ағайым,бәрін қолларын қайрып алып кетіп жатыр ағайым,0.2857142857142857,0.043478260869565216,7
train-00002-of-00048_001017,міне халықтың мұқтажы осындай,міне халықтың мұқтажы осындай,0.0,0.0,4
train-00002-of-00048_001018,сөйтіп отырмын,,1.0,1.0,2
train-00002-of-00048_001019,ол сарыағым ол сарыағым былай ғой бұл үкіметтің саясатын тұрып оңай тұрып,ол сарағым болай қой бұл үкіметтен саясасы тұрып моңайтұрп,0.75,0.3013698630136986,12
train-00002-of-00048_001020,ну,نn,1.0,1.0,1
train-00002-of-00048_001021,сайлап алған сайланды деп айтады ғой енді бұл мысалы сайлаған жоқ бұл шын әлгі абылай айтқан дәл келді мейбель деп бүгін ойлаған менің,сайлап алған принт сайланды деп айтады ғой бұнысалып сайлаған жоқ бұл шын әле авляем айтқан дәлгеді мейбель деп бүгін ойлағаны мені,0.43478260869565216,0.20149253731343283,23
train-00002-of-00048_001022,бүгін халық жиналады ағасыздың,бүгін халық жиналады ағатылдың,0.25,0.06666666666666667,4
train-00002-of-00048_001023,муәжжән өз өснәр,معجانزسناك,1.0,1.0,3
train-00002-of-00048_001024,қарсылықтарын білдіреді айтады деген,қарсылықтарын білдіреті айтасық деген,0.5,0.08333333333333333,4
train-00002-of-00048_001025,кеше анау тоқаев президенттің өзінің әйелі төрт күннің ішінде осылай өліп қалды дейді ол төрт күннің ішінде қалай ол экспертиза дәлелдейді,кеше анау тоқаев президентсі өзінің аыс делдір ғо төрт күннің үшінде осылай өріп қалды дейді ол төрт күннің ішінде қалай ол экспертиза дәлелдейд,0.3333333333333333,0.10869565217391304,21
train-00002-of-00048_001026,тексерілетін нәрсе одан кейін,тексерлетн нәрсе онан кейин,0.75,0.13793103448275862,4
train-00002-of-00048_001027,бұл кісі міне анау назарбаевтың айтқанын айтқанын орындап отырған кісі болды ол кісі,бұл кісі міні анау назарбаевтың айтқанын айтқанын орындап отырған кісі болды,0.23076923076923078,0.10714285714285714,13
train-00002-of-00048_001028,ал енді мынау деген сұмдық келіңіз,ан енді мұна деген сындық келебіз,0.6666666666666666,0.20588235294117646,6
train-00002-of-00048_001029,жан жақты түгел қоршап тастаған автобустар жүргізбейді тоқтатпайды әне қаншама жігіттер қайтып жатыр енді еріксіз ұстағанда ұмытып әкетіп жатыр,бұна аыыы діректер жан жақта көбе қошап тұсаған авкобздар жүбелбейт коқтаспайды әні қаншама жігіттер қайтып жатыр енді ері ұстағандан ұстап әкетіп жатыр,0.7368421052631579,0.3356643356643357,19
train-00002-of-00048_001030,міне бұл биліктің істеп отырғаны бұл халықтың жағдайын ойлап отырған билік жоқ бұл халықтың,міні бұл биліктің істеп отырғаны бұл халықтың жағдайын ойлап отырған билік жоқ бұл халықтың,0.07142857142857142,0.01098901098901099,14
train-00002-of-00048_001031,қазақ халқын қазақ халқын,қазақ халқын қазақ халқын,0.0,0.0,4
train-00002-of-00048_001032,сосынды ойлап отырған,сосынды ойлап отырған,0.0,0.0,3
train-00002-of-00048_001033,бұл қалмақтың ісі,لوpامافن س,1.0,0.9411764705882353,3
train-00002-of-00048_001034,бұл нағыз барып тұрған қалмақтың өзі болды шынында да,бұл нағыз барып тұрған қаллақтын өрі бол шындада,0.5555555555555556,0.1509433962264151,9
train-00002-of-00048_001035,кейіндің ойланбасы еді ғой құдай аға,听就到现要话,1.0,1.0,6
train-00002-of-00048_001036,ой,ي,1.0,1.0,1
train-00002-of-00048_001037,ой,我,1.0,1.0,1
train-00002-of-00048_001038,әлгі тіл қосалқы тіл болғанда ың да түсінбеген дың да түсінбейді деп қазақта әлі тұра тұсаңдаршы мен қатырамын әлі тіл болса президент дұрыстаймын қазағымды да дұрыстаймын деген,алда тіл қосалқы тіл боғанда ымды түсінбеген дында түсінбейт деп қазақта әл тұраты соңдаш мен қатырағым әлі мен оса кілді де дұрыстайм қазақымды да дұрыстайым деген,0.6666666666666666,0.21468926553672316,27
train-00002-of-00048_001039,дұрыстаған түрі де жоқ пайдалы да жоқ мінез қандай сыйлық алыс берді,достаған түгіде жоқ тайсанымда жоқ мәнес қандай селгі алысперді,0.75,0.25,12
train-00002-of-00048_001040,апталдай азаматты өлтіріп тұрады неге өлтіріп тұрады оны,astaldasamat trsd mig trsed,1.0,0.9464285714285714,8
train-00002-of-00048_001041,енді көпбалалы адамдар екінші күні мына митингге шығамыз деп жатсақ сол үшін мен өзімнің ойым сол үшін бұл ағарлып алып ұнтықтады,енді кок олаландары екіші күі мына мізеңге шығамы деп жатта сол үшін мен өзімнің ойым сол үшін бұлағардылал өлтір птаты,0.5238095238095238,0.2558139534883721,21
train-00002-of-00048_001042,лидерлерінен айыртты лидер жоқ болғаннан кейін міне көрдіңіз келіп келіп жан жақтан жүрген менде жүрген қаншама адам,лидерлерімне майыртса лидер жоқ боғандан кейін мін көрінді келіп келіп данжақтан жүріді қағамда мен де жүрдің қаншама адам,0.6470588235294118,0.25,17
train-00002-of-00048_001043,сөйтіп,فير,1.0,1.0,1
train-00002-of-00048_001044,бірі кетіп барады кетіп барады енді не істейді,منك فرت ك فر كي مشت,1.0,0.8913043478260869,8
train-00002-of-00048_001045,жүрген елді апарып тұрып жан жағын бірге көрсетіп салған,غ,1.0,1.0,9
train-00002-of-00048_001046,ол сұмдық айнұр сұлтан деп қой енді болды,о шұнды әй нұрсұлтан ер қой енді болды,0.625,0.21951219512195122,8
train-00002-of-00048_001047,бір аяғың көкке бір аяғың жерде ертең ол үйге барғанда не істейсің сен айтшы не істейсің,біраяғың көбді біраяғың жерде эрткен облига барғанда инестительде найч инеститель,0.875,0.3977272727272727,16
train-00002-of-00048_001048,сұрайды ғой алла сұрайды бәріміз әуелетіміз,rاdغوي اللهrاي بerمduلeكم,1.0,0.9534883720930233,6
train-00002-of-00048_001049,өлетін жанға біреудің бәрі өлең,تجق بلل برل,1.0,0.9354838709677419,5
train-00002-of-00048_001050,ай сені сөндірмейді қазақтың жеріне сен бекер салып жатырсың ана сен сондағы,ай сені төңдірбей қазақтын жерде сен беке салдасын ааткесондара,0.75,0.3157894736842105,12
train-00002-of-00048_001051,пантьонында ол жерде қаржы беріп жатыр бүгінбе жатыр,панкионымда өзерді қақазылеріп жатыр гөгомбой жатыр,0.75,0.36538461538461536,8
train-00002-of-00048_001052,атақты аулай жатыр сендей арамды ол жерге жатқыздырып қайт қазақ халқы есіңде болсын сенің жатқызғаның болды көңіл болып ертең масқараңды тұрған сен өзің өліп қалғаннан кейін де қазақ халқына қысығыңды тигізетіп астананың атынан өлтіру керек көшелердің атынан өлтіру керек сен өлгеннің ұзында міне қаншама осының бәрін,атақты аблай жатыр сендей арамды өжеге жатқыз тұртпайды қазақ халқ есінде босын сен жатқызғанның өлды көміа берте масқараны тұра сен өзі өріпқағаннан кейінде қазақ халқыны қысығынды тигізетін астананың атынаы сыру керек көчелердің атылаы ср керек сен өлгеннің олында мін ханшыма осының бәрі,0.717391304347826,0.18867924528301888,46
train-00002-of-00048_001053,шыққан жаққа түтін тигізіп жатырсың,,1.0,1.0,5
train-00002-of-00048_001054,ойлан,ولن,1.0,1.0,1
train-00002-of-00048_001055,бұл билік өмір бойы қолында тұрмайды өйтсе бәрі ашылады мен келіп отқанымда да үй бастама сенсіз оның барлығы ел айтып жүр мен емес ал енді менің басымды кешіріватам да тіл кеспең жоқ айтатынымды айттым менің арманым жоқ,бұл биліп өмір ғойы қолында тұрмайды ертен бәрі ашылап мен кел тоқтаымды да ұынбақтаңа сенси осы оны бәрдіқ ел айтым жүр менеңіс ал енді менің басымды келті асам да тілкекпек жоқ айтатымды айттым мені арманым жоқ тотарда ақында несезде ол істесе,0.6756756756756757,0.35909090909090907,37
train-00002-of-00048_001056,мен достар бүгін мен сіздердің болатынмын мен исмағали әділет бүгін мен сіздерге көз жүрген ойын,ендостар бүгімен сіздердің болатынмен есімағалде әділет бүгінмен сіздерге кілшүрел ойын,0.7333333333333333,0.19791666666666666,15
train-00002-of-00048_001057,мына өзімді экологиямен өту керектігін көрсетемін,мыны ол сындый калодеме ұзу керектігін көрсетемін,0.8333333333333334,0.3469387755102041,6
train-00002-of-00048_001058,ол үшін өздеріңіз көріп тұрғандай қалада қажет болады егер сіздерде план менен дракон жоқ болса оның орнына дракончик қоюға болады ал біз бастаймыз,олушун өздеріңізге ортуп тургандай калада кажет болады егер сиздер де пламенен дракон жок болса онун оруна дракончык коюға болоды ал биз бастаймыз,0.7391304347826086,0.17687074829931973,23
train-00002-of-00048_001059,мысқақа,زقزمز,1.0,1.0,1
train-00002-of-00048_001060,қытай ойыншысы екен,қытай қойын түстекен,0.6666666666666666,0.3157894736842105,3
train-00002-of-00048_001061,оның кланы жәуен,وne كlama جogen,1.0,0.875,3
train-00002-of-00048_001062,енді сіз сексендік қарап отбай,endi siz seksanziki qara otpoy,1.0,0.9,5
train-00002-of-00048_001063,пам мен драконы қойып жіберсеңіздер болады,қам мин драканы қойып жүрсеңіздер болады,0.6666666666666666,0.14285714285714285,6
train-00002-of-00048_001064,міне калдым,م你klم,1.0,1.0,2
train-00002-of-00048_001065,хазза осы оруын кесірді,азда осы ұрун кетірді,0.75,0.21739130434782608,4
train-00002-of-00048_001066,хогерия қараса,هاكير يغرسا,1.0,0.9285714285714286,2
train-00002-of-00048_001067,ордоминьон ғой негізі достарыммен сіздерге айтсам ордоминьонның пайдасы өте зор,орда минион қойды негизги достармесиздерг айтсам орда минионны пайдасы өте зор,0.7,0.24050632911392406,10
train-00002-of-00048_001068,айтин орыс,kin war,1.0,0.9,2
train-00002-of-00048_001069,бір реттен ұрғанның өзінде недегі қанша урон алады,бір беттен ұрғанның өзінде неделен қанжа оран алады,0.5,0.14,8
train-00002-of-00048_001070,иә біз үйсіп үйсіп ведьмага қараса ведьманы қойдық,йә біз үсеп өсіп федемоға қарсы ведемоны қойдық,0.75,0.26,8
train-00002-of-00048_001071,ол бізге пепка қойды,وa بذgي بيككaقويdة,1.0,0.9,4
train-00002-of-00048_001072,пеккаға қараса біз баламаны тарапқа құру за миллион жібердік,теткага карсы биз парламентракун урда милион жибердик,1.0,0.4,9
train-00002-of-00048_001073,кекканы бір сәтте ұр жойып тастады,еkgani bir satdе orz oyuпsadı,1.0,0.8235294117647058,6
train-00002-of-00048_001074,неге біз,كي بز,1.0,0.875,2
train-00002-of-00048_001075,сұпыр машинасын алдық десек те болады,bir maшhinasiн aldыq desеkdе бo ladi,1.0,0.7837837837837838,6
train-00002-of-00048_001076,иә айтпақшы алдық,يعد عبخش ألغ,1.0,0.9411764705882353,3
train-00002-of-00048_001077,ол қартылыс мұнша ойнай алмайды екен,qرtas мnca وynaيaمدеkan,1.0,0.8888888888888888,6
train-00002-of-00048_001078,үнемі деген біз осыны байқадық,үнә ямай декен біз осынбай хадық,1.0,0.3333333333333333,5
train-00002-of-00048_001079,небіз үстіп,nibizis,1.0,1.0,2
train-00002-of-00048_001080,бірден нөл есебімен ұтып жеңіске жеттік ал сау болыңыздар,бірден нөл есебімен ұтып жеңіскі жеттік ал сауылыңыздар,0.3333333333333333,0.07017543859649122,9
train-00002-of-00048_001081,жалпы эстрада деген сөздің өзі мынау француздың,жалпы эстра дерген сөздің өзі мынау француздың,0.2857142857142857,0.06382978723404255,7
train-00002-of-00048_001082,мынандай бір,منديبر,1.0,1.0,2
train-00002-of-00048_001083,подиум,pودوم,1.0,1.0,1
train-00002-of-00048_001084,деген сөзінен шығады негізі,де сөзінен шығат негізі,0.5,0.18518518518518517,4
train-00002-of-00048_001085,ал эстрадалық әнші деген жалпы эстрада өнері ол мынау танымал ойын сауық сипаттағы сол өнердің бір түрі негізі,ал эстрадалық әнші деген жалпы эстрада өнері ол мынау танымал ойын сауық сипаттағы сол өнердің бір түрі негізі,0.0,0.0,18
train-00002-of-00048_001086,сосын жаңағы жеңіл деген сөзге келейік ол мынау алпысыншы жылдарда мынау классиктер дейміз жаңа симфонистік оркестрдің музыканттары сосын және джазовый музыканттардың анау содан әннің бөлек шыққан кездегі вокалды аспапты ансамбльдер құрыла бастаған кездегі,сосын жаңа жеңіл деген сөзге келей ол мынау алпыс ыншы жылдарда мынау классиктер дейміз жаңа симфонискі оркестрдің музыканттар сосын және жазыы музыканттардың содан әнінің бөлек шыққан кездегі вокалды аспапты ансамбльдер құрыла бастаған кездегі,0.2727272727272727,0.0703125,33
train-00002-of-00048_001087,енді төмендетіп кемсітіп айтқан сөз негізі жеңілдеу музыка деп бірақ осы жеңіл музыканың арқасында әлемді жаңағы аузына қаратыватқан елдер содан саясат жасады,енді төмендетіп кемістіп айтқан сөзі негізі жеңілдеу музыка деп бірақ осы жеңіл музыканың арқасында әлемді жаңағы аузына қаратып отқан елдер содан саясат жасады,0.18181818181818182,0.0379746835443038,22
train-00002-of-00048_001088,түсіндіңіз бе сол саясаттың арқасында өздерінің тілдерін басқа халықтарға сіңіре білді,түсініңіз ба сол саясаттың арқасында өздерінің тілдерін басқа халықтарға сіңіребілді,0.36363636363636365,0.03488372093023256,11
train-00002-of-00048_001089,сол кездерде бізде жамбыл атындағы филормонияда мемлекеттік филормонияның жанынан,сол кездерде бізде жамбыл атындағы филармонияда мемлекет филармонияның жанынан,0.3333333333333333,0.06172839506172839,9
train-00002-of-00048_001090,казахконцерт жаңағы концерттік бірлестігі құрылды,қазақ концерт жаңағы концерттік бірлестігі құрылды,0.4,0.061224489795918366,5
train-00002-of-00048_001091,содан кейін қазақконцерт сол бірлестігінің ішінде екі жылдық,содан кейін қазақ концерт сол бірлестігінің ішінде екі жылдық,0.25,0.016666666666666666,8
train-00002-of-00048_001092,студия ашылды эстрадалық студия түсіндіңіз бе ал олардың мақсаты сол шалғай жатқан елді мекендердегі талантты балдардың бәрін теріп әкеліп сол жерге оқытып қазақи эстраданы аяғына қою керек болды сол түбі сол жақта жатыр негізі енді өзіңіз ойлап қараңыз мысалға дос мұқасан мынау біздің жаңағы мемлекеттік мынау жаңағысарайында қазір республика сарайы деп аталады сол жерде концерт берген кезде,студия ашылдыэстрадалық студи үізл олардың мақсаты сол шалға жатқан елді мекендердегі талантта балдардың бәрін теріп әкеліп сол жерге оқытып қазаи эстрадны аяынақою керек болдысол түбі сожақта жатырнегізі ендіөзіізойлаараыз мысалға досмаасан ыбзі жа мемлекеттіксарайында епл сарайыде аталаы сол жерде концерт берген кезде,0.6140350877192983,0.19035532994923857,57
train-00002-of-00048_001093,қазақтардың сол концертке келіп студенттердің ол кезде қазақ саны алматыда аз тұғын,қазақтардың сол концертке келіп студенттердің ол кезде қазақ саны алматы да аз тұғын,0.16666666666666666,0.012048192771084338,12
train-00002-of-00048_001094,сол студенттердің басы бірігіп келіп сыймағандықтан соның жаңағы терезесі шағылып сондай үлкен не болған резонанс болған,сол студенттердің басы біргіп келіп сыймағандықтан соның жаңағы ерезесі шағылып сондай үлкен резонанс болған,0.25,0.1,16
train-00002-of-00048_001095,неге қазақтар жиналып қалды деген енді неге қазақтар жиналмау керек ол жерге өйткені әр жерде жүрсе мысалға да қазақша сөйлеуге болмайды қазақша айтпаңдар орысша не қылыңдар деген сөздер шықты да саясат сол кезде қазақтар қай жерге барып қазақша өлең тыңдап ауылың сенің іргеліңе мысалға да жаңағы жаңадан шыққан әндерді ты,неге қазақтар жиналып алды деген енді неге қазақта жиналма кере ол жерге өйткені әр жерде жүрсе мысағата қазақша сөйлегі болмай қазақшатпаңдаорышаеылыңдар еен сөздершыы а саясат сол кезде қазақтар қай жерге барып қазақша өлең тыңдап аулың сенің іргеліне мысалғата жаа жаңадан шықан әндеі тыңдап қай жерде олар өзінің басын біріктіреді мысалғата сол кезде,0.68,0.30030959752321984,50
train-00002-of-00048_001096,жаңағы қайысқан ел болып мысалға адам жұрт көбейіп мысалға да қазақтардың рухы көтерілетіндей сондай бір жақсы жер болды,жаа қайсхан ел болып мысалға адам жұрт көбейіп мысалға да қазақтардың рухы көтерілетіндей сондай бір жақсы жер болды,0.1111111111111111,0.041666666666666664,18
train-00002-of-00048_001097,көрдіңіз бе жаңа жеңілдеп тұрған музыкаңыз вокалды аспапты дос мұқасан ансамблінің,көрдіңіз ба да жаңа жеңілдеп тұрған музыкаңыз вакалдаспапты досмұқасан ансамблінің,0.5454545454545454,0.0975609756097561,11
train-00002-of-00048_001098,қазақ эстрадасында қосқан зор үлесінің ең шыңы деп мен солай айтар едім мысалға да ал оны әрі қарай кететін болсақ мысалға ол енді жаңағы ахмет жұбановпен байланысты өзіңіз бастадыңыз ғой әңгімені,қазақ эстрансында қосқан зор үлесінің ең шыңы деп мен солай айта деді мысалға та ал оны әрі қарай кететін болсақ мысалға ол енді жаңағы ахмер жұбановпен байланысты өзіңіз бастадыңыз ғой әңгімені,0.16129032258064516,0.03571428571428571,31
train-00002-of-00048_001099,ахмет жұбановтың оркестрі құрылып отыз алтыншы жылғы мәскеудегі онкүндікке баруы біздің операның баруы ол жерге сосын жаңа ақын жамбылдардың баруы дина нұрпейсалардың баруы,ахмет жұбановтың оркестрі құрылып отыз алтыншы жылғы мәскеудегі он күндікке баруы біздің операның баруы ол жерге сосын жа ақын жамбылдардың баруы дина нұрфицолардың баруы,0.17391304347826086,0.046511627906976744,23
train-00002-of-00048_001100,ол біздің қазақ ол кезде біз автономия тұғынбыз иә қазақ автономиялық жаңағы советтік жаңағы социалистік республикасы тұғынбыз сол жерге барып,ол біздің қазақ ол кезде біз автономия тұғымыз қазақ автономиялық жаңа советтік жаасоциалистік республикасы тұғымыз сол жүрге барып,0.35,0.09859154929577464,20
train-00002-of-00048_001101,сол осы барған үлкен жаңағы делегацияның басшысы болып темірбек қараұлы жүргеновтің баруы соның басы қасында болуы онкүндікте біздің егеменді ел бола алатын алатынымызды біздің түбіміз өте жаңағы өте тереңде жатқанын көрсетіп,сол осы барған үлкен жаңағы делегацияның басшысы болып темірбек қара ұлы жүргентің баруы соның басқасында болуы он күндікте біздің егеменді ел бола алатынымызды біздің түбіміз өте тереңде жатқанын көрсетіп,0.3225806451612903,0.10666666666666667,31
train-00002-of-00048_001102,онкүндіктің ішінде концерттен кейін,он күндіктің ішінде концерттен кейін,0.5,0.02857142857142857,4
train-00002-of-00048_001103,біздің автономия деген сөзді алып тастауының өзі ол үлкен саясат сен кеше мына досым қасағының 55 жылдығы,біздің автономиядігін сөзді алып тастауының өзі ол үлкен саясат жн кеше мына досмықасаның 5лу бес жылдығы,0.35294117647058826,0.14285714285714285,17
train-00002-of-00048_001104,бұл дүние,,1.0,1.0,2
train-00002-of-00048_001105,е,一,1.0,1.0,1
train-00002-of-00048_001106,өздері де өлең айтты мысалы өздері айтты ғой насихаттады ғой сейдолла бәйтерековтің жандосынның өзін ермек серкебаев кәдімгідей масаттанып айтты,өздерде өлең айттыыөздері айттығо насихаттады ғой сейділа бәйтіреквтің жандосының өзін ермек серкебаев кәдімде масаттанып айтты,0.5789473684210527,0.13194444444444445,19
train-00002-of-00048_001107,кеңестің өлеңдерін өмір өмір деген өлеңдер мысалға,кеңестің өлеңдерін өмір өмір деген өлеңдернің соғаты,0.2857142857142857,0.16,7
train-00002-of-00048_001108,мелодияға барып мәскеуге барып еще жаздырды и сол жерден кәдімгідей үлкен баға алды мысалға да жаңағы эстрадамен байланысты әңгіме ғой енді жаңағы өзіңіз айтывотқандай,мелодияға барып мәскеуге барып еш жаздырды и сол жерден кәдімде үлкен баға алды мысалғата жаңағы эстрадамен байланысты әңгіме ғой енді жаңаы өзіңіз айтып жотқандай,0.2916666666666667,0.0658682634730539,24
train-00002-of-00048_001109,барлығы эстраданың төңірегінде қимылдай бастады содан кейін енді өзіңіз ойлап қараңыз мысалға ол тарихты айтты ма екен ол болған оқиғаны мысалға досым сүлейхов ағам мына мұрат құсайыновпен бірге біз әңгімелескен кезде мынандай бір әңгіме шықты,бәрліғы эстрадының төңірегінде қимылдай бастады содан кейін саата енді өзіңіз ұлеқ параңыз мысалға ол тарихты айттым екен ол болған оқиғаны мысалға дос мүсілеев ағам мына мұрат құсайиновпен бірге біз әңгімелескен кезде мынандай бір әңгіме шықты,0.2857142857142857,0.09465020576131687,35
train-00002-of-00048_001110,мынау тоқсан бесінші жылдары шешен мен орыстың соғысы болған кезде бір орыстың жігіті жаңағы тұтқынға тұтқынға түседі де шешен айтады ату керек дейді сол кезде бір шешенге айтады жаңағы үлкен бастығы барып ана қамыстың арасына апарып атты ұста дейді,мынау тоқсан бесінші жылдары шешен мен орыстың соғысып алған кезде бір орыстың жігіті жаңағы тұтқынға түсет пе шешен айтаты ату керек дейді сол кезде бір шешенге айтады жаңа үлкен бастығы барып ана қамыстың арасына парып аттыста дейді,0.2564102564102564,0.08433734939759036,39
train-00002-of-00048_001111,сол бара жатқан кезде енді барлығы енді араласып жүрген адамдар ғой енді бір бірін білгенмен бірақ анау енді жау барлығы ресейдің территориясында болыватқан дүние,сол бар жатқан кезде енді бәрліғы енді араласып жүрген адамдар ғой енді бір бірін білгенмен бірақ анау енді жау бәрліғ ресейдің территориясында болып жатқан дүние,0.20833333333333334,0.05555555555555555,24
train-00002-of-00048_001112,а сол кезде айтады сен қаяқтансың дейді өзің бір соңғы бір нең бар ма дейді сөзің бар ма дейді сөзің бар ма өлім алдында сосын айтады мен қазақстаннанмын дейді орыс айтады сосын шешенді айтады мен де қазақстаннан туғанмын дейді,сол кезде айтаты сен қаяқтансың дейді өзің бір соңғы бір нең бар ма дейді сөзің барма дбөлем алдында сосын айтаты мен қазақстаннанмын дейді орыс айтатын сосын шешін ата мен де қазақстан туғанмын дейд,0.38461538461538464,0.15418502202643172,39
train-00002-of-00048_001113,сен қазақстанда тусаң қазақша білесің бе дейді,сен қазақстанда тусаң қазақша білесің ба дейді,0.14285714285714285,0.021739130434782608,7
train-00002-of-00048_001114,сосын енді білемін дейді,сست بіلеمديت,1.0,0.8333333333333334,4
train-00002-of-00048_001115,бір екі ауыз сөз айтады мен қазақша әнін білемін дейді,бірек ау сөз айтап мен қазақша әнім білемін дейтін,0.6,0.16666666666666666,10
train-00002-of-00048_001116,қандай әнді білесің дейді сөйтіп ол той жүргенін айтып береді,қандай әнді өлесінде сүйтіп бол той жұрын айтып береді,0.5,0.22950819672131148,10
train-00002-of-00048_001117,өзіңіз ойлап қояңызшы адам өлейін деп тұр міне иә той жырын өлеңін айтып келгеннен кейін сосын анау айтады екеуі қосылып сол жерде анау шешен екеуі қосылып сол той жырын айтады,өзіңіз өлеп құраңызші адам өлендіріп тұрміне той жүрін өлеңін айтып бергеннен кейін сосын анау айтады екеуі қосылып сөзіпті анау шешен екеуі қосылып той жүрін айтады,0.43333333333333335,0.19886363636363635,30
train-00002-of-00048_001118,содан кейін айтады енді мен аспанға атамын дейді сен енді шешесінің ана келмейтін не болып қаш дейді сөйтіп адам тірі қалады әннің арқасында аха бұның қай жерде жеңілдігі бар сонда керемет дүние бір әннің құдіреті мысалға,содан кейін айтат енді мен аспанға танбийд сен енді шешен сынаға келмейтін де боқып қаш тейд сүйтіп адам тіріқалады әннің арқасында бұның қайжерде жеңілдігі бар сыңда бір әннің құдіреті мысалға,0.4722222222222222,0.19457013574660634,36
train-00002-of-00048_001119,нұрғұй сәтіле иә нұрғұй сәтіле,درغ ست درغی ساتلی,1.0,0.9,5
train-00002-of-00048_001120,ойбой же,اوش ووئے وے,1.5,1.25,2
train-00002-of-00048_001121,менің ойымша,من我ش,1.0,1.0,2
train-00002-of-00048_001122,бұл жерде мынандай не бар,d lnd нiвr,1.0,0.88,5
train-00002-of-00048_001123,ұйым бар,يمبر,1.0,1.0,2
train-00002-of-00048_001124,жаңағы өздерінің ойын шығармайтындай,жаңағы өздерінің ойын шығармайтындай,0.0,0.0,4
train-00002-of-00048_001125,ұйымдар болғанына мен сенемін негізі өйткені мәскеудегі жас тұлпарды айтайық ол да соның мәскеудің төрінде тұрып тұрып жаңағы мұрат әуезов солардың бәрін ұйымдастыру оларға барып мұхтар әуезовтің барып лекция оқуы мысалға да жастарға кейін мына елу жылдығында жас тұлпардың мен проректор болып жұмыс істеватырмын жүрген академиясында,ұйымдар болғанына мен сенем негізі өйткені мәскеудегі жастұлпарды айтайық олда соның мәскеудің төрінде тұрып тұрып жаңа мұрат әуезі солардың бәрі ұйымдастыруы оларға барып мұхтар әуезіптің барып лекция оқуы сағаты жастарға кейін мнау елу жылдығында жастұлпардың мен проректор боп жін істеп атырм жүрген академиясыңда,0.43478260869565216,0.0960960960960961,46
train-00002-of-00048_001126,сол кезде,солgезде,1.0,0.2222222222222222,2
train-00002-of-00048_001127,келіп елу жылдығын сол жүргеновке қай елу жыл бұрын,келіп елу жылдығы сол жүргеніпке елу жыл бұрын,0.3333333333333333,0.13725490196078433,9
train-00002-of-00048_001128,отырыс болған жерде сол жерде елу жылдан кейін келіп жаңағы сол залда болып театрда болып жүрген академияның ішіндегі сол кезде мынандай сөзді айтты,отырыс болған жерде сол жерде елу жылдан кейін келіп жаңа сол залда болып театрда болып жүргені академияның ішіндегі сол кезде мынандай сөзді айтты,0.08695652173913043,0.02027027027027027,23
train-00002-of-00048_001129,не істеу керек,не стӱгрек,0.6666666666666666,0.42857142857142855,3
train-00002-of-00048_001130,жақсы ән арқылы жақсы марш арқылы сол кезде шәмші қалдаяқовтан келіп мен,жақсы ән арқылы жақсы марш арқылы сол кезде шәмшықалдаяқыптын келіп мен,0.16666666666666666,0.06944444444444445,12
train-00002-of-00048_001131,болашақ гимн жаздым деуі кейін жылдар өткеннен кейін ол гимннің болуы мысалға да түсіндіңіз бе оны кім аузына салып тұр мысалға да өйткені біз түбіміз тереңде жатқан халықпыз соны ойлаймын сол кездегі жаңағы мына бүгінгі гимннің шығуы мысалға менің елім менің жерім деп мысалға да шығуы оны ұрандатып жастардың барып шығып сол содан кейін жаңа,болашақ гимн жазымдеуі кейін жылдар өткеннен кейін ол гимнің болуы мысалғатүсііңіз ба оны кім аузына салып тұрмысалғат өйткені біз түбіміз тереңле жатқан халықпыз соны ойлай сол кездегі жаңағыы бүгінгі гимнің шығуы ыменің елім менің жерім деп мысғшыуы оны ұрандатып жастардың барып шығып содан кейін жаңағы лксм барвлксміар солар көріп жастар көргеннен кейін айтқан жоқ,0.5636363636363636,0.30029154518950435,55
train-00002-of-00048_001132,орнында тұра берсін халыққа олай тиіспей ақ қояйық,орында тұра берсің халыққа олай тиіспеяқ қояқ,0.625,0.14,8
train-00002-of-00048_001133,мысалға да ол жаңағы титығына тиіспей ақ қояйық деп сол кезде де мысалға содан кейін мен ойлаймын алпыс алтыншы жылы шалқар радиосы ашылды шалқардың ашылуы,мысалғата ол жаңа титығына тиіспе қояқ деп сол кезде де мысалға содан кейін мен ойлайм алпыс алтыншы жылы шалхар радиосы ашылып ышалхардың ашылуы,0.4,0.10967741935483871,25
train-00002-of-00048_001134,ол,وو,1.0,1.0,1
train-00002-of-00048_001135,біздің мемлекеттердің жаңағы жатқан ар жағында жатқан қазақ жаңағы қазақ қоғамдарына солардың жетуі жаңағы не арқылы жаңағы толқын арқылы толқынады да өзіңіз ойлап қараңызшы,біздің мемлекеттердің жаңағы жатқан ар жағында жатқан ққжаңағы қазақ қоғамдарына солардың жетуі жаңа не арқылы жаы толқын арқылытанаты өзіңіздіроқ параңызсы,0.4166666666666667,0.15028901734104047,24
train-00002-of-00048_001136,таза қазақша болуы шалқардың,таза қазақша болуы шалһардың,0.25,0.03571428571428571,4
train-00002-of-00048_001138,түсіндіңіз бе,сіنіңіز بа,1.0,0.5384615384615384,2
train-00002-of-00048_001139,әнін мысалға нұргиса жазатын болса нұр тіленди жазатын болса сөзін тұманбай молдағаев жазып жатты ғафу қайырбеков жазып жатса мына жақта шәмші қалдаяқов жазып жатты өзіңіз ойлап қойыңызшы қандай ірі жаңағы тұлғалар бірігіп сол кезде осындай әндерді халыққа беріп и оны халық тез алып кетуі мысалға та ол енді біздің халықтың мен ойлаймын,әнін мысалға нұргесе жазатын болса нұр тілендиі жазатын болса сөзін тұманбай молдағаеп жазып жатты ғафу қайырбекіп жазып жатса мынақта шәмшы халда ақып жазып жатты өзіңіз ребарш қандай ірі жаңағы туғалар бірігіп сол кезде осындай әндерді халыққа беріп и оны халық тез алып кетуі ысалғата ол енді біздің халықтың мен ойлайым негізе,0.28846153846153844,0.11572700296735905,52
train-00002-of-00048_001140,музыкалық демей ақ қояйын өнердегі феномен мысалға та елу тоғызыншы жылы,музыкалық демек қоын өнердегі феномені мысалғатаелу тоғызыншы жылы,0.6363636363636364,0.125,11
train-00002-of-00048_001141,иә біләліңіздер,هيا بلن,1.0,1.0,2
train-00002-of-00048_001142,түсіп өз жаңағы,是么这了,1.0,1.0,3
train-00002-of-00048_001143,венера қармыстова люция төлесова,зенера кармыства люця тулесова,1.0,0.15625,4
train-00002-of-00048_001144,ескендір хасанғалиев те өлең айтты ол жерде ән шығарып жүріп сондай мықты әншілер болды,ескендер хасаңғалетті өлеңеді бұл жерде әні шығарып жүріп сондай мықтаншілер болды,0.6428571428571429,0.20689655172413793,14
train-00002-of-00048_001145,бұл кісілердің,бұл кісілердің,0.0,0.0,2
train-00002-of-00048_001146,мен ойлаймын барлығының сол кездегі арманы,мен ойлаймым барлығының сол кездегі арманы,0.16666666666666666,0.023809523809523808,6
train-00002-of-00048_001147,жақсы әнді халыққа,жақсы әнді халыққа,0.0,0.0,3
train-00002-of-00048_001148,кәсіби түрде жеткізу болды,касіби түрде жеткізу болды,0.25,0.038461538461538464,4
train-00002-of-00048_001149,баяғыдай жаңағы бір баянмен бір домбырамен емес эстрадалық симфонистский оркестрмен жеткізу керек болды өйткені халықаралық тенденция сондай тұғын сұраныс сондай тұғын мысалға да өйткені мәскеуде небір жаңағы оркестрлер болса әрбір жаңағы мемлекетте одаққа қарайтын әрбір неде республикада,баяғыдай жаңаы бір баянмен бір домбырамен емес эвстразлы симфониски оркестрмен жеткізу керек болды өйткені халықаралық тенденция сондай тұғын сұраныс сондай тұғын өйткені мәскеуде небір жаңа оркестрлер болса әрбір жаңағы мемлекетте одаққа қарайтын әрбір неде республикада,0.16216216216216217,0.0726643598615917,37
train-00002-of-00048_001150,бір бір жақсы ірі ірі,бір бір жақсы ірі ірі,0.0,0.0,5
train-00002-of-00048_001151,эстрадалық симфониялық оркестрлер пайда бола түседі,эстрадалық симфониялық оркестрлер пайда бола бастатын,0.16666666666666666,0.13725490196078433,6
train-00002-of-00048_001152,облыстарда да ашыла бастады мысалға да соның арқасында,жаа ол облыстарды да ашыла бастады мысалғата соның арқасында,0.625,0.18518518518518517,8
train-00002-of-00048_001153,кәдімгідей білімді,كەدىمگىدى بىلىمدى,1.0,0.9444444444444444,2
train-00002-of-00048_001154,мықты музыканттар шыға бастады,мықты музыкантта шыға бастады,0.25,0.03333333333333333,4
train-00002-of-00048_001155,санаты сол кезде әлемде әртүрлі бағыттағы стильдер пайда бола бастады,сағаты сол кезде әлемде әртүрлі бағыттағы стилдер пайда бола бастады,0.2,0.028985507246376812,10
train-00002-of-00048_001156,түсіндіңіз бе аха рок ансамблің бар вокалдар спорт ансамблің бар жаңағы джазуы ансамбльдерің бірақ джаз енді ол түбі неде жаңағы афро американецтерден шыққан дүние ғой сол дүние біздің одаққа да келді одақтан кейін бізде де ашыла бастады кейін,түсініңізба рок ансамблің бар вакалдаспаты ансамблің бар жаңа жазо ансамбльдерің бірақ жазы енді ол түбі не де жаңағы афроамериканистерден шыққан дүние ғой сол дүние біздің одаққа да келді одақтан кейін бізді де ашыла бастады кейін,0.34210526315789475,0.09876543209876543,38
train-00002-of-00048_001157,ең қызығы,ең қызығы,0.0,0.0,2
train-00002-of-00048_001158,әә,,1.0,1.0,1
train-00002-of-00048_001159,сол кезде сен жаңағы мысалға елуінші жылдарда ашық кәдімгідей жаңағы министрліктің немесе қалалық әкімшіліктің рұқсатынсыз бір жерде ойнайтын болсаң сені кәдімгідей жаңағы жазалайтын тұғын жазалайтын мысалы да білеміз мына сен бүгін жаз ойнап жүрсің ертең сен отанын сатып жібересің деген сияқты болды болды болды сондай күлкілі дүниелер болды мы,сол кезде сен жаңағы мысалға елу інші жылдада ашық кәдімдей жаңаы министрліктің немесе қалалық әкімшіліктің рұқсатынысы бір жерде ойнайтын болсаң сені кәдімгідей жазалайтын мынау сен бүгін жаз ойнап жүрсің ертең сен отам сатыш бересін деген сиысондай күлкіл дүниелерболды мыбірақ музыка бірорында тұра ма жаз мысалға еркіндік түсетін дүние еркіндікті қалай берсе екен,0.673469387755102,0.430635838150289,49
train-00002-of-00048_001160,айқайлап көшеге шығып айтуға болмайды оны музыка арқылы беріватқан түсіндіңіз бе ал музыканы түсінетін әркім өзінің музыкасын түсінеді ғой халқының мысалға да енді өзі өзі өзі қазір құрманғазының жаңағы кісен ашқаны бар ол қалай біліп тұр мысалға да ол жаңағы түрмедегі жаңағы қарайтын адам түрмеге жа,айқайлап көшеге шығып айтуға болмайты оны музыка арқылы беріп отқан үсеніңіз ба ал музыканы түсінетін әркім өзінің музыкасын түсінеді ғой халқын мысалға та енді өзіңіл құрманғазның жаңа кісен ашқаны бар қалай біліп тұр мысалғата ол жаңағы түрмедегі жаңаы назиратл қарайтын адам түрмеге жаңағы,0.41304347826086957,0.15282392026578073,46
train-00002-of-00048_001161,бәріне қарайтын адам сол біліп тұр ей мынау ертең қашып кететін адам сияқты деген сияқты мысалға да түрмеден қашқан бір басқасы бар күйдің үніне қарай күйдің үніне қарай сонымен бе музыка тіл деген ол,бәріне қарайтын адам сол біліп тұр мынау ертен қашып кететін адам сияқты деген сияқты нысолғата түрмеден қашқан бар басқасы баркүйдің үніне қарай сүіі музыка тіл деген ол,0.35294117647058826,0.18,34
train-00002-of-00048_001162,қаншалықты терең қаншалықты биік екенін тек қана оны кейбір,қаншалықты терең қаншалықты биік екенін текқана оны кейбір,0.2222222222222222,0.01694915254237288,9
train-00002-of-00048_001163,музыканттар ғана түсінуі мүмкін мысалға да өйткені инструменталды музыка ол өте бір мықты бір жаңағы бағыттардың бірі өйткені ол эстраданың ішінде жатқан дүние ғой жаңа мен алдында айтып кеттім ғой эстрада кішкентай жаңағы подиум болатын болса соның ішінде оркестр сиятындай подиум болған мысалға да бірінші сол сондай болған сосын мен жаңағы алдында бірінші сипаты,музыканттар ғана түсінуі мүмкін мысалғата өйткені инструменталды музыка ол өте бір мықты жаы бағыттардың бірі өйткені ол эстрадның ішіндей жатқан дүниеғой жаменалдыда айтп кеттім о эстраде кішкентай жа подиум болатын болса соның үстінде оркестр сыятындай подиум болған мыстбршісондай болған сосын менжаалдында бірінші сипатыда айттым,0.5,0.1643835616438356,54
train-00002-of-00048_001164,танымал ойын сауық,танымал ойын сауық,0.0,0.0,3
train-00002-of-00048_001165,сипаттағы түрі деп өйткені танымал адамдар сол подиумда тұрып өздерінің жаңағы өлеңін оқыған әзілкештер әзілін айтқан сіз білесіз бе мынандай бір дүние бар,сипаттағы түрдіп өйткені танымал адамдар сол подиомда тұрып өздерінің жаңа өлеңін оқықан әзілкештер әзілін айтқан сіз білесіз бе онандай бір дүние бар,0.2608695652173913,0.05806451612903226,23
train-00002-of-00048_001166,қазан төңкерісіне дейін,kazan tönkersine değin,1.0,0.9130434782608695,3
train-00002-of-00048_001167,сағаты 1920 жылдарға дейін осы мына эстрадалық өнер,салғата бір мың тоғыз жүз жиырмасыншы жылдарға сейін осы мына эстрадалық өнер,0.875,0.6078431372549019,8
train-00002-of-00048_001168,сол жаңағы ойын сауық танымалдық өнер,сол жаңа ойын сауық танымалдық өнер,0.16666666666666666,0.05405405405405406,6
train-00002-of-00048_001169,жаңағы көрсетіп жатырмыз,,1.0,1.0,3
train-00002-of-00048_001170,ол сол енді мына жүз жылдан кейін тура сондай коммерсанттардың қолына келіп тұр көрдіңіз бе өйткені ол жерде ақша болады,ол сол енді мына жүз жылдан кейін тура сондай коммерсанттардың қолына кеп тұр көрдіңіз ма өйткені ол жерде ақша болатын,0.15,0.05,20
train-00002-of-00048_001172,әрине әрине,أرت,1.0,1.0,2
train-00002-of-00048_001173,ондай бір құндылыс үйі бар,,1.0,1.0,5
train-00002-of-00048_001174,келісемін,كلسم,1.0,1.0,1
train-00002-of-00048_001175,негізі,يegiزi,1.0,1.0,1
train-00002-of-00048_001176,ең бірінші гимн мұқан төлебаев та жазған иә иә латифханбет жазған гимнде,ең бірінші гимін мұхан түлебаевта жазған лахабет жазған гимінде,0.6666666666666666,0.20833333333333334,12
train-00002-of-00048_001177,енді музыканттар жақсы біледі размері 3 4 негізі,енді музыкантер жақсы біледі размері үште төрт негізі жатататиттат,0.5,0.4791666666666667,8
train-00002-of-00048_001178,осы үш те төртке біздер кәдімгідей бір екі қылып жүре аламыз маршрутовать ете аламыз өзіңіз ойлап қояйыншы музыка үш те төрті музыка үш те төрті бірақ жүрісін екі те төрті мысалға да өзіңіз ойлап қояйыншы бұл феномен ғой негізі де оны мысалға көбісі не біле бермейді ғой бірақ музыканттар енді жақсы зерттеген музыканттар оны білуі мү,осы үште төртке біздер кадіңдей бір екі қылып жүре аламыз маршырава дет аламыз өзііз леқраңш музыкаүшттрбірақ жүрсің екіде трт мсалғата өзіңізді өле қраңыш бұл феномен ғой негізіоны мысалға көбісі не біле бермейді ғо бірақ музыканттар енді жақсы зерттеген музыканттар оны білуі мүмкін осындай дүнелер негізі көп содан кейін,0.6607142857142857,0.3562874251497006,56
train-00002-of-00048_001179,үш те төрт мынағы осы одақтың ішіндегі басқа түрік тілдес халықтардың ішінде,үште төрт мынаға осы одақтың ішіндегі басқа түрктілді халықтардың ішінде,0.4166666666666667,0.07894736842105263,12
train-00002-of-00048_001180,өлеңдері өте аз біздікін де көп емес аха а біздердікін соған жатық қылып тұрған ақындардың сөзі жатық қылып тұр сол сөзге ән жатық болып тұр а байланысты нәрсе байланысты нәрсе болып тұр аха мысалға кеңес жүсекейіптер шыққан кезде жаңа жеті те төрт бес те төрт мысалға та сәлем саған туған ел аспаны өркелі бір жұлдызы бір түні б,өлеңдері өте аз біздікіндей көп емес а біздердікін соған жатық қылып тұрған ақындардың сөзі жатық қылып тұр сол сөзге ән жатық болып тұрбайланысты нәрсе болптрмысалға кеңес есекейіптер шыққан кезде жаңа жетті де төрт бесте төрт мысалғата сәлем саған туған елі аспаныбір көлібір жұлдызы бір түнібір мысалға та сондай нәрселердің бәрліғы размерлері бөлек,0.5344827586206896,0.3100303951367781,58
train-00002-of-00048_001181,мен сізге бір нәрсе айтып берейін енді халық біледі ме білмейді ме музыканттар білуі мүмкін сексенінші жылдары мәскеулік эстрадалық симфониялық оркестр роза рымбаева осы өлеңді айтқан кезде дұрыс акцент қоя алмай ойнаумен жатқан,мен сізге бірнәрсе айтып берен енді халық біле ма білмей ма музыканттар білуі мүмкін сексенінші жылдары мәскеулік эстрадалық симфониялық оркестр розарынбаева осы өлеңді айтқан кезде дұрыс акцент қоялмай ойналмай жатқан,0.36363636363636365,0.07017543859649122,33
train-00002-of-00048_001182,түсіндіңіз бе нотына әкеліп береді бірақ түсінбейді сол кезде тасқынынан қалып марқұм қазақтың бірінші продюссері,түсіндіңіз ба нотына әкеп береді бірақ түсінбейді сол кезде тасқын ақап мархұм қазақтың бірінші продюсеры,0.4,0.10619469026548672,15
train-00002-of-00048_001183,сол,сол,0.0,0.0,1
train-00002-of-00048_001184,кеңес жүзеге екі күнге алдырып мәскеуге,кеңес жесекепті екі күнге алдырып мәскеуге,0.16666666666666666,0.15384615384615385,6
train-00002-of-00048_001185,екі күн репетист жасап кеңестесек деп отырған басқа халықтың өкілдеріне соларға түсіндіріп мынау былай ойналады былай ойналады деп екі күннен кейін шығып кеткен содан кейін оркестр ойнап кеткен,екі күн репетиц жасап кеңес есекеіп ана отырған басқа халықтың өкілдеріне соларға түсіндіріп мынау былай оы былай ойналаты деп екі күннен кейін ұшып кеткен содан кейін оркестр ойнап кеткен,0.25,0.09844559585492228,28
train-00002-of-00048_001186,иә барып барып аналарға түсіндіріп кетті түсіндіріп кетті қалай ойнау керек те мысалға,барып барып аналарға түсіндіріп пе түсндірқалай ойнау керек кенмсола,0.5384615384615384,0.2558139534883721,13
train-00002-of-00048_001187,оған су салып отырған халық,оған су сап отырған халық,0.2,0.07407407407407407,5
train-00002-of-00048_001188,аха сол кезде сол кезде өйткені жан жақтан қысым болып жатты ғой ана есіңізде ме мысалға домбыра деген ол көнеден келатқан бір архаический бір жаңа инструмент алып тастаңдар деген елу жетінші жылар елу алтыншы жылар сөз шыққан түсіндіңіз бе сол кезде оны,сол кездесол кездеөйткені жанжақтан қысым болп жатты ғой ана есіңізде ма мысалғы домбара деген ол көнеденге атқан бір архаеске бір жаңа инструмент алпыстаңдар деген елу жетінші жылдар елу алтынші жылдар сөз шыққан түсініңіз ба сол кезде оны,0.5,0.1062992125984252,42
train-00002-of-00048_001189,қазақтың басын біріктіретін өлеңдер шығару керек болды қазақтың домбыралары кәдімгідей құрманғазы оркестрі шетелге шығып сол елу бесінші жыл ма екен бірінші рет,қазақтың басын бірікті ретінді өлеңдері шығару керек болды қазақтың домбыралары кәдімде құрманғаз оркестрі шетелге шығып сол елу бесінші жылма екен бірінші ре,0.36363636363636365,0.0625,22
train-00002-of-00048_001190,құрманғазы оркестрінің арқасында қазақ даласында қазақ елінде мемлекетінде бірінші рет министерство құрылды,құрманғазы оркестрінің арқасында қаақ даласында қазақ елінде мемлекетінде бірінші рет министерстіғырылды,0.25,0.056074766355140186,12
train-00002-of-00048_001191,бір оркестрдің арқасында өзіңіз құрасыз өйткені несиесі құру керек болды,бір оркестрдың арқасында өзіңіз бере құраңыз өйткені министерса құру керек болды,0.4,0.18055555555555555,10
train-00002-of-00048_001192,сосын сол министрлік соны қорғау керек болды мысалға да осындай біздің оркестріміз бар деп ол кезде құрманғазы оркестрі уже бір он шақты елді шетелді аралап келген кезде мысалға да домбыраның арқасында беделді беделді беделді беделді беделді ұжым бола бастады мысалға да ал оған дейін елу бесінші жылға шейін қырық алтыншы жылы ма екен мынау,сосын сол министрлік соны қорғау керек болды мысалғата осындай біздің оркестріміз бар деп ол кезде құрманғаз оркестрі жыбі оншақты елді шетелді аралап келген кезі та домбыраның арқасыбеделді жұм бола бастады мысалғата ал оған дейін елу бесінші жылға шейін қырық алтыншы жылым екен мынау,0.3888888888888889,0.17888563049853373,54
train-00002-of-00048_001193,министерство кинематография ма соның ішінде бірінші ол кинематография құрылды сосын соның ішінде бір отдел болды,министерство киноматография ма соның ішінде бірінші ол киноматография құрылды сосын соның ішінде бір одел болды,0.2,0.026785714285714284,15
train-00002-of-00048_001194,жаңағы министрлік ашылғаннан кейін сол кезде уже оркестрлер көп ашыла бастады министрлік ашылғаннан кейін оның құқығында уже мына облыстық оркестрлер аудандық оркестрлер бәрі ашыла бастады сол кезде біздер уже жырауымызды жыршыларымызды біле бастадық мысалға,жаңағы өнерді қорғайтын министрлік ашылғаннан кейін сол кезде оркестрлер көп ашыла бастады министрлік ашылғаннан кейін оның ұқығында мына облыстық оркестрлер аудандық оркестрлер бәрі ашыла бастады сол кезде біздер оже жырауымызды жыршыларымызды біле бастадық мысалға,0.17647058823529413,0.10465116279069768,34
train-00002-of-00048_001195,түң төңірегінде студия айта беріңіз айта беріңіз эстраданы студиядан кейін қазақ циркінің аяғына тұруы гүлдер ансамблінің аяғына тұруы эстрадалық студияның кейін училищи болуы сағаты,азтің төңірегінде сэстрадны студиядан кейін қазақ циркінің аяғына тұруы гүлдері ансамблінің аяғына тұруы эстрадалық студияның кейін учіліші болуы сағата,0.4166666666666667,0.23076923076923078,24
train-00002-of-00048_001196,сонда өзіңіз алып қараңыз,сонда өзіңізді роқ параңыз,0.75,0.28,4
train-00002-of-00048_001197,студияны ашу үшін,студияны ашу үшін,0.0,0.0,3
train-00002-of-00048_001198,екі жылдық студияны ашу үшін асқар тоқпанов бар ғарифолла құрманғалиев бар жүсіпбек елебеков бар гүлжихан ғалиева басқасында болды гүлжихан ғалиеваның осы кісілер тағы да басқа кісілер,а екі жылдық студент ашу үшін асхар тоқпаныв бар ғарифолла құрман ғалиев бар жүсіпбек елебеков бар гүлжехан ғалиева басығасында болды гүлжехан ғалиеваның осы кісілер тағы да басқа кісілер,0.34615384615384615,0.06521739130434782,26
train-00002-of-00048_001199,барлық елді мекендерге барып талантты балдарды таңдап алып келіп сол студияға түсірген өйткені олар барып алмаса өйткені қазақтар ол кезде енді,барлық елді мекендерге барып талантты балдарды таңдап алып келіп сол студияға түсірген өйткені олар барып алмаса өйткені қазақтар ол кездеенді,0.09523809523809523,0.006993006993006993,21
train-00002-of-00048_001200,қайсысы жаңағы менің балам талантты деп оны жібере қояды алматыға,қайсысы жаңағы менің балам талантты деп оны жібере қояды алматыға,0.0,0.0,10
train-00002-of-00048_001201,ол кезде алматыда жаңағы жетпіс бес процент пе сексен процент басқа ұлттың өкілдері тұрады мысалға та қазақтардың өздері қазақша сөйлей алмай жүрген кезде,ол кезде алматыда жаңағы жетпіс бес процентта сексен процент басқа ұлттың өкілдері тұраты мысалғата қазақтардың өздері қазақша сөйлеалмай жүрген кездер,0.34782608695652173,0.05194805194805195,23
train-00002-of-00048_001202,үлкен қазақ мектебі жабылып көптеген кісілер балдарын орыс мектебіне беріватқан танымал ақындар да композиторлар да барлығы жаңағы басқа мектептерге басқа тілде орыс тілді мектепке беріп жатқан кезде сөйтіп жатқан кезде мына оның алдында жұбанов мектебінің ашылуы сағат таза қазақ балдардың келуі содан кейін қаланың балдарын не істейміз деп оған күләш байсейтова атындағы мектепті,үлкен қазақ мектебі жабылып көптеген кісілер балдары орыс мектеіне бе жаананымал ақындарда копозиорлардабаыаамектептееоытілмекепебежнсүйі жаан кездеоны алдында жұбан мектебінің ашылуы стаза қаза балдары келу соан кейін қаланың балдарыстейміе оан күлшбайстыатындаымектепі ашыу соның брлы блай жинама түрд келген кезде,0.8113207547169812,0.4120734908136483,53
train-00002-of-00048_001203,қазақтың болашағы балдары білімді болсын осы тереземіз тең болсын қалмасыншы деген оймен жасалған дүниелер соның бәрін осы телевидение арқылы айту керек халық біліп отырсын дегеніміз бар,қазақтың болашағы балдары білімді болсын осы тереземіс тең болсын қалмасыншы деген оймен жасалған дүниелер соның бәрін осы телевидіне арқылы айту керек халық біліп отсын деген ңыза,0.19230769230769232,0.05913978494623656,26
train-00002-of-00048_001204,енді гүлжаханғалиева оның ашқанын білесіздер басқарғанын білесіздер содан кейін,енді гүлжехан ғалиева оның ашқанын білесіздер басқарғанын білесіздер содан кейін,0.2222222222222222,0.02531645569620253,9
train-00002-of-00048_001205,мен ойлаймын кейбір кезде мынау ұмытылып кеткен,мен ойлайым кейбіркезде мына ұмытылып кеткен,0.5714285714285714,0.0851063829787234,7
train-00002-of-00048_001206,бірақ жақсы музыканттар көбісі біледі гүлдермен байланысты серік елеусізов деген режиссер болған мәскеуде бітіріп келген,бірақ жақсы музыканттар көбіісі біледі гүлдермен байланыс мзка серек елу сезіптіген режиссер болған мәскеуді тіріп келген,0.5333333333333333,0.15,15
train-00002-of-00048_001207,мәскеуге,مەسكеگ,1.0,0.875,1
train-00002-of-00048_001208,оқуға түскен кезде мынандай бір қызық не болған,оқуқа түскен кезде мынандай бір қызық дүние боған,0.375,0.10638297872340426,8
train-00002-of-00048_001209,ішке кіреді де,шкикرети,1.0,0.7142857142857143,3
train-00002-of-00048_001210,жаңағы құс не қорлан да айтады ғой,жаңа қүсіне қорланды айтады ғой,0.7142857142857143,0.17647058823529413,7
train-00002-of-00048_001211,комиссия отыр,kمiس وتر,1.0,0.9230769230769231,2
train-00002-of-00048_001212,аллардың бәрі таңғалады,алалардың бәрі таңғалады,0.3333333333333333,0.043478260869565216,3
train-00002-of-00048_001213,қолын шапалақтайды,kolun şopalıktı,1.0,0.9444444444444444,2
train-00002-of-00048_001214,че песню дейді,чепеснв,1.0,0.5714285714285714,3
train-00002-of-00048_001215,сосын айтады моя песня дейді,سمي别ش,1.0,1.0,5
train-00002-of-00048_001216,құдай құрады,ورل,1.0,1.0,2
train-00002-of-00048_001217,сері келу сезіп жатқан жері жайлы болсын сосын айтты а еще есть деген ес депті,сері келу сезіп жатқан жер жәйлі босын сосын айтты а есше ес деген баес депті,0.4,0.1282051282051282,15
train-00002-of-00048_001218,сосын алғанда тағы да бір қалғанын ұрып жіберген ғой,сосын алғанда тағы да бір қалған нұр жібергінго,0.4444444444444444,0.15384615384615385,9
train-00002-of-00048_001219,мысалға да сондай бір шорманның мұстафасы ма сондайды айтқан содан кейін,саңаты сондай бір шорманың мустафасы ма сондайды айтқан содан кееп,0.45454545454545453,0.16666666666666666,11
train-00002-of-00048_001220,феноменальный ой поступили деген сөйтіп түсіп оқуға,феноменально вы поступили дег суйтып тсып охуга,0.8571428571428571,0.23529411764705882,7
train-00002-of-00048_001221,соны бітіріп келіп сол қазақстанға келгеннен кейін гүлжихан ғалиевамен кездеседі де,соны бітіріп келіп сқазақстанға келгеннен кейін гүлжехан ғалиевамен кеесетті,0.45454545454545453,0.13253012048192772,11
train-00002-of-00048_001222,сағаты,صغتة,1.0,1.0,1
train-00002-of-00048_001223,сосын осындай нәрсе ашылайын деватыр оның бірінші режиссері кім болады осындай өзі болады да сол серік,сосын осындай нәрсе ашылайын деп атыр оның бірінші режиссері кім болады осындай өзі болат та сол серік,0.25,0.049019607843137254,16
train-00002-of-00048_001224,елу сегіз мырза,елу сезіп мырза,0.3333333333333333,0.13333333333333333,3
train-00002-of-00048_001225,ұзын көйлекті кесу қолдарына кішкентай домбыра беру мысалға кейін оны мына асатаяқпен жабу мысалға да енді ұзын қазақша жасаватырмыз содан кейін тағы да басқа әндерді жаңағы восточный деген әндер бар басқаша әндер бар соның барлығын,ұзын көлекті кесу қолдарына кішкентай домбыра беру мысалға кейіноны мына асатаяқпен жабу мысалға да енді ұзын қазақ жол жасап атырмыз содан кейін тағы да басқа әндерді жаңа васточиндеген әндер бар басқаша әндер бар соның бәрліғін,0.3142857142857143,0.07758620689655173,35
train-00002-of-00048_001226,сол жасап,сыл жасап,0.5,0.1111111111111111,2
train-00002-of-00048_001227,халыққа көрсетті ғой сол кезде,халыққа көрсетті ғой сол кезде,0.0,0.0,5
train-00002-of-00048_001228,гүлдер бүйтіватылды республикалық,күлдер битіп аталды республикалық,1.0,0.18181818181818182,3
train-00002-of-00048_001229,жастар ансамбль деп аталды республикалық деп тұр қазақ жастар ансамбль деп тұр содан кейін халық оған да барады да мына лермонтов театрында болады ол жерде де не терезе ұсынады халықтың көптігі соншалықты мысалға да қызығушылық өйткені қазақша жазылып тұр,жастар ансамбль деп аталды республикалық деп тұр қазақ жастар ансамбльдеп тұр содан кейін халық оған да баратта мына лерминц театрында болаты ол жерде де н терезеш сынат халықтың көптігі соншалықты салғатақызығушылық өйткені қазақша жазылып тұр,0.3076923076923077,0.0784313725490196,39
train-00002-of-00048_001230,республикалық қазақ жастар ансамбль деп жазылып тұр оған кімдер бар тек қана студенттер бар осы жерде оқитын мысалға да сол жерге барып ол жерде де әндерін айтып кейін жаңа сенбеуші мағалимовтер өлең айта бастады мысалға да,республикалық қазақ жастар ансамбль деп жазылып тұры оған кімдер бар тек қана студенттер барды осы жерде оқитын мысалға та сол жерге барып ол жерде де әндерін айтып кейін жаңа сенбеу шы мағалиптер өлең айта бастадын мысалға та,0.2222222222222222,0.04932735426008968,36
train-00002-of-00048_001231,сол ұлықпан есенов бірінші әншілердің бірі сосын,сол ұлықпан есенов бірінші әншілернің бірі сосын,0.14285714285714285,0.020833333333333332,7
train-00002-of-00048_001232,қосыбаев деген бір кісі болды бірінші әншілердің ішінде сол кісілер қазақша әнді мысалға ауылың сенің іргелерді сахнадан айқайлап тұрып жаңа айтқан кезде жақсылап тұрып әндеткен кезде қазақтың балдары бірге айтып кәдімгідей,қосыбаев деген бір кісі болды бірінші әншілернің ішінде сол кісілер қазақша әнді мысалы ауылың сенің іргелдерді сақнадан айқайлап тұрып жаңа айтқан кезде жақсылап тұрып әндептікен кезде қазақтың балдары бірге айтып кәдімгідей,0.16129032258064516,0.03139013452914798,31
train-00002-of-00048_001233,руху көтерілді,روخ كترل,1.0,0.9285714285714286,2
train-00002-of-00048_001234,мысалға да содан кейін ол кезде барлық кімді қай аққа жіберетінін мәскеу шешеді сол кезде гүлдар ансамблінің заманауи екенін көріп былай жіберейік ұлаяққа жіберейік деп содан кейін малайзиядан малайзияның биін алып келді индияға барған кезде индияның биін алып келді роза бағалова сияқты ғой мысалға қай елге барады бір ән алып келеді де оны қазақша аударып жібереді ақ самарықазақи нақышқа,сааодан кейін ол кезде барлық кімді қаяққа жіберетін мәскеу шеше со кезде гүлдер ансамблің заманауеніжіеокеаииияидин биілые роза баланова сияты оысалға қай елге бара бірән алып келеіе оны қазақшааудар жібереақсамарарадо былай ар жаы тңтеңмен бішылысоы брлын алып келіп дідей қазаи нақшқа,0.847457627118644,0.5384615384615384,59
train-00002-of-00048_001235,жаңағы неғыл жаңағы салып әндетіп и қазаққа тағы да бір ән туғандай болды да мысалы қазақ даласында,жаңағы жаңағы салып әндетіп е қазаққа тағы да бір әнті оғандай болыпты мысалы қазақ жаласында,0.4117647058823529,0.16161616161616163,17
train-00002-of-00048_001236,өте ірі тұлға көп рақмет сізге,өте ірі тылға көп рахмет сізге,0.3333333333333333,0.06666666666666667,6
train-00002-of-00048_001237,әәәә,嗯,1.0,1.0,1
train-00002-of-00048_001238,гүлжихан ғалиева негізі,гүлжахан ғалиева негізі,0.3333333333333333,0.043478260869565216,3
train-00002-of-00048_001239,жай ғана,جerنe,1.0,1.0,2
train-00002-of-00048_001240,шаруа үйінде дүниеге келмеген негізі,шарба үйүндө дүниөге келмеген негизи,0.8,0.16666666666666666,5
train-00002-of-00048_001241,заған,,1.0,1.0,1
train-00002-of-00048_001242,кәдімгідей әкесі ірі бай болған кісі,кәдімде әкесі іре бай болған кісі,0.3333333333333333,0.1111111111111111,6
train-00002-of-00048_001243,қали деген кісі текті текті өте текті кісілердің бірі болған,қале деген кісі текті өте текті кісілердің бірі болған,0.2,0.11666666666666667,10
train-00002-of-00048_001244,оқуға ресейге барады да,оқуға ресейге баратты,0.5,0.21739130434782608,4
train-00002-of-00048_001245,ленинградта түсе алмай қалады кейін мәскеуге келеді сол жерді бітіріп келгеннен кейін қырық үшінші жылдары ол кезде мәскеулік мосфильм де сосын көптеген музыканттар бар мына біздің филармония ішінде орналасқан сол жерге келіп солармен бірге концерттік ұйым болады соны кәдімгідей конференция болып сол жерде жұмыс істейді негізі,ленинградта түсе алмай қалады кейін мәскеуге келеді сол жерді бітіріп келгенден кейін қырық үшінші жылдары ол кезде мәскеулік мос фильм да сосын көптеген музыканттар бар мына біздің филормонияның ішінде орналасқан сол жерге ке солармен бірге концерттік үйім болады соны кәдімдей конференция болып сол жерте жұмыс істийд негізі,0.21739130434782608,0.051829268292682924,46
train-00002-of-00048_001246,менің естуімше өзінің жаңағы алтын басқа бір дүниелерінің салып,менің естуімше өзінің жаңағы алтын басқа бір дүниелерінің салып,0.0,0.0,9
train-00002-of-00048_001247,шіріпті ашқан кезде,سۈرۈپ تاشقانگىزدى,1.0,0.9473684210526315,3
train-00002-of-00048_001248,қазақтың жас балдарын жаңағы атқа отыратын балдарды саратовтың циркіне жіберіп сол жерде үйретіп кейін келіп мына жігітовканы жасайтын да сол гүлжахан ғалиева,қазақтың жас балдарын жаңағы атқа отыратын балдарды саратовтың циркіне жіберіп сол жерде үйретіп кейін келіп мына джігітовкін жасайтында сол гүлжахан ғалееві,0.18181818181818182,0.0379746835443038,22
train-00002-of-00048_001249,сол кісінің арқасында негізі алпыс үш жылдан бастап жаңағы алға қойған ғой мақсат болады ғой негізі сол кезде жаңағы гүлдердің ашылуы студияның ашылуы оны өзі басқарып бітірген жаңағы оқушылардың барлығын осы циркке гүлдерге басқа да ансамбльдерге жіберуі,сол кісінің арқасында негізі алпыс үнш жылдан бастап жаңағы алға қойған ғо мақсат болады ғой гізі сол кезде жаңағы гүлдердің ашылуы студияның ашылуы оны өзі басқарып бітірген жаңаы оқушылардың бәрліғын осы циртке гүлдерге басқада ансамблерге жіберуі,0.24324324324324326,0.043137254901960784,37
train-00002-of-00048_001250,ол кісінің алға қойған мақсатының,ол кісінің алға қойған мақсатының,0.0,0.0,5
train-00002-of-00048_001251,бір орындалған деп мен не қыламын негізі,бір орындалған деп мене қылам негізіде,0.5714285714285714,0.15,7
train-00002-of-00048_001252,өте ірі тұлға,өти ірітылға,1.0,0.23076923076923078,3
train-00002-of-00048_001253,жанашыр болған қазақтың жастарына мысалға да білмей ме көрсетеді біледі ме одан сайын оны әрі қарай арттырып білімін де солай отырған мәскеуге талай адамдарды оқуға жіберіп мысалға да соның барлығы не кәдімгідей өзі ұйытқы болған да мысалға да вот қазір мысалға,жанашыр болған қазақтың жастарына мысалға та білмей ма көрсетеді біле ма одан сайын оны әрқарай арттырып білімін та солайнеқ отырған мәскеуге талай адамдарды оқуға жіберіп мысалға та соның бәрліғіне қәдімгідей өзі ұйтқы болған та мысалға та о қазір мысалға,0.3902439024390244,0.08812260536398467,41
train-00002-of-00048_001254,гүлжихан ғалиеваның арқасында жүсіпбек елебеуов ғарифолла құрманғалиевтер келіп сабақ берген,гүлжихан ғалиеваның арқасында жүсіппек елеубеев ғарифола құрманғалеттір келіп сабақ берген,0.4,0.08695652173913043,10
train-00002-of-00048_001255,мына сол студияға ол кісінің сіңірген еңбегінің мысалға мен ойлаймын менің өзім мысалға бір бес процент үш процентін ғана жасаған шығармын деп ойлаймын негізі та өйткені қазірде де құдайға шүкір енді жастарға көмектесіватырмыз ғой оқытып жатырмыз бірақ ана кісілердің,сол студияда ол кісінің сіңірген еңбегінің мысалға мен ойлайм менің өзім мысалға бір бес үш проценттің ғана жасаған шығармын деп ойлайм негізді өйткені қазірде де құдайға шүкір енді баладарға жастарға көмектесіп атырмыз ғой оқытып жатырмыз бірақ ана кісілердің,0.28205128205128205,0.1348314606741573,39
train-00002-of-00048_001256,сол кездегі,сол кездегі,0.0,0.0,2
train-00002-of-00048_001257,қызыл империяның танып тұрған кезде,қызыл эмперияның танып тұрған кезде,0.2,0.02857142857142857,5
train-00002-of-00048_001258,жасап жүрген тілектерін өзіңіз ойлап қараңызшы,жасалп жүрген тірліктерінің өзіңіз орық қараңш,0.6666666666666666,0.2608695652173913,6
train-00002-of-00048_001259,қаншама қазақтың оқытып солардың бәрін аяғына қойып,қаншама қазақтың балдарын оқытып солардың бәрілі аяғына қойып,0.2857142857142857,0.21568627450980393,7
train-00002-of-00048_001260,барлығы кейін халық әртісі болды,бәрлықа кейін халық әртісі болды,0.2,0.09375,5
train-00002-of-00048_001261,құм,ه,1.0,1.0,1
train-00002-of-00048_001262,мен ойлай,من ولم,1.0,0.8888888888888888,2
train-00002-of-00048_001263,бағасын әлі дұрыс бере алмай жатыр,баغасын әле дурс бер اлмагт,1.0,0.35294117647058826,6
train-00002-of-00048_001264,аха,,1.0,1.0,1
train-00002-of-00048_001265,ерліңіздіңіздің бе,,1.0,1.0,2
train-00002-of-00048_001266,құдай әнші,,1.0,1.0,2
train-00002-of-00048_001267,рақмет,رخن,1.0,1.0,1
train-00002-of-00048_001268,не себептен,نеسебепт,1.0,0.45454545454545453,2
train-00002-of-00048_001269,дос мұқасанның арқасында,дос мұғасанның арқасында,0.3333333333333333,0.041666666666666664,3
train-00002-of-00048_001270,барлық облыс орталықтарында жақсы жақсы ансамбльдер шыға бастады иә вокалда спортта ансамбльдер шыға бастады иә ол облыста шыққаннан кейін аудандарда шыға бастады мысалға да сөйтіп сөйтіп жалғасып кейде совхоз колхоздардың да ансамблі болды кезінде содан кейін мынау эстрада подиумына роза рымбаева келді мысалға да,барлық облыс орталықтарында жақсы жақсы ансамблдер шыға бастады вакалда саыпты ансамбльда шығасы ол облыста шыққаннан кейін аудандарда шыға бастады мысалғата сүйтіп сүйтіп жалғасып күйге савхоз қалхоздарында ансамблі болды кезінде содан кейін мынау эстрада алаңына эстрада подиумына роз рымбаев гел ысалғата,0.5227272727272727,0.18095238095238095,44
train-00002-of-00048_001272,өзінің жаңағы жалғасын тауып кейінгі мына азия дауысы болды азия дауысынан кейін басқа да мемлекетте жаңағы түркістанмен байланысты жаңағы үлкен үлкен фестивальдар конкурстары болды ол жерге барып қаншама адам жеңімпаз болып келіп жатты мысалға да,өзінің жаңағы жалғасын тауып кейінгі мызағ азиядауысы болды азия дауысынан кейін басқа да мемлекеттік жаңа түрк сонмен байланысты жаңағы үлкен үлкен фестивальдар конкурстара болды ол жерге барып қаншамадан жеңім паз болып келіп жатты сағата,0.37142857142857144,0.08097165991902834,35
train-00002-of-00048_001273,мен мысалға кеңес дүйсекеев ағаны,мен мысалға кеңез десекейіп ағаны,0.4,0.18181818181818182,5
train-00002-of-00048_001274,жетік беремін десең де болады,жетік білімді сінде болат,0.8,0.41379310344827586,5
train-00002-of-00048_001275,сидыла бәйтереков,сиدла بайтеرек,1.0,0.4117647058823529,2
train-00002-of-00048_001276,тілес қажғалиев мысалға та бұл кісілер,тілес хажғалиев ысалғатта бұл кісілер,0.5,0.07894736842105263,6
train-00002-of-00048_001277,дің эстрадалық жаңағы көзқарасы,дың эстрадызлық жаңағы көзқарасы,0.5,0.0967741935483871,4
train-00002-of-00048_001278,маған жақын болды,маған жақын бол,0.3333333333333333,0.11764705882352941,3
train-00002-of-00048_001279,аха содан кейін мен бұл кісілерді зерттей бастадым,содан кейін мен бұл кісілерді зерттей бастадым,0.125,0.08,8
train-00002-of-00048_001280,иә,,1.0,1.0,1
train-00002-of-00048_001281,сүйтіп,سиትып,1.0,0.8333333333333334,1
train-00002-of-00048_001282,мен өзіме сондай бір білім қосқандай болдым да мысалға сондықтан кейін мен әні шыққан кезде мысалға міне саған әнімнің өзі шыққан кезде сыртында тұр екен жазылуын,мен өзіме сондай бір білім қосқандай болдым мысалға сондықтан кейін мен әнім шыққан кезде сағамн саған әнімнің өзі шыққан кезде сыртында тұр екен жазылым,0.19230769230769232,0.07407407407407407,26
train-00002-of-00048_001283,бір күні сол тоқсаныншы жылдардың басы кеңес есекеев ағам би деп айтады маған,бір күні сол тоқсаныншы жылдардың басы кеңіздесе кееваған видео айтаты маған,0.46153846153846156,0.12987012987012986,13
train-00002-of-00048_001284,әй бала бері кел деді,eй بыла бергилдi,1.0,0.5238095238095238,5
train-00002-of-00048_001285,хқ,,1.0,1.0,1
train-00002-of-00048_001286,ойнашы ана бір әніңді айтшы деді,وinaشaنevرة anيشdت,1.0,0.96875,6
train-00002-of-00048_001287,сосын қайсысы деп едім сосын баласына қарады кішкентай нұркенге,сыз қайсысыз депедім сыз баласына қараты кішкентай нүркенге,0.7777777777777778,0.15873015873015872,9
train-00002-of-00048_001288,үркен ойнашы ана сен ағаңның өлеңін жақсы көресің ғой деп барып та пианиноға ойнаватыр адам бір саған арналады деп ойнап ойнап шықты мен осы өлеңге дедім иә осы өлең не болып қалды аға деп едім білмеймін үйдегі жеңгейіңе ұнайды дейді сосын мен айтпаймын жеңгеге ұнаса өзіңіз өзіңіз отырғаным айтпайсыз ба өзіңіз,бүркен ойнашана сен ағаңнң өлең жақсы өлесің көр бартта пианинаға ойнап атыр татарттт адам бір саған арналады деп ойнап ойнап шықы мен осы өлең ба дедім я осы өлең не оп қалды ағадап едім білмейм үйдегі жеңгеңе ұнайт сосын е жеңгеге онаса өзіңізге донап тұрғаны айтпайсыз ба,0.5882352941176471,0.27009646302250806,51
train-00002-of-00048_001289,бар ойла айт ана өлеңдер деп мен енді енді ағалық несі бар ғой енді біздің бүкіл жағынан мен өзін композитор ретінде ірі тұлға ретінде хат сыйлайтынын біледі сөйтіп мені әй бала берген бала әрі тұр деп сөйтіп айта беретін тұғын марқұм жатқан жер жайлы болсын бәйтереков марқұмға анау айтады екен министрліктен басқа жерлерден,бар ойна айт ана өлеңті деп і ағалық несі бар ғой енді біздің бікеш жағына мен өзім композитор ретінде ірі тұлға ретінде қатты сыйлайтынын білеті сүйтіп мені бала берге бала әрі түрді сүйтіп айта беретін тұғын мархым жатқан жер жайлы босын әйдерек мархымға ана айтады екен министрліктен басқа жерлерден,0.39622641509433965,0.13846153846153847,53
train-00002-of-00048_001290,иә сен,呀心不,1.0,1.0,2
train-00002-of-00048_001291,сөйтсе бұл кісі кәдімгідей әзілдеседі екен иә болған енді ол кезінде сондай болған деп а бірақ екеуміздің арамыз он екі мың он үш жас қой сондай ғана негізі кейін араластық сол араласып жүрген кезде айтады маған телефонмен звондап айтады кейбір кезде,сейдұлы айтпайсың ба осындай балаң бар екенін өзіңнен айымайы ұқсайды де ән шығарған әнде сенің әндеріңе ұқсайды деп сөйсе бұл кісі кадімдей әзілдесе кен и болған енді ол кезінде сондай болғандеп бірақ екеуміздің арамыз он екі ма он үш жасой сондайана негізі кейін араласты сол араласы жүрген кезде айтады маған телефонмен зыандап айтады кейбір кезде,0.8292682926829268,0.548,41
train-00002-of-00048_001292,әкесін іздемейтін қандай бала дейді бұл дейді,акесиніз деметін қандай болaдит булдит,0.8571428571428571,0.4,7
train-00002-of-00048_001293,сосын мен айтамын баласын іздемейтін қандай әке бұл деп мені былай екеуміз әзілдесетін тұғынбыз жатқан жері жайлы болсын бұл кісілердің әндерінмен расында да сүйіп орындап осы күнге шейін орындаймын қазіргі кизде райы бар ана ағамның қарағымайы бар иә жаңағы сосын мынау тілес қажығалиев менің әндерімді естіп саған мистер регей деген жақсы альбом шығарып беремін деп жүрген кездерде бұл дүниеден өтіп кетті негізі маған деген осында осы кісілердің көзқарастары басқаша болды негізі өте қатты,сосын мен айтам баласын здемейтін андай ке бұле ме ылай екем зілдеетіныз еайлыүоееодакееаыаамаыаылиедисеееежасы ало шыаыпбееөееосыкслері көзаратары басаша болы нег өте атты сет ы жыл ыосыыаастан дыыс жазатын студа,0.958904109589041,0.6869918699186992,73
train-00002-of-00048_001294,мен сексен төртінші жылы,мен сексен төртінші жылым,0.25,0.041666666666666664,4
train-00002-of-00048_001295,алтын дән деген ансамбль деген не сельхоз институт қазіргі аграрлық университеттің ішінде болды сол жерде студенттік ансамбль деген не сосын кейін басқардым,алтындандеген ансамбльді оне серхоз институт қазіргі агралық университеттің ішінде болды сол жерде студенттік ансамбльді өне сосын кейін басқардым,0.5,0.11538461538461539,22
train-00002-of-00048_001296,сол жерде,سولجدي,1.0,1.0,2
train-00002-of-00048_001297,келіп,كېلپ,1.0,1.0,1
train-00002-of-00048_001298,мелодия жазған кезде өлең жазған кезде,мелодия жазған кезде өлең жазған кезде,0.0,0.0,6
train-00002-of-00048_001299,талғат сарыбаев,талغа сарба,1.0,0.3333333333333333,2
train-00002-of-00048_001300,кездестірдік бірінші,кездестірдік біріншіж,0.5,0.05,2
train-00002-of-00048_001301,талғар сарыбаев дегенді былай сыртынан естуіңіз болмаса көрген емес екенмін,талғарып сарып айып дегенді былай сыртынан естуіңіз болмаса көрген емес екенмін,0.3,0.09333333333333334,10
train-00002-of-00048_001302,жаңа жүргіздің өзіңізді,,1.0,1.0,3
train-00002-of-00048_001303,танысып,تنسب,1.0,1.0,1
train-00002-of-00048_001304,содан кейін мен айттым менің осындай бір әнім бар дедім,содан кейін мен айттым менің осындай бір әнім бар дедім,0.0,0.0,10
train-00002-of-00048_001305,тыңдайсыз ба дедім,등가있쓰어든,1.0,1.0,3
train-00002-of-00048_001306,гитарамен ойнап бердім,قيتار موين برن,1.0,0.9090909090909091,3
train-00002-of-00048_001307,что сначит та,سسنت,1.0,1.0,3
train-00002-of-00048_001308,егер де сен маған жүктесең,егерде сен маған жүктесең,0.4,0.038461538461538464,5
train-00002-of-00048_001309,мен саған әшейін,مينسغن أشين,1.0,0.9375,3
train-00002-of-00048_001310,жазып берейін аранжировка деп,шазппірн аржркыд,1.0,0.5862068965517241,4
train-00002-of-00048_001311,тигн,ت,1.0,1.0,1
train-00002-of-00048_001312,иә,点,1.0,1.0,1
train-00002-of-00048_001313,әрлеп берейін деп,رلىpرiندت,1.0,1.0,3
train-00002-of-00048_001314,мен айтттым рақмет дедім,متتم رخمتددم,1.0,0.9583333333333334,4
train-00002-of-00048_001315,жақсылап жасап бер де,kaxsap жasap pirdi,1.0,0.8571428571428571,4
train-00002-of-00048_001316,соның алдында мен ойнадық,соның алдында мен ойнадық,0.0,0.0,4
train-00002-of-00048_001317,сол мына дыбыс несінде қалды,сол на дыбыс несінде қалды,0.2,0.07142857142857142,5
train-00002-of-00048_001318,мен айтайын деп отырғаным,мен айтайым деп отырғаным,0.25,0.04,4
train-00002-of-00048_001319,талғат сарыбай,талғат сарбай,0.5,0.07142857142857142,2
train-00002-of-00048_001320,өте феноменальный музыкант,өте феноменальный музыкант,0.0,0.0,3
train-00002-of-00048_001321,қалада тұң өссе де,қалада туы өссе де,0.25,0.1111111111111111,4
train-00003-of-00048_000000,енді әкесі болат сарыбаев екенін өзіңіз білесіз иә сол кісінің арқасында отырар сазы ансамблі дүниеге келгенін де білесіз иә сағаттар сол кезде талғат сарыбаев,енді әкесі болат сарабаев екенін өзіңіз білесіз сол кісінің арқасында отыраса зансамблі дүние келгенінде білесізсағата сол кезде талғат сарабаев,0.5,0.11949685534591195,24
train-00003-of-00048_000001,орысша сөйлеп орысша жазады ағылшынша сөйлеп ағылшынша жазады қазақша сөйлеп қазақша жазатын орталық мынау золотой квадрат дейміз ғой алтын квадраттағы алматының жалғыз қазақ тұғын,орысша сөйлеп орысша жазат ағылшынша сөйлеп ағылшынша жазат қазақша сөйлеп қазақша жазатын орталық мынау залато квадрат деміз ғо алтын квадраттағы алматының жалғыз қазақтұғ,0.2916666666666667,0.06666666666666667,24
train-00003-of-00048_000002,өзің сөйлеп қараңызшы керемет сағат та енді біреулер былай сөйлейді былай,өзіңз өлеп қараңш керемет сағаты енді біреулер былай сөйлетін блайсы,0.6363636363636364,0.2054794520547945,11
train-00003-of-00048_000003,үш тілді бірдей біледі,үш тілді бірдеуілет,0.5,0.22727272727272727,4
train-00003-of-00048_000004,бүкіл мына орталықтағы балдар музыкант балдар,бүкіл мына орталықтағы балдар музыкант баладар,0.16666666666666666,0.022222222222222223,6
train-00003-of-00048_000005,жаңағы да танымал балдардың балдары бар сол қазіргі танымал адамдар бар мысалға да барлығы талғаттан келіп сұрайды екен,жаңағы да танымал балдардың балдары бар сол қазіргі танымал адамдар бар мысалғата бәрліғы салғаттан геп сұрайды екен,0.2777777777777778,0.06722689075630252,18
train-00003-of-00048_000006,мысалға битлздың мына бір өлеңінде ана скорпионстың мына бір өлеңінде жаңағы басқа бар жаңағы ансамбльдердің өлеңдерін бәрін сол кісіден келіп сұрайды екен мысалға да гармониясы қандай еді,мысалға битлздің мінәбір өлеңінде ана скорпинсдың мінәбір өлеңінде жаңағы басқа бар жаңаы ансамблдердің өлеңдерін бәрін сол кісітеңгеіп сұрайды екен сағата гармониясығандайетын нәштіпалнадааде,0.5555555555555556,0.21808510638297873,27
train-00003-of-00048_000007,өзіңіз ойлап қараңызшы,ۆزіمزلى قرشى,1.0,0.9090909090909091,3
train-00003-of-00048_000008,болат сарыбаевтың баласы мысалға да енді ол кеткеннен кейінгі ана музеймен байланысты дүниесін білесіз ғой біреу біледі біреу білмейді мысалға да,бола сарыбаевтың баласы мысалғата енді ол кеткеннен кейінге ана музеймен байланысп дүниесін білесіза ысал біреу біледі біреу білмейді мысалғата,0.42857142857142855,0.0896551724137931,21
train-00003-of-00048_000009,американецтерге қанша ақшаға сатып аламыз деп тұрған кезде бұл мемлекеттікі деп,американстерге қанша ақшаға сатып аламыз деп тұрған кезде бұл мемлекеттікі деп,0.09090909090909091,0.02531645569620253,11
train-00003-of-00048_000010,өзінің іздеген музейін берген жоқпын мысалға да вот сол кісілердің аттары көбірек аталса деймін мысалға да,өзінің іздеген музейін берген жоққы мысалғата сол кісілердің аттары көбірегі аталса дейді мысалғата,0.5,0.1320754716981132,16
train-00003-of-00048_000011,ұлт мүддесін ойнаған халықты ойлаған адамдар ғой мысалға да біздер ортада айтамыз айтамыз сол қалып кетпесін деймін де сіздің мынау абай тв арқылы халық етсін деватқан ғой,ұлт мүддесін ойлаған халықты ойлаған адамдар ғой мысалғата біздер ортада айтамыз айтамыз сол халық бетпесін дейм та сіздің мынау абай тіб арқылы халық ессін деп атқан,0.4074074074074074,0.1111111111111111,27
train-00003-of-00048_000012,кәсіпкәеу,,1.0,1.0,1
train-00003-of-00048_000013,ерғалиевтер бар азия дауысы,ерғалиевтар бар азиядаус,0.75,0.14814814814814814,4
train-00003-of-00048_000014,негізі әлемдік деңгеймен кеңесіп тұрмыз десем мен артық айтқан болар едім,негізі әлемдік деңгеймен кеңесі тұрмыз десем мен артық айтқан болар едім,0.09090909090909091,0.0136986301369863,11
train-00003-of-00048_000015,бірақ,رق,1.0,1.0,1
train-00003-of-00048_000016,қазіргі,خەزرگ,1.0,1.0,1
train-00003-of-00048_000017,жастарды,жاستاردا,1.0,0.875,1
train-00003-of-00048_000018,айтып кету керек,كpتك,1.0,1.0,3
train-00003-of-00048_000019,әлемді таңғалдырватқан,әлеمدе таң قаلدыرып аتقаن,2.0,0.6363636363636364,2
train-00003-of-00048_000020,димаштың өзі,мsтөз,1.0,0.6666666666666666,2
train-00003-of-00048_000021,мысалға кеше ыстамбұлда,мысалға кеше станбұлда,0.3333333333333333,0.08695652173913043,3
train-00003-of-00048_000022,өлең айтқан кезде,ۆلىڭ ايتخىنگىزدى,1.0,0.9411764705882353,3
train-00003-of-00048_000023,сол стамбулдаға жиналған адамдар,сол станбулдаға жиналған адамдар,0.25,0.03125,4
train-00003-of-00048_000024,кәдімгідей қазақтың бәйді дауын бірге айтып тұр,кәдінде қазақтың дайдидауын бірге айтып тұр,0.42857142857142855,0.1702127659574468,7
train-00003-of-00048_000025,америкадан келгені бар қытайдан келгені бар барлығы мысалға да бұл құбылыс негізі құбылыс ұрпақ сабақтастығы бар негізі,америкадан келгені бар қытайдан келгені бар бәрілата мысалғата бұл құбылыс неіқұбылыс ұрпақ сабақтастығы бар негізі,0.29411764705882354,0.09243697478991597,17
train-00003-of-00048_000026,мысалға да содан анау жаңағы дос мұқасаннан роза рымбаевадан келе жатқан дүниенің барлығы бар,салғата содан анау жаңағы дос мұқасанына роза ұранбаевадан келе жатқан дүниенің бәрлығы бар,0.35714285714285715,0.10752688172043011,14
train-00003-of-00048_000027,көп шықса екен дептің де қайтудың қажеті жоқ мысалға ана күнге жас бала ержан максим деген мысалға да мәскеуге барып таңғалдырыватыр тағы басқа жерге барып ол да кәдімгідей қазақстанның жаңағы жалауын үстіне жамылып алып енді ол спорттарды айтпай ақ қояйық мысалға,көп шықсай екен дептіңді қайтудын қажеті шо мысалға анау күнге жаспалай ержан максим деген мсмәскеуге барып таңқалдырып атыр тағы был басқа жерге барып ол да кәдімде қазақстанның жаңағы жалауын үстіне жамылып алып енді ол спорттарды айтпай ақ қоақ мысалға эстазымызден байланысты ысғ,0.4634146341463415,0.22727272727272727,41
train-00003-of-00048_000028,бар дүние негізі оны,бар дүние негізі оны,0.0,0.0,4
train-00003-of-00048_000029,дер кезінде дұрыс айта білуіміз керек,дергезінде дұрыс айта білуіңіз керек,0.5,0.08108108108108109,6
train-00003-of-00048_000030,бағасын біле беруіміз керек олардың жетістігіне қуана білуіміз керек,бағасын біле беруіміз керек олардың жетістігіне қуана білуіміз керек,0.0,0.0,9
train-00003-of-00048_000031,сол кезде ол еселенеді негізі,сол кезде ол еселенеді негізі,0.0,0.0,5
train-00003-of-00048_000032,бірақ,برق,1.0,1.0,1
train-00003-of-00048_000033,әлі де болса,ألدى بوسا,1.0,0.9166666666666666,3
train-00003-of-00048_000034,мысалға звук режиссермен байланысты светотехникпен байланысты деген сияқты кәсіби мамандар көбірек оқыса екен деймін мысалға та өйткені дабыс режиссер деген біз кейбір кезде үлкен концерттерге мысалға,мысалға звук режиссерумен байланысты свето техникпен байланысты деген сияқты кәсіби мамандар көбірек оқытсақ екен дейм сағаты өйткені дыбыс режиссер деген біз кейбіргезде үлкен концерттерге мысалға,0.38461538461538464,0.07,26
train-00003-of-00048_000035,шетелден дыбыс режимін шақырамыз,шетелден дыбыс режисерін шақырымыз,0.5,0.125,4
train-00003-of-00048_000036,қазір қазақ концерттен,hazır kaza konserttin,1.0,0.9090909090909091,3
train-00003-of-00048_000037,сазен цаул деген ансамбль,сазен саул деген ансамбль,0.25,0.04,4
train-00003-of-00048_000038,кәдімгі вокалды аспапты ансамбль,kadmg vaكaldaspot ansemblь,1.0,0.90625,4
train-00003-of-00048_000039,шетелде америкада новая арнада жүр ана қазақ концерттің атынан қазақстанның атынан барып өзінің өнерін көрсетіватыр өзіңіз алып қояйыңызшы ол бұрын армандаған жете алмайтын сондықтан,шетелді америкада нова арданда жүр ана қазақ концерттің атынан қазақстанның атынан барып өзінің өнерін көрсетіп жатыр өзіңід алып қарашы ол бұрын армандаған діне ойармандаған жет алмайтын сондықтан,0.4166666666666667,0.18681318681318682,24
train-00003-of-00048_000040,жастар көп ол енді мен тек қана эстрада туралы айтыватырмын ғой классик туралы туралы айтпағанда оның арасында мысалы екі мың үш жылдардың басында мысалға ұлытау болды жобасы болды,жастары көп ол енді мен тек қана эстра туралы айтып атғым ғой классик тура турал айтпағанда оның арасында мысалға екі мүштыдардың басында мысалға ұлытау болды лболма жобасы болды,0.39285714285714285,0.15,28
train-00003-of-00048_000041,солар барып лос анджелесіне америкада барып кәдімгідей шулатып қайтқан басқа елдерде кәдімгідей өзінің өнерін көрсетіп кәдімгідей қазақтың киімдері мен қазақтың күйлерін ойнап сахнадан скрипкамен домбыраны үйлестіріп сондай нәрселеріміз біздің кәдімгідей,солара барып лосанжелыс америкада барып кәдімдей шулатып қайтқан басқа елдерде кәдімдей өзінің өнерін көрсетіп кәдімге қазақтың киіндері мен қазақтың күйлерін ойнап сахнадан скрипкамен домбрана үйлестіріп сағаты сондай нәрселеріміз біздің кәдімдей,0.3333333333333333,0.10236220472440945,30
train-00003-of-00048_000042,5 жыл сайын болсын 2 3 жыл сайын болсын ба асып тұрған жобаларымыз бар жоқ деуге болмайды,бес жыл сайын босын екі үш жыл сайын болсын ма асып тұрған жобаларымыз бар жоқ деге олмайды,0.4117647058823529,0.1348314606741573,17
train-00003-of-00048_000043,оғай жайын,بزين,1.0,1.0,2
train-00003-of-00048_000044,армы ағайын,һарма ағайын,0.5,0.18181818181818182,2
train-00003-of-00048_000045,бүгінгі сара сөздің қадірлі мейманы,бүгінгі сара сөздің қадірлі мейманы,0.0,0.0,5
train-00003-of-00048_000046,қазақстанның еңбек сіңірген қайраткері жүсіпбек елебеков атындағы республикалық эстрада және цирк колледжінің директоры әнші композитор,қазақстанның еңбек сіңірген қайраткері жүсіпбек елебеков атындағы республикалық эстрада және цирк коллежінің директоры әнші композитор,0.06666666666666667,0.007407407407407408,15
train-00003-of-00048_000047,жеңіс сейдоллаұлы,жеңс седылалла,1.0,0.35294117647058826,2
train-00003-of-00048_000048,қош келдіңіз рақмет бүгінгі біздің,қош келдіңізбүгінгі біздің,0.6,0.23529411764705882,5
train-00003-of-00048_000049,негізгі тақырыбымыз ол,негізгі тақырыбымыз ол,0.0,0.0,3
train-00003-of-00048_000050,қазақ эстрадасын,た각 에ス트라ドス는,1.0,0.9375,2
train-00003-of-00048_000051,ұлт мәдениетіндегі орны,ұлт мәдениетіндегі орны,0.0,0.0,3
train-00003-of-00048_000052,түсінікті иә жалпы,түсінікті иә жалпы,0.0,0.0,3
train-00003-of-00048_000053,қазақ эстрадасы деген түсінік те,қазақ ресторадас деген түсінікте,0.6,0.15625,5
train-00003-of-00048_000054,көбінесе мына ғылыми тілде жеңіл музыка дейді,көбінесе мына ғылыми тілде жеңіл музыка дейді,0.0,0.0,7
train-00003-of-00048_000055,кең тараған музыка дейді,кең тараған музыка дейді,0.0,0.0,4
train-00003-of-00048_000056,бірақ ойланып қарасақ,бірақ ойланып қарасақ,0.0,0.0,3
train-00003-of-00048_000057,сол жеңіл кең тараған музыканың төңірегінде,сол жеңіл кең тараған музыканың төңірегінде,0.0,0.0,6
train-00003-of-00048_000058,мүйізі қарағайдай кереметтей композиторлардың есімі,мүйзі қарағайдай кереметтей композиторлардың есімі,0.2,0.0196078431372549,5
train-00003-of-00048_000059,ахмет жұбановтан бастап,ахмет жубаныптан бастап,0.3333333333333333,0.13043478260869565,3
train-00003-of-00048_000060,қарлығашынан,харылғашынан,1.0,0.25,1
train-00003-of-00048_000061,нұрғиса бабамыз тілендиевтің,нұр ғұса бабамыз тілендиевтің,0.6666666666666666,0.07142857142857142,3
train-00003-of-00048_000062,тұманбай молдағалиевпен жазған әндері әндері иә тағысын тағы айтайын дегенім,тұманбаймолды ғалиевпен жазған әндері иә тағысын тағы айтайын дегенім,0.3,0.13157894736842105,10
train-00003-of-00048_000063,жиырмасыншы ғасыр ол қазақтың мәдениетінің,жиырмалсыншы ғасыр ол қазақтың мәдениетінің,0.2,0.023809523809523808,5
train-00003-of-00048_000064,замана үй,zamanowi,1.0,1.0,2
train-00003-of-00048_000065,ол жерде тек қана мына жаңа жеңіл музыка деп отырмыз ғой ол емес тек қана академиялық музыканың даму процессі ұлттық музыка жаңа деңгейге көтерілген кезде оркестр симфония поэма дәстүрлі музыка оның даму процессінің бәрі сол жаңағы жеңіл музыка деген эстрадалық музыкамен бірге қалыптасты сіз енді осы салада,ол жерде тек қана мына жәна жеңіл музыка деп жатырдымыз ғой ол емес тек қана академиялық музыканың даму процесі ұлттық музыка жәна деңгейге көтерілген кезде оркестр симфония поэма дәстүрлі музыка оның даму процесінің бәрі сол жанағы жеңіл музыка деген эстрадалық музыкамен бірге қалыптасты сіз енді осы салада,0.1276595744680851,0.03571428571428571,47
train-00003-of-00048_000066,қырықтан астам жыл еңбек етіп келе жатырсыз эстрада не екенін білесіз жалпы эстрадалық музыка деген сипаттама беріп кетіңізші,қырқтан астам жыл еңбек етіп келжатсыз эстрадан не екенін білесіз жалпы эстрадалық музыка дегеңі сипаттама беріп кетіңізші,0.2777777777777778,0.064,18
train-00003-of-00048_000067,аха,,1.0,1.0,1
train-00003-of-00048_000068,сөздер шықты да,زل شختبا,1.0,0.9333333333333333,3
train-00003-of-00048_000069,тұсауға да,做غت,1.0,1.0,2
train-00003-of-00048_000070,өзі сіздің айтып отырған әңгімеңіз осы жерде бізде қонақта болған досым сөлеев те айтып кетті мәселен ооо ірі тұлға иә ірі тұлға бұл жеңіл музыка деген тек қана мына қазақтың мәдениетінде емес жиырмасыншы ғасырда мына жалпы заманауи жаңағындай мына жалпыға тараған музыка саласына бұл кереметтей бір дүрбелең көтерілді себебі мы,сіздің айтып отырған әңгімеңізд осы жерде бізде қонақтап алған досым сөлеевті айтып кетті мселең бтұла бұл жеңіл музыка деген тек қана ы қазақтың мәдениетінде емес жиырмасыншы ғасырда мына жалпы заманауи жааындай мына жалпыға тараған музыка саласына бұл терметте бір дүрбелен көтерілді себебі мына когн деген ғылыми зерттеуші бар сол трети пласт деген бір монография жазды себебіне,0.62,0.3932926829268293,50
train-00003-of-00048_000071,үш,,1.0,1.0,1
train-00003-of-00048_000072,классикалық әдебиет құлып бара жатыр бұның орнына джаз келді бұның орнына рок келді бұның орнына басқа дүниелер келді деп бүгінгі таңда ол сөздерін өзі қайтадан алып себебі себебі,классикалық әдебиет құрып бар жатыр бұның орнына жаз келді бұның орнына рок келді бұның орнына басқадай дүниелер келі деп бүгін таңда ол сөздерін өзі қайтадан алып себебі себебі,0.21428571428571427,0.05027932960893855,28
train-00003-of-00048_000073,джаз кәдімгі академиялық музыка сияқты сахнаға шығып ол жерде кәдімгідей майталмандар пайда болды мәселен сол сияқты мына біздің өнерімізде біздің өнерімізде сол кереметтей операда өз өнерін көрсетіп жүрген решат мүсілім абдуллиндер ермек серікебаев ағылдарымыз сол жаңа жеңіл музыкаға қызмет етті,джаз кадімгі академиялық музыка сияқты сахнаға шығып ол жерде кәдімгідей майталмандары пайда болды мәселең сол сияқты мына біздің өнерімізде біздің өнерімізде сол кереметтей операда өз өнерін көрсет жүрген ришад мүсілма долиндер ермек серкебавалаларымыз сол және жеңіл музыкаға қызмет етті,0.25,0.0707070707070707,40
train-00003-of-00048_000074,сығытық,سغت,1.0,1.0,1
train-00003-of-00048_000075,иә енді мен мысал үшін мынандай мәселеге тағы назар аударғым келеді сол жеңіл деген сөзден шығып отыр ғой енді шын мәнінде де мүмкін кейбір саласында осы мына біздің осы музыка жеңілдеп те бара жатқан шығар ол бөлек әңгіме сол әбдірахат еспаев қапан мусиндар оның бер жағы шәмші қалда яқов,иә енді мен мысал үшін мынандай мәселеге тағы назар аударың келеді сол жеңілдегін сөзден шығып отыр ғой енді шын мәніндеде мүмкін кейбір саласында осы мына біздің мносымызга жеңілдеп те бара жатқан шығар ол бөлегі әңгіме сол әблақат еспаев қапа мусимдар оның бері жағы шәмшіғалды аяқов,0.30612244897959184,0.08304498269896193,49
train-00003-of-00048_000076,иә нұрғиса тілендиевтар мысалы сол одақтың кезінде социализмнің саясаты кәдімгідей өріп тұрған кезде ойбой иә сол кездерде қазақтың жүрегіне,нұрғұйсатілендеев тор мысалы сол одақтың кезінде социализмның саясаты кәдімгіді өріп тұрған кезде сол кездерде қазақтың жүрегіне,0.3684210526315789,0.15,19
train-00003-of-00048_000077,мына,不ن,1.0,1.0,1
train-00003-of-00048_000078,батыс европа не болмаса жаңағындай осы жалпы мына жеңілдеп отырған жанрлардың төңірегінде шәмшілер қалай,батыс еуропа не олмаса жанағындай осы жалпы мына жән жеңілдеп отырған жанырлардың төңірегінде шәмшілер қалай,0.35714285714285715,0.07692307692307693,14
train-00003-of-00048_000079,нұр,不,1.0,1.0,1
train-00003-of-00048_000080,қалай ол,һалай ол,0.5,0.125,2
train-00003-of-00048_000081,олардың әндері халық әндеріне айналды,олардың әндері халық әндерін айналп,0.4,0.08108108108108109,5
train-00003-of-00048_000082,бүгін шыққан ән,بنشقاn أn,1.0,0.9333333333333333,3
train-00003-of-00048_000083,ертеңгі күні шүбәгер бар,ертен гүн шіләгербок,1.0,0.4166666666666667,4
train-00003-of-00048_000084,осының құдіреті неде сіздің ойыңызша,осының құдіретіне де сіздің ойыншы,0.6,0.16666666666666666,5
train-00003-of-00048_000085,сондықтан суық,,1.0,1.0,2
train-00003-of-00048_000086,сауатты,ي,1.0,1.0,1
train-00003-of-00048_000087,мүмкін,嗯嗯,1.0,1.0,1
train-00003-of-00048_000088,қазақ радио телевидениесінің төңірегінде эстрадалық симфониялық оркестр ашылды,қазақ радиотелевидениясынің төңіругінде эстрадалық симфониялық оркестр ашылды,0.375,0.05128205128205128,8
train-00003-of-00048_000089,енді өзіңіз жақсы білесіз оны,在这ssлss,1.0,0.9655172413793104,5
train-00003-of-00048_000090,және де ең қызығы осы эстрадалық симфониялық оркестрдің төңірегінде,және де ең қызығы осы эстрадалық симфониялық оркеструдің төңірегінде,0.1111111111111111,0.014925373134328358,9
train-00003-of-00048_000091,жаңа бір,жәңа бір,0.5,0.125,2
train-00003-of-00048_000092,жанрлық лептер пайда бола бастады жаңа орындаушылық мектеп пайда бола бастады,жанырлық ілептер пайда бола бастады жаңа орындаушылық мектеп пайда бола бастады,0.18181818181818182,0.025974025974025976,11
train-00003-of-00048_000093,лаки кесогл,влаки кisуgл,1.0,0.45454545454545453,2
train-00003-of-00048_000094,нұрғали ағамыз нүсіпжанов суат әбу сейітов зейнеп қойшыбаев венера қарымбасова осы туралы айтып кетіңіз осы туралы айтып кетіңізші,нұрғали ағамыз мүсібжанов суат абуситов зейнеп қойшыба венера қармасы осы туралы айыпкетіңосы туралы айтып кетіңіз,0.5,0.16153846153846155,18
train-00003-of-00048_000095,мой,و,1.0,1.0,1
train-00003-of-00048_000096,жазады жазалайды,жаза жазалай,1.0,0.25,2
train-00003-of-00048_000097,жазалайды білемін,جоза лет бли,1.5,0.7058823529411765,2
train-00003-of-00048_000098,бүгінде солай,бүгүндү сола,1.0,0.23076923076923078,2
train-00003-of-00048_000099,мүмкін,嗯,1.0,1.0,1
train-00003-of-00048_000100,бір сұрақ туындайды себебі кез келген мәдениеттің кез келген мемлекеттің мәдениетінің ішінде міндетті түрде ұлттық сипат ұлттық менталитет жатады әрине жаңағы айтып отырған біздің кереметтей композиторлардың бәрі міндетті түрде саналы өмірінде осы,нажерде бір сұрақ туындайды себебі лгміңкез келген мемлекеттің мәдениетінің ішінде міндетті түрде ұлттық сипа ұлттық менталитет жатадыжәнаға айтып отырған біздің кереметтей композиторлардың бәрі міндетті түрде саналы өмірінде осы,0.28125,0.145748987854251,32
train-00003-of-00048_000101,ұлттың мәселесін ойлады енді қараңызшы мынандай дүниеге бір назар аударайық сол жаңағы айтып отырған композиторлар шәмші қалдаяқовтың феномені,ұлттың мәселесін ойлады енді қараңшы мынандай дүниеге бір назар аудараық сол жанаы айтып отырған композиторлар шәмшықалдаяқовтың феномені,0.2777777777777778,0.04929577464788732,18
train-00003-of-00048_000102,қазақтың жаңағы вальс королі дейді сондай бір құбылыс құбылыс иә сол бірақ,қазақтың жаңа вальс королі дейді сондай бір құбылысы я сол бірақ,0.3333333333333333,0.14864864864864866,12
train-00003-of-00048_000103,мына қазақтың дәстүрлі музыкасының төңірегінде мысалы мына өлшемдер бар емес пе сол мына үш те төрттік өлшем деген сияқты вальсқа жақын дүние мысалы үшін сирек кездеседі бірақ,мына қазақтың дәстүрлі музыкасының төңірегінде мысал мына өлшемдер бар емес па сол мына үште төрттік өлшем деген сияқты вальцка жақын дүние мысал үшын серек кездеседі бірақ,0.2962962962962963,0.045714285714285714,27
train-00003-of-00048_000104,сол тұлғалар халықтың жадына оны ұлттық құндылық ретінде сіңіреді ғой,сол туғалар халықтың жадына оны ұлттық құндылық ретінде сіңіреді ғой,0.1,0.028985507246376812,10
train-00003-of-00048_000105,келісемін осы феномен жайында келісемін,kus finomin جaيındam,1.0,0.9487179487179487,5
train-00003-of-00048_000106,яғни,,1.0,1.0,1
train-00003-of-00048_000107,түсінікті,,1.0,1.0,1
train-00003-of-00048_000108,музыка шітеді де музыка үлесетін бірақ жүріс,каштыты музыка с икн жрш,0.8571428571428571,0.6136363636363636,7
train-00003-of-00048_000109,көрдіңіз бе менің,,1.0,1.0,3
train-00003-of-00048_000110,онда отыр,نوت,1.0,1.0,2
train-00003-of-00048_000111,кәдімгідей қазақ елінің қара домалақ азаматы,кадүңгүдек казақ келинин карадомулак азаматы,0.8333333333333334,0.3181818181818182,6
train-00003-of-00048_000112,қалай ойнау керек,,1.0,1.0,3
train-00003-of-00048_000113,бұл жерде керемет дүниелер жатыр себебі мына ұлттық менталитет дейді мына дәстүрдің ішіндегі қалыптасып қалған феномен бұл жерде оны үйрету өте қиын ол қан да бар нәрсе ғой кенекеңдердің әндерін алсақ мысалы үшін жаңағы айтып отырған нұрғиса ағамыздың әндерін айтсақ және де ең қызығы бар ғой бұл кісілердің,бу жерде кереметте дүниеле жатыр себебі мына ұлттық менталитетдейді дәстүрдің ішіндегі қалыптасып қалған феномен бұ жерде оны үйрету өте қиын ол қанда бар нәрсе ғой кенікеңдердің әндерін алсақ мысалүшын жана айтып отырған нұрғисағамыздың әндерін айсақ жәнеде ең қызығы бар ғой бұл кісілердің әндері бүгін жазыса ертеңшіл айруып кетеді себебі,0.5208333333333334,0.24104234527687296,48
train-00003-of-00048_000114,қазақтың ұлттық бір иісі жатады да сол рухани мәселеге бірден қонады ғой барып,қазақтың ұлттық бір иісі жататы та сол рухани мәселеге бірден қонады ғой барып,0.15384615384615385,0.02564102564102564,13
train-00003-of-00048_000115,қызығы,فزغ,1.0,1.0,1
train-00003-of-00048_000116,бақыт келмейді,,1.0,1.0,2
train-00003-of-00048_000117,жүйек алтыншы тұрсыз шыққан,يولالتىشلار سۇشقыن,1.0,0.9259259259259259,4
train-00003-of-00048_000118,мүмкәсіп,嗯,1.0,1.0,1
train-00003-of-00048_000119,беделді беделді ұжым,بيديلد بيديلد,1.0,0.95,3
train-00003-of-00048_000120,жаңағы өнерді қорғайды,ңа өнер корғайт,1.0,0.4090909090909091,3
train-00003-of-00048_000121,біз бірте бірте жеңіл музыкадан кәдімгідей бір сүбелі дүниелерге келе жатырмыз мәселен жаңа айтып отырған досым қасан,біз бірте бірте жеңіл музыкадан кәдіңгідей бір субелім дүниелерге келе жатырмыз мәселенң жаңа айтып отырған досым қасан,0.17647058823529413,0.03418803418803419,17
train-00003-of-00048_000122,кезінде,кезіңде,1.0,0.14285714285714285,1
train-00003-of-00048_000123,иә,,1.0,1.0,1
train-00003-of-00048_000124,қазақтың жастарының рухани ұйытқысына айналды,қазақтың жастарының рухани үйткұсына айналды,0.2,0.08888888888888889,5
train-00003-of-00048_000125,репрессияға тек адам емес өнерде ұшырады ғой сол қобызымыз сол домбырамыз яғни,репрессияға тек адам емес өнерде ұшұрады ғой сол қобызымыз сол домбырамыз яғни,0.08333333333333333,0.01282051282051282,12
train-00003-of-00048_000126,құрманғазы оркестрі оның төңірегіндегі музыка,құрманғазы оркестры оның төңірегіндегі музыка,0.2,0.022222222222222223,5
train-00003-of-00048_000127,мына бастаушы басқару мәселесіне ұйытқы болды мәжбүрледі жаңа өзіңіз айтып отырсыз ал енді сұрағым бар біз қазір жаңағындай басын шолып өттік мына менеджмент дедік продюсерін дедік өзіңіз айтып қалдыңыз жаңағы тасқын оқапов қазақтың тұңғыш продюсері деп ол да рас келіссем оған мәселе сол кездерде мына жаңағы эстрадалық музыканың дамубүгінгі тілмен айтқан кезде индустрия қалыптаса бастады,мына бастаушы басқару мәселесіне ұйтқы болды мәжбүрледі өзіңізайтып отырсыз лнсұраыбар біз азір жаыдай басынш олып өттік ыменеджменттеді продюсер дедік өзіңіз айтып алдыңыз жа тасқыноқапо қазақтың тұңғыш продюсері деп олдарас келсем оан мселе сол кездерде мына жааы эстав музыканың даму процесіне бірден бір бүгінгі тілмен айтқан кезде индустрия қалыптаса бастады,0.6,0.19230769230769232,55
train-00003-of-00048_000128,жаңа өзіңіз айтып кеттіңіз филармонияның төңірегінде қазақ концерт ұжымы,жәна өзіңіз айтып кеттіңіз филармонияның төңірегінде қазаққан церт мұжынас,0.4444444444444444,0.1388888888888889,9
train-00003-of-00048_000129,айта беріңіз айта беріңіз,тйа верн зайтав,1.0,0.6,4
train-00003-of-00048_000130,өнер мемлекетті мәжбүрледі ғой сол индустрияға айналдырды бүгін енді біз мына шоу бизнес төңірегін айтамыз мына музыканың жеңіл музыка деп айтпаймыз оны кәдімгідей индустрия деймін ол,өнер мемлекетті мәжбүрледі ғой сол индустрияға айналдырды бүгін енді біз мына шоу бизнестің гн айтамыз мына музыканың жеңіл музыка деп айтпаймыз оны үлкен кәдіңгідей индустрия дейм ол,0.19230769230769232,0.08196721311475409,26
train-00003-of-00048_000131,әр жаңағы ұзын кәдімгідей бір құбылыс,әр жаңағы ұзын әріңгідей бір құбылыс,0.16666666666666666,0.08108108108108109,6
train-00003-of-00048_000132,мысалы мына қазақконцерт деген гастрольдік дейді яғни немене алматыда шыққан ән жыр басқа дүниелердің бәрі ел елге тарау керек насихаттау керек көрсету керек болу керек деген сияқты мәселе,мысалы мына қазақ концерт деген гастүрелдік дейді яғни немене алматта шыққан ән жыр басқа дүниелердің бәрі ел елге тарау керек насихаттау керек көрсету керек болу керек деген сияқты мәселе,0.14285714285714285,0.031914893617021274,28
train-00003-of-00048_000133,гүлдердің феномені сіз соны бір жылдары басқардыңыз бұл енді бір бөлек әңгіме ғой,гүлдердің феномені сіз соны бір жылдары басқардыңыз бұл енді бір бөлегі әңгіме ғой,0.07692307692307693,0.024691358024691357,13
train-00003-of-00048_000134,бағыт,بعيد,1.0,1.0,1
train-00003-of-00048_000135,республикалық,رسبوبليكل,1.0,1.0,1
train-00003-of-00048_000136,жаңа өзінің есімін айтып кеттің бұл бөлек бір сұрақ ретінде мен дайындағанмын мәселе,жана өзің есімін айтып кеттің бұл бөлек бір сұрақ ретінде мен дайындағам мселе,0.3076923076923077,0.08333333333333333,13
train-00003-of-00048_000137,гүлжихан ғалиева жайында айтып кетсек бұл кісінің мәдениетке сіңірген еңбегі көбі біле бермейді ұшан теңіз,өлжихан ғалиева жайында айтып кетсек бубұсының мәдениетке сіңірген еңбегі көбі біле бермейді ұшан теңіс,0.26666666666666666,0.09433962264150944,15
train-00003-of-00048_000138,оны өл,我ن,1.0,1.0,2
train-00003-of-00048_000139,қаншама қазақтың балдары,خaنشaما خaزaقبالد,1.0,0.9583333333333334,3
train-00003-of-00048_000140,дұрыс мына тұлғаларды айтатын болсақ жаңа ахмет жұбановты айттық мәселен және темірбек жүргеновті өзің айтып отырсың мысалы үшін соның қатарында жаңағындай гүлшахан ғалиева өте әрлі тұлға және де ең қызығы бұл тұлғалар,мына толғаларды айтатын болсақ жәна ахмет жұбановты айттық мәселеңіз жәна теңірбек жүрген өзің айтып отсаң мысалышын соның қатарында жанаындай гөлшахан ғалиева өте әрі толға және де ең қызығы бұл толғалар,0.46875,0.13761467889908258,32
train-00003-of-00048_000141,әртүрлі саланы қамтыған ғой ұлт мүддесін ойлаған болашағын ойлаған сондай дүние жақсы біз өте күрделі мәселелерді айтып кеттік жеңіл музыкадан бастап байқайсыз ғой,әртүрлі саланы қамтыған ғой ұлт мүддесін ойлаған олар шағын ойлаған сондай дүние жақсы біз өте күрделі мәселелерді айтып кеттік жеңіл музыкадан бастап байқайсыз ғой,0.08695652173913043,0.018404907975460124,23
train-00003-of-00048_000142,қазақтың мына эстрадалық музыкасы дейміз кең тараған музыкасы дейміз бұның астарында жаңа айтып отырған мәселелердің бәрі бүгінгі таңда үлкен бір индустрияға айналды соның бірден бір өкілі бүгінгі таңда өзіңіз кітапты өткен жолы сіз маған сыйладыңыз жасыратыны жоқ мына жерде жеңіс сейдоллаұлы,қазақтың мына эстрадалық музыкасы дейміз кең тараған музыкасы дейміз бұның астарында жана айтып отырған мәселелердің бәрі бүгінгі таңда үлкен бір индустрияға айналды соның бірден бір өкілі бүгінгі таңда өзіңіз кітапты өткен жол сыз маған сыйладыңыз жасыратыныз жоқ мына жерде жеңіс сейдола ұлы,0.14634146341463414,0.020477815699658702,41
train-00003-of-00048_000143,саған әнім депсіз иә иә мына жерде алпысқа тарта әндеріңіз бар екен иә сізді ел енді композитор әнші ретінде жақсы біледі басқа осындай кітаптарды ашатын болсақ мына біздің композиторлардың бұл жерде әрине алты та сегізді күшті төрттік деген ырғақтарды басым болады да мен мына жерден үш төрттік қана ырғақ таптым қалғанының бәрі екі де төрттік т,саған әнім депсіз мына жерде алпысқа тарта әндеріңіз бар екен сізді ел енді композитор әнші ретінде жақсы біледі басқа осындай кітаптарды ашатын болсақ мына біздің композиторлардың бұ жерде әрине алтыта сегізді күшті төрттік деген ырғақтарды басым болат та мен мына жерде үш төрттік қана ырғақ таптым қалғанның бәрі екі де төртік төтте төртік менің бір байқағаным сіздің әндеріңіз халық тыңдайда өзіңіздің тыңдарманыңыз бар бірақ,0.42857142857142855,0.3265895953757225,56
train-00003-of-00048_000144,басқа композиторлардан айтарлықтай ерекшеленіп тұрады,басқа композиторлардан қайталықтай ерекшеленіп тұрады,0.2,0.03773584905660377,5
train-00003-of-00048_000145,жиар,,1.0,1.0,1
train-00003-of-00048_000146,енді сен сенің тұрамысың,sn sams,1.0,0.9583333333333334,4
train-00003-of-00048_000147,сондықтан бөлек,送长的人,1.0,1.0,2
train-00003-of-00048_000148,мен түсінгенім жәке жаңағындай эстрадалық музыканың дамуы,мен түсүнгөнүм жаке жана кындай эстрадалык музыканын дамуу,1.0,0.17543859649122806,7
train-00003-of-00048_000149,мысалы сала сала болып жатыр ғой қазір иә иә ол үлкен индустрияға айналды дейміз иә жаңа,мысалы сала сала болып жатыр ғой қазір ол үлкен индустрияға айналып теймізжән,0.375,0.18181818181818182,16
train-00003-of-00048_000150,жеңіл музыканың тамыры,жеңіл музыканың тамыры,0.0,0.0,3
train-00003-of-00048_000151,көне де жатыр біз соған көзіміз жетті қазір осы әңгіменің барысында бірақ бұл музыканы басқару мәселесі бар,көнеде жатыр біз соған көзіміз жетті кәзір осы әңгіменің барысында бірақ бұл музыканы басқару мәселесі бар,0.17647058823529413,0.028037383177570093,17
train-00003-of-00048_000152,бүгін мысалы үшін сіз топ менеджментте жүрсіз,бүгін мысал үшін сіз топ менежментте жүрсіз,0.2857142857142857,0.044444444444444446,7
train-00003-of-00048_000153,ол жаңағындай жүргенов атындағы академияда жұмыс істедіңіз топ менеджментте гүлдерді басқардыңыз қазақконцертті басқардыңыз жамбыл атындағы мемлекеттік екі бастан оны басқардыңыз бүгін жүсіпбек елебеков атындағы колледжді басқарып отырсыз жалпы мына,ол жаңағындай жүргенов атындағы академияда жұмыс істедіңіз топ менеджментті гүлдерді басқардыңыз қазақ концертті басқардыңыз жамбылатындағы мемлекеттік екі бастан оны басқардыңыз бүгін жүспек елебеков атындағы колледжді басқарып отырсыз жалпы мына,0.20689655172413793,0.020080321285140562,29
train-00003-of-00048_000154,менеджмент мәселесі өнердегі менеджмент мәселесі продюсерлік дүние бұл жерде ұлықпан ағаның есімін айтпай кетуге болмайды иә иә жаңа айтып отырғанмын пономаревтар бар ерғалиевтар бар азия дауысы бар осы туралы бүгін қандай деңгейде,менеджмент мәселесі өңердегі менеджмент мәселесі продюсерліқ дүние бұ жерде ұлықпанағаның есімін айтпай кетуге болмайды және айтып отырған паноморевтар бар ерғалиевтар бар азиядауысы бар осы турап бүгін қандай деңгейде,0.40625,0.09090909090909091,32
train-00003-of-00048_000155,иә,一,1.0,1.0,1
train-00003-of-00048_000156,бұл,,1.0,1.0,1
train-00003-of-00048_000157,мүмүм,嗯,1.0,1.0,1
train-00003-of-00048_000158,керемет,,1.0,1.0,1
train-00003-of-00048_000159,арман арман иә арман тұғын,عرما ع عرم,1.0,0.9230769230769231,5
train-00003-of-00048_000160,иә қазір әлі болмановтың иә,ل بولمانتنكي,1.0,0.9629629629629629,5
train-00003-of-00048_000161,мен түсінгенім,мен түсінгенім,0.0,0.0,2
train-00003-of-00048_000162,қазақтың рухани байлығы бар көрсететініміз молынан иә иә тек қана болашақта әлі үйренетініміз бар технология жайынан сондықтан мен ойлап отырмын бұның бәрі біздің алдымыздағы жоспар творчествоңыз биіктей берсін туған жеріңіз сыр елі жыр елі дейді әр жағында сол жыр мен сыр елінің қоры жатыр,қазақтың рухани байлығы бар көрсететініміз молынан тек қана болашақты әлі үйренетініміз бар технология жайынан сондықтан мен ойлап отырмын бұның бәрі біздің алдымыздағы жоспар ворствоңыз беікте берсін туғанжеріңіз срелі жыр елі дейді әр жағында сол жыр мен сыр елінің қоры жатыр,0.20454545454545456,0.05154639175257732,44
train-00003-of-00048_000163,талай талай деген әндермен мына біздің көрермендерді қуанта беріңіз деніңіз сау болсын,қалай талай деген әндермен мына біздің көрермендерді қуанта беріңіз деніңіз сау болсын,0.08333333333333333,0.011627906976744186,12
train-00003-of-00048_000164,рақмет сізге,ححم لف,1.0,0.9166666666666666,2
train-00003-of-00048_000165,сарасөздің қадірлі мейманы,сарасөзнің қадірлі мейманы,0.3333333333333333,0.038461538461538464,3
train-00003-of-00048_000166,қазақстанның еңбек сіңірген қайраткері жүсіпбек елебеков атындағы республикалық эстрада цирк колледжінің директоры әнші композитор топ менеджер жеңіс сейдоллаұлы амандыққа жолыққанша,қазақстанның еңбек сіңірген қайраткері жоспек елебеков атындағы республикалық эстрада цирк коллежінің директоры әнші композитор топ менеджер жеңіс сейдол ауылы амандықта жолыққанша,0.25,0.04395604395604396,20
train-00003-of-00048_000167,әділет маратұлы,адлет маратуло,1.0,0.26666666666666666,2
train-00003-of-00048_000168,мына баланың кесірінен міне түнде қазыбекті больницаға алып кетті,мына баланың кесірінен іне түнді қазібекті балынсақ алып кетті,0.4444444444444444,0.13846153846153847,9
train-00003-of-00048_000169,өзіңіз сөйлеспесеңіз болмайды мынамен,өзіңіз сөйлеспесеңіз болмайд мұнамен,0.5,0.05405405405405406,4
train-00003-of-00048_000170,құрметті балалар,құрметті балалар,0.0,0.0,2
train-00003-of-00048_000171,өнә,ونا,1.0,1.0,1
train-00003-of-00048_000172,біздің,فزنك,1.0,1.0,1
train-00003-of-00048_000173,асылайын деп тұрған,ашлайн де турған,1.0,0.2631578947368421,3
train-00003-of-00048_000174,ғимаратымыз,غمراتمز,1.0,1.0,1
train-00003-of-00048_000175,құтты болсын,ختبس,1.0,1.0,2
train-00003-of-00048_000176,құрметті балалар,құрметті балалар,0.0,0.0,2
train-00003-of-00048_000177,міне алдарыңызда тұрған,міне алдарыңызда тұрған,0.0,0.0,3
train-00003-of-00048_000178,керемет кісіге сөз бергел тұрмын алматы қалалық балалар үйінің қадағалау департаментінің төрағасы темірхан,кереметкісізге сөз бер кел тұрмын алматы қалалық балалар үйінің қадақалау департаментінің төрағасы темірхан,0.38461538461538464,0.04716981132075472,13
train-00003-of-00048_000179,болатұлына сөз беруге рұқсат етіңіздер,болатылына сөз беруге ұрұқсат етіңіздер,0.4,0.05263157894736842,5
train-00003-of-00048_000180,аха,,1.0,1.0,1
train-00003-of-00048_000181,темірхан болатұлы сізге рақмет осындай мүмкіншілік бердіңіз маған үмітіңізді ақтаймын жүріңіз сізге дастархан жайып келіп едік жоқ,темірхан болатыл сізге рахмет осындай мүмкіншілік бердіңіз маған үммітіңізді ақтайым жүрміз сізге дастархан жайып көреді,0.47058823529411764,0.13846153846153847,17
train-00003-of-00048_000182,рақмет сіздің ұятқаңыз сіздің ұятқаңыз мына уақытты күтеңізге,رختزن وختز,1.0,0.9836065573770492,8
train-00003-of-00048_000183,сосын көңкор бол деп ойлаймын да,看قربن,1.0,1.0,6
train-00003-of-00048_000184,елестіріп атыңызбен апарып ұрып соғып жазалап қатыгездікке,иектырбатинизбна апарıп урутсолып жазалıп карткезипке коттакпас наатрикта ботрам,1.1428571428571428,0.896551724137931,7
train-00003-of-00048_000185,халқа біледі,خقبي,1.0,1.0,2
train-00003-of-00048_000186,абаймен,بمن,1.0,1.0,1
train-00003-of-00048_000187,қанат,快ن,1.0,1.0,1
train-00003-of-00048_000188,ештеңе алып жүрдік,ش要,1.0,1.0,3
train-00003-of-00048_000189,ағай ағай пожалуйста,агай агай пожалустай,1.0,0.2,3
train-00003-of-00048_000190,директорге айтпай қойыңызшы,директорге әйтпай қойыңзші,0.6666666666666666,0.1111111111111111,3
train-00003-of-00048_000191,қалаған затыңыздың барлығын іздеп беремін деп,қалаған затыңыздың барлығын степ береме,0.5,0.17777777777777778,6
train-00003-of-00048_000192,айтпай ақ қойыңызшы деген,اpkشdن,1.0,1.0,4
train-00003-of-00048_000193,иә келістік аға,я келисдіг ағай,1.0,0.4,3
train-00003-of-00048_000194,жаңағы жаңағы,不,1.0,1.0,2
train-00003-of-00048_000195,сөйтіп асқан ай,пасқа аяздарда,1.0,0.8,3
train-00003-of-00048_000196,сөйтіп тұрған бас тұрғайы,تبسببستلفي,1.0,1.0,4
train-00003-of-00048_000197,науыяны,nย,1.0,1.0,1
train-00003-of-00048_000198,құрынбайсың ба бозторғайып,қымбайсынба босырғай,1.0,0.38461538461538464,3
train-00003-of-00048_000199,даланы мендей сүйемін сендей бауырма,даланна мендей сүйемін сендей бауырмал қалсың,0.6,0.2777777777777778,5
train-00003-of-00048_000200,наздың нөлінде қалдың нөлінде,nazın nelekte tadınnelete,1.0,0.9310344827586207,4
train-00003-of-00048_000201,мені өткен,,1.0,1.0,2
train-00003-of-00048_000202,айнымасқа да бір қуысқа,اйنماسقادالدرقوسقا,1.0,0.9565217391304348,4
train-00003-of-00048_000203,қыз едің ғой,قسيدrي,1.0,1.0,3
train-00003-of-00048_000204,кең далаға бауыр басқан,киңдалаға бауыр басҡа,0.75,0.17391304347826086,4
train-00003-of-00048_000205,аяздарда тоңбайсың ба бозторғайым,айяздарда тоңбыйсымба босырғайя,1.0,0.2727272727272727,4
train-00003-of-00048_000206,жылы ұялы,热未阳啊,1.0,1.0,2
train-00003-of-00048_000207,қонбайсың ба бозторғайық,оنبسمبابسورغا,1.0,0.9583333333333334,3
train-00003-of-00048_000208,мууууу,,1.0,1.0,1
train-00003-of-00048_000209,базар жоқ,把子ر,1.0,1.0,2
train-00003-of-00048_000210,асықп қой же,صفج,1.0,1.0,3
train-00003-of-00048_000211,что там балалар ғой,شتمر,1.0,1.0,4
train-00003-of-00048_000212,нормально бәрі,نارمال نبار,1.0,0.9285714285714286,2
train-00003-of-00048_000213,сен жазылғаныңды күтіп жүрміз,сен жазылғанымды күтіп жұрмыз,0.5,0.10344827586206896,4
train-00003-of-00048_000214,қашан шығарасың,上车了去,1.0,1.0,2
train-00003-of-00048_000215,осына бір екі күн жатасың,мен осында бірекі кін жатасың,0.8,0.28,5
train-00003-of-00048_000216,сосын көреміз енді ғой,什可ر的,1.0,1.0,4
train-00003-of-00048_000217,сіздерге шошқашыңыздар,个说拾,1.0,1.0,2
train-00003-of-00048_000218,а то сеанс вообще скучнек,пото сенс вообще скученек,0.8,0.16,5
train-00003-of-00048_000219,осыдан маған күніне 1 2 рет әкеліп тұрсаң,ос маңа күнне біре кенәт әкеп тұрсаң,0.875,0.3902439024390244,8
train-00003-of-00048_000220,оз музей,我s么行,1.0,1.0,2
train-00003-of-00048_000221,бардық бәрін әйрен алдық,мар бәрін әрен алдық,0.5,0.20833333333333334,4
train-00003-of-00048_000222,қалжымға бардым,قزمn,1.0,1.0,2
train-00003-of-00048_000223,жақсы,,1.0,1.0,1
train-00003-of-00048_000224,атты граф етсің ғана,あた그らفწ,1.0,1.0,4
train-00003-of-00048_000225,ол қазір жоқ братишка,وقصجق برتيشكa,1.0,0.9523809523809523,4
train-00003-of-00048_000226,главное ауырмасам болды,ladنa وr مس bolت,1.3333333333333333,0.9130434782608695,3
train-00003-of-00048_000227,дөл нұр,人了,1.0,1.0,2
train-00003-of-00048_000228,туған ағамдайсың,不ندs,1.0,1.0,2
train-00003-of-00048_000229,блев,بليم,1.0,1.0,1
train-00003-of-00048_000230,сен де маған туған бауырым сияқтысың,сенде маған туған бауырым сияқтасың,0.5,0.05555555555555555,6
train-00003-of-00048_000231,олай болмаса сен туған күніне,олай болмаса сем тоған күніне,0.4,0.06896551724137931,5
train-00003-of-00048_000232,мен жинаған ақша,мен жинаған ақша,0.0,0.0,3
train-00003-of-00048_000233,осы тағамдар емес ал асимге подарка үшін,осы стағанымдар емес ал әсемге падаркалық шен,0.5714285714285714,0.275,7
train-00003-of-00048_000234,білмеймін,بل,1.0,1.0,1
train-00003-of-00048_000235,р,ر,1.0,1.0,1
train-00003-of-00048_000236,гүл немесе,جلني مسير,1.0,1.0,2
train-00003-of-00048_000237,әйтеуір бірдеңе алу керек,әйтеуір бірденке алу керек,0.25,0.08,4
train-00003-of-00048_000238,өлең жақсы айтасың ғой,лиң жақсы айтасың ғой,0.25,0.09090909090909091,4
train-00003-of-00048_000239,сен оған ана анау торғай туралы әніңді айтып берсей,сен оған ана анау торғай туралы әніңді айтып берсей,0.0,0.0,9
train-00003-of-00048_000240,солай күшті болады ғой,فلاكشتا,1.0,1.0,4
train-00003-of-00048_000241,ел торғай емес,э торға емес,0.6666666666666666,0.21428571428571427,3
train-00003-of-00048_000242,какая разница,可可ي他是,1.0,1.0,2
train-00003-of-00048_000243,молодец қызбек,معلجات خزويت,1.0,0.9285714285714286,2
train-00003-of-00048_000244,сондаймын түнгі он екіде,ондаймен түнгі он екі де,0.75,0.125,4
train-00003-of-00048_000245,әсем терезесіне барып,асим терезесіне барып,0.3333333333333333,0.09523809523809523,3
train-00003-of-00048_000246,бозторғайды сиренады сияқты айтып берейін айтып берейін ғой,босторғайды серенада сияқты айт перем бо,0.875,0.4067796610169492,8
train-00003-of-00048_000247,ты красавчик,我rصcك,1.0,1.0,2
train-00003-of-00048_000248,ал тыныш қыз күйкі,别哥,1.0,1.0,4
train-00003-of-00048_000249,қызбек тыныш өзі қояды қызбек тыныш өтінем тыныш сөйлеуші қызбек өтінем қызбек,зекышқояды қазбек тыныш өтінем тұныш сөрініш қазбек өтінем қазбек,0.75,0.2692307692307692,12
train-00003-of-00048_000250,е,敌人,1.0,2.0,1
train-00003-of-00048_000251,кайзеровка нашу,казеровка на шиб,1.5,0.26666666666666666,2
train-00003-of-00048_000252,присып сал қалды ма,прислып салы қалдыма,1.0,0.15789473684210525,4
train-00003-of-00048_000253,әйтеуір бірдейке болды,әсеір бір зетке болды,1.0,0.2727272727272727,3
train-00003-of-00048_000254,бір минут,prمim,1.0,1.0,2
train-00003-of-00048_000255,ерсен айтады,ерсен айтадыой,0.5,0.16666666666666666,2
train-00003-of-00048_000256,сәуір,才,1.0,1.0,1
train-00003-of-00048_000257,енді ол өзі сұрап,nt ssرp,1.0,0.9411764705882353,4
train-00003-of-00048_000258,мен оған апарып бердім,мен оған апарып берің,0.25,0.09090909090909091,4
train-00003-of-00048_000259,олай болатындығын,олай болатындығын,0.0,0.0,2
train-00003-of-00048_000260,құрмет,кізмет,1.0,0.5,1
train-00003-of-00048_000261,кешіріңізші,كشтnmыш,1.0,0.9090909090909091,1
train-00003-of-00048_000262,одвесовой,ليطغي,1.0,1.0,1
train-00003-of-00048_000263,дозаламайық қой иә,дозаламаку,1.0,0.5555555555555556,3
train-00003-of-00048_000264,өйткені сізге шахмат,كنسزشخمات,1.0,1.0,3
train-00003-of-00048_000265,мен бара берсем болады ма,мен бара берсің бола ма,0.4,0.16,5
train-00003-of-00048_000266,а то завтра үлгермей қаламын,атозавторха үлгермей қала,0.8,0.25,5
train-00003-of-00048_000267,тақырыптың тарқымын салыңыз,س,1.0,1.0,3
train-00003-of-00048_000268,жоқ нормальный бәрі ешкім ешкімді жазаламайды,зақ нормальның бәрі ешкім ешкімді жазаламайды,0.3333333333333333,0.06666666666666667,6
train-00003-of-00048_000269,әсің әлгі күлмедімін,أسيم ألف كلمدما,1.0,0.9,3
train-00003-of-00048_000270,жарайсың,жرت,1.0,0.875,1
train-00003-of-00048_000271,жақсы бастады,بسنس,1.0,1.0,2
train-00003-of-00048_000272,жоқ,joق,1.0,1.0,1
train-00003-of-00048_000273,жай сөйлесті,جي سلستك,1.0,0.9166666666666666,2
train-00003-of-00048_000274,шахмат ойладық,шақнытойладық,1.0,0.2857142857142857,2
train-00003-of-00048_000275,в общем кешірді,вообшем кешірді,0.6666666666666666,0.13333333333333333,3
train-00003-of-00048_000276,сөйтіп тұр,,1.0,1.0,2
train-00003-of-00048_000277,не салып отырсың,неsاوптرsا,1.0,0.75,3
train-00003-of-00048_000278,пара ғой,ري,1.0,1.0,2
train-00003-of-00048_000279,онда біз,ندبز,1.0,1.0,2
train-00003-of-00048_000280,енді,int,1.0,1.0,1
train-00003-of-00048_000281,екеуміз де қырға сияқты өмір бойы бірге боламыз,екеуімізде қарға сиақта өмір бойы бірге боламыз,0.5,0.10638297872340426,8
train-00003-of-00048_000282,наусинка ма,ك,1.0,1.0,2
train-00003-of-00048_000283,неге лақтырып тасадың,неге лақтырып тасадын,0.3333333333333333,0.047619047619047616,3
train-00003-of-00048_000284,шын ба,什吧,1.0,1.0,2
train-00003-of-00048_000285,саған керек емес пе не,саған керегеніспане,0.8,0.3181818181818182,5
train-00003-of-00048_000286,сәлеметсіздің өзіңіздің өзіңізді,,1.0,1.0,3
train-00003-of-00048_000287,жаңағы жаңағы жаңағы жаңағы,,1.0,1.0,4
train-00003-of-00048_000288,бұл біздің бала аманбаев қанат,бұл біздің бала аманбаев қанат,0.0,0.0,5
train-00003-of-00048_000289,мен пеналымды ұмытып кеттім соны алып келе жатырмын,мен финалымды ынып кеттім соны алып келе жатырмын,0.25,0.09803921568627451,8
train-00003-of-00048_000290,жоқ ол алып қойды,жоқ ол алып қойды,0.0,0.0,4
train-00003-of-00048_000291,сен маған өзің бердің ғой шынымды айтсайшы неге алдап тұрсың,сен маған өзім бердің ғой шынында айтсайші неге алдап тұрсың,0.3,0.06666666666666667,10
train-00003-of-00048_000292,ағай ол маған өзі берді,ағай о маған өзі берді,0.2,0.043478260869565216,5
train-00003-of-00048_000293,жоқ деспеді,жоқ теспеді,0.5,0.09090909090909091,2
train-00003-of-00048_000294,ол жай ғана аюды алып қойды,ол жай ғана айылды алып қойды,0.16666666666666666,0.1111111111111111,6
train-00003-of-00048_000295,сен маған өзің бердің неге алдап тұрсың,сен манан өзің бердің неге алдып тұрсың,0.2857142857142857,0.05128205128205128,7
train-00003-of-00048_000296,жақсы шабай ғой,ش,1.0,1.0,3
train-00003-of-00048_000297,ағай ол өтірік соғады шынында айтамын,аға өтіргісіғоды шындай шы,1.0,0.4594594594594595,6
train-00003-of-00048_000298,я,يا,1.0,2.0,1
train-00003-of-00048_000299,наман,ndamaa,1.0,1.2,1
train-00003-of-00048_000300,ештеңе істеген жоқпын уайымдамаңдар,кіштене естеген жоқ байымдамандұр,1.0,0.2857142857142857,4
train-00003-of-00048_000301,ойындамаңдар бәрі жақсы,ойындамандар бәрі жақсы,0.3333333333333333,0.043478260869565216,3
train-00003-of-00048_000302,шықты,شت,1.0,1.0,1
train-00003-of-00048_000303,жоқ,,1.0,1.0,1
train-00003-of-00048_000304,нормально,,1.0,1.0,1
train-00003-of-00048_000305,мына жақта өте ыстық өзің қалайсың әсем,мажықты өте ыстық өзің қалайсын әсем,0.42857142857142855,0.15384615384615385,7
train-00003-of-00048_000306,иә,爷,1.0,1.0,1
train-00003-of-00048_000307,ол кетіп қалды бізді тастап,ол кетіп қалды біз тастап,0.2,0.07407407407407407,5
train-00003-of-00048_000308,не үшін аяқ астынан кетіп қалды,не үшін аяқ асынан кетіп қалды,0.16666666666666666,0.03225806451612903,6
train-00003-of-00048_000309,сонды түсіп жүріп жатыр,сон сүмжжаты,1.0,0.5652173913043478,4
train-00003-of-00048_000310,осен,行,1.0,1.0,1
train-00003-of-00048_000311,сенің ойыңда ма,现在我你们的忘,1.0,1.0,3
train-00003-of-00048_000312,мен сенің қасыңдамын,мен сенің қасымдамын,0.3333333333333333,0.05,3
train-00003-of-00048_000313,осы директор бізге ештеңе жасамайды,осы директор бізге іштеңге жасамайды,0.2,0.05714285714285714,5
train-00003-of-00048_000314,төрт бес жыл шыдасақ болды,төрт бес шыдасақ болды,0.2,0.15384615384615385,5
train-00003-of-00048_000315,ары қарай бар жақсы болады,atra moe saso,1.0,0.9230769230769231,5
train-00003-of-00048_000316,4 5 жылдан кейін біз астанаға ұшып кетеміз сол жақта жақсы университетке түсеміз сосын үйленіп бізде 3 ойымыз болады,төрт бес жылдан кейін біз астанаға ұшып кетеміз сол жақта жақсы университетке түсеміз сосын үйленіп бізде үш ұлымыс болады,0.21052631578947367,0.10344827586206896,19
train-00003-of-00048_000317,ол жерде үлкен үй болады және де өзімізбен бірге қазыбекті аламыз,бізде үлкен үй болады жәнеде өзімізбен бірге қазбекті аламыз,0.45454545454545453,0.12307692307692308,11
train-00003-of-00048_000318,енді қазыбеков маған туған інімде сияқты,енді қазібек маған туған інімде сияқты,0.16666666666666666,0.075,6
train-00003-of-00048_000319,мен оны жай тастамаймын,монж tасtаmа,1.0,0.6086956521739131,4
train-00003-of-00048_000320,жақсы,这死,1.0,1.0,1
train-00003-of-00048_000321,келесіз бе иә,kl sezwja,1.0,1.0,3
train-00003-of-00048_000322,иә,爷,1.0,1.0,1
train-00003-of-00048_000323,мәңгі біргем,мін біргем,0.5,0.3333333333333333,2
train-00003-of-00048_000324,мен ажылаған жоқпын,说我刚这,1.0,1.0,3
train-00003-of-00048_000325,күнәм жоқ,可娘这说,1.0,1.0,2
train-00003-of-00048_000326,ағай мен ол жаққа бармаймын,م我شخبرميم,1.0,1.0,5
train-00003-of-00048_000327,біздіңіздіңіздіңіздіңіздіңізді,,1.0,1.0,1
train-00003-of-00048_000328,кәсіпкәсібі,,1.0,1.0,1
train-00003-of-00048_000329,осыңыздар,a,1.0,1.0,1
train-00003-of-00048_000330,а қала түсе ма,қалатсебі,1.0,0.5,4
train-00003-of-00048_000331,қалайсың,下还变快好来思,1.0,1.0,1
train-00003-of-00048_000332,өзің ғой сен жатай келді ме иә,我怎么快系们就大给没,1.0,1.0,7
train-00003-of-00048_000333,мә мен сенің тамағым,ما مشنتم,1.0,0.95,4
train-00003-of-00048_000334,ешкім мутит етіп жүрген жоқ,ешк мучитэто вжергенжок,1.0,0.4074074074074074,5
train-00003-of-00048_000335,уларда настоящая любовь,лорда настоящая любовь,0.3333333333333333,0.08695652173913043,3
train-00003-of-00048_000336,ой иә иә ағатай білем ғой білем,我也样对不不,1.0,1.0,7
train-00003-of-00048_000337,биыс отыра ғой,نيسترغ,1.0,1.0,3
train-00003-of-00048_000338,ижан жаңа ғана жаттаған жоқпын дедің ғой,이前шнғな шたғ 说분д든고й,1.0,0.825,7
train-00003-of-00048_000339,иә жатқан жоқ,也是当着,1.0,1.0,3
train-00003-of-00048_000340,қалай сонда бір рет оқып жатты болдың ба,қалай шанда бір еті оқып жаттып алдың ба,0.5,0.175,8
train-00003-of-00048_000341,иә ол бұны ұйқып тұрса екен,要不نق,1.0,1.0,6
train-00003-of-00048_000342,иә,你啦,1.0,1.0,1
train-00003-of-00048_000343,буду спеть,我都不没见,1.0,1.0,2
train-00003-of-00048_000344,суперпотоматты кастафан,سوبر,1.0,1.0,2
train-00003-of-00048_000345,кеше қазақ әдебиетінің жақсыздыққа қойған көрдің бе,фише қазақ әдебиетін жаксыздіқ қат коған көрінда,0.8571428571428571,0.29411764705882354,7
train-00003-of-00048_000346,ильяс сәлем,r,1.0,1.0,2
train-00003-of-00048_000347,келдің бе сәлем,келдің бі сәлем,0.3333333333333333,0.06666666666666667,3
train-00003-of-00048_000348,сен кабинет әте ұртқым,сетканет этелртко,1.0,0.45454545454545453,4
train-00003-of-00048_000349,тамақ ішесіңдер ме,تمخشسمرم,1.0,1.0,3
train-00003-of-00048_000350,сен өлім,谢,1.0,1.0,2
train-00003-of-00048_000351,рақмет,خمية,1.0,1.0,1
train-00003-of-00048_000352,сен жейсің бе,进这心边,1.0,1.0,3
train-00003-of-00048_000353,қазақ,,1.0,1.0,1
train-00003-of-00048_000354,директор саған қатты ұрысты ма,директор саған қат тұрысты ма,0.4,0.1,5
train-00003-of-00048_000355,жұмыр,如,1.0,1.0,1
train-00003-of-00048_000356,қарғалар жаман емес,қарғалар жаман емес,0.0,0.0,3
train-00003-of-00048_000357,қарғалар өте ақылды мейірімді және адал қыстар,қарғалар өте ақылды мейірімді және адал қыстыр,0.14285714285714285,0.021739130434782608,7
train-00003-of-00048_000358,сен білесің бе,si milesymbe,1.0,0.9285714285714286,3
train-00003-of-00048_000359,қарғалардың бірі жарақатталса,қарғалардың бірі жарақат алса,0.6666666666666666,0.034482758620689655,3
train-00003-of-00048_000360,өзгелері оған көмектесіп,өткелері оған көмектесіп,0.3333333333333333,0.08333333333333333,3
train-00003-of-00048_000361,толық жазылғанша тамақтандырады,тоғы жазылғанша тамақтандырады,0.3333333333333333,0.06451612903225806,3
train-00003-of-00048_000362,үш,,1.0,1.0,1
train-00003-of-00048_000363,яшин,яшын,1.0,0.25,1
train-00003-of-00048_000364,айшоу қарғалар өмірлік махаббатын тек қана бір рет таңдайды,айшоу қарғалар өмірлік махаббатын тек қана бір рет таңдай,0.1111111111111111,0.03389830508474576,9
train-00003-of-00048_000365,и сол махаббатынан айырып қалса,исол махаббатынан айырып қалса,0.4,0.03225806451612903,5
train-00003-of-00048_000366,қалған өмірін жалғыздық күзетті,қалған өбірін жалғызы күсет,0.75,0.1935483870967742,4
train-00003-of-00048_000367,иә,ي,1.0,1.0,1
train-00003-of-00048_000368,шарайыт,شaراhiك,1.0,1.0,1
train-00003-of-00048_000369,канат сенде артық ручка бар ма,ханат сенде артық ручка барм,0.5,0.1,6
train-00003-of-00048_000370,за өзіңдікі қайда,өзіндікхد,1.0,0.6470588235294118,3
train-00003-of-00048_000371,қайырлы,yo,1.0,1.0,1
train-00003-of-00048_000372,сұлу атаны обратнан,s ر,1.0,0.9473684210526315,3
train-00003-of-00048_000373,иә менікі,يعمنك,1.0,1.0,2
train-00003-of-00048_000374,ой надоел дуаю,ой надаелдуаю,0.6666666666666666,0.14285714285714285,3
train-00003-of-00048_000375,керек пе,كركب,1.0,1.0,2
train-00003-of-00048_000376,молодец,алавер,1.0,0.7142857142857143,1
train-00003-of-00048_000377,керек емес әкемнің астына алып бере салады,керек эмес әкем жаң асыналп бересала,0.8571428571428571,0.2619047619047619,7
train-00003-of-00048_000378,құрдан құр қалам айтуға айтсайшы енді,курдан кур камамрг сеш,1.0,0.6486486486486487,6
train-00003-of-00048_000379,а давай,子و,1.0,1.0,2
train-00003-of-00048_000380,пока канады,وكقنت,1.0,1.0,2
train-00003-of-00048_000381,махамат,مخن,1.0,1.0,1
train-00003-of-00048_000382,аха қара беріңдер мен қазір келемін,аға раберіндермен кәскелепі,1.0,0.4,6
train-00003-of-00048_000383,қанат,好ن,1.0,1.0,1
train-00003-of-00048_000384,салқын емес пе саған,салқын емес пе саған,0.0,0.0,4
train-00003-of-00048_000385,әділет маратұлының кеткенін уайымдап отырмын,әділет маратұлымнін кетке мойындалып отырмын,0.6,0.25,5
train-00003-of-00048_000386,миммин,命命,1.0,1.0,1
train-00003-of-00048_000387,бірақ ана жаңадан келген директор маған вообще ұнаған жоқ,бірақ ана жанадан келген директор маған бапіше онаған жоқ,0.3333333333333333,0.12280701754385964,9
train-00003-of-00048_000388,қатыгез адамбыз сияқты,قتيزدلسيغت,1.0,1.0,3
train-00003-of-00048_000389,ал 4 5 жылдан кейін не болады,ал төрт бес жылдан кейін деп алады,0.5714285714285714,0.3793103448275862,7
train-00003-of-00048_000390,шил,شم,1.0,1.0,1
train-00003-of-00048_000391,жақсы,جخسن,1.0,1.0,1
train-00003-of-00048_000392,сөйтіп жүрдіңіздердіңіздерді,,1.0,1.0,2
train-00003-of-00048_000393,контект не қыламыз,бекті ние қаламыз,1.0,0.3888888888888889,3
train-00003-of-00048_000394,кнатып,همت,1.0,1.0,1
train-00003-of-00048_000395,нарсаған,نصه,1.0,1.0,1
train-00003-of-00048_000396,біз екеуміз жүк қарағалар сияқтымыз ғой иә,біз екеміз жұпқаралар сақтыңыз айя,0.8571428571428571,0.3333333333333333,7
train-00003-of-00048_000397,мұх,,1.0,1.0,1
train-00003-of-00048_000398,ол жерге қуалды ғой,那这بق的会,1.0,1.0,4
train-00003-of-00048_000399,біз ескертетін депрессия емеспіз ғой,zeskertetın dепresemes ბzღe,1.0,0.9166666666666666,5
train-00003-of-00048_000400,жүр,知住,1.0,1.0,1
train-00003-of-00048_000401,өбінеткі болайын,هبنeتكبر,1.0,1.0,2
train-00003-of-00048_000402,адлид муратович,а для творатович,1.5,0.4,2
train-00003-of-00048_000403,кешегі сіздің интервьюіңіз басшылап ұнамай қалды,geчegi sizin endirbiyornuz başılar onamarmaltı,1.0,0.9375,6
train-00003-of-00048_000404,бүкіл елдің алдында,бүкілердің алдында,0.6666666666666666,0.10526315789473684,3
train-00003-of-00048_000405,өкімет ақша бермейді,حүкمeت аخщە еرمейت,1.0,0.7,3
train-00003-of-00048_000406,қаражат жетпейді деген шынында айтсам,қаражат жетпейді дегенңіз шынынд айтсамын,0.6,0.16216216216216217,5
train-00003-of-00048_000407,ұят болды,月不子,1.0,1.0,2
train-00003-of-00048_000408,біз енді,زند,1.0,1.0,2
train-00003-of-00048_000409,мемлекеттік мекеме емеспіз бе а,мемлекеттік мекеме емеспіз бе,0.2,0.06451612903225806,5
train-00003-of-00048_000410,в общем былай,我شبل,1.0,1.0,3
train-00003-of-00048_000411,по собственному желанию,по собственном желанию,0.3333333333333333,0.043478260869565216,3
train-00003-of-00048_000412,ары жазыңыз и сонымен болды,არჟაზოს ისოლმენ ბოლ,1.0,0.9259259259259259,5
train-00003-of-00048_000413,осы сіздің немереңіз,осы сіздің немереңіз,0.0,0.0,3
train-00003-of-00048_000414,грандта оқиды ғой тоже иә,vrantokidtus,1.0,1.0,5
train-00003-of-00048_000415,жақында сессия басталады,жغнычсеبстл,1.0,0.7083333333333334,3
train-00003-of-00048_000416,ал сессиясын жақсылап,اششسن جكسلم,1.0,0.9523809523809523,3
train-00003-of-00048_000417,жаппаса гранттан айырылады ар жағында,жаппаса крантан айрылады ар жағында,0.4,0.08108108108108109,5
train-00003-of-00048_000418,оқудан кетуі мүмкін,وخوضا كتوب ممكن,1.0,0.8947368421052632,3
train-00003-of-00048_000419,көп көп көп көп,,1.0,1.0,4
train-00003-of-00048_000420,әділет барады,ادلتمرتي,1.0,1.0,2
train-00003-of-00048_000421,цин,ح,1.0,1.0,1
train-00003-of-00048_000422,рызын,你,1.0,1.0,1
train-00003-of-00048_000423,маған сондай бұйрық берді мен сізге соны жеткіздім,маған сондаой бүйрек бердім мен сізге соны жеткіздім,0.375,0.1,8
train-00003-of-00048_000424,сіз,是,1.0,1.0,1
train-00003-of-00048_000425,лендемокс,ودمس,1.0,1.0,1
train-00003-of-00048_000426,ең бастысы арызды жазыңыз,ең бастысы арызды жазымыз,0.25,0.04,4
train-00003-of-00048_000427,біз сізді құрметпен шығарып саламыз,биз сiзні курметпен сığарıп саламıз,1.0,0.2857142857142857,5
train-00003-of-00048_000428,жоқ,ك,1.0,1.0,1
train-00003-of-00048_000429,өлең,,1.0,1.0,1
train-00003-of-00048_000430,әдет мұратович тілегіңізге көп көп рақмет ал балалар,айлетмаратич тілегіңізге көп көп рахмет ал балалар,0.375,0.15384615384615385,8
train-00003-of-00048_000431,аныкі құрметтен шапалапты,anıك hurmettı şapalaftı,1.0,0.92,3
train-00003-of-00048_000432,ел іссізді,ىلشسىزدا,1.0,1.0,2
train-00003-of-00048_000433,балалар үйінің жаңа басшысы,баллар үйүнүң жаңа башчысы,0.75,0.18518518518518517,4
train-00003-of-00048_000434,арыстанбаев темірхан болатұлына берейік,арстанбаев темрхaн болаtıлıнa берi,1.0,0.28205128205128205,4
train-00003-of-00048_000435,құдай қалай қалай қалай,,1.0,1.0,4
train-00003-of-00048_000436,тоқта,قط,1.0,1.0,1
train-00003-of-00048_000437,мұнда не істейміздер,نd نشتمج,1.0,0.95,3
train-00003-of-00048_000438,бөлістіміз бе,börüştümiz bi,1.0,0.9230769230769231,2
train-00003-of-00048_000439,жарайды бар,جoret bar,1.0,0.9090909090909091,2
train-00003-of-00048_000440,темір хан,يمرخن,1.0,1.0,2
train-00003-of-00048_000441,в обеспределді көріп тұрсың ғой,ladisfridlkur tusmgo,1.0,0.967741935483871,5
train-00003-of-00048_000442,в общем билік сенің қолыңда,оші биліксен болыды,1.0,0.4444444444444444,5
train-00003-of-00048_000443,шарангин,sunogi,1.0,1.0,1
train-00003-of-00048_000444,мынау сияқтылар тәртіпке сал,نаوسиاختلار تەرتكеسال,1.0,0.8571428571428571,4
train-00003-of-00048_000445,мен кеттім,من كد,1.0,0.9,2
train-00003-of-00048_000446,кездесулерің бар,كeجi sulerndur,1.0,1.0,2
train-00003-of-00048_000447,жақсы даурен ибрагыч жақсы,тяхс даврения брагевч,1.0,0.6153846153846154,4
train-00003-of-00048_000448,қаныш,怕不是,1.0,1.0,1
train-00003-of-00048_000449,мына сіздің демеуіңіздің арқасында осы жерде бір ай директор болу керек жақсы жақсы,мынау сіздің демегіңіздің арқасында қошшіде бір ай директор боладжақсы жақсы,0.5384615384615384,0.20481927710843373,13
train-00003-of-00048_000450,ал құрады,看,1.0,1.0,2
train-00003-of-00048_000451,жәкеңе айтасыз жараймын,ايتسر,1.0,1.0,3
train-00003-of-00048_000452,айтпақшы,تبش,1.0,1.0,1
train-00003-of-00048_000453,мәке менің темам туралы айтты ма,мәкем менің темам турал айттыма,0.6666666666666666,0.09375,6
train-00003-of-00048_000454,аты жоғында еді,ات جوnمدت,1.0,0.9333333333333333,3
train-00003-of-00048_000455,аманбаев қанат,امونبايفخانات,1.0,1.0,2
train-00003-of-00048_000456,құманбаев қала,ممن,1.0,1.0,2
train-00003-of-00048_000457,босалу туралы анықтамаңыздар,bstrлntamd,1.0,0.9642857142857143,3
train-00003-of-00048_000458,қайда отырасың,هد,1.0,1.0,2
train-00003-of-00048_000459,медеуадин,ندود,1.0,1.0,1
train-00003-of-00048_000460,дом 3 квартира 13,don tre quaрtiрe tra nаs,1.25,1.1176470588235294,4
train-00003-of-00048_000461,жұмыс жасау ойыншық бола ма,мшсовоншлاмрм,1.0,0.7777777777777778,5
train-00003-of-00048_000462,неге,你,1.0,1.0,1
train-00003-of-00048_000463,сол боп боп,س بت,1.0,0.9090909090909091,3
train-00003-of-00048_000464,алө,علو,1.0,1.0,1
train-00003-of-00048_000465,ассалаумағалейкүм ұят саян звоню,саламу алейкум я отстоян звоню,1.0,0.375,4
train-00003-of-00048_000466,сөйтіп жүрген,s f,1.0,0.9230769230769231,2
train-00003-of-00048_000467,ассалаумағалейкүм,همليكم,1.0,1.0,1
train-00003-of-00048_000468,темір ханнан кек алу,темірханнан кеек алу,0.75,0.1,4
train-00003-of-00048_000469,жылдар бойы,залдар боя,1.0,0.36363636363636365,2
train-00003-of-00048_000470,менің басты мақсатым бол,менің басты мақсатым болн,0.25,0.041666666666666664,4
train-00003-of-00048_000471,ары қарай не болатынын көргің келсе,ар қарай не болатыны көрің келсе,0.5,0.08571428571428572,6
train-00003-of-00048_000472,келесі серияларда,келесі серияларды,0.5,0.058823529411764705,2
train-00003-of-00048_000473,тв плюс қазақтелекомнан,тв плuс казах тилекомна,1.0,0.2608695652173913,3
train-00003-of-00048_000474,көре аласың,курялас,1.0,0.5454545454545454,2
train-00003-of-00048_000475,сілтеме астында,сілтеме астында,0.0,0.0,2
train-00003-of-00048_000476,қысым өттіп жүрген кім болатын шығар,صمم,1.0,1.0,6
train-00003-of-00048_000477,сен не істейсің десең,心是,1.0,1.0,4
train-00003-of-00048_000478,мен мына жерге сенің несін бастық қылып отырғызды мына,инавелесе нетем бастоколвотыгаздомна,1.0,0.5740740740740741,9
train-00003-of-00048_000479,сонымен ешінші рет полициядан алып шықты,სნssი ნებალიცენბსხ,1.0,0.975,6
train-00003-of-00048_000480,машина ие алмайсың ба,ماشنمس,1.0,1.0,4
train-00003-of-00048_000481,жеңіл жүр,十年情,1.0,1.0,2
train-00003-of-00048_000482,олмаса тексермен жүр,وmaسatk simiجuf,1.0,1.0,3
train-00003-of-00048_000483,мәшинесі қосшы,مشنسღو,1.0,1.0,2
train-00003-of-00048_000484,темір ғой,жېмірغой,1.0,0.4444444444444444,2
train-00003-of-00048_000485,өзіңе бірдеме болсаң не болады,cne brden wsaib,1.0,0.9333333333333333,5
train-00003-of-00048_000486,конечно папаның бәрін шешіп тастайды,anisa papang barin sis sas,1.0,0.8888888888888888,5
train-00003-of-00048_000487,жарайды алып беремін,شerاد alpبeriم,1.0,0.95,3
train-00003-of-00048_000488,бірақ водительмен жүресін,прах водитель мижрес,1.0,0.4,3
train-00003-of-00048_000489,жарайды сосын сөйлесеміз,жарай сос сөйлесеміз,0.6666666666666666,0.16666666666666666,3
train-00003-of-00048_000490,только,到快,1.0,1.0,1
train-00003-of-00048_000491,үйгеде,گيد,1.0,1.0,1
train-00003-of-00048_000492,жанельді апарып тастайық,შანელ დაფარფსდეხ,1.0,0.9583333333333334,3
train-00003-of-00048_000493,осы мамаңа ештеңе айтушы болма,sунамаgа иштеген айтып шу болmа,1.0,0.4666666666666667,5
train-00003-of-00048_000494,жоқ жұмыстарым,желшын старым,1.0,0.5,2
train-00003-of-00048_000495,айбекпен сәл шешігіп қалдым,و بنس لكيشpزم,1.0,0.9259259259259259,4
train-00003-of-00048_000496,үйде бір жағдай қазір ғана жиналған,一د把家,1.0,1.0,6
train-00003-of-00048_000497,рақмет,رحمت,1.0,1.0,1
train-00003-of-00048_000498,алматы қаласы әкімшілігіне,алمат калас аكىмچىлігىнى,1.0,0.4230769230769231,3
train-00003-of-00048_000499,сосын сіздерге,فسسدرگ,1.0,1.0,2
train-00003-of-00048_000500,үлкен,الكين,1.0,1.0,1
train-00003-of-00048_000501,алғысымызды білдіреміз,алғысымызды білдіреміз,0.0,0.0,2
train-00003-of-00048_000502,қызым,زم,1.0,1.0,1
train-00003-of-00048_000503,сен аюмен ойнап,s拿y没,1.0,1.0,3
train-00003-of-00048_000504,құрметті,хөрметті,1.0,0.25,1
train-00003-of-00048_000505,әріптестер,أرتستير,1.0,1.0,1
train-00003-of-00048_000506,және,谢您,1.0,1.0,1
train-00003-of-00048_000507,айналай,أينا لاي,2.0,1.1428571428571428,1
train-00003-of-00048_000508,балапан бәрім,пاлаفандاрым,1.0,0.5384615384615384,2
train-00003-of-00048_000509,сіздермен танысқаныма өте қуаныштымын,сіздер мен танысқан ма өте қуаныштымн,1.25,0.08108108108108109,4
train-00003-of-00048_000510,еден,مجن,1.0,1.0,1
train-00003-of-00048_000511,өзімнің орынбасарымды,өзімнің орынбасарынды,0.5,0.047619047619047616,2
train-00003-of-00048_000512,нұржанов тимурды сіздерге таныстыруға рұқсат етіңіздер,нұржанов тимурды сіздерге таныстыруға рұқсат етіңіздер,0.0,0.0,6
train-00003-of-00048_000513,болашақта,بضا شختاه,2.0,1.0,1
train-00003-of-00048_000514,бірге жұмыс істейтін боламыз,бірге жұмыс істейтін баламыз,0.25,0.03571428571428571,4
train-00003-of-00048_000515,ту тұр,,1.0,1.0,2
train-00003-of-00048_000516,анығы жаралы,aنغجnال,1.0,1.0,2
train-00003-of-00048_000517,қыз берді дейсің бе,قزبرتش,1.0,1.0,4
train-00003-of-00048_000518,қалайсыңыз,快نش,1.0,1.0,1
train-00003-of-00048_000519,тәңір,,1.0,1.0,1
train-00003-of-00048_000520,мына балаға ойыншықты өзің бердің бе,nabalaka wonjosinberi be,1.0,0.9444444444444444,6
train-00003-of-00048_000521,сен немене кішкентай балаңның ойыншығын тартып аласың,сен немеде кішкентей болаң ойыншығын тартып аласың,0.42857142857142855,0.11320754716981132,7
train-00003-of-00048_000522,мына оңбаған тиіскен жоқ қой,بتشكج,1.0,1.0,5
train-00003-of-00048_000523,сен немене,sinnimini,1.0,1.0,2
train-00003-of-00048_000524,менің қызымды өтірікші деп тұрсың ба,이는 х습도 즐시とс거,1.0,0.9166666666666666,6
train-00003-of-00048_000525,жабай оңсында,不有生的,1.0,1.0,2
train-00003-of-00048_000526,кудыр,,1.0,1.0,1
train-00003-of-00048_000527,бірге ше,,1.0,1.0,2
train-00003-of-00048_000528,жап дей ма ол жаппайды,شدموزب,1.0,1.0,5
train-00003-of-00048_000529,мына оңбағанды бір жерге апарып қалмақ қой,на оңбағанды бір жега парып қамақы,0.7142857142857143,0.23809523809523808,7
train-00003-of-00048_000530,кейін өзім сөйлесем бар,替牛جس理行,1.0,1.0,4
train-00003-of-00048_000531,қазір жақсы ма сен,干سس么,1.0,1.0,4
train-00003-of-00048_000532,тимур,م是,1.0,1.0,1
train-00003-of-00048_000533,орынбасармысың,orumbasarmsin,1.0,1.0,1
train-00003-of-00048_000534,бұл мақсат,بماشت,1.0,1.0,2
train-00003-of-00048_000535,сондықтан шығар емес,سunسa شrbis,1.0,0.95,3
train-00003-of-00048_000536,отчет дәлізгей маған өзің көрсетесің жақсы ма,حدشو تعرفك معنوزم كوشتيشم شخسم,1.0,0.9111111111111111,7
train-00003-of-00048_000537,мен қазір үйге үйге апарамын,minkasir samegda igi sosn ugaparam,1.0,1.1071428571428572,5
train-00003-of-00048_000538,праздан соң келіп,разныс كل,1.0,0.6470588235294118,3
train-00003-of-00048_000539,жоқ ма жоқ,两呢,1.0,1.0,3
train-00003-of-00048_000540,а,ا,1.0,1.0,1
train-00003-of-00048_000541,шекретаршының дауысы расаласып жастау әдемі қыз болса,чекеташындоустасоспшасталадимозуза,1.0,0.5660377358490566,7
train-00003-of-00048_000542,всё,,1.0,1.0,1
train-00003-of-00048_000543,қайда да хороший,还点到肉事,1.0,1.0,3
train-00003-of-00048_000544,араб мемлекеттерінде,арап мемлекеттеринде,1.0,0.1,2
train-00003-of-00048_000545,ұрлық жасаған,ل س,1.0,0.9230769230769231,2
train-00003-of-00048_000546,адамның қолын кесіп,адامنы қوлынگес,1.0,0.47368421052631576,3
train-00003-of-00048_000547,бүгіннен бастап болу дейді онда,өннен бастап болу де омда,0.6,0.25806451612903225,5
train-00003-of-00048_000548,ұрлық жасаған адамға мынадай жасал,我ls sntpmnss,1.0,0.9705882352941176,5
train-00003-of-00048_000549,ал енді таң,子就ت,1.0,1.0,3
train-00003-of-00048_000550,кешірім сұрақты,فيشرمسرا,1.0,1.0,2
train-00003-of-00048_000551,сосын бара бер,ss mrب,1.0,0.9285714285714286,3
train-00003-of-00048_000552,әәәәәәәәәәәәәәәәәәәәәәәәәәәәәәәәәәәәәә,我nдаjtb моspмш,2.0,1.0,1
train-00003-of-00048_000553,газ ұлттың расходын азайту керек,تضرسخدنزيتورك,1.0,1.0,5
train-00003-of-00048_000554,сразу,سرص,1.0,1.0,1
train-00003-of-00048_000555,жындап алған кезде кружоктың бәрін қысқартып тастады бос шығын,سىداباлىتى كөركتі بەرіن قىسقارت سەموششىغىن,1.0,0.9032258064516129,9
train-00003-of-00048_000556,барлығымыз атсалысуымыз керек,барлығымыз атсалысым жүріп,0.6666666666666666,0.2413793103448276,3
train-00003-of-00048_000557,мына балалар үйін салдық,nabalları insanda,1.0,0.9583333333333334,4
train-00003-of-00048_000558,қой енді курс жазбайық,قين كون فتسبيق,1.0,0.9090909090909091,4
train-00003-of-00048_000559,қызыл жіпті кесіп,تكش,1.0,1.0,3
train-00003-of-00048_000560,балаларды,بalلarدa,1.0,1.0,1
train-00003-of-00048_000561,ғимаратқа кіргізейік,خيمرا تخاقركزاك,1.0,0.95,2
train-00003-of-00048_000562,дұрыс дұрыс,,1.0,1.0,2
train-00003-of-00048_000563,енді балаларды жеткіземіз деуге ең басты,енді балалар жеткісіміздегі ең басты,0.5,0.175,6
train-00003-of-00048_000564,рақмет,شبيت,1.0,1.0,1
train-00003-of-00048_000565,ал енді құрметті ағайын баршаңызға тағы да көп көп рақмет меніңше енді мына ғимарат,ал енді хұрметті ағайын басшаңызға тағы да көк боп рахмет меніңкшені мына ғимарат,0.5,0.12048192771084337,14
train-00003-of-00048_000566,тағдыры ауыр бүлдіршіндердің көңілінен шығады деген үміттемін,тағдыр ауыр бүлдіршіндердің көңілінен шығады деген үміттемін,0.14285714285714285,0.01639344262295082,7
train-00003-of-00048_000567,сондықтан да қаладағы барша балалар үйінің ғимараттары жаңара берсін,сондықтан да қаладағы барша балалар үйінің ғимараттары жаңыра берсін,0.1111111111111111,0.014705882352941176,9
train-00003-of-00048_000568,мен енді жұмысым бар еді асығыстап едім бара берейін,мен енді жұмысым бар еді асықыстау едім бара берейін,0.1111111111111111,0.038461538461538464,9
train-00003-of-00048_000569,рақмет,好,1.0,1.0,1
train-00003-of-00048_000570,мына ет мәселесі жөнінде балалар келеді,мына дет мәселес жөнінде балалар келеп,0.5,0.10256410256410256,6
train-00003-of-00048_000571,мен айтқанда істейсің ғой,明里团在机生位,1.0,1.0,4
train-00003-of-00048_000572,құдай қалай қалай қалай,,1.0,1.0,4
train-00003-of-00048_000573,жүрек тыңдарыл,شولتم,1.0,1.0,2
train-00003-of-00048_000574,мына зарядка қойсақшы,نازالفكيس,1.0,1.0,3
train-00003-of-00048_000575,әңгімелесіп алайық тамақтылық,ان بليسليخ مخلوط,1.0,0.9655172413793104,3
train-00003-of-00048_000576,үзді ме,,1.0,1.0,2
train-00003-of-00048_000577,ет комбинаты туралы,etкاmبinا tuراл,1.0,0.8421052631578947,3
train-00003-of-00048_000578,жақсы тендер шықты,شخستندش,1.0,1.0,3
train-00003-of-00048_000579,егер ұтсақ,يقرتسق,1.0,1.0,2
train-00003-of-00048_000580,қазақстандағы бүкіл балалар үйін етпен қамтамасыз ететін боламыз,қазақстандағы бүкіл балалары үйін етпен қамдамасы ететін баламыз,0.375,0.0625,8
train-00003-of-00048_000581,документтердің бәрін нормально алып дайындасың,dокуmeттerin bәr nәrmәlaغaптainдas,1.0,0.782608695652174,5
train-00003-of-00048_000582,ссылка,سك,1.0,1.0,1
train-00003-of-00048_000583,астанаға ұшып барып келемін,асана ыш парк билем,1.0,0.48148148148148145,4
train-00003-of-00048_000584,бірлік адамдармен толығуың керек,бөрлүкө адамдар мене тоолгуөм керек,1.0,0.3125,4
train-00003-of-00048_000585,бір қаласа тендер біздікі болады,ლეخاسაтეnдეрბსتქაت,1.0,0.90625,5
train-00003-of-00048_000586,қызығын,قذم,1.0,1.0,1
train-00003-of-00048_000587,өткендегі мәселе бойынша,uткін дегэ мэсэли бункіэ,1.3333333333333333,0.5416666666666666,3
train-00003-of-00048_000588,не істейміз,你心مس,1.0,1.0,2
train-00003-of-00048_000589,ол мәселеге уақыт керек шай шешіледі,والمسيريهو وخت كريك شايشيشليت,1.0,0.9166666666666666,6
train-00003-of-00048_000590,қазақ,ز,1.0,1.0,1
train-00003-of-00048_000591,тендерді ұтып алайық,هتندروتوليق,1.0,1.0,3
train-00003-of-00048_000592,біраз ақша жинау керек,بрاზაجიنр,1.0,0.9090909090909091,4
train-00003-of-00048_000593,қанша,安去,1.0,1.0,1
train-00003-of-00048_000594,әмпірек миллиардтай керек,үнпірек миллиардта кедік,1.0,0.2,3
train-00003-of-00048_000595,терге түсуа бөлек,ت个说动来可,1.0,1.0,3
train-00003-of-00048_000596,мұндан рақмет,我怎么了,1.0,1.0,2
train-00003-of-00048_000597,ит комбинаты букмекерлік негізі қарамаймыз,iкabinat puk meked merskaخaramams,1.0,0.9285714285714286,5
train-00003-of-00048_000598,осы уақытқа дейін жиғанымызды бір айда тауып аламыз,o si waqqa deyin siyg anmiz birayda tob olamiz,1.125,0.9019607843137255,8
train-00003-of-00048_000599,құдаймын,,1.0,1.0,1
train-00003-of-00048_000600,құты жүрген,对是,1.0,1.0,2
train-00003-of-00048_000601,тұрс болып кетсе,درسвو مسي,1.0,0.9375,3
train-00003-of-00048_000602,а то задал болеть,а тут задал болеть,0.25,0.11764705882352941,4
train-00003-of-00048_000603,иә,爷,1.0,1.0,1
train-00003-of-00048_000604,жарайды жарайды сөйлесем бара беріңіз,جر سلس بر بركز,1.0,0.918918918918919,5
train-00003-of-00048_000605,кел отыр,ك لوتر,1.0,0.875,2
train-00003-of-00048_000606,сене білдіргеніңді білесің бе,سنبلرن,1.0,1.0,4
train-00003-of-00048_000607,жеңгесіңнен қасбек,جېنگى سۈرنى قشمك,1.5,0.9444444444444444,2
train-00003-of-00048_000608,ауруханаға түсті,اوروخنغتشته,1.0,1.0,2
train-00003-of-00048_000609,чынын,心ن,1.0,1.0,1
train-00003-of-00048_000610,бүйрек ауыратынын білмеймін,birigaratɨnmemi,1.0,1.0,3
train-00003-of-00048_000611,білсең ондан еке оған,bisenguntonikeogan,1.0,1.0,4
train-00003-of-00048_000612,о,,1.0,1.0,1
train-00003-of-00048_000613,жарайды,جرت,1.0,1.0,1
train-00003-of-00048_000614,бірақ,مرق,1.0,1.0,1
train-00003-of-00048_000615,өзі үшін мен үшін ә,要十是命写呢,1.0,1.0,5
train-00003-of-00048_000616,жазалауың керек,rز londl,1.0,0.9333333333333333,2
train-00003-of-00048_000617,үмүм,嗯,1.0,1.0,1
train-00003-of-00048_000618,неге,给,1.0,1.0,1
train-00003-of-00048_000619,несіне мен сені жазаламаймын,не снимисенажазала маймна,1.0,0.42857142857142855,4
train-00003-of-00048_000620,ең негізгі мәселе сол,ل nجزبمsل so,1.0,0.9047619047619048,4
train-00003-of-00048_000621,қаржыландырудың,开始万的什,1.0,1.0,1
train-00003-of-00048_000622,бұны әкбір,منيف,1.0,1.0,2
train-00003-of-00048_000623,мынау бюджеттің бөлгені,نا بيتج اتب الجن,1.3333333333333333,0.9130434782608695,3
train-00003-of-00048_000624,қаршын,خشم,1.0,1.0,1
train-00003-of-00048_000625,балалар жұмысқа жетпейтіні мәселе сонда,паланзвожит четпитна асиесонда,1.0,0.5384615384615384,5
train-00003-of-00048_000626,олардың киім киюіне,олардың киімгеюіне,0.6666666666666666,0.15789473684210525,3
train-00003-of-00048_000627,тамақтануына,たまくたのな,1.0,1.0,1
train-00003-of-00048_000628,кружоктар хобби,кружок тар хотби,1.5,0.13333333333333333,2
train-00003-of-00048_000629,соның бәріне мынау,上大啊,1.0,1.0,3
train-00003-of-00048_000630,шектеулі қаражатты жеткізу біз үшін,شتح تجكززش,1.0,0.9714285714285714,5
train-00003-of-00048_000631,үйге алды,你干,1.0,1.0,2
train-00003-of-00048_000632,әй сендер не қылып тұрсыңдар,现在你都行,1.0,1.0,5
train-00003-of-00048_000633,сабақ басталды,سو 不ست,1.0,0.9285714285714286,2
train-00003-of-00048_000634,касым,كس,1.0,1.0,1
train-00003-of-00048_000635,машина қарап алайыншы,машинагараленч,1.0,0.47619047619047616,3
train-00003-of-00048_000636,қайдалы машина,给دغمخشنا,1.0,1.0,2
train-00003-of-00048_000637,сөйтіңдер сабаққа,是真的什么看,1.0,1.0,2
train-00003-of-00048_000638,харашуыздар,خرشزدل,1.0,1.0,1
train-00003-of-00048_000639,сәлеметсіздер ме,سلمة صدرمع,1.0,1.0,2
train-00003-of-00048_000640,қош келдіңіздер ассаламағалейкүм,شكلتزسلامغ ليكم,1.0,0.96875,3
train-00003-of-00048_000641,келемін деп ескеріп бердіңіз ғой,елендеп еткертпедіңіз хай,1.0,0.34375,5
train-00003-of-00048_000642,иә,姨,1.0,1.0,1
train-00003-of-00048_000643,кіріңіз,ክrns,1.0,1.0,1
train-00003-of-00048_000644,келегенбіз,كلمس,1.0,1.0,1
train-00003-of-00048_000645,опропадал,我,1.0,1.0,1
train-00003-of-00048_000646,әлгі,ت,1.0,1.0,1
train-00003-of-00048_000647,яд,إيا,1.0,1.5,1
train-00003-of-00048_000648,тыңдап тұрмын сізді,تندترم,1.0,1.0,3
train-00003-of-00048_000649,иә әрине бірақ,ya rena brak,1.0,0.8571428571428571,3
train-00003-of-00048_000650,оның бәрі де балалар үшін ғой,уның бәрҙе балалар шеңғай,0.8333333333333334,0.3103448275862069,6
train-00003-of-00048_000651,тағы,,1.0,1.0,1
train-00003-of-00048_000652,қазірдің өзінде,қсрдың өзінд,1.0,0.3333333333333333,2
train-00003-of-00048_000653,талай қайырымдылық қорлары ашылып жатыр солар естіп көмектессе мүмкін дегендей,талай қайрымлы қорлары шылып жатыр мүмкін солар естіп көмектессей мүмкін дегенде,0.5,0.1794871794871795,10
train-00003-of-00048_000654,әрекетті бұл әрекет,أرد,1.0,1.0,3
train-00003-of-00048_000655,керек емес,تلكن,1.0,1.0,2
train-00003-of-00048_000656,шын дедіңіз,心别,1.0,1.0,2
train-00003-of-00048_000657,қалай по собственному,قليفسبسنم,1.0,1.0,3
train-00003-of-00048_000658,а,,1.0,1.0,1
train-00003-of-00048_000659,мен жазбаймын ештеңе,nжaزባmشت,1.0,0.95,3
train-00003-of-00048_000660,жүз,,1.0,1.0,1
train-00003-of-00048_000661,қандай дәмпісіңді,kandaydarmsında,1.0,1.0,2
train-00003-of-00048_000662,мен үміткен мен үміткен,你没什么住,1.0,1.0,4
train-00003-of-00048_000663,қатысы қанша бұдар,kڅkش不的,1.0,1.0,3
train-00003-of-00048_000664,сондықтан да,سntقtند,1.0,1.0,2
train-00003-of-00048_000665,осы күнге дейін,اوسکن گیدی ہن,1.0,1.0,3
train-00003-of-00048_000666,бірге істеп келген әрбір әріптесіме,bіргеسtепкерgеn әrбр أrtеsmе,1.0,0.5428571428571428,5
train-00003-of-00048_000667,игі жұмыстағы,игыжмсتаға,1.0,0.46153846153846156,2
train-00003-of-00048_000668,қызметтері үшін,kızmıeттer şü,1.0,0.8666666666666667,2
train-00003-of-00048_000669,бене,من,1.0,1.0,1
train-00003-of-00048_000670,үлкен алғысымды білдіремін,үлкөм алысынды билдирем,1.0,0.3076923076923077,3
train-00003-of-00048_000671,ал енді балалар,nal yende balalar,1.0,1.0,3
train-00003-of-00048_000672,мен сіздердің,من سدرد,1.0,0.9230769230769231,2
train-00003-of-00048_000673,әрқайсыларыңды,әрғайсысыларыңды,1.0,0.21428571428571427,1
train-00003-of-00048_000674,кішкентай сәби кездерінен білемін,سكنtي سبي gsdربلي,1.0,0.9393939393939394,4
train-00003-of-00048_000675,сендерді,سدرد,1.0,1.0,1
train-00003-of-00048_000676,өз балаларымдай жақсы көрем,өз балаларындай жақсы көре,0.5,0.07407407407407407,4
train-00003-of-00048_000677,оооо,个,1.0,1.0,1
train-00003-of-00048_000678,конечно шешіп стой,конечны жеśпсто,1.0,0.3333333333333333,3
train-00003-of-00048_000679,түсінікті,,1.0,1.0,1
train-00003-of-00048_000680,я больше что то не буду,e бuдштокне пууты,1.0,0.6521739130434783,6
train-00003-of-00048_000681,жауапты,تفد,1.0,1.0,1
train-00003-of-00048_000682,главное мен аманмын,وغن منامعم,1.0,0.9473684210526315,3
train-00003-of-00048_000683,я рядом,ياري عادم,1.0,1.2857142857142858,2
train-00003-of-00048_000684,пап,ب,1.0,1.0,1
train-00003-of-00048_000685,қалжы,أج,1.0,1.0,1
train-00003-of-00048_000686,можно мне новое теле,можно мне много кели,0.5,0.25,4
train-00003-of-00048_000687,пожалуйста,شسدا,1.0,1.0,1
train-00003-of-00048_000688,я больше так ездить не буду,я булше так ездить не буду,0.16666666666666666,0.07407407407407407,6
train-00003-of-00048_000689,бұл ол,不,1.0,1.0,2
train-00003-of-00048_000690,хватитель,вотитель,1.0,0.2222222222222222,1
train-00003-of-00048_000691,а можно без водителя папочка,аможно бесвотителю побочку,1.0,0.2857142857142857,5
train-00003-of-00048_000692,пожалуйста,пожалусто,1.0,0.2,1
train-00003-of-00048_000693,я же сказала я буду аккуратна ей,еж сказал я буду аккуратно й,0.7142857142857143,0.1875,7
train-00003-of-00048_000694,сен потом үйде қаласың ба,sinpotomijirlasba,1.0,1.0,5
train-00003-of-00048_000695,кешу,这ش,1.0,1.0,1
train-00003-of-00048_000696,әсем туған күніне не қылайын деп едің,아시 동항인 연영하인데매도,1.0,0.9459459459459459,7
train-00003-of-00048_000697,ой зачем әсемге күл,وزچمسم گگل,1.0,0.9473684210526315,4
train-00003-of-00048_000698,ол андай творческий қыз ғой табиғатты аспанды,оландый точеске ұрызғой табиғатты аспанды,0.7142857142857143,0.2,7
train-00003-of-00048_000699,ай,好好呀,1.0,1.5,1
train-00003-of-00048_000700,а не қазбек,خasb,1.0,1.0,3
train-00003-of-00048_000701,бұл,不,1.0,1.0,1
train-00003-of-00048_000702,аааа,啊,1.0,1.0,1
train-00003-of-00048_000703,аха,,1.0,1.0,1
train-00003-of-00048_000704,ана печенье жемесіздер ме,ن بججمسج,1.0,0.96,4
train-00003-of-00048_000705,дау дау бер бер деймін,дау дау дер бертимін,0.6,0.22727272727272727,5
train-00003-of-00048_000706,көрсетіліп жатыр,бул қаранда әдірет моратовичті көрсетіп жатық,3.0,2.125,2
train-00003-of-00048_000707,әділет ағай қалыңызшы,адетағай қалыңызшы,0.6666666666666666,0.19047619047619047,3
train-00003-of-00048_000708,жарайды онда біз кеттік,жәрет онда біз кеттік,0.25,0.21739130434782608,4
train-00003-of-00048_000709,неге настя бізге еще тұшқа салу керек,бізге нәстепіскеше тушқа сау керек,0.7142857142857143,0.3783783783783784,7
train-00003-of-00048_000710,никита жүресің бе,iktaجrosوn bi,1.0,0.9411764705882353,3
train-00003-of-00048_000711,банды да пока қанатты,بかかな,1.0,1.0,4
train-00003-of-00048_000712,құдай қалай,,1.0,1.0,2
train-00003-of-00048_000713,өміріміздер,mnn,1.0,1.0,1
train-00003-of-00048_000714,кім кім бұл отправишь меня на счет один миллион,как отправишь мене на счет один миллион,0.4444444444444444,0.2127659574468085,9
train-00003-of-00048_000715,реквизит осылай жанатылдығында жетеді,реквизит са rона ленкичк,0.75,0.5675675675675675,4
train-00003-of-00048_000716,мен жоқ кетті оны не істеп тастағансыздар,мен жок теттол не степ сасыде,0.7142857142857143,0.3902439024390244,7
train-00003-of-00048_000717,әлі,من,1.0,1.0,1
train-00003-of-00048_000718,келінім,كلمو,1.0,1.0,1
train-00003-of-00048_000719,жоқ қазір қалай екен,قق,1.0,1.0,4
train-00003-of-00048_000720,в смысле не уақыт,什么是你,1.0,1.0,4
train-00003-of-00048_000721,мағанаймын өмір,,1.0,1.0,2
train-00003-of-00048_000722,я болады кенен доме,我knдоmе,1.0,0.8421052631578947,4
train-00003-of-00048_000723,жаңағы,,1.0,1.0,1
train-00003-of-00048_000724,ол жағына тамағын жеп далаға шық екен,ол жаңа тамағын жеп даашық екен,0.42857142857142855,0.1891891891891892,7
train-00003-of-00048_000725,походы олар мультиздетіп жүрген сияқты ғой,оходолар мутизет жүрген сактуо,0.8333333333333334,0.35714285714285715,6
train-00003-of-00048_000726,ой болт болт,ой بол بол,0.6666666666666666,0.3333333333333333,3
train-00003-of-00048_000727,қалжың ғой сестренка,калжынғо сисрмк,1.0,0.45,3
train-00003-of-00048_000728,бірақ любовь наркоз деп,رq جu boش ماركoس chp,1.25,0.8695652173913043,4
train-00003-of-00048_000729,сен шошаңдамай жүрсің ба,sen şoşandama cırtsın ma,1.0,0.9166666666666666,4
train-00003-of-00048_000730,ана машинаны қараңдаршы,ал ана машынан карандаш,1.0,0.391304347826087,3
train-00003-of-00048_000731,ооо трясатка,ور صاتك,1.0,0.9166666666666666,2
train-00003-of-00048_000732,қайдағы тридцатканы володяны қарашы олар бұрында жеке жеке қолмен селінген мен өскен кезде гонщик болып көп ақша жинап,қайдақ трицатканық вало жаңғараш олар бұрында жеке жеке қолмен селінген мен өскен кезде гончик болып көп ақша жинап,0.2777777777777778,0.11016949152542373,18
train-00003-of-00048_000733,тура осындай машина сатып аламын,ту rаосндаймашнезато,1.0,0.5625,5
train-00003-of-00048_000734,өйткені ол даун ғой,өткөн وл dاнغо,1.0,0.5263157894736842,4
train-00003-of-00048_000735,жаңа жүргізіледі,,1.0,1.0,2
train-00003-of-00048_000736,неге едет бар жатсыз,недедет паржайсыз,1.0,0.3,4
train-00003-of-00048_000737,жеңбек,,1.0,1.0,1
train-00003-of-00048_000738,оныңызда,لنص,1.0,1.0,1
train-00003-of-00048_000739,колайсың,好س,1.0,1.0,1
train-00003-of-00048_000740,үш,,1.0,1.0,1
train-00003-of-00048_000741,жақсы қарап көрсеміз ғой,جسك先说,1.0,1.0,4
train-00003-of-00048_000742,ма,嗯,1.0,1.0,1
train-00003-of-00048_000743,ал дәстүм арашқа,لسجمش,1.0,1.0,3
train-00003-of-00048_000744,одан былай кім не істейді кім туралы,подомбрайкамне ститкам права,1.0,0.5555555555555556,7
train-00003-of-00048_000745,кынды,根点,1.0,1.0,1
train-00003-of-00048_000746,не айтса маған бәрін жеткізіп тұрасың шыным ба,nesamabanجetksptrosnsnb,1.0,1.0,8
train-00003-of-00048_000747,беген отбой,比给难不,1.0,1.0,2
train-00003-of-00048_000748,гоп,你哥,1.0,1.0,1
train-00003-of-00048_000749,имейді аманбаев ханат керемет ма а то что не решается за деньги,мед амамбаев ханат керевет май то что не решается за деньг,0.5,0.12698412698412698,12
train-00003-of-00048_000750,қоштасын,شدرش,1.0,1.0,1
train-00003-of-00048_000751,құш,,1.0,1.0,1
train-00003-of-00048_000752,блин ана екеуі қайда жүр сабаққа кешігетін болды ғой,білеен ана екеуі қайда жұр сабаққа кешікетін болды ғой,0.3333333333333333,0.09615384615384616,9
train-00003-of-00048_000753,жараттың неше алуан жұрт бір құдайым тең етті бәрімізге күн мен айым адамның адам біткен баласымыз қайсым бөлек тудың деп айырайын бәріміз бір адамның баласымыз жігіттер бір біріңе қарасыңыз өмір деген бескүндік кетер өтіп атаң барған орынға барасыңыз,жаратты неше алуан жортбыр қыдайым тең етті бәрімізге күнмен айым адамның адам біткен баласымыз қайсым бөлек тудын деп айырайын бәріміз бір адамның баласымыз жігіттер бір біріне қарасыңыз өмір деген бес күндік кетер өтіп атаң барған орынға барасыңыз,0.2631578947368421,0.035856573705179286,38
train-00003-of-00048_000754,қанеки балалар,қанеки балалар,0.0,0.0,2
train-00003-of-00048_000755,үй тапсырманы тексереміз,i tapsırmanı tekseriyemiz,1.0,1.0,3
train-00003-of-00048_000756,абырай алтынсарин,брай алкунсарин,1.0,0.23529411764705882,2
train-00003-of-00048_000757,так,ت,1.0,1.0,1
train-00003-of-00048_000758,кім жаттады,kım zatladı,1.0,0.9090909090909091,2
train-00003-of-00048_000759,дәуіт сенен бастайық айта ғой,dewut sini mbasteeq ay taxuy,1.0,0.896551724137931,5
train-00003-of-00048_000760,жаттаған жоқпын,аттаған жоқпын,0.5,0.06666666666666667,2
train-00003-of-00048_000761,неге дәуіт,ñikt,1.0,1.0,2
train-00003-of-00048_000762,вот,وط,1.0,1.0,1
train-00003-of-00048_000763,келесі жолы жаттап келетін бол,келесі жол жаттап келетін бол,0.2,0.03333333333333333,5
train-00003-of-00048_000764,бірінші сені сұраймын,бірінші сен ұсұраймын,0.6666666666666666,0.09523809523809523,3
train-00003-of-00048_000765,келесі кім,كليسكم,1.0,1.0,2
train-00003-of-00048_000766,апай бұл қайталап алайыншы,pj 不ttlb,1.0,0.9615384615384616,4
train-00003-of-00048_000767,несін қайталайсың,несін қайта алайсың,1.0,0.11764705882352941,2
train-00003-of-00048_000768,сабаққа дайын болып келу керек қой,сабакқа дайын болуп келуү керек кой,0.6666666666666666,0.11764705882352941,6
train-00003-of-00048_000769,айта ғой,た会,1.0,1.0,2
train-00003-of-00048_000770,жақсы қалғандарыңды келесі сабақта сұраймын,жақсы қалғандарыңда келесі сабақта сұраймын,0.2,0.023255813953488372,5
train-00003-of-00048_000771,қаныт сендер,qанат сендр,1.0,0.25,2
train-00003-of-00048_000772,абаев,谁,1.0,1.0,1
train-00003-of-00048_000773,айтыңыз,,1.0,1.0,1
train-00003-of-00048_000774,қазақстан,زت,1.0,1.0,1
train-00003-of-00048_000775,өзім өкілдер мен өзім өкілдер,mkd mrsmk,1.0,0.9655172413793104,5
train-00003-of-00048_000776,бай ішіп келсең болады ма,бай шукирсен бола ма,0.6,0.36,5
train-00003-of-00048_000777,яппарова,يابرو,1.0,1.0,1
train-00003-of-00048_000778,қазақстан,қазақтың,1.0,0.3333333333333333,1
train-00003-of-00048_000779,аудармашы,audarmaca,1.0,1.0,1
train-00003-of-00048_000780,саяси қайраткер,سياسي ҡايرәتكير,1.0,0.9333333333333333,2
train-00003-of-00048_000781,абай өлең жазуды он жасынан бастаған,абай өлен жазуды он жасынан бастаған,0.16666666666666666,0.027777777777777776,6
train-00003-of-00048_000782,ағартушы,ағартушы,0.0,0.0,1
train-00003-of-00048_000783,жазба жоқ па екен,жаз ба сатпекен,1.0,0.4117647058823529,4
train-00003-of-00048_000784,сәлеметсіздер,سلمس,1.0,1.0,1
train-00003-of-00048_000785,шаңғы,看来,1.0,1.0,1
train-00003-of-00048_000786,отырыңдар,وتدر,1.0,1.0,1
train-00003-of-00048_000787,мысыл просты,ر سست,1.0,0.9166666666666666,2
train-00003-of-00048_000788,не болып қалды,не боп қалды,0.3333333333333333,0.14285714285714285,3
train-00003-of-00048_000789,білмеймін диалектар жинасың деп жатыр,білмейм директор жинастеп жатыр,0.8,0.24324324324324326,5
train-00003-of-00048_000790,им,嗯,1.0,1.0,1
train-00003-of-00048_000791,жаңағы көрсетіп жүргізді,,1.0,1.0,3
train-00003-of-00048_000792,бүгінгі сабағымыз,بمg سباغن,1.0,0.9411764705882353,2
train-00003-of-00048_000793,әзірше аяқталды қазір бәріміз жиналып автовый залға барамыз,әзірше аяқталды қазір бәріміз жиналып актовизалға барамыз,0.25,0.06779661016949153,8
train-00003-of-00048_000794,но біріншіден кейін судың бәрі өсті,بش صودباروش,1.0,0.9714285714285714,6
train-00003-of-00048_000795,вы так и не вот соншама,我们تك你我س这了,1.0,1.0,6
train-00003-of-00048_000796,менің қызым қайда,你能可生过的,1.0,1.0,3
train-00003-of-00048_000797,аааа,啊,1.0,1.0,1
train-00003-of-00048_000798,такие қазір бәрін түсіндіремін бұл жерде дтп болды дтп болған жерде халық көп бәрі білесіз қазір телефонды алып алып сразу түсіріп бастайды фиксировать етіп,таки каз бәрін түсіндірем у жерде дтп болд дтп болған жерде халық көп бәрі блеска телефондаалбап сыразу түсіріп постаит фиксировать этіп,0.5416666666666666,0.20512820512820512,24
train-00003-of-00048_000799,енді резонанс болыватыр елдің бәрі шулаватыр,енді резонанс болп атыр елдің барышолап атыр,0.6666666666666666,0.18181818181818182,6
train-00003-of-00048_000800,тем более анау потерпевшелер сасып бастады енді такие бір мы должны были как то отреагировать управление алып келдік,тем более она потерпевшиларсаспостат такие мы должны были как то отреагировать управление галкел,0.4444444444444444,0.23275862068965517,18
train-00003-of-00048_000801,ол бірақ уайымдамаңыз ол көрші кабинеті қазір таке,ол бірақ ояндармаңыз ол көрші кабинеті қазір таке,0.125,0.12,8
train-00003-of-00048_000802,шимырып алғансың ба,himrub olmaına,1.0,0.9473684210526315,3
train-00003-of-00048_000803,ол сіздің арқаңызда ғой енді таки,سلたك,1.0,1.0,6
train-00003-of-00048_000804,талам,هلا,1.0,1.0,1
train-00003-of-00048_000805,сен мұнда қайдан шүкір,新m到别的是,1.0,1.0,4
train-00003-of-00048_000806,қазір,حزك,1.0,1.0,1
train-00003-of-00048_000807,алай,,1.0,1.0,1
train-00003-of-00048_000808,ай не болды құйрығың ба,ب,1.0,1.0,5
train-00003-of-00048_000809,ахау,,1.0,1.0,1
train-00003-of-00048_000810,тұр тұр ма,طوربرما,1.0,1.0,3
train-00003-of-00048_000811,неге келмейтін,,1.0,1.0,2
train-00003-of-00048_000812,выжым,وج,1.0,1.0,1
train-00003-of-00048_000813,жақсы,上,1.0,1.0,1
train-00003-of-00048_000814,кеттің саған,كتس,1.0,1.0,2
train-00003-of-00048_000815,асалығын,س,1.0,1.0,1
train-00003-of-00048_000816,қалай жетті ме,خرجتم,1.0,1.0,3
train-00003-of-00048_000817,жаңа,ج,1.0,1.0,1
train-00003-of-00048_000818,мынау соңғы квартал бойынша отчеттер ғой,那 s的ctbجctр,1.0,0.95,6
train-00003-of-00048_000819,ет комбинат және букмекерлердің,ет комбинат жәңе букмекерлердің,0.25,0.03225806451612903,4
train-00003-of-00048_000820,айтпақшы ақшалардың жем шем несіне счетно жібердім,алпақшақшылардың жеңшемін неісіне шөтіна жібердін,1.0,0.32,7
train-00003-of-00048_000821,не таңдар,ñi tantar,1.0,0.8888888888888888,2
train-00003-of-00048_000822,алейкумсалам,عليكم السلام,2.0,1.0,1
train-00003-of-00048_000823,нормально,دورمل,1.0,1.0,1
train-00003-of-00048_000824,в общем держи здесь вся информация про кого пробивали адреса то что,в общем держи е вся информация про кого пробивали адреса точто,0.25,0.07462686567164178,12
train-00003-of-00048_000825,а это от нас бонус чистый,а это от нас бонус чистый,0.0,0.0,6
train-00003-of-00048_000826,тамираспен,مرسب,1.0,1.0,1
train-00003-of-00048_000827,пазарымы,بaزaرmе,1.0,1.0,1
train-00003-of-00048_000828,а это так что вы не шумели,а это так что вы не шумели,0.0,0.0,7
train-00003-of-00048_000829,весело,bisiwa,1.0,1.0,1
train-00003-of-00048_000830,ну как говорится хорошая информация стоит хороших денег,ну как говорится хорошая информация стоит хороших денег,0.0,0.0,8
train-00003-of-00048_000831,а да конечно,а да конечно,0.0,0.0,3
train-00003-of-00048_000832,түсіп,说,1.0,1.0,1
train-00003-of-00048_000833,атылайшы,قطلش,1.0,1.0,1
train-00003-of-00048_000834,всө ескі шоу дұрыңыздан жақсы көрдіңіз де құдай көрдік,все е ече вдруг знаешь куда знанет даа конечно,1.0,0.6851851851851852,9
train-00003-of-00048_000835,иә кіре бер,يا تريبر,1.0,0.9090909090909091,3
train-00003-of-00048_000836,бола ма,我بم,1.0,1.0,2
train-00003-of-00048_000837,бүгін босатылу,бүгүн босатыл,1.0,0.14285714285714285,2
train-00003-of-00048_000838,қалай айт ол,قليكم,1.0,1.0,3
train-00003-of-00048_000839,кесте тұрсың бұйыртқан,кесте тұрсын берді,0.6666666666666666,0.36363636363636365,3
train-00003-of-00048_000840,ағалап тұрсың ғой бұлдарды,غالاب ترقلدل,1.0,0.9615384615384616,4
train-00003-of-00048_000841,себебі ақымақ қылыптасу ма не,swilmقطosimane,1.0,1.0,5
train-00003-of-00048_000842,керектерге барайық,تبر,1.0,1.0,2
train-00003-of-00048_000843,бәрібір,بაرب,1.0,1.0,1
train-00003-of-00048_000844,че транслевері бертертс,cetenspevere bestas,1.0,0.9565217391304348,3
train-00003-of-00048_000845,ертең онда дер,فكنب,1.0,1.0,3
train-00003-of-00048_000846,ногу сломай ме да правильно сен,ngوslamلn اprاn,1.0,0.967741935483871,6
train-00003-of-00048_000847,араларында,ألواردا,1.0,1.0,1
train-00003-of-00048_000848,өмек салады,س,1.0,1.0,2
train-00003-of-00048_000849,саламын алейкум,صoمني,1.0,1.0,2
train-00003-of-00048_000850,олева салл,我ل不ص,1.0,1.0,2
train-00003-of-00048_000851,қанатсыз ба,قنةسمة,1.0,1.0,2
train-00003-of-00048_000852,есім саян мен мәкеңнің бразишасым,esim saan min makeing bratisesm,1.0,0.8787878787878788,5
train-00003-of-00048_000853,что там мекен ғой,چت مکنgл,1.0,0.9411764705882353,4
train-00003-of-00048_000854,нормально,بaرمال,1.0,1.0,1
train-00003-of-00048_000855,күн шық кетті,نشوكت,1.0,1.0,3
train-00003-of-00048_000856,короче и осы,крuчи осы,0.6666666666666666,0.3333333333333333,3
train-00003-of-00048_000857,аладильникті болатып,аладимлик толатып,1.0,0.3,2
train-00003-of-00048_000858,бұл жерде енді бір ай екі ай семьялы таба берсең болады,бул жерде энди бра эк ай симела та берсең болот,0.7272727272727273,0.3090909090909091,11
train-00003-of-00048_000859,мынау на ход ноги,мноо нахотнави,1.0,0.47058823529411764,4
train-00003-of-00048_000860,но телефон,تلفن,1.0,1.0,2
train-00003-of-00048_000861,ішінде менің номерім бар 1 нәрсе керек болса айтасың ғой,ішінде менің номерім бар бір нәрсе керек болса айтасың,0.2,0.125,10
train-00003-of-00048_000862,а иә,啊一呀,1.0,1.0,2
train-00003-of-00048_000863,менің атымнан деп хабарласасың ғой,ممندل,1.0,1.0,5
train-00003-of-00048_000864,уже олар дайындап қалған шығар,уже олор дайындак бойгонышар,0.8,0.3333333333333333,5
train-00003-of-00048_000865,жақсы енді смело жатып жайғасып демала бер жараймын,жақсы енді ісмела жатып жайғасып текнология жағима,0.5,0.3137254901960784,8
train-00003-of-00048_000866,адыша,放子事,1.0,1.0,1
train-00003-of-00048_000867,жәди шәкенұлы белгілі қазақ жазушысы ақын һәм әдебиет тарих зерттеушісі сыншы қазақстан жазушылар одағы мен еуразия жазушылар одағының мүшесі сондай ақ шыңғыс хан халықаралық академиясы мен қазақстан республикасының тарих және қоғамдық ғылымдар академиясының академигі жиырмадан астам тарихи прозалық зерттеу кітаптарының авторы негізгі туындылары шетелдегі,жәдей шәкенұлы белгілі қазақ жазушысы ақын хәмәдебиет тарих зерттеушісі сынша қазақстан жазушылар одағы мен евразия жазушылар одағының мүшесі сондай ақ шыңғысхан халықаралық академиясы мен қазақстан республикасының тарих және қоғамдық ғылымдар академиясының академигі жиырмадан астам тарихи прозалық зерттеу кітаптарының авторы негізгі туындылары шетелдегі қазақ тағдырын тарихын және көрген тауқыметін бейнелеуге арналған,0.3409090909090909,0.20448179271708683,44
train-00003-of-00048_000868,оған,嗯,1.0,1.0,1
train-00003-of-00048_000869,бәрін бәрін тесіп отырған әлгі федор путин келді ғой соның қолында бір не қылып,دa تېچ بوdرڭaن فېلدі پوچиن кېلدі غا سونы خۋالыندا ن,1.0,0.8354430379746836,14
train-00003-of-00048_000870,айтпау керекпіз,,1.0,1.0,2
train-00003-of-00048_000871,төрттерек болады,,1.0,1.0,2
train-00003-of-00048_000872,мемлекеттік түк,ملكات تكتور,1.0,1.0,2
train-00003-of-00048_000873,мен орыс тілімен мемлекет тілімен тек қатты осы елдің президенті сияқты болды деген,me aorslmiminiki tlimenti katose presidentia softe,1.0,0.9397590361445783,13
train-00003-of-00048_000874,содан кейін мынау бізді қазақ деп қарап отырған жоқ,содеге мынау біз қазақтеп қарап отырғанжоқ,0.7777777777777778,0.23529411764705882,9
train-00003-of-00048_000875,ол хорошо қазір мұнда келіп тұрмыз,қарашы қазір мында келіп тұрмыз,0.5,0.23529411764705882,6
train-00003-of-00048_000876,жаңа есеп болған соң мен тұрғындарым,саяси повонцыннитрбандарми,1.0,0.6666666666666666,6
train-00003-of-00048_000877,еске алуға ешкім жоқ біреулер келіп кеткеннен,ეسكაرغشქم ყرვეركეر ქეتგეني,1.0,0.9555555555555556,7
train-00003-of-00048_000878,инсан да барыңдар деді білесе мұнда бар бұл не деген нәрсе ол,ілсам дабарындар билесе мындабар булне деген нәрсел,0.9166666666666666,0.2786885245901639,12
train-00003-of-00048_000879,әй осыны еске алмағанда кімді еске аламыз,هي وس يسكaل مغanتa كمديسkلس,1.0,0.926829268292683,7
train-00003-of-00048_000880,5 миллионға азады,pismriongask,1.0,1.0,3
train-00003-of-00048_000881,ол не деген сұмдық біз,س,1.0,1.0,5
train-00003-of-00048_000882,осыған қарап жаңа көңілім қарным ашық тұр,ئۇسىغان قارار جاڭا كۆگۈلۈپ كارنىماشىقتىرى,1.0,0.926829268292683,7
train-00003-of-00048_000883,сослава түсіңізшім,sst行s,1.0,1.0,2
train-00003-of-00048_000884,сонда мен ұрпағымның алдында о дүниеде бабамның алдында не деп барамын,бұнда мен ұрпағымның алдында ол дүниеде бабамның алдында не деп барамын,0.18181818181818182,0.04285714285714286,11
train-00003-of-00048_000885,мен жолға басым киіп барамын ба,midaoka pas mbi paramba,1.0,0.9032258064516129,6
train-00003-of-00048_000886,бабамның басын жапқан жолға мен басымды иліндеп барамын ба,бабамның басын жапқан жолға мен басым дейдімі деп барам ба,0.4444444444444444,0.15517241379310345,9
train-00003-of-00048_000887,бізде ақсүйектердің тұқымы небәрі қырық пайыз десек құлдардың тұқымы алпыс пайыз бұлардың жартысынан астам ақорда төңірегінде жүр,бізді ақ сүйектердің тұқымы не бәрі қырық пайыз десек құлдардың тұқымы алпыс пайыз болардың жартысынан астам ақорда төңірегінде жүр,0.35294117647058826,0.031007751937984496,17
train-00003-of-00048_000888,шегарада тұрған орыстарды көрген кезде мен ата жауымды көргендей сезіммен қарадым бізге қан төгіске себеп болған жаңа империялардың орнында отырған жұрттан неге төлем сұрамаймыз қолдан жасалды ғой себебі қазақ қоғамы қырылмаған болса қазір біз 40 та 45 миллион бола келеді толығынан осы елде 5 миллион қазақ қырылды 5 миллион қазақ шетке кетіп қалды сонда 10 миллион,чегарада тұрған орыстарды көрген көзде мен ата жауымды көргендей сезіммен қарадым бізге қантөгіске себеп болған жаңе империялардың орнында отырған жұртта неге төленіп сұрамайңыз қолдан жасалды ғой себебі қазақ қоғамы қырылмаған болса қазір біз қта 45 миллионболаы қолына осы елде бес миллион қазақ қырылды бес миллион қазақ жетке кетіп аы сонда он миллион қазақтың тадырына кі жаа еле кеек жерге керек ұрпаққа керек ашынышты сабақты айту керек,0.5892857142857143,0.33879781420765026,56
train-00003-of-00048_000889,ал айта алмасаң есіне сен,ал айта алмасаң несіне сен,0.2,0.04,5
train-00003-of-00048_000890,қазақсың,قزقسы,1.0,0.875,1
train-00003-of-00048_000892,ал бұл тақырыпқа неге келдің деген тақырыптан келген кезде мені тағдыр алла тағала өзі осы тақырыпқа табиғи түрде алып келді деп айтуыма болады неге,ал бұл тақырыпқа неге келдің деген тақырыптан келген кезде мені тағдыр аллатағала өзі осы тақырыпқа табиғи түрді алып келді деп айтуымы болатын неге,0.20833333333333334,0.033783783783783786,24
train-00003-of-00048_000893,менің өзімнің атамекенім қазіргі шығыс қазақстан облысының,менің өзімнің атам екенім қазіргі шығыс қазақстан облысының,0.2857142857142857,0.017241379310344827,7
train-00003-of-00048_000894,зайсан ауданы,زيسنوضانه,1.0,1.0,2
train-00003-of-00048_000896,өйткені ол шет жұртта болды басқа елде болды,өткөн ол чет жұртта болды басқа елде болды,0.25,0.09090909090909091,8
train-00003-of-00048_000897,орыстар біздің жерімізге қалай келді,орыстар біздің жерімізге қалай келді,0.0,0.0,5
train-00003-of-00048_000898,а қызыл өкімет қалай келді бізде зұлымдық солай басталды дейді болды бірақ ауыз сөз сонда мына орыс деген халық енді орыстың бәрі кінәлі емес шығар орыс ұлты кінәлі емес шығар бірақ соңды сол бір мына сәби санамызға сіңген нәрсе мен өзім бір мың тоғыз жүз тоқсан жетінші жылы он алтыншы қаңтар күні қорғас шекарасы арқылы осы елге ал,қызілі өкімет қалай келді бізде зұлымдық солай басталды дейт болды бірақ ауыз сөз сонан мына орыс деген халық енді орыстың бәрі кіналы емес шығар ұлт кінәл емес шығар бірақ сол бір сәби санамызға сінген нәрсе мен өзім бір мың тоғыз жүз тоқсан жетінші жыл он алтыншы қаңтар күні қорғас шекарасы арқылы осы елге алғашты рет тұңғыш рет қадам аттаған кезде шекарада тұрған орыстарды көрген көзде мен ата жауымды көргендей сезіммен қарадым,0.5172413793103449,0.45645645645645644,58
train-00003-of-00048_000899,бұл менің ешқандай боямасыз айтқан көңіл күйімді жеткізіп жатқандығым себебі балапан күнімізден басымыздан өткен тағдыр қарияларын құлағымызға құйып тастаған ескілікті шежіресі жаңағы қанды қылышын жалаңдатқан қызыл империяның соққысы зұлматы бізге солай елестетуге мәжбүрледі,бұл менің ешқандай боямасыз айтқан көңіл күйімді жеткізіп жатқандығым себебі балапан күнімізден басымыздан өткен тағдыр қарияларын құлағымызға құйып тыстаған ескілікті шежіресі жәна қанды қылы шын жалаңдатқан қызылы империяның соққысы зұлматы бізге солай елестетуге мәжбүрледі,0.15151515151515152,0.025362318840579712,33
train-00003-of-00048_000900,бұл ұлттық сананың оянбауы,бул улттук сананы оянбауу,1.0,0.23076923076923078,4
train-00003-of-00048_000902,қазақты қырды дейді ал орыс отаршылдығын алғысын патшалық ресейді айтпайық 1917 жылы қазан төңкерісінен кейін,қазақтықарда дейді ал орыс отаршылдығы арғысын патшалық ресейді айтпайық бір мың тоғыз жүз он жетінші жыл қазан төңкерісінен кейін,0.7333333333333333,0.3119266055045872,15
train-00003-of-00048_000903,осы елде бес миллион қазақ қырылды бес миллион қазақ шетке кетіп қалды сонда он миллион қазақтың тағдырына кім жауап сонда жұңғар жауыз ба жоқ мынау бізде отырған көрші патшалық ресейдің тұқымы болып отырған орыс үкіметінің сол кездегі жандай шаптары жауыз ба деген сұрақ келіп шығады,осы елде бес миллион қазақ қырылды бес миллион қазақ жетке кетіп қалды сонда он миллион қазақтың тағдырына кім жауапы сонда жұңғар жауыз ба жоқ мынау бізде отырған көрші патшалығ ресейдің тұқымы болып отырған орыс үкіметінің сол кездегі жандайшаптары жауыз ба деген сұрақ келіп шығатын,0.13333333333333333,0.02112676056338028,45
train-00003-of-00048_000904,ұрпақ құлдық идеядан сақтанбаса ертең тағы да құл болады тағы да кеп біреу басымызды шауып жатса сонда біз айтпауымыз керек пе,орпақ құлдық идеядан сақтанбыз ертіің тағы да құл болады тағы да кеп біреу басымыз шауып жатса сонда біз айтпауымыз керек пе,0.19047619047619047,0.06349206349206349,21
train-00003-of-00048_000906,күні бүгінге дейін ол жерде қаншама адамдар қырылды қаншама адамның сүйегі қалды оны анықтаған ешкім жоқ,күні бүгінгідейін өз жерде қаншама адамдар қырылды қаншама адамның сүйегі қалдын оныанықтағын ішкім жоқ,0.4375,0.07692307692307693,16
train-00003-of-00048_000907,мына тарбағатай тауларында осы өз көзімен көрген бір қария айтады бір жерде бес мың адамның сүйегі жатты екінші сайда бес мың адамның сүйегі жатты көзім көрді сол бес мың екінші бес мың сүйектен тірі қалған бір қыз тірі қалған екен кішкентай тірі қазы сол қыз апа болғанда соны көзім көріп өз аузынан естідім дейді,мына тарбағатайтауларында осы өз көзімен көрген бір қария айтаты бір жерде бес мың адамның сүйегі жатты екінші сайда бес мың адамның сүйегі жатты көзім көрді сол бесыңекінші бес мың сүйектен тіріқ алған бір қыз тіріқ алған екен кішкентай тірқаз сол қыз апа болғанда соны көзім көріп өз аузынан естідін дейді,0.24074074074074073,0.041401273885350316,54
train-00003-of-00048_000908,міне бұл біздің өзіміздің көзімізбен көрген өзіміздің сезінген және аталарымыздың өз көзімізбен көріп бізге айтқан ақиқаты,міне бұл біздің өзіміздің көзімізбен көрген өзіміздің сезінген және аталарымыздың өз көзімізбен көріп бізге айтқан ақиқаты,0.0,0.0,16
train-00003-of-00048_000909,ал біз біз білмеген,ал біз і білмеген,0.25,0.10526315789473684,4
train-00003-of-00048_000910,айтпаған қанша дүние бар,айтпаған қанша дүние бар,0.0,0.0,4
train-00003-of-00048_000911,ал олай болатын болса жаңағы репрессияның зұлымдығын,аолай болатын боса жаңаг репрестияның зұлымдығын,0.7142857142857143,0.11538461538461539,7
train-00003-of-00048_000912,репрессияның зұлматын репрессияның қазақ халқына жасаған зұлымдығын айтуымыз керек мысалы ахмет байтұрсынұлы,репрессияның зұлматын репрессияның қазақ халқына жасаған зұлымдығын айтуымыз керек мысал ақмет байтұрсын ұлы,0.3333333333333333,0.027777777777777776,12
train-00003-of-00048_000913,бір мың тоғыз жүз он бесінші жылы қазақ газетіне жариялаған мақаласында,бір мың тоғыз жүз он бесінші жылы қазақ газетіне жариялаған мақаласында,0.0,0.0,11
train-00003-of-00048_000914,альхамдулила алты миллионбіз депті,ەلhەمدуلىللaه аلتы مиليون بىز دеپتى,1.25,0.8235294117647058,4
train-00003-of-00048_000915,сонда бір мың тоғыз жүз он үшінші бір мың тоғыз жүз он бесінші жылдар шетке кеткен сол дәуірдегі шетке кетіп үлгермеген қазақтарды қосқан кезде жалпы қазақтың саны алты миллион еді дейді,сонда бір мың тоғыз жүз он үшіншы бір мың тоғыз жүз он бесінші жылдар шетке кеткен сол дәуірдегі шетікке кетіп үлгірмеген қазақтарды қосқан кезде жалп қазақтың саны алты миллионеді дейді,0.1935483870967742,0.03225806451612903,31
train-00003-of-00048_000916,ал содан арада 40 жылдай уақыт салып 1938 1939 жылдарға келген кезде яғни екінші дүниежүзілік соғыстың қарсаңында біздің жан санымыз тағы да 6 миллионның ар жақ бер жағында ғана болған,ал содан арада қырық жылдай уақыты салып бір мың тоғыз жүз отыз сегізз отыз тоғызыншы жылдарға келдіңізд яғни екінші дүниежүлік соғыстың қарсыаңында біздің жансанымыз тағы да алты миллионның аржақ бер жағында ғана болған,0.6333333333333333,0.3532608695652174,30
train-00003-of-00048_000917,ал ондай болатын да секара деп өсім қайда қайда кетті,ал ондай болатын быз екі арада қосім қайда қайда кет,0.5,0.24528301886792453,10
train-00003-of-00048_000918,а сон сол кездегі өзбек ағайындар мысалы үшін бір мың тоғыз жүз он бес он алтыншы жылдардың ішіндегі үш миллион үш жарым миллион төрт миллион шамасында болған бүгін олар отыз бес миллионға жеттік,сол кездегі өзбек ағайындар мысал үшін бір мың тоғыз жүз он бес он алтыншы жылдардың ішіндегі үш миллион үш жарым миллион төрт миллионның шамасында болған бүгін олар отыз бес миллионға жеті,0.15151515151515152,0.06153846153846154,33
train-00003-of-00048_000919,егер қазақтар сол қалыпты өсетін болса,егер қазақтар солғалып өсетін болса,0.3333333333333333,0.10526315789473684,6
train-00003-of-00048_000920,қазақ қоғамы қырылмаған болса қазір біз 40 та 45 миллион болатын едік толығынан,қазақ қоғамы қырылмаған болса қазір біз қырықта қырық 5ес миллион болатын ерек толығынан,0.3076923076923077,0.189873417721519,13
train-00003-of-00048_000921,көшіп кеткен емес көшіп кеткені 5 миллион неге,көшіп кеткені емес көшіп кеткені бес миллион неге,0.25,0.08695652173913043,8
train-00003-of-00048_000922,көшіп кеткеннің барлығы көшіп кететін жеріне аман есен жеткен жоқ,көшіп кеткеннің барлығы көшіп кететін жер наманесен жеткен жоқ,0.3,0.06153846153846154,10
train-00003-of-00048_000923,жаңа шекара бойында қалып қойған сүйектерді қазірге дейін түгендеген ешкім жоқ,жәңе шекара бойында қалып қойған сүйектерді қазіргі дейн түгендеген ішкім жоқ,0.36363636363636365,0.0641025641025641,11
train-00003-of-00048_000924,мына жақтағы статикада мысалы шығыс қазақстан бойынша жаңағы мына ресей әріптерінде сақталған сол әріпке кірген кісілердің өзімен сөйлестім,мынай жақтағы статикада мысалы шығыс қазақстан бойынша жаңа мона ресей әркіптерінде сақталған сол әркіпке кірген кісілердің өзіме сөйлестім,0.3333333333333333,0.050359712230215826,18
train-00003-of-00048_000925,сонда дерек жоқ,сонда дерек жоқ,0.0,0.0,3
train-00003-of-00048_000926,бәлбі,مالمك,1.0,1.0,1
train-00003-of-00048_000927,қашты бұлады бүлдіріп кетті сөйтіп кетті бүйтіп кетті шаруа қожалығы құрып кетті деген сандар бар мысалы үшін жаңа мұхамеджан тынышбаевтың деректерінде бір мың тоғыз жүз жиырма бес жиырма алтыншы жылдар келтірілген осындай осындай жаңағы деректер айтылады да,қашты бұлады бүлдіріп кетті сүйтіп кетті битіп кетті бәрменбай шаруа қожалығы құрып кетті деген сандар бар мысал үшін жаңа мұхаммеджан тыншбаевтың деректерінде бір мың тоғызжүз жиырма бес жиырма алтыншы жылдар келтірілген осындай осындай жаңагі деректері айтылады та,0.2972972972972973,0.08139534883720931,37
train-00003-of-00048_000928,былайша айтқанда кеткен ізі бар деп айтуға болады ол барды ма жоқ па жол ортада қырылып қалды ма деген бар,былай шатқанда кеткен ізі бар деп айтуға болады ол барды ма жоқ по жолортада қырылып қалды ма деген бар,0.25,0.05660377358490566,20
train-00003-of-00048_000929,мысалы сол жақта қашып барып екіара шекарада жүрген кісілердің өз аузымен айтқан біздің аталарымызға өз аузымен айтып кеткен әңгімесінде бар шекарадан өтіп жүрген,мысалы сол жақта қашып барып екра чекарада жүрген кісілердің өз ауызымен айтқан біздің аталарымызға өзауызымен айтып кеткен әңгімесінде бар чекарадан өтіп жүрген,0.2608695652173913,0.043209876543209874,23
train-00003-of-00048_000930,бір мың тоғыз жүз жиырма сегіз жиырма тоғыз отызыншы жылдарға елді көшіріп өткізіп жүрдік дейді отызыншы жылдың аяғында отыз бірінші жылдың басында дейді кеңес одағы қатаң түрде бұйрық шығарды дейді шыбын ұшып өтпесін деп айтты дейді ары қарай да бері қарай ол не деген сөз дегенде ары қарай өткен адам болса бері қар,бір мың тоғыз жүз жиырма сегіз ж жиырма тоғыз жүз отызыншы жылдарған елді көшіріп өткізіп жүрді дейді отызыншы жылдың аяғында отыз бірінші жылдың басында дейді кеңес ода қатаң түрде бұйрық шығары дейді чыбын шып өтпесін деп айты дейді ар қарайда бер қарай ол не деген сөз дегенде ар қарай өткен адам боса бер қарай өткен адам боса ата бер деген сөз,0.4528301886792453,0.17665615141955837,53
train-00003-of-00048_000931,ол бала ма шал ма кемпір ме бәрібір,ол балама чалма кемпір ме бәрібір,0.5,0.08571428571428572,8
train-00003-of-00048_000932,сөйтіп шекарада ата бергенмін,сөйтіп шекарада ата берген,0.25,0.10344827586206896,4
train-00003-of-00048_000933,сондықтан шекарада қырғын көрген сүйекті санаған ешкім жоқ,сондықтан шекарада қырғын көрген сүйекті санаған ешкім жоқ,0.0,0.0,8
train-00003-of-00048_000934,күні бүгінге дейін жаңағы міне осы алматыда көшіп келген ақсақалдар бар қазірше мен атын айтпай ақ қояйын өз аузыменен 87 88 жасқа келген 2 ақсақал отыр,күні бүгінгедейін жаңағы міне осы алматыда көшіп келген ақсақалдар бар қазірше мен атын айтпай ақ қояйын өз аузы менен сексен жеті сексен сегіз жасқа келген екі ақсақал отыр,0.34615384615384615,0.18421052631578946,26
train-00003-of-00048_000935,солар ет құлағыменен маған өзің көргенін айт,солар ет құлағы менен маған өзінң көргенін айт,0.42857142857142855,0.045454545454545456,7
train-00003-of-00048_000936,жаңағы айттым бір сайда 1000 адамның сүйегі бір сайда 500 адамның сүйегі бір айда бір сайда 500 адамның сүйегі жатқанын көзіміз көрді дейді содан тірі қалған бір әжені көзіміз көрді дейді,жәңаде айтты бір сайда мың адамның сүйегі бір сайда бес жүз адамның сүйегі біайабір сайда бес жүз адамның сүйегі жатқанын көзіміз көрді дейдсодан тірі қалған бір әжені көзіміз көрді дейді,0.3870967741935484,0.1497326203208556,31
train-00003-of-00048_000937,ал олай болатын болса олардың 1000 деп мөлшерлеген 500 деп мөлшерлеген деп сүйекті бірден шертіп санап шыққан жоқ,ал олай болатын болса олардың мың деп мөлшерлегені бес жүз деп мөлшерлегенде итіп сүйекті бірден шертіп санап шыққан жоқ,0.3333333333333333,0.1504424778761062,18
train-00003-of-00048_000938,ал олай болатын болса 5 миллион қазақ,ал олай болатын боса бес миллион қазақ,0.2857142857142857,0.10810810810810811,7
train-00003-of-00048_000939,бірінің етін бір жеді,бірінің етім біліж еді,0.75,0.19047619047619047,4
train-00003-of-00048_000940,бірін бірі сойып жеді баласын сойып жеді,бірім бір сойып іжеді баласын сойып іжеді,0.5714285714285714,0.1,7
train-00003-of-00048_000941,ол анау ғабит мүсіреповтің жазған жазбаларында да кездеседі сондай уақиғалар сол кездегі мына орталық кеңес одағы партия орталық комитетіне жазған солардың қатты арыз хаттары бар сонда да айтылған жаңағы қазақ ауылдарында қашықтықтың көріп жатқан ондай болатын болса осы елде қырылып қалғанының да тізімдігін ешкім жасаған жоқ,ол анау ғабитмсірептің жазған жазбаларында да кездеседі сондай уақиғалар сол кездегі мына орталық кеңес содағы партия орталық комитетіне жазған солардың қат арыз қаттары бар сонда да айтылған жаңаы қазақ ауылдарындаы ашылықтың болып жатқаны ондай болатын болса осы елде қырылып қалғанның да тізімдігін ешкім жасаған жоқ,0.2391304347826087,0.05828220858895705,46
train-00003-of-00048_000942,ал тіпті ресми түрде 5 миллион демеген күннің өзінде 3 миллион 4 миллион қазақтың қырылып қалғаны анық,ал тіпті ресми түрде бес миллион демеген күннің өзінде үш миллион төрт миллион қазақтын қырылып қалған анық,0.29411764705882354,0.10784313725490197,17
train-00003-of-00048_000943,ал шетке босып кеткен қазақтың тағдыры онда андай ал сол он миллион қазақтың орны жоқ,ал шетке босып кеткен қазақтың тағыдыр андай ал сол он миллион қазақтың орны жоқ,0.13333333333333333,0.08235294117647059,15
train-00003-of-00048_000944,ең қарапайым сөзбен десе 10 миллион қазақтың,ең қарапайым сөзбен десе он миллион қазақтың,0.14285714285714285,0.045454545454545456,7
train-00003-of-00048_000945,саны жоқ,فان لجق,1.0,0.875,2
train-00003-of-00048_000946,ал ол үрім бұтағымен қанша болатын еді,ал ол үрүм бутагымен канча болатынет,0.7142857142857143,0.21052631578947367,7
train-00003-of-00048_000947,мысалы кезінде,міsaл кезінде,0.5,0.2857142857142857,2
train-00003-of-00048_000948,шетелден осы тәуелсіздіктен кейін 1 миллион қазақ көшіп келді деген статика бар болатын қазірде оны түгендеп отырған ешкім жоқ,шетелден осы тәуелсіздіктен кейін бір миллион қазақ көшіп келттеген статика бар болатын қазірде оны түкендіп отырған ішкім жоқ,0.2631578947368421,0.07936507936507936,19
train-00003-of-00048_000949,қазір біз шамалап оны 3 5 миллион болды деп отырмыз немесе 4 миллион болды деп отырмыз енді сіз ойлап көріңіз сол санменен тәуелсіздіктен бергі сан,қазір біз чамалап оны үш жар миллион болды деп отырмыз немесе төрт миллион болды деп отырмыз енді сіз ойлап көріңіз сол сан менен тәуелсіздіктен беріге сан,0.28,0.08843537414965986,25
train-00003-of-00048_000950,ал сол дәуірдегі ондай болатын болса 10 миллион халық өсе беретін болса қаншаға бару керек еді,ал сол дәуірдегі онда ұй балатын быс он миллион қалық осе беретін боса қаншаға бару керген,0.625,0.1702127659574468,16
train-00003-of-00048_000951,ал арғы бет барғаннан кейін жаңа біз қытай асып кетті дейміз иә ұжымаққа барды ма,ал арғы бетіп барғаннан кейін жаңа біз қытай асып кетті дейміз де ұжмаққа барды ма,0.2,0.06172839506172839,15
train-00003-of-00048_000952,жоқ о жақта да тозақтың отына шығырылды,жоқ ожақта да тозақтың отына чыжғырылды,0.42857142857142855,0.07692307692307693,7
train-00003-of-00048_000953,ол жақта да жаңағы мына қытайдың тепкісіне ұшырады,ол жақтарда жәңаге мына қытайдың тепкісіне ұшырады,0.375,0.08,8
train-00003-of-00048_000954,комендантшыл қарағытай одан кейін коммунистік режим кеңес одағының шоқпарын сол жақта да сою сойылушылар болды мысалы жаңа шығыс қазақстан өлкесін алып айттық қой сол өңірден бір мың тоғыз жүз жиырма сегіз жиырма тоғыз отызыншы жылдары әбдікәрім болыс қаратай қамбар шабдан сәлім деген балаларыменен кеткен бір мың тоғыз жүз отыз бірінші жылы ш,каминдаңшыл қарағытай одан кейін коммунистік режим кеңес одағының шоқпарын сол жақта да сойыушылар болды мысалы жаңа шығыс қазақстан өлкесін алып айттықой сол өңірден бы тыж жсеі жиатыотызыншы жылдар әбдікарм болыс қаратай қампар шабдан сәлімдеген балалары менен кеткен бмың ты жүз оты бірнш жыл шәкарім қажының ұлы зият шәкәрім ұлы бердеш әзімбайұлы қашып өткен сол жаққа қарай міне быт з жсеі жт озоы бнші жылдардағы тарихи кейіпкерлер,0.9038461538461539,0.5348837209302325,52
train-00003-of-00048_000955,ал солар барғаннан кейін қайтты жаңағы әбдікәрімнің ұлдары жаңағы зият шәкәрімұлы шәкәрім қажының ұлы із тұзсіз жоғалды күні бүгінге дейін оның сүйегі міне жерде жатыр деп дәлелдеп отырған ешкім жоқ,ал солар балғаннан кейін қайтты жаңа гәбдікарімның ұлдары жаңа зият шәкәрім ұлы шәкәрім қажының ұлы ізтусыз жоқалды күні бүгінгедейін оның сүйегі міне жерде жатыр деп дәлелдеп отырған ішкім жоқ,0.4,0.08080808080808081,30
train-00003-of-00048_000956,демек біз ата бабамыздың сүйегін арғы ата бабамызды айтпай ақ қояйық жоңғарды айтпай ақ қояйық,демек біз ата бабамыздың сүйегін ар ата бабамызды айтпай ақ қойақ жұңғарды айтпай ақ қойайық,0.26666666666666666,0.07446808510638298,15
train-00003-of-00048_000957,кеңес одағы үкіметі орындағаннан кейін,кеңес одағы үкімет орындагандан кейин,0.6,0.10526315789473684,5
train-00003-of-00048_000958,орыс үкіметі орнағаннан кейінгі қырғын болған аталарымыздың сүйегінің қай жерде жатқанын біз әлі білмейміз,орыс үкімет орнағаннан кейін қырғым болған аталарымыздың сүйегінің қай жерде жатқаны біз әлі білмейміз,0.2857142857142857,0.04716981132075472,14
train-00003-of-00048_000959,біз кейде айтамыз ана екінші дүниежүзілік соғысқа кеткен бәленбай деген бабамыздың сүйегі белгісіз қалды деп ол соғыс ол үлкен өрт апат,біз кейде айтамыз ани екіншідүнде жүргі соғысқа кеткен бәлінбайдеген бабамыздың сүйегі белгісіз қалтдеп ол соғыс ол үкен өрт апат,0.38095238095238093,0.1037037037037037,21
train-00003-of-00048_000960,қалқараны жалмаған ол да сүйектің табылмауы заңды ал бейбіт күнді қырылған қазақтың санын ешкім біле ме,халықараны жалмаған ол да сүйектің табылмауы заңды ал бейбіт күнді қырылған қазақтың санын ішкім біле ме,0.125,0.02912621359223301,16
train-00003-of-00048_000961,арғы бетке,арқыбетке,1.0,0.2,2
train-00003-of-00048_000962,кеткендер қайтты одан әрі қашуға мәжбүр болды қайда қашуға мәжбүр болды,кеткендер қ айтты одан арқашуға мәжбүр болды қайдақашуға мәжбүр болды,0.5454545454545454,0.07042253521126761,11
train-00003-of-00048_000963,гималай асты,gimala yastım,1.0,1.0833333333333333,2
train-00003-of-00048_000964,сол туралы мен,сол туралы мен,0.0,0.0,3
train-00003-of-00048_000965,жаңағы қаралы көш деген тарихи роман жаздым түрік тіліне аударылды түркия президенті ержеп тайып ердоған оқып,жәңаге қаралы көштеген тарихи роман жаздым түрк тілін аударылды түркия президент дережептайеп ердоған оқып,0.5,0.11009174311926606,16
train-00003-of-00048_000966,мынау түріктердің қазақ түріктерінің қанды жас екен қанды тарих екен мынандай ауыр тарихты әрбір түрік баласы білу керек оқу керек зерттеу керек деп жоғарғы оқу орындарын өз қолымен таратқызғандығын,мынау түріктердің қазақ түріктерідің қанды жасы екен қанды тарих екен мынаңдай ауыр тарихта әрбір түрік баласы білу керек оқу керек зерттеу керек деп жоғарығы оқу орындарын өзғолымен таратқызғандығын,0.2413793103448276,0.03535353535353535,29
train-00003-of-00048_000967,сол елде тұрғанын бүгінгі ғалымдар зиялылар біледі,сол елде тұрған бүгінгі ғалымдар зиянлар біледі,0.2857142857142857,0.08,7
train-00003-of-00048_000968,тіқсініп отыр,چسن بت,1.0,0.9230769230769231,2
train-00003-of-00048_000969,түршігіп отыр,تشگبتر,1.0,1.0,2
train-00003-of-00048_000970,біздің түрік қазақтарының басынан ол сондай күн кешіпті деп иә бір ғана қаралы көш емес,біздің түрк қазақтарының басынан сондай күнкешіпті деп е бір гене қаралы көші емес,0.4666666666666667,0.12643678160919541,15
train-00003-of-00048_000971,менің жазғаным бір ғана кітап бір ғана автормын,менің жазғаным бір гана кітап бір ғана аптырмын,0.25,0.06382978723404255,8
train-00003-of-00048_000972,ал,ل,1.0,1.0,1
train-00003-of-00048_000973,сондай көштен кем дегенде сондай қырғыннан кем дегенде жүзі біздің басымыздан өтті арғы дәуірде емес осы кеңес одағы үкімет орнағаннан кейінгіні айтты,сондай көштен кем дегенде сондай қырғыннан кем дегенде жүзі біздің басымыздан өт арғы дәуірды емес осы кеңес содағы үкімет орнағанан кейінген айтп,0.2727272727272727,0.06,22
train-00003-of-00048_000974,ал соның барлығы сөйтіп жазылатын болса,ал соның бәрліғы сөйтіп жазылатын боса,0.3333333333333333,0.07692307692307693,6
train-00003-of-00048_000975,қопарылатын болса айтылатын болса біз бірінші рет күн тарихтың ашынышты күйін білеміз,қопарылатын болса айтылатын болса біз бірінші өткідің тарихтің ашынышты күйін білеміз,0.25,0.09411764705882353,12
train-00003-of-00048_000976,екіншіден ұрпағыңа мына даланы қорға жеріңді қорға осы қызыл қаның бодаумен келді деген сабақ айта аламыз,екіншіден ұрпағыңа мына даланы қорға жеріңді қорғаосы қызылғаның бодаумен келіп деген сабақ айта аламыз,0.3125,0.047619047619047616,16
train-00003-of-00048_000977,үшіншіден келешекте дергеңде отырған жаудан сақтан деген,үшіншіден келешекте діргеңді отырған жауда сақтан деген,0.2857142857142857,0.05357142857142857,7
train-00003-of-00048_000978,біз оларға аталар аманатына сүйеді дейміз,біз оларға аталар аманатын өсү йеттейміз,0.5,0.17073170731707318,6
train-00003-of-00048_000979,сондықтан оны біз не үшін айтпауымыз керек,сондықтан оны біз неушін айтпаумыз керек,0.42857142857142855,0.07142857142857142,7
train-00003-of-00048_000980,мен,mu,1.0,1.0,1
train-00003-of-00048_000981,ойбай мына жақта орыс ағайындарға зияны тиіп қалады ма деп,ойбай мына жақта орыс ағайындарға зияны тиіп қалады ма деп,0.0,0.0,10
train-00003-of-00048_000982,анау жапония атом бомбасын жарғандығы үшін бүгінгі күндері қытай үкіметіне қытай мемлекетіне,анау жапония атом бомбысын жарғандық үшін бүгінгүні күндері қытай үкіметіне қытай мемлекетіне,0.25,0.05434782608695652,12
train-00003-of-00048_000983,төлем төлейді,ترمتر,1.0,1.0,2
train-00003-of-00048_000984,ал біздің жаңағы қырылып қалған 5 миллион қазақ жоғалып кеткен 5 миллион қазақты біз біреуден сұраудан қорқады екенбіз,ал біздің жәңаге қырылып қалған бес миллион қазақ жоғалып кеткен бес миллион қазақты біз біреуден сұраудан қорқады екенбіз,0.16666666666666666,0.07627118644067797,18
train-00003-of-00048_000985,ал менің аталарым өліп жататын болса мен оның сүйегін сұраудан қорқады екем,әменің аталарым өліп жататын болса мен оның сүйегін сұраудан қорқады екем,0.16666666666666666,0.04,12
train-00003-of-00048_000986,анау қызыл өкімет тұсында патшалық ресей тұсында жаңағы мына кеңестік зұлматтық әлашекеңдік саясат тұсында сталиндік жауыздық тұсында сондайлар болған атасының сүйегін сұраса қорқатын ал енді біз кімге жалтақтап отырмыз,мынау қызыл өкімет тұсында патшалығ ресей тұсында жаңагы мына кеңестік зұлмат галашекендігі саясат тұсында сталиндік жауыздық тұсында сондайдар болған атасының сүйегін сұраса қорқатын ал енді біз кімге жалтақтап отырмыз,0.20689655172413793,0.0593607305936073,29
train-00003-of-00048_000987,төбемізде көк байрақ желбіреп тұр,төбемізді көкбайрақ жел береп тұр,0.8,0.12121212121212122,5
train-00003-of-00048_000988,арқамызда алатау арқа көкше,арқамызды алатау арқа көкші,0.5,0.07407407407407407,4
train-00003-of-00048_000989,еділ жайық бойында ен жайлаған қазақпыз деп мақтанып ән айтқан кезде,еділ жайық бойында енжайлаған қазақпыз деп мақтанып әні айтқан кезде,0.2727272727272727,0.029411764705882353,11
train-00003-of-00048_000990,жұлдыздарымыз жер дүниеге симай,жұлдыздарымыз жер дүнеге сымай,0.5,0.06451612903225806,4
train-00003-of-00048_000991,жарқырап кетеді осы әлемнің биігіндеміз деп,жарқырап кетеді ос әлемнің биігіндеміздеп,0.5,0.046511627906976744,6
train-00003-of-00048_000992,ал қан сасыған даланың қасіретін айтудан қорқамыз,ал қан сасыған даланың қасы ретін айтудан қорқамыз,0.2857142857142857,0.04081632653061224,7
train-00003-of-00048_000993,бабамның басы қалған жерді айтудан қорқамыз,бабамның басы қалған жерді айтудан қорқамыз,0.0,0.0,6
train-00003-of-00048_000994,сол жер арқылы сол ерл арқылы осы елге сабақ беруді,сол жер арқылы сол ерл арқылы осы елге сабақ беруді,0.0,0.0,10
train-00003-of-00048_000995,неге айтпаймыз,니가 いぱい면す,1.0,0.9285714285714286,2
train-00003-of-00048_000996,бізге қантөгіске себеп болған жаңа империялардың орнында отырған жұрттан неге төлем сұрамаймыз,бізге қантөгіске себеп болған жаңа империялардың орнында отырған жұртта неге төлем сұрамаймыз,0.08333333333333333,0.010638297872340425,12
train-00003-of-00048_000997,қолдан жасалды ғой себебі,олдан жасаалды ғой себебі,0.5,0.08,4
train-00003-of-00048_000998,қазақ халқы туралы айтқан кезде мынау зерттеушілердің қазіргі түркі халықтарының айтатын сөздерінің ішінде,қазақ халықы туралы айтқан кезде мынау зерттеушілердің қазіргі түркі халықтарының айтатын сөздерінің ішінде,0.07692307692307693,0.009433962264150943,13
train-00003-of-00048_000999,түркіт шаңырағында отырған негізгі ұлттың біреуі қазақ халқы деп айтады,түркіт жаңырағында отырған негізгі ұлттың біреуі қазақ халқы деп айт,0.2,0.056338028169014086,10
train-00003-of-00048_001000,мысалы түркі халықтары деп отырғанымыз мысалы үшін жалпы түркі халықтары иә,ысалытүркі халықтары деп отырғанымыз мысал үшін жалпы түркі халықтар я,0.45454545454545453,0.08,11
train-00003-of-00048_001001,осының ішінде мына шығыс түрік қағанаты мен батыс түрік түрік қағанаты арасындағы ұлтанды үш ұлтты айтайын мен ұлтқа бөлген емес,осының ішінде мына чығыс түрк қағанатымен батыс түркқағанаты арасындағы ұлтанды үш ұлтты айтайын мен ұлтқа бөлуген емес,0.4,0.09375,20
train-00003-of-00048_001002,бірінші мына біздің шығыс түрік қағанатында тұрған монғолдар,бірінші мына біздің чығыс түркқағанатымда тұрған мұңғылдар,0.5,0.11666666666666667,8
train-00003-of-00048_001003,одан кейін осы мына батыс түрік қағанатында отырған қазақтар мен қырғыздар,онын кейін осы мына батыс түркқа ғанатымда отырған қазақтармен қырғыздар,0.45454545454545453,0.0945945945945946,11
train-00003-of-00048_001004,бұл үшеуі,شو,1.0,1.0,2
train-00003-of-00048_001005,өте жауынгер болды,өтө жаунгер болд,1.0,0.16666666666666666,3
train-00003-of-00048_001006,өте жауынгер бұл,өті жауынгербын,1.0,0.25,3
train-00003-of-00048_001007,қазақ халқы өте жауынгер болды,қазақ қалық өте жауынгер болды,0.2,0.1,5
train-00003-of-00048_001008,және ақсүйек болды,жaни aқсы yөк бoлдim,1.3333333333333333,0.5555555555555556,3
train-00003-of-00048_001009,өзін тегін жоқтайтын болдың,өзінң тегін жоқтайтын болдым,0.5,0.07407407407407407,4
train-00003-of-00048_001010,ал бұлар бірігіп кететін болса бұлар бас көтеретін болса кез келген қауіпті төндіру мүмкіншілігі бар еді,ал бұлар бірігіп кететін болса бұлар бас көтеретін болса кез келген қауіпті төндіру мүмкіншілігі бар еді,0.0,0.0,16
train-00003-of-00048_001011,өйткені бұлар аттың үстінде жүр,үлкені бұлар аттың үстінде жүрді,0.4,0.16129032258064516,5
train-00003-of-00048_001012,бұларды жаңағы репрессияда қолданған шараның біреуі сол ғой астындағы атын ал қолындағы малын ал аяғын қырық деп сөйтіп аяқ қолымызды қанатымызды қырықты ғой,бұларда жаңе репрессияда қолданған чараның біреуі сол ғой астындағы атын ал қолындағы малын ал аяғын қырық деп сүйіп аяқ қолымызды қанатымызды қырықты ғой,0.17391304347826086,0.044585987261146494,23
train-00003-of-00048_001013,а неге қырықты қорықты ақсүйектіктен қорықты тектіліктен қорықты сосын қайтты серкелерін өлтір деді қой бастайтын қой адасады деді,а неге қарықты қорықты ақсүйектіктен қорықты тектіліктен қорықты сосын қайтты серкелерін өлтір деді қой бастайтын қой адасады деді,0.05555555555555555,0.007692307692307693,18
train-00003-of-00048_001014,ұлттық идеологиясын ойындағы асылын жоғалт деді ой адасады деді,ұлттық идеологиясыны ойында қасылын жоғалп деді оя дасады деді,0.6666666666666666,0.1111111111111111,9
train-00003-of-00048_001015,сосын қайтты құлдыққа қамытына кіргіз деді аузына арақ бер,сосын қайтты құлдыққа қамытына кіргіздеді аузына арақ бер,0.2222222222222222,0.017241379310344827,9
train-00003-of-00048_001016,шәрәп бер,شeرeپتىر,1.0,1.0,2
train-00003-of-00048_001017,оңыздың өкінші қыз,on снува тsiлс,1.0,1.0,3
train-00003-of-00048_001018,мұсылманшылығынан ортақ идеологиялық бірлігінен ұлттық сенімінен ажырат деді,мұсылманшылығынан ортақ идеологиялық бірлігінен ұлттық сенімінен ажырат деді,0.0,0.0,8
train-00003-of-00048_001019,ашық айтты ғой,ش가ت,1.0,1.0,3
train-00003-of-00048_001020,бұл мына патшалық ресей тұсында да кеңес одағы тұсында да ашық жазылған ғой,бұл мына патшалық ресей тұсындады кеңес одағы тұсындады ашық жазылған ғой,0.3076923076923077,0.05333333333333334,13
train-00003-of-00048_001021,сталиннің өзінің ана қалай шәкен екеуінің жазасқан хаттарында да бар ғой,сталинның өзінің ана галашакин екеуінің жазысқан хаттарында да бар ғой,0.36363636363636365,0.09722222222222222,11
train-00003-of-00048_001022,сарпәлілерден солай ғана құтылу керек оларды құртып құтылу керек деген анық сөз бар ғой қазақтарды тұспалдап айтатын,сарыпәлілерден солай ғана құтылу керек оларды құртып құтылу керек деген анық сөз бар ғой қазақтарды түспалдап айтатын,0.11764705882352941,0.017241379310344827,17
train-00003-of-00048_001023,мына абылай көрген түс деген бір аңыз бен ақиқат арасындағы нәрсе бар,мына абылай көрген түстеген бір аңызбен ақиқат арасындағы нәрсе бар,0.3333333333333333,0.043478260869565216,12
train-00003-of-00048_001024,басында жолбарыс көрініп түсіне онан кейін көкжал көрініп,басында жол барысп көрініп түсіне онан кейін көкжал көрініп,0.25,0.03508771929824561,8
train-00003-of-00048_001025,онан кейін жаңағы түлкі көрініп оның кейін аяқ жағы бақа құрт құмырсқа чаян болып кетті деген кезде абылайдың түсін жорыпты дейтін ұлдарың көкжал болады екен қасқыр болады екен кейін бірақ ұрпағың жаңа бақан шаян құрт құмырсқа сияқты жыбырлақ болып кетеді екен дейтін 1 аңызға жуық нәрсе бар,онан көйін жаңаге түлкі көрініп онан көйін аяқжағы бақа құрт құмырсқа чән болып кетті деген кезде абылайдын түсін жорыпты дейтін ұлдарың көкжал болады екен қасқыр болады екен кейін бірақ ұрпағың жаңа бақан шаян құрт құмырсқа сияқ жыбырлақ болып кетеді екен дейтін біраңызға жуық нерсе бар,0.2553191489361702,0.054982817869415807,47
train-00003-of-00048_001026,лаңызди,ونزد,1.0,1.0,1
train-00003-of-00048_001027,аздығы,زدي,1.0,1.0,1
train-00003-of-00048_001028,бірақ осының біздің өмірімізбен қабысатын тұстарына кішкене ғана тоқтала кетейін мысал үшін,бірақ осының біздің өмірімізбен қабысатын тұстарына кішкене ғана тоқтала кетейін мысал үшін,0.0,0.0,12
train-00003-of-00048_001029,абылайдың немересі кенесар,абылайдың немересі кенесар,0.0,0.0,3
train-00003-of-00048_001030,жоқ жоқ,嗯嗯,1.0,1.0,2
train-00003-of-00048_001031,1839 жылы патшалық ресейге жазған кенесарының хатында,бір мың сегіз жүз отыз тоғызыншы жылы патшалық ресейге жазған кенесарының қатында,1.0,0.6226415094339622,7
train-00003-of-00048_001032,менің атам абылайменен тең мемлекет дәрежелі дипломатиялық қарым қатынас жасаған тең терезелі ұлт едік қой,менің атам абылай менен тең мемлекет дәрежелі дипломатиялық қарым қатынас жасаған тең терезелі ұлт едік қой,0.13333333333333333,0.009433962264150943,15
train-00003-of-00048_001033,шекаралық аймағымыздың белгілері анық белгіленген еді ғой қалайша сіздер келіп қазақ жеріне арт артынан бекініс салып жатсыздар тезірек мына бекіністеріңізді алып кетіңіздер немесе еларалық қарым қатынасын сақтаңыздар деді,шекаралық аймағымыздың белгілері анық белгіленген еді ғой қалайша сіздер келіп қазақ жеріне артартынан бекініс салып жасар тезірек мына бекіністеріңізді алып кетіңіздер немесе ел аралық қарымқатынасын сақтаңыздар деді,0.21428571428571427,0.03153153153153153,28
train-00003-of-00048_001034,бүгінгі сөзбен айтсақ дипломатиялық қарым қатынас тұрғысында,бүгінгі сөз бенесек дипломатиялық қарым қатынас тұрғысында,0.2857142857142857,0.11666666666666667,7
train-00003-of-00048_001035,ең әділетті демократияның сөзін айтты,ең әділетті демократияның сөзін а,0.2,0.10810810810810811,5
train-00003-of-00048_001036,ал орыс билігі оны тыңдады ма тыңдаған жоқ сөйтіп қайтты,ал орыс белгоны тыңдады ма тыңдаған жоқ сөйтіп қайтты,0.2,0.07142857142857142,10
train-00003-of-00048_001037,ол орыстың зеңбірегіне қарсы шапты,ол орыстың зеңбірегіне қарсы шапты,0.0,0.0,5
train-00003-of-00048_001038,1900,бір мың тоғыз жүз,4.0,4.25,1
train-00003-of-00048_001039,бір 1837 1838 1839 жылдар 1841 жылдар ақмола бекінісін шапты,бір мың сегіз жүз отыз жеті отыз сегіз отыз тоғызыншы жылдар бір мың сегіз жүз қырық бірінші жылдар ақмола бекінісін шапты,1.5,1.3,10
train-00003-of-00048_001040,сонымен қайтты ойда орыс,сонымен қайтты ойда орыс,0.0,0.0,4
train-00003-of-00048_001041,жаңағы кенесарыға қарсы тұрғанда ел ішіндегі ағайындар,жаңағы кенесарға қарсы тұрғанда ел ішіндегі ағайындар,0.14285714285714285,0.018518518518518517,7
train-00003-of-00048_001042,өзінің туғандары немесе біздің бүгінгі мақтап жүрген талай тарихи тұлғаларымыз кенесарыға қарсы шапты,өзінің туғандары немесе біздің бүгінгі мақтап жүрген талай тарихи толғаларымыз кенестарға қаршы шапты,0.23076923076923078,0.039603960396039604,13
train-00003-of-00048_001043,сөйтіп жаңағы өрісі отқа оранды,сөйтіп жаңа өрісі отқаранды,0.6,0.12903225806451613,5
train-00003-of-00048_001044,ол ойлады мына жақтан қоқан хиуа хандықтарын былайша айтсақ бүгінгі сөзбен айтсақ өзбек ағайындары да,ол ойлады мына жақтан қоқан қиуа қандықтарым былай шесақ бүгінгі сөзбенесек өзбек ағайындарды,0.5333333333333333,0.16831683168316833,15
train-00003-of-00048_001045,мына жақтан қырғыз ағайындарды мына жақта шығыс түркістан жеріндегі ұйғыр ағайындарды қосып алып өзімнің алып түркілік дәрежемді қалпына келтірмеймін бе деп армандады бір кезде тәуекел бабам оның арғы жағында тәуке ханның тұсында осындай бір біріктіру идеясы болып сол бір мезет іске асып еді ғой сонымен қалпына келтіріп мына орта жауға,мына жақтан қырғыз ағайындарды мына жақта шығыс түркістан жеріндегі ұйғыр ағайындарды қосып алып өзімнің алып түркілік дәрежемі қалпына келтірмейнба еді бармандады бір кезде тәуекел бабам оның ара жағында тәукеқанның тұсында осындай бір біріктіру идеясы болып сол бір мезе тіскасіп еді ғой сонымен қалпына келтіріп мына орта жауға қарысы тұрмайн ба деді,0.3,0.12166172106824925,50
train-00003-of-00048_001046,бірақ орыстық империя қайтты,бірақ орыстық империя қайтты,0.0,0.0,4
train-00003-of-00048_001047,жаңағы қоқан хандығына қибақ хандығында отырған сол кездегі байларға манаптарға ел биліктегілерге түгел сәлем айтты да қазақ жеріндегілерге болыстарға сендер кенесарыға қосылмаңдар кенесарыға қосылғандар құриды,жаңағы қоқанқандығына қиуақандығына отырған сол кездегі байларға манаптарға ел биліктегілерге түгел сәлем айтты да қазақ жеріндегілергі болыстарға сендер кенесарға қосылмаңдар кенесарға қосылғандар құрийды,0.32,0.047619047619047616,25
train-00003-of-00048_001048,оны құртқандарға сыйлық береміз деді сөйтіп кенесарының өрісі өртке оранды да,оны құртқандарға силық береміз деді сөйтіп кенесарының өрісі өртке оранды да,0.09090909090909091,0.025974025974025976,11
train-00003-of-00048_001049,бір мың сегіз жүз қырық жетінші жылы жаңағы қырғыз ағайындардың қолынан қаза тапты бірақ қырғыз ағайындардың қолынан қаза тапты деп айтқанымызбенен арғы жағында оны дайындап қойған орыстық империяның жаңағы жауыздық қитұрқ саясатын біз әлі айта алмай келе жатырмыз екінің бірінде болса қырғыз ағайындарға,бір мың сегіз жүз қырық жетінші жылы жәңаге қырғыз ағайындарыдың қолынан қаза тапты бірақ қырғыз ағайындарының қолынан қаза тапты деп айтқанымыз бенен ар жағында оны дайындап қойған орыстық империяның жәңаге жауыздық қитұрқы саясатын біз әлі айт алмай келе жатырмыз екінің бірінде боса қырғыз ағайындарға қанымыз қызып шыға келеді,0.32558139534883723,0.13486842105263158,43
train-00003-of-00048_001050,бұл жерде біз неге соны қалыптастырдық деген империя бізді солай мәжбүрледі,бөз жерде біз неге соны қалыптастырдық деген империя бізді солай мәжбүрледі,0.09090909090909091,0.02666666666666667,11
train-00003-of-00048_001051,ал айтайын дегенім не,ал айтайын дегенімне,0.5,0.047619047619047616,4
train-00003-of-00048_001052,біз осылай құлдық санаға дайындалдық,биз осىлай қулдук санаға дайындалдық,0.6,0.1388888888888889,5
train-00003-of-00048_001053,бағанағы абылайдың тұқымдары болған біздер осылай құлдық санаға дайындалдық ал қытай,бағанағ абылайдың тұқымдары болған біздер осылай құлдық санаға дайындалдық ал қытай,0.09090909090909091,0.011904761904761904,11
train-00003-of-00048_001054,жөнінен алып айтқанда,жөнүнөн алып айтканда,0.6666666666666666,0.14285714285714285,3
train-00003-of-00048_001055,қытайлық билікке алтай жеріне басып кіргенге сол 100 жылдан кейін,қытайлық билікке алтай жеріне басып кіргенге сол жүз жылдан кейін,0.1,0.046153846153846156,10
train-00003-of-00048_001056,туған оспан батыр соған қарсы шықты,туған оспан батыр соған қаршықты,0.3333333333333333,0.08571428571428572,6
train-00003-of-00048_001057,қытайдың зеңберектерін қызыл өкіметін көріп тұрып соған қарсы шықты қытай қара қытай болсын қызыл қытай болсын,қытайдың зеңберектерін қызыл өкіметін көріп тұрып соған қаршы шықды қытай қара қытай болсын қызыл қытай босын,0.1875,0.02727272727272727,16
train-00003-of-00048_001058,кім болса болсын кім менің еліме жеріме діліме дініме тіліме тисе сол менің жауым деп күресті,кім боса бысын кім менің еліме жеріме діліме дініме тіліме тисі сол менің жауым деп күресті,0.1875,0.043010752688172046,16
train-00003-of-00048_001059,ал сол кенасары менен оспанменен кім күресті бірінші жауы күресті екінші қазағы күресті,ал сол кенасары менен оспан менен кім күресті бірінші жауы күресті екінші қазағы күресті,0.15384615384615385,0.011494252873563218,13
train-00003-of-00048_001060,соның көзін құртуға ниеттенді,соның көзін құртуға ниеттенді,0.0,0.0,4
train-00003-of-00048_001061,ал сол құлдық үйге әліге дейін бізде жүріп жатыр,ал сол құлдық идея әліге дейін бізде жүріп жатыр,0.1111111111111111,0.08333333333333333,9
train-00003-of-00048_001062,жаңағы абылай туралы айттық қой абылай 1000,жәңе абылай туралы айтты қой абылай бірмың,0.42857142857142855,0.2558139534883721,7
train-00003-of-00048_001063,осы екі мың он бірінші жылы абылайдың үш жүз жылдығы өту керек еді он бірінші жылы өтпей қалды да екі мың он үшінші жылы көкшетау қаласында абылайдың үш жылды жылдық тойы көкшетау мәдениет сарайында өтті соның ішінде болдым мен сонда филология ғылымдарының докторы профессор академик тұрсынбек кәкішев дейтін мүйізі қарағайдай ағамыз сақанаға ш,осы екі мың он бірыншы жыл абылайдың үшжз жылдығы өтуі керек еді он бірыншы жыл өтпей қалды да екі мың он үшіншы жыл көкшетау қаласында абылайдың үш жылды жылдық тойы көкшатау мәдениеті сарайында өтті соның ішінде болдым мен сонда филология ғалымдарының докторы профессор академик тұрсінбек кәкішік тейтін мүйізі қарақайдай ағамыз сақынаға шығып бетіп айтты,0.37735849056603776,0.10465116279069768,53
train-00003-of-00048_001064,мынау абылай деген 300 дің басын қосқан үлкен біздің ханымыз ғой,мынау абылай деген үс жүздің басын қосқан үлкен біздің қанымыз ғой,0.2727272727272727,0.109375,11
train-00003-of-00048_001065,елдігіміздің еңсесін көтерген батырымыз ғой,елдігіміздің еңстесін көтерген батырымыз ғой,0.2,0.023255813953488372,5
train-00003-of-00048_001066,соның 300 жылдық тойын,соның үш жүз жылдық тойын,0.5,0.2727272727272727,4
train-00003-of-00048_001067,астана қаласының төрін де тойламай,астана қаласының төрінде тойламай,0.4,0.029411764705882353,5
train-00003-of-00048_001068,астана күнін астана қаласын төрінде дүркіретіп тойлағанда сондайсыңдар астананың,астана күнін астана қаласын төрінде дүркіретіп тойлағанда сондайсыңдар астананың,0.0,0.0,9
train-00003-of-00048_001069,туған күні деп,туғанкүн деп,0.6666666666666666,0.14285714285714285,3
train-00003-of-00048_001070,ал абылайдың тойын астанада өткізуге жарамай неге міне көкшетаудың бір бүйірінде,ал абылайдың тойын астанада өткізуге жарамай неген міне көкшетоудың бір бүйірінде,0.18181818181818182,0.025,11
train-00003-of-00048_001071,бір қуысқа,بiر قوسقا,1.0,0.9,2
train-00003-of-00048_001072,мәдени сарайына тығылып отырсыңдар деді,medeni sarayına tığalıp otsundar deydi,1.0,0.9230769230769231,5
train-00003-of-00048_001073,залдағы халық шапалақты дүркіретіп соқты,залдағы халық шапалақты дүркүретіп соқ,0.4,0.075,5
train-00003-of-00048_001074,жетпіс,是,1.0,1.0,1
train-00003-of-00048_001075,5 минут шапалақ дүркіреп соғылып тұр халықтың жүрегіндегі сөзді айт шын сөзді айт,бес минут шапалақ дүркүреп соғылып тұрды халықтың жүрегіндегі сөзіді айт шын сөзід айт,0.38461538461538464,0.1111111111111111,13
train-00003-of-00048_001076,сөйткен абылай рухы кенесары рухы оспан рухы бүгін қандай,сөйткен абылай руқы кенесары ұруқы оспан руқы бүгін қандай,0.3333333333333333,0.07017543859649122,9
train-00003-of-00048_001077,бүгін біз абылайды тағы да жоғары дәрежелі көтеріп жүрміз бе кенесарын жоғары дәрежелі көтеріп жатырмыз ба,бүгін біз абылайды тағы да жоғары дәрежеде көтеріп жүрміз бе кеңестардын жоғары дәреже көтеріп жатырмыз ба,0.1875,0.0660377358490566,16
train-00003-of-00048_001078,олардың ұлттық идеясын пайдаланып жатырмыз ба ұрпаққа сабақ қылып жатырмыз ба,олардың ұлттық идеясын пайдаланып жатырмыз быр ұтпаққа сабаққып жатырмыз ба,0.36363636363636365,0.07792207792207792,11
train-00003-of-00048_001079,осында бірнеше жылдың алдында осы оннеше жылдың алдында менің қаралы көш оспан батыр деген кітаптарым шыққан кезде халықарадан бір кинокомпаниясы келді осында,осында бірнеше жылдың алдында осы он неше жылдың алдында менің қаралукүш жоспан батырдеген кітаптарым шыққан кезде халықарадам бір кино компаниясы келді осында,0.45454545454545453,0.05063291139240506,22
train-00003-of-00048_001080,сонымен осы қазақстандық бір бөлім ғалымдар қытайдан келген бір бөлім ғалымдар жиналып осы қаралы көш туралы ма,сонымен осы қазақстандық бір бөлім ғалымдар қытайдан келген бір бөлім ғалымдар жиналып осы қаралы көш туралы ма,0.0,0.0,17
train-00003-of-00048_001081,оспан батыр туралы ма кино фильм түсірсек деді,остпан батыр туралы ма кинофильм түсірсек деді,0.375,0.043478260869565216,8
train-00003-of-00048_001082,сонан күні қазірде міне тарих ғылымдарының докторы,сонан күні қазірде міне тарих қылымдарының докторы,0.14285714285714285,0.02,7
train-00003-of-00048_001083,бірнеше жаңағы ғалым ағамыз сол жерде тұрып айтты біз мына қаралы көш туралы түсірсек оспан батыр кино түсі туралы түсіп қытаймен екі арадағы біздің жаңағы дипломатиялық қарым қатынасымызға зиян тиюі мүмкін,бірнеше жаңагі ғалым ағамыз сол жерде тұрып айтты біз мына қаралы көш туралы түсірсек оспан батыр кино туралса қытай мен экарадағы біздің жаңагі дипломатиялық қарымқатымсысымызға зиян тиюі мүмкін,0.3225806451612903,0.11165048543689321,31
train-00003-of-00048_001084,абайлануымыз керек дейді,абайлануымыз керек дейд,0.3333333333333333,0.041666666666666664,3
train-00003-of-00048_001085,ғалымдарымыздың сиқы осы,ғалымдарымыздың сийқосы,0.6666666666666666,0.125,3
train-00003-of-00048_001086,ғалымдар бейшара,аلыمدار бишаرا,1.0,0.625,2
train-00003-of-00048_001087,зиялы қауым жаңағы бұқпашыл,зиралғауым жаңагі бұқпашыл,0.75,0.25925925925925924,4
train-00003-of-00048_001088,құлдықшыл,خلدقشل,1.0,1.0,1
train-00003-of-00048_001089,ал олай болатын болса,al olay bulatım bosa,1.0,0.8571428571428571,4
train-00003-of-00048_001090,біз абылайдан бастаған кенесарыдан бастаған оспан батыр бастаған ұлттық рухты,біз абылайдан бастаған кенесардан бастаған оспан батыр бастаған ұлттық рухты,0.1,0.012987012987012988,10
train-00003-of-00048_001091,оята алмағандығымыз себепті күні бүгінге дейін ғалымымыз болып залымымыз болып сол тақырыпқа бара алмағанымыз сияқты біз қазір бұқпантайлап,оята алнбағандығымыз себепті күн бүгінге дейін ғалымымыз болып залымымыз болып сол тақырыпқа бара алмағанымыз сияқты біз қазір бұқпантайлап,0.1111111111111111,0.02158273381294964,18
train-00003-of-00048_001092,айта алмайтын күйге түстік,айта алмайтын күйгө түстік,0.25,0.038461538461538464,4
train-00003-of-00048_001093,мейлі биліктен мейлі тарихшыдан,мейлі биліктен мейлі тарихшыдан,0.0,0.0,4
train-00003-of-00048_001094,ал олай болатын болса,al olay bolatım bosa,1.0,0.8571428571428571,4
train-00003-of-00048_001095,адам бостандық,адам бостандық,0.0,0.0,2
train-00003-of-00048_001096,аңсау үшін бодандық беру керек,таңсау үшін бодандық беру керек,0.2,0.03333333333333333,5
train-00003-of-00048_001097,ал бостандық деген не,ал бостандық дегенне,0.5,0.047619047619047616,4
train-00003-of-00048_001098,өзіңнің керуетей еркіндігің,өзіңнің керете еркіндігің,0.3333333333333333,0.07407407407407407,3
train-00003-of-00048_001099,ал осыларды қорғау жолында сенің әрбір көтерген бостандық туың азаттық алауың бодаусыз болмайды,ал осыларды қорғау жолында сенің әрбір көтерген бостандық туың азаттық алауың бодаусыз болмайды,0.0,0.0,13
train-00003-of-00048_001100,бодаулық деген не,бодаулық дегенне,0.6666666666666666,0.058823529411764705,3
train-00003-of-00048_001101,сен басыңнан бір қанды қасірет өтуі мүмкін халқының басына бір қиындық тууы мүмкін,сен басыңнан бір қанды қасірет өтуі мүмкін халқының басына бір қиындықтуы мүмкін,0.15384615384615385,0.024390243902439025,13
train-00003-of-00048_001102,немесе көрші елмен зат түсуі де мүмкін араңа,немесе көршелімен сат түсуде мүмкін араңа,0.625,0.13636363636363635,8
train-00003-of-00048_001103,бірақ ең негізгі не нәрсе сақталды ел сақталды жер сақталды діл сақталды дін сақталды ұрпаққа ең асыл қасиет аманаттап қалады,бірақ ең негізгіне нерсе сақталды ел сақталды жер сақталды діл сақталды дін сақталды ұрпаққа ең асыл қасиет аманаттап қалады,0.15,0.016,20
train-00003-of-00048_001104,ал ондай болатын болса қазақ халқы қазір де,ал ондай болатын болса қазақ халықы қазір де,0.125,0.023255813953488372,8
train-00003-of-00048_001105,бодау беруден,бодау беруден,0.0,0.0,2
train-00003-of-00048_001106,ойбай ана жерді украина соғысып жатыр мына жақтан қытай жүгіріп келсе орыс бізді құтқарады ау орыс жүгіріп келсе қытай бізді құтқарады ау дейтін сандырақты айтып жатқан ғалымдар мен саясаткерлер бар,ойбаяна жерді укер айына соғысып жатыр мына жақтан қытай жүгірік песе орыс бізді құтқарады орыс жүгіріп песе қытай бізді құтқарадау дейтін сандырақты айтып жатқан ғалымдар мен саясаткерлер бар,0.3333333333333333,0.08585858585858586,30
train-00003-of-00048_001107,ал біздің дипломатия дегеніміз осы деп жатқан нәрселер бар қорқатын нәрсе бар қорықпайтын нәрсе бар,а біздің дипломатия дегеніміз осы деп жатқан нәрселер бар қорықатын нәрсе бар қорықпайтын нәрсе бар,0.13333333333333333,0.020202020202020204,15
train-00003-of-00048_001108,ғылыми түрде дәлелденетін нәрсе бар,ғылми түрді дәлелденетін нәрсе бар,0.4,0.05714285714285714,5
train-00003-of-00048_001109,жаңа бекмаханов,жәңа бекмақанып,1.0,0.26666666666666666,2
train-00003-of-00048_001110,кенесары туралы кенесарының тұқымы кітап жазды,кенесары туралы кенесарының тұқымы кітап жазды,0.0,0.0,6
train-00003-of-00048_001111,25 жылға сотталды,жиырма бес жылға сотталды,0.6666666666666666,0.5882352941176471,3
train-00003-of-00048_001112,кейін азаттық алып шықты,кейін азаттық алып шықты,0.0,0.0,4
train-00003-of-00048_001113,сонда не ол білмей отыр ма бабасының рухын немесе өзіне сондай қысым болатын кеңес одағының қылышынан қанттап тұрған кезде білді,сонда не ол білмей отыр ма бабасының рухын немесе өзіне сондай қысым болатындығын кеңесі одағының қылышынан қанттап тұрыңыз білді,0.2,0.109375,20
train-00003-of-00048_001114,құрбандықтан қорыққан жоқ алаш зиялылар білмеді ме,құрбандықтан қорыққан жоқ алаш сияллар білмеді ме,0.14285714285714285,0.04,7
train-00003-of-00048_001115,немесе жаңағы гималай асқан қазақтардың тірі қалғандарынан сұрадым сендер немене сандалып гималай асып кетті дейді кейбіреулер ана қытайға құлдық ойбай ләппай тақсыр деп бастарыңды десеңдер тірі қалмайсыз дедіңдер,немесе жаңа ана күймалай асқан қазақтардың тірі қалғандарнан сұрадым сендер неменеке сандалып күймалай асып кетті дейт кебіреулер ана қытайға құлды қойбай лаппай тақсыр деп бастарың дийсеңдер тірі қалмай іспедіңдер,0.5357142857142857,0.13145539906103287,28
train-00003-of-00048_001116,десем сен не деп тұрсың басыңды кесіп алайын ба деген шалдар болды,десем сен не деп тұрсың басыңдікесыбалайынба деген шалдар болды,0.3333333333333333,0.09090909090909091,12
train-00003-of-00048_001117,неге сонда мен ұрпағымның алдында о дүниеде бабамның алдында не деп барамын,неге сонда мен ұрпағымның алдында о дүниеде бабамның алдында не деп барамн,0.08333333333333333,0.013333333333333334,12
train-00003-of-00048_001118,мен жолға басым тиді,mindrao gnabasy mididy,1.0,1.05,4
train-00003-of-00048_001119,барапақ,poremplo,1.0,1.1428571428571428,1
train-00003-of-00048_001120,бабамның басын жапқан жолға мен басымды идім деп барамын ба,бабамның басынд жапқан жолғамен басым дейдімін деп барам ба,0.6,0.1694915254237288,10
train-00003-of-00048_001121,ал балама не бетіммен қараймын,ал баламан ебетімен қараймын,0.6,0.13333333333333333,5
train-00003-of-00048_001122,а менің басыма да бағана сөз айттым иә жеке менің басыма да әр күні қуғын сүргін болып жатады менің жәди шәкенұлы иә,ә менің басыма да бағана сөз айттыме жеке менің басымада әр күні қуғын сүргін болып жатады менің жәдишәкен ол,0.36363636363636365,0.09482758620689655,22
train-00003-of-00048_001123,өткен бір сұхбатында да айтқан сонда да қайталай не сондай бір қуғын сүргіннің,өткен бір сұқпатында да айтқан сонда да қайталайын е сондай бір қуғын сүргіннің,0.23076923076923078,0.05128205128205128,13
train-00003-of-00048_001124,жаланың кезінде түркиядан бір азаматтар келіп маған сенің түркия еліні алып кетейік кітабың сол елді аударылды ғой басылды ғой түркия президентінен теңіз жағалауынан ұялып берейік заялы жерде тыныш жатыңыз,жаланың кезінде түркиядан бір азаматтар келіп маған сені түркия ліні алып кетейік кітабың сол елді аударылды ғой басылды ғой түркия президентінен теңіз жағалауына үялып берейік саялы жерде тыныш жатыңыз,0.1724137931034483,0.024390243902439025,29
train-00003-of-00048_001125,мына оянбаған халықпенен мына құлдық санадағы халықпенен алысқанша сіз сияқты қазаққа керек түркіке керек қаламгерді біз теңіз жағасында асырайық бағайық қағайық деді,мына оянбаған халық пенен мына құлдық санадаы халық пенен алысқанша сіз сияқты қазаққа керек түркке керек қаламгерді біз теңіз жағасын дыасырайық бағайық қағайық деді,0.36363636363636365,0.04216867469879518,22
train-00003-of-00048_001126,сонымен ішім қанжылады неге сөзімнің басында айтты менің аталарым он алтыншы жылы он тоғыз жиырманыншы жылы жиырма бес жиырма тоғыз жиырма сегіз отыз отыз бірінші жылдары арғы бетке қашып өтті,сона мен ішім қан жылады неге сөзімнің басында айтты менің аталарым он алтыншы жылы он тоғыз жиырманшы жылы жиырма бес жиырма тоғыз жиырма сегіз отыз отыз бірінші жылдар арық бетке қашып өтті,0.23333333333333334,0.041666666666666664,30
train-00003-of-00048_001127,аңсап аңсап,انصابنصب,1.0,1.0,2
train-00003-of-00048_001128,жанарымнан жас саулап,жанарымнан жас саулап,0.0,0.0,3
train-00003-of-00048_001129,көкірегімнен нұр саулап,көкірегімнен нұрсаулап,0.6666666666666666,0.043478260869565216,3
train-00003-of-00048_001130,осы елге азаттық деп жеткеннен кейін,осы елге азаттық деп жеткеннен кейін,0.0,0.0,6
train-00003-of-00048_001131,ойбай енесі тепкен құлының еті ауырады ма деп,ойбай енесі теппен құлының еті ауырады ма деп,0.125,0.022222222222222223,8
train-00003-of-00048_001132,осы ел,osы еl,1.0,0.5,2
train-00003-of-00048_001133,енемдей болып мені теуіп жіберсе мен енді еуропаға ұрпағымды апарып шашып жүрсем не боламын деп,енемдей болып мені теуіп жіберсе мен енді еуропаға ұрпағымды апарып шашып жерсем не боламын деп,0.06666666666666667,0.010526315789473684,15
train-00003-of-00048_001134,мұндай елге керекті жерге керекті ұрпаққа керекті ашынышты сабақты айту керек,мұндай елге керекті жерге керекті ұрпаққа керекті ашынышты сабақты айту керек,0.0,0.0,11
train-00003-of-00048_001135,ал айта алмасаң несіне сен,ал айт алмасаң несіне сен,0.2,0.038461538461538464,5
train-00003-of-00048_001136,қазақсың,қазақсың,0.0,0.0,1
train-00003-of-00048_001137,мысалы шығыс қазақстан жерінде міне қаршыға болысы жерінде найман саржомарт,мысалы қазақстан жерінде міне қаршыға болысы жерінде найман саржомарт,0.1,0.08,10
train-00003-of-00048_001138,жайсаңбай болыс дегеннің ұлы ахметқали деген кісі бір мың тоғыз жүз жиырмасыншы жылы семейде педагогикалық училищеде оқыған,жайсаңбай болс дегеннің ұлы ақметқали деген кісі бір мың тоғыз жүз жиырманшы жылы семейді педогикалы өшелішедоққан,0.4117647058823529,0.13821138211382114,17
train-00003-of-00048_001139,бір мың тоғыз жүз жиырма тоғызыншы жылы жаңағы мына өскемен түбінде крепост деген түрмеден қашып шығып арғы бетке өтіп алтайға барып қалипа алтайға ұстаз болып кейін бір мың тоғыз жүз қырық үшінші жылы елтісқан батыр көш бастаған отыз бес жасында қайтыс болған сонымен бірге жерленді күні бүгінгідей пәкістан аймағының дир,бір мың тоғыз жүз жиырма тоғызыншы жылы жаңагы мына өскементуінде крепост деген түрмеден қашып шығып арғыбетке өтіп алтайға барып қалип алтайға ұстаз болып кейін бір мың тоғыз жүз қырық үшінші жылы елсықан батыр көшбастаған отыз бес жасында қайтыс болғон сонымен бірге жерленді күн бүгнгіней пакістан аймағының дир деген жерінде жатыр мысал осы кісінің бір өмірінен алып айтатын болсақ та жаңагы отбасы балашағасы үш төрт елге шашылып қалды үс кеңес одағында,0.72,0.4937888198757764,50
train-00003-of-00048_001140,қытайда,قطيدا,1.0,1.0,1
train-00003-of-00048_001141,түркия еуропада деген сияқты мысалы бір отбасы оның балаларына немерелеріне жаңа көзі түрі буындарына мен түгел кезіктім әңгімелестім,түркия еуропада деген сияқты мысалы бір отбасы оның балаларына немерелеріне жаңа көзістіру буындарына мен түгелкездіктім әңгімелестім,0.2222222222222222,0.03759398496240601,18
train-00003-of-00048_001142,тағы да бір көштен тірі қалған кісінің сөзін айтатын болсам біз гималай жонынан шыққаннан кейін ыс түтек аштық жаңағы суықтан қырылып жатқан кезде бірінші адам өлген кезде апарып оны жерлеуге тырысатынбыз дейді көміп көзін қарға шұқымасын деп,тағы да бір көштен тірі қалған кісінің сөзін айтатын болсам біз гемалай жонына шыққаннан кейін ыс түтек аштық жаңагы суықтан қырылып жатқан кезде бірінші адам өлген кезде апарып оны жерлеуге тырысатынбыз дейді көміп көзін қарға шұқымасын деп,0.08108108108108109,0.012396694214876033,37
train-00003-of-00048_001143,екінші оған күйіміз келмеген кезде үстіне жаңағы үйдегі туырлық муырлық киіз мүйіз бірдеңені апарып бастыратын болдық дейді,екінші оған күйіміз келмеген кезде үстіне жаңак үйдегі туырлық нуырлық киіз миіз бірдеңен апарып бастыратын болдық дейд,0.29411764705882354,0.056910569105691054,17
train-00003-of-00048_001144,төртінші күйіміз келмеген кезде жаңағы үстіміздегі бір лыпаның артығы болса артығы болса әгінің бас бөліміне жаба салатын болдық дейді,төртінші күйіміз келмеген кезде жаңа үстіміздегі бір лыпаның артығы болса артығы болса әгінің бас бөліміне жаба салатын болды,0.15789473684210525,0.06716417910447761,19
train-00003-of-00048_001145,ең соңында жаңағы гималай жонынан асып бара жатқан кезде сөйтіп әкеміз өліп жатқанда шешеміз өліп жатқанда туған қарындас бауырымыз өліп жатқанда,ең соңында жаңаге гемалай жонынан асып бара жатқан кезде сүйтіп әкемізд өліп жатқанда шешемізд өліп жатқанда туған қарындасып бауырымызды өліп жатқанда,0.3333333333333333,0.06896551724137931,21
train-00003-of-00048_001146,көзіңнің қырымен ғана қош айтады екенсің дейді былай көзіңнің қырымен ғана,көзіңнің қыр менгене қоша айтады екесің дейді блай көзіңнің қыр менгене,0.6363636363636364,0.17567567567567569,11
train-00003-of-00048_001147,егер сен отырып қалсаң егер сен аялдап қалсаң сен орныңнан тұра алмай қаласың соның қасында өлік болып қаласың,егер сен отырып қалсаң егер сен аялдап қасаң сен орныңнан тұра алмай қаласың соның қасында өлік боп қаласың,0.1111111111111111,0.02727272727272727,18
train-00003-of-00048_001148,сондықтан біз оны жерлеу жылау,сондықтан біз оны жерлеу жылау,0.0,0.0,5
train-00003-of-00048_001149,ысықтау қайғыру деген ол төртінші бесінші мәселе болып қалады екен сонда көзіңнің қырымен ғана қарай алсаң соның өзіне тәуба,шықтау қайғыру деген ол төртінші бесінші мәселе боп қалады екен сонда көзіңнің қырмеңгені қарай алсаң соның өзіне тәуба,0.21052631578947367,0.08064516129032258,19
train-00003-of-00048_001150,қай жерде өлгендігін көрдің білдің сөйтіп көзіңнің ишарамен ғана қош айтады екенсің деп сол көштің ішінде болған кісілер соны айтты екінші жаңағы мынау істеген кезде әжелеріміз айтады енді айтуға ұят ұят болса да айтайық жаңағы аталарымыз апаларымыз ұрысады дейді жас балалар далаға кіші дәрет отырып қоймасын сиып қоймас,қай жерде өлгендігін көрдің білдің сөйтіп көжіңнің ишарамен гене қошайтады екесің деп сол көштің ішінде болған кісілер соны айтты екінші жаңаы мынау істейген кезде әжелеріміз айтады енді айтуға ұят ұят болсады айтайық жаңағы аталарымыз апаларымыз ұрсат тейт жас балалар далаға кіші дәретке отырып қоймасын сиіп қоймасын,0.2916666666666667,0.06542056074766354,48
train-00003-of-00048_001151,дейді неге деп сүйсек жаңағы мынандай тостағанға жас балаларының дәретін өткізады да жаңағы істеген кісіге соны ішкізеді соны ішіп тірі қалдық дейді,е неге деп сүйсек жаңагі мынандай тостағанға жаспалардың дәретін отқызат та жаңагі істеген кісіге соны ішкізеді соны іп тірқалдық дейд,0.5,0.16891891891891891,22
train-00003-of-00048_001152,қойдың қанын ішіп жылқының қанын ішіп тірі қалдық дейді,қойдың қанын ішіп жылқының қанын ішіп тыр қалдық дейд,0.2222222222222222,0.05454545454545454,9
train-00003-of-00048_001153,аааа,嗯,1.0,1.0,1
train-00003-of-00048_001154,малдың есебі түгіл адамның есебін ішіп тірі қалдық дейді,малдың несебі түгіл адамның несебін ішіптірі қалдық дейді,0.4444444444444444,0.05357142857142857,9
train-00003-of-00048_001155,сөйтіп жаңағы далада жатқан көн тулақты кеміріп сүйекті кеміріп тірі қалдық деген кісілердің оны өте көп естідік біз өте көп естідік,сөйтіп жаңаге далада жатқан көн тулақты еміріп сүйекті кеміріп тырқалдық деген кісілердің оны өте көп естедік біз өте көп естедік,0.2857142857142857,0.06060606060606061,21
train-00003-of-00048_001156,тамақ деген ол әдеттегі нәрсе,тамақ деген ол әдеттегі нәрсе,0.0,0.0,5
train-00003-of-00048_001157,иә сондай сондай сол қырғынды көзімен көрген кісілерді көрдік соның шет жағасын өз ауыздарынан естідік оны аңыз түрінде емес кітап түрінде емес ақиқаттың сол басынан кешкендері күні бүгінге дейін злиха деген апат жүз бес жаста осы ол алты айдан ауған елдің ішінде болған бес жасымды аудым дейді ақыт қажы деген кісі біздің үйге кеп бір апта жатып намаз868 жылдан 1943 жылға дейін өмір сүрген мына абайдан бұрын қазан упа орынбор,сондай сондай сол қырынды көзімен көрген кісілерді көрді соны етасыөз ауыздарынан саңы түнд мес ктап түе аиаыобасынн кешкендекүезлиадеген апа жз бе жастаалт айдан ауан елді ішінде болан бес жасым даудымдейт ақажеенкісбзүйгеепіаптажатып намаз оқыды ақытқаж жүлім жұлы деген ататы кісі болан бр мың сегіз жүз алпыс сегізнші жылдан брмың тоыз жүз қыры үшінш жыладейн өір сүрген ын абайдан бұрын қазан упа орынбор,0.8,0.48130841121495327,70
train-00003-of-00048_001158,баспаларынан он жеті кітап жарық көргенсол кісі жаңағы бес алты жасымызда үйімізге келіп намаз оқыды соны көзіміз көрді дейді кейін тибетке ауып келдік оны көзіміз көрді дейді кейін міне түркияда бала шағамның алдында бақытты ғұмыр сүріп жатырмын деп екі мың жиырма үшінші жылы осында абзал сапарбекұлы деген отандастар қорының басшысы деректік фильм жасаймыз деп мен сол деректік фильмге көркемдік жетек,баспаларынан он жеті кітаб жары көрген сол кісі жа бес алты жасымызда үмзгееп намаз оды соны көзіміз көрдікейн тиетаупкеліоны көззкөйкейме түркияда балашаны алдында баытты ұмыр сүп жатырде екімың жиырма 3шінші жылыосындаабзал сапарбел деен отандастар орны баысы дерект фил жасайыземесолдеект фил көркемді жетекші болп софилдтүсрітүрияеопаабрыстүкияабарнсапрыызлиаы өзауынан тыды арде трмсал сол бүл көшті кгерлері,0.8333333333333334,0.4752475247524752,60
train-00003-of-00048_001159,сондай сондай ауыр тағдыр иелерінің талай мысалын естідік ол ұзақ әңгіме,сондай сондай ауыр тағдыр иелерінің талай мысалын естедік ол ұзақ әңгіме,0.09090909090909091,0.013888888888888888,11
train-00003-of-00048_001160,енді мына адам етін жеген дегенде жаңа біз айттық қой оның барлығы адам етін жеген жоқ,енді мына адам етін жегендегенде жәңа біз айттық қой оның барлық адам етін жегені жоқ,0.3125,0.05813953488372093,16
train-00003-of-00048_001161,мысы,我是,1.0,1.0,1
train-00003-of-00048_001162,мына көшіп кеткендер не үшін көшіп кетті,мына көшіп кеткендер не үчін көшіп кет,0.2857142857142857,0.075,7
train-00003-of-00048_001163,біз сол адам етін жейтін ауыр күйден аман болайық ұрпағымызды сақтайық деп,біз сол адам етін жейтін ауыр күйден аман болайқ ұрпағымызды сақтайық еп,0.16666666666666666,0.02702702702702703,12
train-00003-of-00048_001164,жеталасып кетушілерге малы бар жаны бар аяқты малға тарта алатын ал енді мына отырықты елде қалып қойған малы жоқ жаны жоқ,жеталасып кету шірлерге малы бар жаны бар аяқты малға пұтарталатын ал енді мына отырық телде қалып қойған малы жоқ жаны жоқ,0.2857142857142857,0.07377049180327869,21
train-00003-of-00048_001165,су бойынан балық аулауға тау бойынан аң аулауға шамасы келмей қалған ауылдардың ішінде жаңағындай қыстай жұп жүріп ештеңе қалмай қалған кезде өз етін жегендер болған,су бойынан балық аулауға тау бойынан аң аулауға шамасы келмей қалған ауылдардың ішінде жаңагдей қыстай жұт жүріп іштеңке қалмай қалеңіз дөзетін жегендер болған,0.28,0.10303030303030303,25
train-00003-of-00048_001166,ал өз етін жегендер күні бүгінге дейін қайтеді қазақтың жауы болып отыр қазақ көшіне жау болып отыр,ал өзетін жегендер күні бүгінге дейін қайтеді қазақтың жауы болып отыр қазақ көшіне жауы болып отыр,0.17647058823529413,0.020202020202020204,17
train-00003-of-00048_001167,қазақ ұлтына жау болып отыр қазақ идеологиясына жау болып отыр,қазақ ұлтына жауы болып отыр қазақ идеологиясына жау болып отыр,0.1,0.016129032258064516,10
train-00003-of-00048_001168,кім жау деп есептесеңіз қазір қазақтың жау ішіңізден ойлай беріңіз иә қазақтың етін жеген баласының етін жеген соның тұқымы деп жаңағы айттым ғой сөзімнің арасында президент тапсырмасымен ерлан қарин мырза отыз неше томдық жаңағы осы қуғын сұрғын құрбандарын жоқтау негізінде соның әкімдік материалдарын кітап етіп шығарды,кім жау бо деп есептесеңіз қазір қазақтың жауы ішіңізден ойлай беріңіз қазақтың етінжеген баласының етінжеген соның тұқымы деп жаңагі айттым ғой сөзімнің арасында президент тапсырмасымен ерлан қарин мырза отыз неше томдық жаңагі ос қуғын сұрын құрбандарын жоқтау негізінде соның әркіптік материалдарын кітап етіп шығарды,0.2608695652173913,0.055900621118012424,46
train-00003-of-00048_001169,орыс қазақ тілдерінде,орыс қазақ тілдерінд,0.3333333333333333,0.047619047619047616,3
train-00003-of-00048_001170,ал шын мәнінде сол отыз неше томға қазірге дейін дәл неше том шыққан есімде жоқ,ал чынмәнінде сол отыз неше томға қазіргідейн дәл неше том шыққан есімде жоқ,0.26666666666666666,0.06329113924050633,15
train-00003-of-00048_001171,сыймай қалған қаншама тариф бар,сыймай қалғанғанжама тарих бар,0.6,0.12903225806451613,5
train-00003-of-00048_001172,сол томды құрастырушы,со томды ққрастыруښы,0.6666666666666666,0.14285714285714285,3
train-00003-of-00048_001173,құрамдағы азамат азаматшалар менімен сөйлесті сонда мен айттым ал хатқа түспей қалғандар әкімге кірмей қалғандар қайтеді десем олар кірмей қалды дейді,құрамдағы азамат азаматшыларменімен сөйлесті сонда мен айттым ал қатқа түспей қалғандар әрқіпке кірмей қалғандарға айтеді десем олар кірмей қалды дейді,0.2857142857142857,0.06666666666666667,21
train-00003-of-00048_001174,ондай болатын болса қазақтың жоғы әлі жоқталып болған жоқ,ондай болатын боса қазақтың жоғы әлі жоқталып болған жоқ,0.1111111111111111,0.017543859649122806,9
train-00003-of-00048_001175,қазақтың мұңы әлі түгел болған жоқ қазақтың көз жасы сүртіліп болған жоқ қазақ өзінің ата бабасының қайда жатқандығын қай жерде қурап сүйегі жатқандығын әлі айта алған жоқ,қазақтың мұңы әлі түгеліп болған жоқ қазақтың көзжасы сүртіліп болған жоқ қазақ өзінің ата бабасының қайда жатқандығын қай жерде қурап сүйегі жатқандығын әлі айта алған жоқ,0.1111111111111111,0.017543859649122806,27
train-00003-of-00048_001176,ал ол айта алмау не,الول عيط لموني,1.0,0.8947368421052632,5
train-00003-of-00048_001177,бұрынғы бабаларымыз ана түркі заманынан бері,burungu babalarımızanı türkü zamandan beri,1.0,0.9090909090909091,6
train-00003-of-00048_001178,түркі қандарынан бері қазақ қандарынан бері,түркіқандарынан бері қазаққандарынан бері,0.6666666666666666,0.046511627906976744,6
train-00003-of-00048_001179,өзі тік,ۆزі,1.0,0.8571428571428571,2
train-00003-of-00048_001180,жаудың қолында бір кішкентай бала кетіп қапты десе біздің аталарымыз айтатын соны 7 жыл 6 жыл іздеп жүріп тауып келді деп айтатын,жаудың қолында бір кішкентай бала кетіп қапты десе біздің аталарымыз айтатын соны жеті жыл алты жыл іздеп жүріп тауып келді деп айтатын,0.09090909090909091,0.06201550387596899,22
train-00003-of-00048_001181,бір бала бұл бала,бір бала ұл бала,0.25,0.058823529411764705,4
train-00003-of-00048_001182,неге,니기,1.0,1.0,1
train-00003-of-00048_001183,мысалы үшін сол баланың біреуі кешегі абылай еді,sol balanın bireğ kiçi gablay edі,1.0,0.875,8
train-00003-of-00048_001184,анау бұхар асып кеткен тәшкен асып кеткен,انا بۇخار اسىپ كېتكىن تەشكىن ئاسىپ كېتكىن,1.0,0.8780487804878049,7
train-00003-of-00048_001185,жұңғар шапқыншылығы түсінді кейін оянды қайтты қазақ халқына да үлкен медеу болды,жұңғар шапқыншылығы тұсында кейін оянды қайтты қазақ халқыны үлкен медеу бол,0.3333333333333333,0.1111111111111111,12
train-00003-of-00048_001186,біз баяғыда айтатынбыз шетте 5 миллион қазақ бар еді 1 миллионы көшіп келді сол елде 4 миллионы қалды деп,біз баяғды айтатынбыз шетте бес миллион қазақ бар еді бір миллионы көшіп келді сол елде төрт миллионы қалды деп,0.21052631578947367,0.11428571428571428,19
train-00003-of-00048_001187,бір миллион көшіп келген рас шығар сол бір миллион қазақтың өзі қазір үш жарым миллион төрт миллион болды осы елге оралған ал сол елде қалып қойды деген бес миллион қазақ қазір кем дегенде жеті миллион сегіз миллион тоғыз миллион болды ол зерттеу тапқан жоқ,бір миллион көшіп келген ырас шығар сол бір миллион қазақтың өзі қазір үш жарым миллион төрт миллион болды осы елге оралған ал сол елде қалып қойды деген бес миллион қазақ қазір кемдегенде жеті миллион сегіз миллион тоғыз миллион болды ол зерттеу тапқан жоқ,0.06818181818181818,0.007782101167315175,44
train-00003-of-00048_001188,ондай болатын болса қазақтың үштен бірі әлде шетте отыр деуге негіз бар әлде де үштен бір бөлігі шетелде отыр деген ондай болатын болса қазақтың жыртығы жамалып болған жоқ,ондай болатын болса қазақтың үштен бірі әлде шетте отыр деге негіз бар әлде де үштен бір бөлегі шетелде отыр деген ондай болатын болса қазақтың жыртығы жамалып болған жоқ,0.07142857142857142,0.011695906432748537,28
train-00003-of-00048_001189,қазақтың төгілген қан жасы әлі де сүртіліп болған жоқ,қазақтың төгілген қанызжасы әлде сүртіліп болған жоқ,0.4444444444444444,0.07547169811320754,9
train-00003-of-00048_001190,әрбір қазақ сынық көгаршын сынық қанат көгаршын сияқты оның қанаты әлі қомданып болған жоқ,әрбір қазақ ыыршысыныққанат көкаршын сияқты оның қанаты әлі қомдалып болған жоқ,0.42857142857142855,0.14444444444444443,14
train-00003-of-00048_001191,ондай болатын болса бұны зерттеу керек,ондай болатын болса бұны зерттеу керек,0.0,0.0,6
train-00003-of-00048_001192,ұлтқа қанға деген жанашырлық болу керек,ұлтқа каңға деген жанашырлык болуу керек,0.5,0.10256410256410256,6
train-00003-of-00048_001193,сонда халық оянады жер оянады ел оянады ұрпақ оянады,сонда қалы қоянады жер оянады ел оянады ұрпақ оянады,0.2222222222222222,0.057692307692307696,9
train-00003-of-00048_001194,жаңағы шеттегі әрбір қазақ,жаңа шеттегі әрбір қазақ,0.25,0.07692307692307693,4
train-00003-of-00048_001195,сенің өзіңнің бірге туған жан бауырың,сенің өзіңнің бірге туған жам бауырың,0.16666666666666666,0.02702702702702703,6
train-00003-of-00048_001196,әрбір қазақ қызы сенің бірге туған қарындасың қаракөз ол өзге ұлтқа телегейін еді,әрбір қазақ қызы сенің бірге туған қарындасың қаракөз ол өзге ұлтқа телегейінет,0.15384615384615385,0.037037037037037035,13
train-00003-of-00048_001197,шөгіп біреуге тиіп жатса,шөгіп біруге тиіп жатса,0.25,0.041666666666666664,4
train-00003-of-00048_001198,анау мына заман қай заман деп баяғыда елімай жырында жырланатын қарындастан айырылған қиын екен қара көзден өлдіріп жасы келеді деген жолдар бар,анау мына заман қай заман деп баяғыда елімай жырында жырланатын қарындастан айырылған қиын екен қаракөзде мөлдіріп жас келеді деген жолдар бар,0.18181818181818182,0.027777777777777776,22
train-00003-of-00048_001199,сонда қарындастан айырылған қиын екен деп нені айтып отыр жаудың тақымында шырылдап кетіп бара жатқан қарындасына айтып отыр,сонда қарындастан айырылған қиын екен деп нені айтып отыр жаудың тақымында шырылдап кетіп бара жатқан қарындасын айтып отыр,0.05555555555555555,0.008064516129032258,18
train-00003-of-00048_001200,мынау бізде бағана сөзімізді айттық зерттелмеген ашылмаған қаншама тариф,мынау бізде бағана сөзімізді айттық зерттелмеген ашылмаған қаншама тарих,0.1111111111111111,0.013888888888888888,9
train-00003-of-00048_001201,соның ішіндегі бір бөлігі ал жерде қалған,соның ішіндегі бір бөлегі ал жерде қалған,0.14285714285714285,0.024390243902439025,7
train-00003-of-00048_001202,аналарымыздың басы,айналарымыздың басы,0.5,0.05555555555555555,2
train-00003-of-00048_001203,карлагта қалған бабаларымыздың басы,карлақта қалған бабаларымыздың басы,0.25,0.02857142857142857,4
train-00003-of-00048_001204,әлі зерттелген жоқ,әл зерттелген жоқ,0.3333333333333333,0.05555555555555555,3
train-00003-of-00048_001205,альжирдің архивіне кіріп карлактың архивіне кіріп,ал жердің арқибіне кіріп карлактың арқибине кіріп,0.6666666666666666,0.14285714285714285,6
train-00003-of-00048_001206,соның бүгінгі ресей мәскеуде сақталған түбіртегін қарап,соның бүгінгі ресей мәскеуде сақталған түбіртегін қарап,0.0,0.0,7
train-00003-of-00048_001207,содан үлкен еңбек қорғап еңбек жазып жатқан адамдар жоқтың қасы,содан үлкен еңбек қорғап еңбек жазып жатқан адамдар жоқ тыңғас,0.2,0.06349206349206349,10
train-00003-of-00048_001208,қытайда қалып қойған қазақтар қазір де репрессия көріп жатыр,қытайда қалып қойған қазғақтар қазір де репресте көріп жатыр,0.2222222222222222,0.06666666666666667,9
train-00003-of-00048_001209,мысалы жаңа оспан батырды айттық оспан батырдың немересі болып келетін үш жігітті жақсы білем нұрлан нағыз толпын деген үшеуі мерзімсіз қамаққа бұйырып сол жердің түрмесінде жатыр,мысал жаңа оспан батырды айттық оспан батырдың немересі болып келетін үш жігітті жақсы білем нұрлан нағыз толқын деген шеуім мерізімс қамаққа бұйырып сол желдің түрмесінде жатыр,0.19230769230769232,0.0446927374301676,26
train-00003-of-00048_001210,ол азаматтардың жеке басын білетінмін атасы туралы мен кітап жазып жүрдім атасы туралы мен ізденіп мақалалар жазып жүрдім менімен сөйлесуден қорқатын қашатын,ол азаматтардың жеке басым білетінмін атасыз туралы мен кітап жазып жүрдім атасыз туралы мен ізденіп мақалалар жазып жүрдім менімен сөйлесудін қорқатын қашатын,0.18181818181818182,0.025477707006369428,22
train-00003-of-00048_001211,аталар туралы айта алмайтын,аталар туралы айта алмайтын,0.0,0.0,4
train-00003-of-00048_001212,сөйткеннің өзің қайтты сен солардың тұқымы болатынсың деп,сөйткеннің өзін қайтты сен солардың тұқымы болатынсың деп,0.125,0.017543859649122806,8
train-00003-of-00048_001213,міне түрменің түбіне тықты,on e te le me donk te venetreta,2.0,1.0769230769230769,4
train-00003-of-00048_001214,ол жақтағы көп қазақтың арманы бар болғанмен дәрмені жоқ,ол жақтағы көп қазақтың арманы бар болғанмен дәрмені жоқ,0.0,0.0,9
train-00003-of-00048_001215,ал осы елге келемін дегеннің де маңдайынан жарылқап жатқан жоқ қазіргі мынау заң,ал осы елге келемін дегеннің де маңдайынан жарылқап жатқан жоқ қазіргі мынау заң,0.0,0.0,13
train-00003-of-00048_001216,азаматтық беруді қиындастырып жіберді де осы елге келген қандастарымыз азаматтық ала алмай,азаматтық беруді қиындастырып жіберіп те осы үлге келген қандастарымыз азаматтық ала алмай,0.25,0.044444444444444446,12
train-00003-of-00048_001217,сол елдегі репрессияның қайтадан қармағына ілініп қуғын сүргінге түсіп жатқан жағдайы бар,сол елдегі реперецияның қайтадан қармағын ілініп қуғын сүргінге түсіп жатқан жағдайы бар,0.16666666666666666,0.0449438202247191,12
train-00003-of-00048_001218,ондай болатын болса біздің оянбаған сана,мұндай болатын болса біздің оянбаған сана,0.16666666666666666,0.05,6
train-00003-of-00048_001219,ұлтқа деген жаңағы өзіміздің безбүйректігіміз,ұлтқа деген жаңагі өзіміздің без бүйректігіміз,0.6,0.06666666666666667,5
train-00003-of-00048_001220,әлі де оянбаған жаңағы құлдық идея,әлі де оянбаған жаңагі құлдық идия,0.3333333333333333,0.08823529411764706,6
train-00003-of-00048_001221,біздің қандастарымыздың кеудесінен итеріп отыр деуге негіз бар,біздің қандастарымыздың кеудесінен итеріп отыр деуге негіз бар,0.0,0.0,8
train-00003-of-00048_001222,шеттен оралғап жатқан қазақтар бар,шеттен оралығып жатқан қазақтар бар,0.2,0.058823529411764705,5
train-00003-of-00048_001223,орала алмай жатқан қазақтар бар,орала алмай жатқан қазақтар бар,0.0,0.0,5
train-00003-of-00048_001224,а тіпті кейбіреу айтады қазақстанға қағазстанға балап жаңағындай көк тудың астында көгеріп жүргенше,тіпті кейбіреу айтады қазақстанға қағазыстанғабалып жаңагендей көктудің астында көгеріп жүргенше,0.46153846153846156,0.10101010101010101,13
train-00003-of-00048_001225,қызыл өкіметтің туында қызара бертіп жүрмейміз бе деп әзіл ысқақ шығарған әңгімелері бар,қызыл өкіметтің туында қызырап өртіп жүрмейміз бі деп әзі ысқақ шығарған әңгімелері бар,0.3076923076923077,0.06818181818181818,13
train-00003-of-00048_001226,неге,نگ,1.0,1.0,1
train-00003-of-00048_001227,ол елде мысалы қытай туралы айтатын болсақ кейбір мына партияға сенімді кадрлар дейікші,ол елде мысалы қытай туралы айтатын болсақ кейбір мына партияға сенімді кадрлар дейікші,0.0,0.0,13
train-00003-of-00048_001228,солардың алған жалақысы,солардың алған жалақысы,0.0,0.0,3
train-00003-of-00048_001229,біздің сөзбен айтатын болсақ ай сайын 1 миллион теңге жалақы немесе 1 миллион теңге пенсия зейнетақы алады,біздің сөзбен айтатын боса айысайын бір миллион теңге жалақы немесе бір миллион теңге пенсия зейнет ақаалады,0.4117647058823529,0.11320754716981132,17
train-00003-of-00048_001230,ал осы елге келсе ол не азаматтық ала алмайды екен дәл қазіргі саясат бойынша болғанда,ал осы елге кесе ұл не азаматтықала алмайды екен дәл қазіргі саясат бойынша болғандар,0.3333333333333333,0.046511627906976744,15
train-00003-of-00048_001231,немесе жаңағы әкім боп кеп жүріп қойшының таяғын ұстап,немесе жаңа әкім болп кеп жүріп қойшының таяғын ұстап,0.2222222222222222,0.05555555555555555,9
train-00003-of-00048_001232,сондай кедейлік күйге түседі екен,sonda kedeğil kuygötüsüyo dekön,1.0,0.9393939393939394,5
train-00003-of-00048_001233,сондықтан бес қол саусағы бірдей емес қой шеттен оралатын қазақтың біз 60 70 80 пайызын патриот десек те оның ішінде де жаңағы 20 30 пайыз кері тартатындар бар,сондықтан бес қол саусағы бірдей емес ғой шеттен ор алатын қазақтың біз алпыс жетпіс сексен пайызын патриот десек те оның ішінде де жәңе жиырма отыз пайызы кері тартатындары бар,0.39285714285714285,0.20754716981132076,28
train-00003-of-00048_001234,оның ішінде де жиырма отыз жаңағы құлдың құлдық санада жүргендер бар маталып,оның күшінде де жиырма отуз жаңаы құлдық санада жүргөндер бар маталып,0.4166666666666667,0.15789473684210525,12
train-00003-of-00048_001235,соларға айтады сол өзінің тұрып жатқан елін дәріптейді,солар қа айтады сол өзін тұрып жатқан елін дәріптейді,0.375,0.07407407407407407,8
train-00003-of-00048_001236,сондықтан да саусақтың басы бірдей емес деп айтамыз ол елден көшіп келіп жатқандар да бар келе алмай қанаты қырқылып отырғандар да бар,сондықтан да саусақтың басы бірдей емес деп айтамыз ол елден көшіп келіп жатқандар да бар келе алмай қанаты қырқылып отырғандар да бар,0.0,0.0,22
train-00003-of-00048_001237,мысалы осынша,msal osunça,1.0,0.9230769230769231,2
train-00003-of-00048_001238,ащы сұхбаттарға барып жүрген осынша,ашы сұқбаттарға барып жүрген осынша,0.4,0.05714285714285714,5
train-00003-of-00048_001239,ащты сауалдарға барып ащы тақырыптар қаузап жатқан қосымша,ашты сауалдарға барып ашы тақырыптар қаузап жатқан осынша,0.375,0.06896551724137931,8
train-00003-of-00048_001240,қиын тақырыптарға кітап жазып жатқан менің де,қиын тақырыптарға кітап жазып жатқан меніңде,0.2857142857142857,0.022222222222222223,7
train-00003-of-00048_001241,туған ағам,فوغن عغام,1.0,0.9,2
train-00003-of-00048_001242,туған қарындастарым сол елді жәудіреп отыр,тоған қарындастарым сол елді жәудіреп отыр,0.16666666666666666,0.023809523809523808,6
train-00003-of-00048_001243,мен бұрын,مеن برن,1.0,0.7777777777777778,2
train-00003-of-00048_001244,орыстың жауыздығына,орыстың жауыздығына,0.0,0.0,2
train-00003-of-00048_001245,қытайдың жауыздығына таң қалып түршігетін едім бала жасымнан солай кекшіл боп өсті,қытайдың жауздығына таң қалып түршікетінедің бала жасымнан солай кек жыл боп өсті,0.4166666666666667,0.08536585365853659,12
train-00003-of-00048_001246,ал қазақстанға келіп,ал қазақстанға келіп,0.0,0.0,3
train-00003-of-00048_001247,қазактың,қазақтың,1.0,0.125,1
train-00003-of-00048_001248,қазаққа жасаған қиянатын көрген кезде мен соған түршіктім таң қалдым,қазаққа жасаған қиянатын көрген көзде мен соған түршіктім таң қалдым,0.1,0.014705882352941176,10
train-00003-of-00048_001249,аксиндік,شن,1.0,1.0,1
train-00003-of-00048_001250,жаңаөзен уақиғасында қазақты қазақ атты қаңтар уақиғасында қазақты қазақ атты,жаңөзден уақиғасында қазақты қазақ атты қаңтар уақиғасында қазақты қазақ атты,0.1,0.025974025974025976,10
train-00003-of-00048_001251,бұл менің жүрегімде,бұл менің жүрегімде,0.0,0.0,3
train-00003-of-00048_001252,е,이,1.0,1.0,1
train-00003-of-00048_001253,былдым мен,,1.0,1.0,2
train-00003-of-00048_001254,алдаған болса онда неге мерболат отыр,даған болса онда неге мер болаты отыр,0.5,0.10810810810810811,6
train-00003-of-00048_001255,неге думан мұхамедкәрім отыр түрмеде,неге думан мұхаммедкарім отыр түрмеді,0.4,0.08333333333333333,5
train-00003-of-00048_001256,егер би егер де,егер егерде,0.75,0.26666666666666666,4
train-00003-of-00048_001257,осы репрессия тоқтаған болса ол жасырын түрде бәрібір жүріп жатыр оны сезіп тұрмыз неге біздің марат жыланбаев думан мұхамедкәрім әйгерім барлық қазақстанның қай қаласын қарасаң да саяси тұтқындар көп неге саяси тұтқындар болуы мүмкін біздің мемлекет тәуелсізбіз кімнен қорқып олар тығып отырмыз олар өкіметті төңкерейік деген адамбіздің қайсымыз болса да мына өзіміздің мемлекетіміз нық болса екен,осы репрессия тоқтаған болса ол жасұрын түрде бәрібір жүріп жатыр оны сиіс тұрмыз неге біздің марат жыланбаев думан мұхамметкарім әйгерім барлық қазақстанның қайқаласын қарасаңды саяси тұтқындар көп неге саяси тұтқындар болуы мүмкін біздің мемлекет тәуелсізбіз кімнен қорқып олар тығып отырмыз олар өкіметті тоң көрейік деген адамдар емес қой біздің қайсымыз болса да мына өзіміздің мемлекетіміз нық болсы екен,0.25,0.0678391959798995,56
train-00003-of-00048_001258,неліктен қазақ халқын жойып жіберуге тырыстық,неліктен қазақ халқын жойып жіберуге тірістып,0.16666666666666666,0.06666666666666667,6
train-00003-of-00048_001259,сол боздақтарымызды құрбан болған халықты еске ала алмаймыз ба рухына құран бағыштай алмаймыз ба,сол болдақтарымызды құрбан болған халықты есте ала алмаймыз ба рухына құрам бағыштай алмаймыз ба,0.21428571428571427,0.03125,14
train-00003-of-00048_001260,кеш жарық қымбатты көрермен эфирде ел дауысы студияда мен фарида сейілханқызы біздің бүгінгі қонағымыз жазушы журналист жәди шәкенұлы,кешшарық қымбатты көрермен ефирде елдауысы студияда мен фарида сейілхан ғаза біздің бүгінгі қонағымыз жазушы журналист жәди шәкенола,0.4444444444444444,0.07518796992481203,18
train-00003-of-00048_001261,сұхбатымыз отыз бірінші мамыр саяси қуғын сүргін және ашаршылық құрбандарын еске алу күніне арналмақ,сұхбатымыз отыз бірінші мамыр саяси қуғын сүргін және ашаршылық құрбандарын еске алу күніне арналмақ,0.0,0.0,14
train-00003-of-00048_001262,ал құрметті жәдем мырза студиямызға қош келдің,ал құрметті жади мырза студиямызға қош келдің,0.14285714285714285,0.06521739130434782,7
train-00003-of-00048_001263,отыз бірінші мамыр саяси қуғын сүргін және ашаршылық құрбандарын еске алу күні бұл,3тыбірінші мамыр саяси қуғын сүргін және ашаршылық құрбандарын еске алу күні,0.23076923076923078,0.08536585365853659,13
train-00003-of-00048_001264,тарихи дата өкінішке қарай күні кеше тойланған бірінші маусым балаларды қорғау күнінде құрылған жоқ,тарихи дата өкінішке қарай күлі кеше тойланған бірінші маусым балаларды қорғау күндей құрылы болған жоқ,0.2857142857142857,0.09090909090909091,14
train-00003-of-00048_001265,қоғам тарапынан да билік тарапынан да бір бейжайлық байқалады,қоғам тарапынан да билік тарапынан да бір бежайлық байқалады,0.1111111111111111,0.01639344262295082,9
train-00003-of-00048_001266,өзіңіз осы тақырып жайында жиі,өзіңіз осы тақырып жайында жиі,0.0,0.0,5
train-00003-of-00048_001267,көтересіз кітаптар жазғансыз,көтересіз кітаптар жазғансыз,0.0,0.0,3
train-00003-of-00048_001268,бұл тақырыпқа келуіңізге не түрткі болды,бұл тақырыпқа келуіңізге не түрткі болды,0.0,0.0,6
train-00003-of-00048_001269,осы саяси қуғын сүргін және ашаршылық құрбандарын еске алу күні,осы саяси қуғың сүргін және шаршылық құрбандарын еске алу күні,0.2,0.031746031746031744,10
train-00003-of-00048_001270,ескерткіш маңына сай белсенділер жиналды ал белсенділерді әкімдік қызметкерлері мен полиция қуып сол жерде ескерту жасады өкінішке қарай,ескерткіш маңына белсенділер жиналды ал белсенділерді әкімдік қызметкерлермен полиция қуып сол жерде ескерту жасады өкінішке қарай,0.16666666666666666,0.04411764705882353,18
train-00003-of-00048_001271,енді ол жердегі белсенділердің айтуы бойынша біз сонда осы тарихи датада құрбан болған сол боздақтарымызды құрбан болған халықты еске ала алмаймыз ба рухына құран бағыштай алмаймыз ба дейді экранға назар аударайықшы сол саяси белсенділердің қатарында болған қоғам қайраткері жұмаш кенебай билік репрессия мен аштық тақырыбынан қорқып отырғанын айтады өзіңіз ай,енді ол жердегі белсенділердің айтуы бойынша біз сонда осы тарихи датада құрбан болған сол боздақтарымызды құрбан болған халықты еске ала алмаймыз ба рухына құрам бағыштай алмаймыз ба дейді экранға назараударайықшы сол саяси белсенділердің қатарында болған қоғам қайраткері жұмаш кеңебай билік репрессиямен аштық тақырыбынан қорқып отырғанын айтады өзіңіз айтқандай,0.14,0.030555555555555555,50
train-00003-of-00048_001272,ақын мұның жабық тақырыпқа айналып бара жатқанына ресейдің ықпалы бар деп есептейді екен,ақын мұның жабық тақырыпқа айналып бара жатқанына ресейдің ықпалы бар деп есептейді екен,0.0,0.0,13
train-00003-of-00048_001273,осы аштық ашаршылық,осы аштық ашашылық,0.3333333333333333,0.05263157894736842,3
train-00003-of-00048_001274,кедергі келтіріп отырған кім,кедергі келтіріп отырған кім,0.0,0.0,4
train-00003-of-00048_001275,осы жерде ағамен бір статистика айта кетейін ресми дерек бойынша мың сегіз жүз тоқсан жетінші жылы қазақ халқының саны яғни жүз жиырма тоғыз жыл бұрын ғой иә қателеспесем төрт миллионнан астам болған екен а ол кездегі қырғыз халқынан жиырма есе көп болған екен сонда бейресми деректерде біздің аштықтан қырылған ата бабамыздың саны бес миллионға жуық деп айтады,осы жерде ағамен бір статистика айта кетейін ресми дерек бойынша мың сегіз жүз тоқсан жетінші жылы қазақ халқының саны яғни жүз жиырма тоғыз жыл бұрын ғой я қателеспесем төрт миллионнан астам болған екен ол кездегі қырғыз халқынан жиырма есе көп болған екен сонда бей ресми деректерде біздің аштықтан қырылған ата бабамыздың саны бес миллионға жуық деп айтады ғой негізі,0.10526315789473684,0.0443213296398892,57
train-00003-of-00048_001276,көшіп кеткені бар қаза тапқаны бар,көшіп кеткені бар қаза тапқаны бар,0.0,0.0,6
train-00003-of-00048_001277,сізді тек жазушы ретінде ғана емес тарихшы ретінде де жақсы танимыз ғой,сізді тек жазушы ретінде ғана емес тарихшы ретінде де жақсытанимыз ғой,0.16666666666666666,0.014084507042253521,12
train-00003-of-00048_001278,осы кеңес өкіметінің жалпы қызыл әскердің мынау,осы кеңес үкіметінің жалпа қызыл әскердіңмынау,0.5714285714285714,0.06382978723404255,7
train-00003-of-00048_001279,қазақтарға жасаған қиянаты неліктен қазақ халқын жойып жіберуге тырысты басқа басқа емес дәл қазақ халқына дәл бұндай қастандық жасады,қазақтарға жасағалын қиянады неріктен қазақ халқын жойып жіберуге тырысты басқа басқа емес дәл қазақ халықына дәл бұндай қастандық жасады,0.21052631578947367,0.03731343283582089,19
train-00003-of-00048_001280,білімді саналы сапалы ұрпақ,билимди саналы сапалы орпак,0.5,0.18518518518518517,4
train-00003-of-00048_001281,қуғынға ұшырап қырылды ең әлсіз ұрпақ мына біз болып тұрмыз ба,қуғынға шырап қырылды ең әлсіз ұрпақ мына біз болып тұрмыз ба,0.09090909090909091,0.016129032258064516,11
train-00003-of-00048_001282,әлеуметтік желіні ақтарып отырып мына тоқмақ,әлеуметтік желін ақтарып отырып мына туқмақ,0.3333333333333333,0.045454545454545456,6
train-00003-of-00048_001283,а маңында,manndaق,1.0,1.0,2
train-00003-of-00048_001284,тамақ жасау үшін,тамақ жасау үшін,0.0,0.0,3
train-00003-of-00048_001285,енді адам аштықтан бір бірінің адам етін жеді ғой кішкентай қызды ұрлап әкеткен ол қыздың фотосы жарияланды көрген шығарсыз,енді адам аштықтан бір бірінң адам етінжеді ғой кішкентай қызды ұрлап акеткен ол қыздың фотосы жарияланды көрген шығарсыз,0.21052631578947367,0.024390243902439025,19
train-00003-of-00048_001286,ол қызды,ол қызды,0.0,0.0,2
train-00003-of-00048_001287,кәдімгідей ет асқандай асқан қазанға салған ол бұрқ бұрқ қайнап жатыр қазан бірақ соны күтіп жатқан кемпір де жан тапсырды аштықтан жаңағы қыз да қаза тапты өзіңіз жаңағы қарауыл көш романын жазғанда үлкен кісілерден өз аузынан тыңдаған ең жан тебірентерлік оқиғамен бөліссеңіз,кәнімгідей ет асқандай асқан қазанға салған ол бұрқ бұрқ қайнап жатыр қазан бірақ соны күтіп жатқан кейін бірде жан тапсырды ашықтықтан жаңағы қызда ғаза тапты өзіңіз жаңағы қаралы көш романын жазғанда үлкен кісілерден өз аузынан тыңдаған ең жан тебірендерлік оқиғамен бөліссеңіз,0.21428571428571427,0.05054151624548736,42
train-00003-of-00048_001288,аха,嗯嗯,1.0,1.0,1
train-00003-of-00048_001289,расымен адам етін жеген ұрпақпыз ба,расымен адам етін жеген ұрпақпыз ба,0.0,0.0,6
train-00003-of-00048_001290,ашаршылықтан шетелге шашырап кеткен қазақтың саны өте көп,ашаршылықтан шетелге шашырап кеткен қазақтың саны өте көп,0.0,0.0,8
train-00003-of-00048_001291,неліктен,неліктен,0.0,0.0,1
train-00003-of-00048_001292,бұл кісілердің тағдыры аз зерттелген қашан қайтарамыз сол қаралы көшті,бұл кісілердің тағдыры аз зерттелген қашан қайтарамыз сол қаралы көшті,0.0,0.0,10
train-00003-of-00048_001293,ахатшылық пен қуғын сүргін дегенде екеуін ешқашан бөліп жара алмаймыз бірге жүреді,ақаршылықпен қуғын сүргін дегенде екеуін ешқашан бөліп жара алмаймыз бірге жүреді,0.16666666666666666,0.036585365853658534,12
train-00003-of-00048_001294,осы алаш зиялылары атылып кеткенде,осы алаш сиялылары атылып кеткенде,0.2,0.029411764705882353,5
train-00003-of-00048_001295,олардың,олардың,0.0,0.0,1
train-00003-of-00048_001296,жұбайлар туралы,жұбайлары туралы,0.5,0.06666666666666667,2
train-00003-of-00048_001297,ү,,1.0,1.0,1
train-00003-of-00048_001298,алжир лагерінде өздері кінәлі болмаса да сол зиялылардың жұбайлары отырды ғой,ал жер лагерінде өздері кінәлі болмаса да сол зиялылардың жұбайлары отырды ғой,0.18181818181818182,0.025974025974025976,11
train-00003-of-00048_001299,сол туралы не дейсіз,сол туралы не дейсіз,0.0,0.0,4
train-00003-of-00048_001300,ал осы шекараласқан қытайдағы,ал осы шегарасқан қытайдағы,0.25,0.10344827586206896,4
train-00003-of-00048_001301,қазақ қандастарым,가 간다す다럼,1.0,0.9411764705882353,2
train-00003-of-00048_001302,өзіңіз жақсы араластыңыз ғой кезінде,өзіңіз жақсараластыңыз ғой кезінде,0.4,0.05555555555555555,5
train-00003-of-00048_001303,елге қайтқысы келе ма,елге қайтқысы келе ма,0.0,0.0,4
train-00003-of-00048_001304,көбісі осы алшақшылық кезінде шетел асқан екен шекара асқан екен,көбісі о салшаршылық кезінде шетел асқан екен шекара асқан екен,0.2,0.0625,10
train-00003-of-00048_001305,аға,أغا,1.0,1.0,1
train-00003-of-00048_001306,репрессия қытайда ғана емес өкінішке қарай мына бейбіт қазақстанда да әлі күнге дейін жүріп жатыр,репрессия қытай да ғана емес өкінішке қарай мына бейбіт қазақстанда да әлі күнге дейін жүріп жатыр,0.13333333333333333,0.010309278350515464,15
train-00003-of-00048_001307,белсенділер солай дейді,белсенділер солай дейд,0.3333333333333333,0.043478260869565216,3
train-00003-of-00048_001308,егерде ток,اگر د توق,1.5,0.9,2
train-00003-of-00048_001309,дынь,بين,1.0,1.0,1
train-00003-of-00048_001310,дәде мырза өкінішке қарай сұхбатымыз соңына кетіп қалыпты уақытымыз өкінішке қарай іскектеулі,зәди мырза өкінікке қарай сұхбатымыз соңына жетіп қалыпты уақытымыз өкінікке қарай сектеулі,0.4166666666666667,0.07526881720430108,12
train-00003-of-00048_001311,ал осы романды жазу барысында қаралы көш романын жазу барысында ең қатты таң қалдырған оқиға мен ашуландырған дерек қандай,осы романды жазу барысында қаралы көш романды жазу барысында ең қатты таң қалдырған оқиғамен ашуландырған дерек қандай,0.21052631578947367,0.04918032786885246,19
train-00003-of-00048_001312,жәдем мырза алтын уақытыңызды бөліп студиямызға келгеніңізге алғысымыз шексіз аман болыңыз,жәди мырза алтын уақытыңызды бөліп студиямызға келгеніңізге алғысымыз шексіз аман болыңыз,0.09090909090909091,0.022222222222222223,11
train-00003-of-00048_001313,ал қымбатты көрермен құлақ түріп тыңдағандарыңыз үшін сіздерге де рақмет айтамыз міндетті түрде сілтемемен бөлісіп арнамызға жазылып пікір қалдыра кетіңіздер лайк басуды ұмытпаңыздар,ал қымбатты көрермен құлақ тұріп тыңдағандарыңыз үшін сіздерге де рахмет айтамыз міндетті түрде сілтемемен бөлісіп арнамызға жазылып пікір қалдыракетіңіздер хлайк басуды ұмытпаңыздар,0.21739130434782608,0.02197802197802198,23
train-00003-of-00048_001314,хош сау болыңыздар,хош сау болыңыздар,0.0,0.0,3
train-00003-of-00048_001315,сәлем достар сіздермен болған жылжай тока вольт аннасы достар бұл бізде рум тур болады яғни өзімнің үйіме рум тур түсіретін боламын бұл видео сіздерге ұнайды деп ойлаймын ұнаса менің еңбегімді бағалап лайк дәріңізді басып подписканы басып коллокон жазып кетіңіздер мен сіздерді қаттырақ қаттырақ жақсы көремін ал ендеше видеоны бастайық достар,сәлем достар сіздермен болған жылзайтылка волт арнасы достар бұл бізде румтур болады яғни өзімнің үйіме румтур түсіретін боламын бұл видео сіздерге ұнайты деп ойлаймын ұнаса менің еңбегімді бағалап лайктарыңызды басып подпиткана басып колаконшаскетіңіздер мен сіздерді қатыра қатырақ жақсы көремін ал ендеше видеоны бастайық достар,0.34,0.08163265306122448,50
train-00003-of-00048_001316,мен яғни үйдің ауласында жүрмін мен қазір үйдің ауласына румтор түсіретін боламын потом үйдің ішіне румтор түсіремін мінеки бұл бізде үйдің ауласы неге мына жерде бізде осындай отыратын орындық,мен яғни үйдің ауласында жүрмін мен қазір үйдің ауласына румтур түсіретін боламын потом үйдің ішіне румтур түсіремін мінеки бұл бізде үйдің ауласы мінеки мына жерде безде осындай отыратын орындық,0.13793103448275862,0.03626943005181347,29
train-00003-of-00048_001317,шаршасақ отырамыз енді бізде осындай нәрсе мысықтікі және де осындай бір кішігірім аула өте керемет енді достар үйге кіріп сіздерге үйдің ішіне рум тур түсірейін сол кезде қызықтың бәрі басталады ендеше,шаршыасақ отырамыз енді бізде осындай нәрсе мысықтікі және де осындай бір күшікірім ауыла өте керемет енді достар үйге кіріп сіздерге үйдің кішіне рум торт сірейін сол кезде қызықтың бәрі басталады ендеше,0.1935483870967742,0.039603960396039604,31
train-00003-of-00048_001318,есікті ашайық,есектә ашайыҡ,1.0,0.23076923076923078,2
train-00003-of-00048_001319,вот так ашылды,вотак ашылдым,1.0,0.21428571428571427,3
train-00003-of-00048_001320,енді үйдің ішіне кірейік,енді үйдің ішіне кіреет,0.25,0.125,4
train-00003-of-00048_001321,енді жаба салайық,енді жаба салайық,0.0,0.0,3
train-00004-of-00048_000000,енді достар мен мына жерден бастайын бұл жерде бізде осындай отыратын бір,енді достар мен мына жерден бастайын бұл жерде бізде осындай отыратын бір,0.0,0.0,12
train-00004-of-00048_000001,диван сондай,jivoan sonday,1.0,1.0,2
train-00004-of-00048_000002,и потом взял суда айнан,и потом дел сядай айнан,0.4,0.21739130434782608,5
train-00004-of-00048_000003,айнаға қарап тұрсақ та болады әдеміміз ба әдемі емеспіз бе,айнаға қарап тұрсақ та болаты әдеміміз ба әдемі емеспіз бе,0.1,0.017241379310344827,10
train-00004-of-00048_000004,және де достар бізде осындай төбеде осындай свет өте ерекше маған қатты ұнайды осы свет,жәнжедастар бізде осындай төбеде осындай сүвет өте ерекше маған қаттынайды осы сувет,0.4666666666666667,0.10344827586206896,15
train-00004-of-00048_000005,және де достар бізде осындай,dentd strb지 wsndy,1.0,0.9285714285714286,5
train-00004-of-00048_000006,2 000 елдер,two thousand years later,1.3333333333333333,2.0,3
train-00004-of-00048_000007,білмеймін осындай бір шкаф тұр және де мынандай терезе,blmimusbebr škaf tuжenzem nadaitirezя,1.0,0.9259259259259259,9
train-00004-of-00048_000008,достарым міне көріп тұрғандарыңыздай осындай бізде перде өте әдемі ерекше перде,достар мене көріп тұрғандарыңыз да осындай бізді перде өте әдемі ерекше перде,0.45454545454545453,0.0759493670886076,11
train-00004-of-00048_000009,неге жауып қойсақ та болады или ашып қойған дұрыс өте әдемі көрінеді,минки джоп койсак та болат или ашып койган дрос уитиодема көрүнеді,0.75,0.35294117647058826,12
train-00004-of-00048_000010,достар міне мына жерде бізде эстетикалық фото өте әдеміне осындай бір қыз әтеуір,достар мене мына жерде бізде эстетикалық фото өт әдемі не осындай бір қыза теуір,0.46153846153846156,0.0625,13
train-00004-of-00048_000011,және де енді біз мына жерде әйтеуір бір нәрсе атын ұмытып тұрмын негізі білетінмін енді ұмытып қалдым мінекей бізде осындай нәрсе білетін болсаңыздар комментарияға жазып кетіңіздер оқитын боламын,және де енді біз мына жерде әтеуір бір нәрсе атын ұмытып тұрын негізі білетінмін менді ұмыт қалдым мінеки бізде осындай нәрсе білетін болсаңыздар комментарияға жасып кетіңіздер оқитын боламын,0.21428571428571427,0.041025641025641026,28
train-00004-of-00048_000012,мінеки осындай нәрсе,mnkeosdinsa,1.0,1.0,3
train-00004-of-00048_000013,және де достар бізде осындай,және де достар бізде осындай,0.0,0.0,5
train-00004-of-00048_000014,үйдің кілті өте әдемі күшті кілт ма бұл кілт қатты ұнайды,үйдің кілті өте әдемі күшті кілт мабыл кілт қатунайды,0.36363636363636365,0.10526315789473684,11
train-00004-of-00048_000015,және де достар астында бізде осындай кіп кішкентай сары балапан,жәнеде достар астында бізде осындай кіп кішкентай сары балапан,0.2,0.015873015873015872,10
train-00004-of-00048_000016,бұл енді менікі емес бұл мысықтікі,бұл енді меңке емес бұл мысықтікі,0.16666666666666666,0.08823529411764706,6
train-00004-of-00048_000017,және де енді мынау менің сумкам неге осындай ішінде ешнәрсе жоқ,жәнінде енді мынау менің сумкам некей осындай ішінде ешнәрсе жоқ,0.2727272727272727,0.06349206349206349,11
train-00004-of-00048_000018,бір жерге келетін болсам осыған заттарыңды салам,бір жерге кедеттім болсам осыған заттарыңды салам,0.14285714285714285,0.0625,7
train-00004-of-00048_000019,мінекей достар бізде осы жерді көрсетті және де достар мен бір нәрсені ұмытып бара жатырмын мінекей бұл бізде өте сүйкімді аю кілем өте әдемі ал енді мен сіздерге кухняны көрсетейін,мінеке достар бізде осы жерді көрсеттім жәйынде достар мен бір нәрсені ұмытып бара жатырым мінеки бұл бізде өте сүйкімді аю кілем өте әдемі ал енді мен сіздерге қухыняны көрсетейін,0.23333333333333334,0.06077348066298342,30
train-00004-of-00048_000020,достар мінекей бұл бізде кухня негізі достар мен басында үйді көргенде тауып қала жаздадым маған бұл үй өте қатынады және де барлығын менің идеям басқа жақтан алған жоқпын өзімнің идеямнан жасадым,достар мінеге бұл бізде қохыня негізі достар мен басында үйді көргенде талып қала жазадым маған бұл үй өте қатынадым жәнеде барлығы менің идеям басқа жақтан алған жоқпы өзімнің идеямнан жасадым,0.2903225806451613,0.05612244897959184,31
train-00004-of-00048_000021,мінекей осындай кішігірім бір кухням,мінеке осындай кішігірім бір кухнем,0.4,0.05555555555555555,5
train-00004-of-00048_000022,достарин алдымен біз осы жерден бастайық міне басу осы жерден басталады міне бұл жерде бұл жерде бізде холодильник мінекей ішінде өте толы,дөстариын алдымен біз осы жерден бастайық міне басы осы жерден басталады міне бұл жерде бізде холодинг мінеке ішінде өте тола,0.3181818181818182,0.13768115942028986,22
train-00004-of-00048_000023,ақтар,tmtar,1.0,1.0,1
train-00004-of-00048_000024,бұл енді бізде бір айға жетеді деп ойлаймын,бұл енді бізде бір айғажетжеп ойлаймын,0.375,0.13953488372093023,8
train-00004-of-00048_000025,вот так мники,вот так мнеки,0.3333333333333333,0.07692307692307693,3
train-00004-of-00048_000026,міне енді жазда қатты қарның аша бермейді ата квот,міне енді жазда қатты қарның аша бермейді ата квот,0.0,0.0,9
train-00004-of-00048_000027,енді мына жерде бізде осындай бір,енді мына жерде бізде осындай бір,0.0,0.0,6
train-00004-of-00048_000028,газ сондай,ga sonda,1.0,0.9,2
train-00004-of-00048_000029,мінекей шкаф мінекей осындай ыдыс жуатын машинам міне сондайлар міне мына жерден сізге дұрыстап көрсетейін мына жерде бізде газ және де осындай,мнеке шкаф мнеке осындай дыс жуатын машиным міне сондайлар міне мына жерден серге дұрыс стап көрсетсейін мына жерде бізде газ жәнеде осындай,0.45454545454545453,0.08391608391608392,22
train-00004-of-00048_000030,скара водка ма әйтеуір бір нәрсе и потом осының ішінде пешке бізден осындай бір атын білмейді екенмін,скаравоткама теуір бір нәрсе ипотом осының ішінде пешке бізде осындай бір атым білмейт екенмін,0.5294117647058824,0.09900990099009901,17
train-00004-of-00048_000031,ну что қазір барлығын ұмытып жатырмын мінекей достар мына жерде бізде осындай қасық велка осындайлар и енді достар мына жерде бізде осындай,мүшто қазір барлығын ұмытып жатырмын мөнеки достар мына жерде бізде осындай қасық велка сін осындай алар енді достар мына жерде бізде осындай,0.2727272727272727,0.1079136690647482,22
train-00004-of-00048_000032,енді бұл жерге ыдыс жусақ та болады қол жусақ та болады барлығын істесек болады,енді бұл жерге ұтыш жусақты болады қол жусақтып болады барлығын істесек болады,0.35714285714285715,0.10126582278481013,14
train-00004-of-00048_000033,енді ыдыс жуатын мен қолмен жумаймын,енді ұрыс жуатын мен қолмен тұрмаймын,0.3333333333333333,0.1388888888888889,6
train-00004-of-00048_000034,енді,يند,1.0,1.0,1
train-00004-of-00048_000035,ерініп тұрғанда міне бізде ыдыс жуатын машина бар өте күшті,ерініп тұрғанда міне бізде ыды уатым машина бар өте қышті,0.3,0.0847457627118644,10
train-00004-of-00048_000036,енді мына шкафта бізде осындай тарелка және де,енді мына шқафта бізде осындай тариялка женде,0.5,0.13043478260869565,8
train-00004-of-00048_000037,мындай бір бакал,utыnday bіr bakal,1.0,0.8125,3
train-00004-of-00048_000038,неке жауап қоя салайық,нике жaл коя салаяk,1.0,0.4090909090909091,4
train-00004-of-00048_000039,енді достар мына жерде бізде осындай,енді достар мына жерде бізде осындай,0.0,0.0,6
train-00004-of-00048_000040,тоже бокал мінекей және де сіздер сіздер мынау не деп ойлап тұрған шығарсыздар иә мінекей,тожы бокал мінекей және де сыздар сіздер мынау не деп ойлап тұрған шығарсыздар я мінекей,0.2,0.056179775280898875,15
train-00004-of-00048_000041,бұл бізде осындай бір кофе мен шай ішкенді жақсы көрмеймін кофе ішкенді жақсы көремін,бұл бізде осындай бір кофе мен шай ішкенді жақсы көрмеймін кофе ішкенді жақсы көремн,0.07142857142857142,0.011764705882352941,14
train-00004-of-00048_000042,мінеки,ミニき,1.0,1.0,1
train-00004-of-00048_000043,өте,,1.0,1.0,1
train-00004-of-00048_000044,иә маған кофе қатты ұнайды сіздерге не ұнайды шай или кофе маған,иә маған кофе қаттынайды сіздерге не найды шәй или кофе маған,0.3333333333333333,0.0625,12
train-00004-of-00048_000045,кофе ұнайды енді бұның қасында бізде достар осындай бір тефал,көфеннайды енді бұның қасында бізде дұстар осындай бір тефал,0.3,0.06557377049180328,10
train-00004-of-00048_000046,және де астында газ бар,жанде астында газ бар,0.4,0.13043478260869565,5
train-00004-of-00048_000047,және де достар бізде осындай картинка өте әдемі картинка,жәнеде достар бізде осындай картинка үтай демокартинка,0.5555555555555556,0.125,9
train-00004-of-00048_000048,және де мына жерде бізде ыдыс жуатын машина сіздерге және де айттым өте күшті,жәнеде мына жерде бізде ыдыс шуатын машина сіздерге жәңелде айттым өте күшті,0.35714285714285715,0.05194805194805195,14
train-00004-of-00048_000049,енді достар,iendedostar,1.0,1.0,2
train-00004-of-00048_000050,бізде осындай яғни,bte 我snda yrn,1.0,0.8888888888888888,3
train-00004-of-00048_000051,четтер,sgr,1.0,1.0,1
train-00004-of-00048_000052,өте әдемән,وج جمم,1.0,0.9,2
train-00004-of-00048_000053,енді менің мысығымның ішетін жері мінекей осы жерде или менің қасыма келіп отырып ішеді мінекей осындай,енді менің мысығымның ішетін жері мінекей осы жерде или менің қасына келіп отырып ішеді мінекей осындай,0.0625,0.009708737864077669,16
train-00004-of-00048_000054,өте әдемі,wic أديaمaن,1.0,1.1111111111111112,2
train-00004-of-00048_000055,енді бізде тоже осындай екі перде мінекей осылай,енді бізде тожы осындай екі пердие мінекей осылай,0.25,0.041666666666666664,8
train-00004-of-00048_000056,жабады и ашылады ашылып тұра берсін,жабати ашылады ашылып тұра берсін,0.3333333333333333,0.08571428571428572,6
train-00004-of-00048_000057,и вот такенді достар мына жерде бізде,и вот так инда достармна жерде везде,0.5714285714285714,0.1891891891891892,7
train-00004-of-00048_000058,осындай бір әдемі гүл,wosendai ber aja megl,1.0,0.9523809523809523,4
train-00004-of-00048_000059,мне филет твой көп,мне филетвый кук,0.75,0.2777777777777778,4
train-00004-of-00048_000060,сондай араласқан потом төбесінде и вот так шығайық міне төбесінде бізде сағат мінекей,ошондай арласкан потом төбесинде ивл такшыайык мене төбесинде бизди сагат мнеки,0.9230769230769231,0.2235294117647059,13
train-00004-of-00048_000061,енді достар мен сіздерге келесі бөлмені көрсетейін,ыынды достар мин сізерге килесі білмені күрсетсейн,0.8571428571428571,0.2,7
train-00004-of-00048_000062,достар мінеки бұл менің бөлмем өте әдемі маған бөлмем қаттырақ ұнады бірақ ішінде мебельдер көп емес,достар мінеки бұл менің бөлмем өте әдемі маған бөлмем қатты рағынаты бірақ үшінде мебілдер көп емес,0.25,0.08,16
train-00004-of-00048_000063,вот так,وت,1.0,1.0,2
train-00004-of-00048_000064,бірақ маған дизайн қаттырақ ұнады дизайн өзімдікі идея да өзімдікі,бірақ маған дизайн қат тұра ұнаты дизайн өзімдікі идеяда өзімдікі,0.5,0.07575757575757576,10
train-00004-of-00048_000065,енді достар бізде осындай төсек қазір мен ұйықтайын десем то есть жатайын десем ұйықтап қалайын деп тұрған түрім бар сондықтан жатпай ақ қояйын мінекей осындай бір төсек көргендеріңізде енді соның үстінде бізде осындай компьютер вот так мен бұл жерде ютуб көремін кино көремін көп нәрсе көремін,енді достар бізде осындай төсек қазір мен ұйқтайын десем то жатайын десем ұйықтап қалайын деп тұрған түрім бар сондыдан жатпай ақ қояйын мінеке осындай бір төсек көргендеріңізде енді соның үстінде бізде осындай компьютер фотапмен бұл жерде oютуб көремін кино көремін көп нәрсе көремн,0.1956521739130435,0.05442176870748299,46
train-00004-of-00048_000066,және де мен блогермін кейбір кезде компьютермен монтаждай или телефонмен маған ыңғайлы негізді телефонмен,жәнеде мен блогермін кейбір кезек компьютермен матыжда ле телефонмен маған ыңғайлы негізі телефонмен,0.42857142857142855,0.09523809523809523,14
train-00004-of-00048_000067,жақсы,,1.0,1.0,1
train-00004-of-00048_000068,және де достар мінеки мына жерде бізде осындай 1 картина,жаниде достары мнеке мына жерде бізде осындай бір картина,0.5,0.16071428571428573,10
train-00004-of-00048_000069,бұл қайықтың картинасы ма,бұл қайықтың картинасы маа,0.25,0.04,4
train-00004-of-00048_000070,қатырағы ұнады,かترなد,1.0,1.0,2
train-00004-of-00048_000071,өте ерекше бір бөлме сияқтыдан,өйте ерекше бір бөлмей сияқтыдан,0.4,0.06666666666666667,5
train-00004-of-00048_000072,андай бөлменің сәнін алып тұрады өте әдемі,анда бөлменің сәнін алып тұрат уйтядема,0.5714285714285714,0.21428571428571427,7
train-00004-of-00048_000073,енді достар мен тезекке өзімнің яғни отырып оянатын,енді достар мен сіздерге өзімнің яғни отырып оянатын,0.125,0.09803921568627451,8
train-00004-of-00048_000074,отып бір нәрсе істейтін жерімді көрсетсең міне көріп тұрғандарыңыздай осындай,отыппі нәрсе істейтін жерімді көрсетсен міне көріп тұрғандарыңыздай осындай,0.3,0.05194805194805195,10
train-00004-of-00048_000075,міне мына жерде бізде боянатын заттар және де осындай свет лампа дей берейік міне осындай тең мінекей осындай,мене мына жерде бізде боянатын заттарым және осындай свет лампа деберейік міне осындай тен мінеки осындай,0.3888888888888889,0.10091743119266056,18
train-00004-of-00048_000076,пудра помада кисточка сондай духи мен тек қана осылай боянамын өте әдемі негізі мен көп косметика аламын,пудропомадам кесичка сондай духи мен тек қана осылай бойлянамын өте әдемі негізімен көп космиткі аламын,0.4117647058823529,0.11538461538461539,17
train-00004-of-00048_000077,ну жақындап влог түсіретін шығармын,ну жақында флок түсіретін шығармын,0.4,0.08571428571428572,5
train-00004-of-00048_000078,енді достар мен сіздерге өзімнің,енді достар мен сіздерге өзімнің,0.0,0.0,5
train-00004-of-00048_000079,яғни әдемім,يغني أتمام,1.0,0.9090909090909091,2
train-00004-of-00048_000080,папчка,бабочка,1.0,0.5,1
train-00004-of-00048_000081,клемды көрсеттің мики,مد كrsच مk,1.0,0.9047619047619048,3
train-00004-of-00048_000082,бізде осындай көбелек кілем өте әдемі,везде осында көбеле кл үте әдем,1.0,0.24324324324324326,6
train-00004-of-00048_000083,маленький бір клиент,мальникий бір клиент,0.3333333333333333,0.1,3
train-00004-of-00048_000084,енді достар мына жерде бізде осындай,енді дұстар мына жерде бізде осындай,0.16666666666666666,0.027777777777777776,6
train-00004-of-00048_000085,енді лампа және телефоным мен бұл жерде көбінесе видео түсіремін әсіресе мен бөлмемде түсіремін өте әдемі менің бөлме,енді лампа жәнеде телефоным мен бұл жерде көбінесе видео түсіремін әсіресе мен бөлмем де түсіремін өте әдемі менің бөлмем,0.2222222222222222,0.03418803418803419,18
train-00004-of-00048_000086,менің бөлмем эстетика сияқты да өзіме солай көрінеді енді достар мына жерде бізде осындай көп көп көп көп көп көп көп көп киімдер көрдіңіздер ме мінекей бізде осындай киім бар осындай киім бар потом осындай киім бар көрсете берсем ұзақ уақыт алып кетеді енді бізде осындай көп киімдер мына жерде достар бізде осындайең керек заттарым мінекей мына жерде мен ойнаймын шын тысқанда ойындар бар мінекей,менің бөлмем эстетика сияқты да өзіме солай көрінеді енді достар мына жерде бізде осындай көп көп көп көп көп көп көп киімдер көрдіңіздер ме мінеки бізде осындай киім бар осындай киім бар ботом осындай киім бар көрсете берсем ұзақ уақыт алып кетеді енді бізде осындай көп киімдер мына жерде достар бізде осындай ең терек заттары мінеки мына жерде мен ойнаймын шымысқанда ойындар бар мінеки,0.16923076923076924,0.04271356783919598,65
train-00004-of-00048_000087,және де достар мына жерде бізде менің мани мани ақшам бар,жайынде достар мына жерде бізде менің мани мани ақшам бар,0.18181818181818182,0.07017543859649122,11
train-00004-of-00048_000088,ұмыт,,1.0,1.0,1
train-00004-of-00048_000089,достар бұл менің ақшам,дұстар бұл менің ақшам,0.25,0.045454545454545456,4
train-00004-of-00048_000090,но тоже менің байлығым,нау тоже менің байлығым,0.25,0.09090909090909091,4
train-00004-of-00048_000091,и вот так қойып қоя салайын,и вотаҡ ҡуйюп ҡоясалайын,0.8333333333333334,0.2962962962962963,6
train-00004-of-00048_000092,енді мен андай кейбір кезде шыдасып кететін әріптерім бар да иә,енді мен ндай кейбір кезде шыдас кететін әріптерім бардыай,0.45454545454545453,0.12698412698412698,11
train-00004-of-00048_000093,мына жерде тоже киім неге мынандай киім бар бізде не,значет тоже ким ники нанда ким барбеззе ни,0.9,0.36538461538461536,10
train-00004-of-00048_000094,вот так мына жерде тоже осындай киім бар міне бұл жерде бізде киімдер барлығым,вот так мына жерде тожы осында кейім бар мне бұл жүрде біздем кейімдер байлығым,0.5714285714285714,0.1282051282051282,14
train-00004-of-00048_000095,сәтті,س,1.0,1.0,1
train-00004-of-00048_000096,ендіңіздер бізде мына жерде,енді стәр бізде мынай жерде,0.75,0.2222222222222222,4
train-00004-of-00048_000097,табиғат айласы десек те болады мінекей бізде осындай үлкен терезе мінекей осындай міне бізде осындай гүл тұрады және де осындай перде бұл достар енді бізде өзгеше бір,табиғат айласы десекте болады мінекей бізде осындай үлкен терезе мінекей осындай міне бізде осындай гүл тұрады жәнеде осындай перде бұл достар енді бізде өзгеше бір,0.14814814814814814,0.012048192771084338,27
train-00004-of-00048_000098,перде мики,پێرزێم میکی,1.0,1.0,2
train-00004-of-00048_000099,өте әдемі бір түсі жоқ сондай бір,өте әдемі бір түсі жоқ сондай бір,0.0,0.0,7
train-00004-of-00048_000100,енді достар бізде төбеде осындай свет өте әдемі свет маған қатты ұнайды осы свет прям прям прям қатты ұнайды енді достар менің бөлмем осы келесі бөлмеге кеттік,енді дұстар бізде төбеде осындай свет өте әдемі свет маған қатынайт осы свет прям прям прям қатынайдым енді дұстар менің білмем ұсы келесі білмеге кетіп,0.37037037037037035,0.10062893081761007,27
train-00004-of-00048_000101,мінеки достар бұл бізде осындай жуынатын бөлме,мінекей достар бұл бізде осындай жуынатым бөлме,0.2857142857142857,0.06521739130434782,7
train-00004-of-00048_000102,мінекей мына жерде бізде ванна және де төбесінде осындай бір заттар негізі маған ванна ыңғайлырақ бұрыштан қарағанда,міне ке мына жерде бізде ванна жәнеде төбесінде осындай бір заттар негізі маған ванна ыңғайлырақ туыштан қарағанда,0.29411764705882354,0.05172413793103448,17
train-00004-of-00048_000103,мінекей бізде осындай шампунь мінекей екі шампунь бұл шампуньлар өте күшті мінекей осындай шампуньдар алыңыздар деп реклама жасап кетейін деп,мінеки бізде осындай шампонь мінеке екі шампионь бұл шампондар өте күшті мінеке осындай шампиондар алыңыздар деп рекламан ұштап кетейін деп,0.45,0.12056737588652482,20
train-00004-of-00048_000104,мінеки осындай шампунь,منikي وsدa شampون,1.0,0.9090909090909091,3
train-00004-of-00048_000105,мне,мне,0.0,0.0,1
train-00004-of-00048_000106,орнына қоя салайын,وورنا قيسلين,1.0,0.9444444444444444,3
train-00004-of-00048_000107,мінекей сіздерге видео қызықты болып жатыр ма деп сұрап кетейін анда анда санда,мінеки сіздерге видео қызықты болып жатыр ма деп сұрап кетсейін анда анда саңда,0.23076923076923078,0.05063291139240506,13
train-00004-of-00048_000108,мінекей достар бұл бізде осындай бір бетке жағатын әйтеуір бір нәрсе,мнеки дүстар бул бизди осында бир бизге жағаттын жыр бир нерсе,1.0,0.3088235294117647,11
train-00004-of-00048_000109,және де бізде осындай тарақ неге обычный тарақ,және де бізде осындай тарақ мнеке опичины тарақ,0.25,0.13043478260869565,8
train-00004-of-00048_000110,потом осындай бір маскамен киіп екен осындай бір қалат,потом осындай бір маска мене кейеп еткен осындай бір калат,0.5555555555555556,0.12962962962962962,9
train-00004-of-00048_000111,мінекей осындай заттар тұрады бұл жерде,мінеки осындай заттар тұрады бұл жердем,0.3333333333333333,0.07692307692307693,6
train-00004-of-00048_000112,енді бізде төбесінде осындай картинка және де осындай свет ядыздар білесіздер мен көбінесе бөлмелерге картина қоя беремін өзіме білмеймін сондай удобно ма сондай 1 нәрсе ау деймін,енді бізде төбесінде осындай картинка және де осындай свет ядздар білесіздер мен көбінесе бөлмелерге картина қоя беремін өзіме білмеймін сондай добнама сондай бір нәрсе аудимын,0.2222222222222222,0.061452513966480445,27
train-00004-of-00048_000113,енді достар мына жерде бізде осындай жуынатын және де осындай платьянца,енді достар нә жерде бізде осындай жунаттың жәнее осындай платианса,0.45454545454545453,0.15492957746478872,11
train-00004-of-00048_000114,мінекей қол сүртеміз бет сүртеміз сондай бір нәрсе,мінекей қол сүртеміз бет сүртеміз сондай бір нәрсе,0.0,0.0,8
train-00004-of-00048_000115,енді достар рафинаға көшейік мінекей бізде осындай айна бір сопақ айна және де осындай рафинаның өзі мінекей су ағады істейді осындай бір нәрсе,енді достар рафинаға көшейік мінеке бізде осындай айна бір сопақ айна және де осындай рафинаның өзі мінеке су ағады істейді осындай бір нәрсе,0.08695652173913043,0.013986013986013986,23
train-00004-of-00048_000116,енді достар осындай шкафта бізде осындай жуынатын заттар енді тіс жуамыз сабын қолданамыз дегендей осындай заттар,енді достар осындай шқавта бізде осындай жуынатын заттар енді тіс жуамыз сабын қолданамыз дегендей осындай заттар,0.0625,0.017699115044247787,16
train-00004-of-00048_000117,енді достар бізде осындай кілем мінекей осындай бір кілем өте әдемі ғажап кілем енді біз келесі бөлмеге кетейік мен бұл бөлмені көрсеттім осындай бір қарапайым көк түсті бір бөлме десем де болады ал енді біз келесі бөлмеге кетейік мен бұл бөлмені көрсеттім осындай бір қарапайым көк түсті бір бөлме десем де болады ал енді,енді достар бізде осындай кіле неке осындай бір кілем өте әдемі ғажап кіле енді біз келесі бөлмеге кетейік мен бұл бөлменім көрсеттім осындай бір қарапайым көктүсті бір бөлме десем де болады ал енді,0.48148148148148145,0.38509316770186336,54
train-00004-of-00048_000118,мен сіздерге келесі бөлмені көрсетейін,мин істерге келесі білмені көрсетейін,0.6,0.13157894736842105,5
train-00004-of-00048_000119,енді достар бұл жерде бізде мысықтың бөлмесін,енді достар бұл жерде бізде мысықтың білмесі,0.14285714285714285,0.044444444444444446,7
train-00004-of-00048_000120,мінекей мына жерде бізде осындай мысықтың шкафы міне мысықтың суреті тұр,мінекейін мына жүрде бізде осындай мысықтың ішқавы міне мысықтың суреді тұр,0.36363636363636365,0.09722222222222222,11
train-00004-of-00048_000121,бұның ішінде сіздерге не бар екенін толықтай көрсетіп кетейін,бұлдың ішінде серге не бар екенін толықтай көрсетіп кетейін,0.2222222222222222,0.08196721311475409,9
train-00004-of-00048_000122,міне біріншісінде бізде осындай ойыншық ники,міне бірінші сінде безде осындай ойын шоқ некем,1.0,0.1590909090909091,6
train-00004-of-00048_000123,осындай өнші жоқ,我sd n sق,1.0,0.875,3
train-00004-of-00048_000124,ал қалған моншықтар да бар бірақ оны шашып тастаған шығар,ал калган оңчыктарды бар бирак она шашып састаган шыгар,0.7,0.24561403508771928,10
train-00004-of-00048_000125,енді достар мына жерде бізде оның,енді достар мына жерде бізде оның,0.0,0.0,6
train-00004-of-00048_000126,тамақтары енді ол тамақты көп жейді,тамақтары енді ол тамақты көп жиді,0.16666666666666666,0.05714285714285714,6
train-00004-of-00048_000127,неке,نكيم,1.0,1.0,1
train-00004-of-00048_000128,және де бізде бұл жерде тарақ мінекей тарақ,және де бізде бұл жерде тарақ мінекей тарақ,0.0,0.0,8
train-00004-of-00048_000129,міне осындай бір шампунь ма сондай бір нәрсе,мне осындай бір шампуньма сондай бір нәрсе,0.375,0.045454545454545456,8
train-00004-of-00048_000130,нау білмеймін айтывыр бір нәрселері,no bilmiماcr brnاsiere,1.0,0.9428571428571428,5
train-00004-of-00048_000131,және де осындай білмей басынан ұра ма тыңдамаған ба,жәнеде осындай білмейн басынан ұрам атындамаған ба,0.6666666666666666,0.11764705882352941,9
train-00004-of-00048_000132,сондай шарт тыңдамаса осымен басын ұратын шарт,сындай шар тындамалса өсымен басын ұратын жар,0.7142857142857143,0.15217391304347827,7
train-00004-of-00048_000133,мен бірақ мысықтарды ұрмаймын өйткені мен мысықтарға жаным ашиды,мен бірақ мұсықтарды ұрмаймын өйткені мен мұсықтарға жаным ашидым,0.3333333333333333,0.046875,9
train-00004-of-00048_000134,енді болды мен сіздерге шкафын көрсеттім толықтай,енді болды мен сізерге шқабын көрсеттім толықтай,0.2857142857142857,0.061224489795918366,7
train-00004-of-00048_000135,ал енді мысықтың өзіне көшейік,ал енді мысықтын өзіне көшеек,0.4,0.1,5
train-00004-of-00048_000136,жаным пырылдап ұйықтап жатыр ғой жарайды білмей ақ қояйын ұйықтай берсін енді достар бізде осындай ойыншықтары міне бұл мысықты ойнатады мінекей,жаным пырылдап ұйықтап жатыр ғой жарайды білме қояйын ұйықтай берсін енді достар бізде осындай ойыншықтары міне бұл мысықты ойнатады мінекей,0.09523809523809523,0.027777777777777776,21
train-00004-of-00048_000137,мен бұл ойыншықты 1000 рет алып бердім,мен бұл оншықты мың рет алып бердім,0.2857142857142857,0.15789473684210525,7
train-00004-of-00048_000138,білмеймін әйтеуір біреуін ойнаттым екіншісін ойнаттым жұрт ұстай береді сондай бір бәле ғой әйтеуір,білмейм әтеір біреуін ойнаттым екіншісін ойнаттым жұртыстай береді сондай бір бәлеле ғой әтеір,0.42857142857142855,0.10101010101010101,14
train-00004-of-00048_000139,мінекей бізде осындай доп па бір нәрсе,mniki besde usnaudoppa bernerse,1.0,0.9210526315789473,7
train-00004-of-00048_000140,және де осындай бір өліп қалған бір балық,жәнеде осындай бір өліп қаған бір балық,0.375,0.04878048780487805,8
train-00004-of-00048_000141,мінеки көз жоқ,мнеки кезррок,1.0,0.35714285714285715,3
train-00004-of-00048_000142,жәнеке маңдай,r就 nd,1.0,0.9230769230769231,2
train-00004-of-00048_000143,тышт,,1.0,1.0,1
train-00004-of-00048_000144,және де бізде осындай мысықтың суреттері,және де бізде осындай мысықтың суреттері,0.0,0.0,6
train-00004-of-00048_000145,бұл мені асыраған мысық емес просто қоя салдым енді әдемі болып тұрсың деп,бул мен асыраған мысығ эмес броста қоя салдым енді әдем болуп тұрсын деп,0.6153846153846154,0.12162162162162163,13
train-00004-of-00048_000146,мінекей осындай мысығымның бөлмесі өте әдемі,мінеке осындай мұсығымның білмесі өте әдемі,0.5,0.06818181818181818,6
train-00004-of-00048_000147,ал достар біз мысығымыз екеуміз сіздермен қоштасатын боламыз сіздерге біздің румтор ұнады деген ойдамын енді достар сіздерге осы видео ұнасса енді көбісіне ұнап жатырса онда біз мысығымыз екеуміз флог челлендж шығарамыз иә,ал достар біз мысығымыз екеуміз сіздермен қоштасатын боламыз сіздерге біздің румтур ұнат дегенін ойдамын енді достар сіздерге осы видео ұнасан енді көп ісіне ұнап жатырса онда біз мысығымыз екеуміз флог челын шығарамыз я,0.25,0.06756756756756757,32
train-00004-of-00048_000148,мінекей мысықтың өзі де иә деп жатыр естідіңіздер ал енді сіздермен қоштасамыз біздің еңбегімізді қолдап кетіңіздер ал всем пока,мінеке мысықтың өзі де я деп жатыр естідіңіздер ал енді сісдермен қоштасамыз біздің еңбегімізді қолдап кетіңіздер а сем пакам,0.3157894736842105,0.0625,19
train-00004-of-00048_000149,бәріне сәлем сәлем бүгін әдеттегідей влог бүгін ерте тұрып таңертең өзімнің уходымнан бастаған болатынмын бүгін менде наконец то демалыс сондықтан ешқайда асықпаймын,бәрне сәлем сәлем бүгін әдеттегі девлог бүгін ерте тұрып қаңертен өзімнің ухотымнан бастаған болатынмын бүгін менде на конец та демалас сондықтан ешпайда асықпаймын,0.45454545454545453,0.06666666666666667,22
train-00004-of-00048_000150,жалпы таңертең отекқа қарсы мен ылғи да осылай шарикпен жаттығу жасаймын но жаттығу болғанда аяғыма қолыма денеме кәдімгідей өте жақсы көмектеседі,жалпы тәңерден атекқа қарсы мен ылғида осылай шарик пен жаттығу жазаймын о жаттығу бұғандай аяғыма қолыма денеме кәдімгідеу өте жақсы көмектеседі,0.47619047619047616,0.0821917808219178,21
train-00004-of-00048_000151,бетіме соңғы кезде осыны жағып жүрмін біраз болсын өзгеріс бар секілді,бетімен соңғы кезде осыны жағып жұрмын біраз болсын өзгеріс бар секілді,0.18181818181818182,0.04285714285714286,11
train-00004-of-00048_000152,сіздерде де жақып көргем бар ма сіздерге қалай болды бұл үні міндетті түрде таңғашырып алуым керек,сіздерде де жағып көрген бар ма сіздерге қалай болды бұл өні міндет түрде таңғас жұп алуым керек,0.375,0.09183673469387756,16
train-00004-of-00048_000153,әйтпесе менде мүлдем әлі де күште болмайды жаттығуға осындай блинчиктар банан и мына жақтар сметаны,әйтпесе менде үлдем әл де күшікте болмайды жаттығуға осыдай блинчикті арбанан ейім нажықтар сметана,0.6666666666666666,0.15151515151515152,15
train-00004-of-00048_000154,өте дәмді,ölcedemde,1.0,1.0,2
train-00004-of-00048_000155,мен уже массаж шлица уходымды жасап болдым енді қазір үйде жаттығу жасайтын боламын мен бұдан былай үйде жаттығуды себебі мен жалпы кардио немесе силовой,мен ужа мас шлицау ходымды жасап болдым енді қазір үйде жаттығу жасайтын боламын мен бұдан былай үйде жасайтын боламын жаттығуды себебі мен жалпы кардио немесе силовой,0.25,0.1503267973856209,24
train-00004-of-00048_000156,жаттығулардан қарағанда йога жасаған наркома жаттығу жасаған жалпы здоровая спина деген секілді сондай жаттығулар жасаған маған тиімдірек және сондай жаттығу жасау керек жалпы өзімнің денсаулығыма байланысты,жаттығулардан қарағанда йога жасаған арқама жаттығу жасаған жалпы аздаровая спина деген секілді сондай жаттығулар жасаған маған тиімдірек және сондай жаттығу жасау керек жалпы өзінң денсаулығыңа байланысты,0.15384615384615385,0.03864734299516908,26
train-00004-of-00048_000157,оны маған үйден жасаған ыңғайлырақ секілді сондықтан сондықтан деп көп айтып кеттім,оны маған үйден жасаған ұңғайлырақ секілді сондықтан сондықтан деп көп айтып кеттін,0.16666666666666666,0.024096385542168676,12
train-00004-of-00048_000158,итюж жасаймын деп шешім қабылдадым,үйде жұзаймы деп шешім қабылдадым,0.4,0.20588235294117646,5
train-00004-of-00048_000159,осы жерден жаттығулар қарап қазір жасайтын боламын арқаға арнауға жаттығулар,осы жерден жаттығулар қарап қазір жасайтын боламын арқағы арнауған жаттығулар,0.2,0.02631578947368421,10
train-00004-of-00048_000160,мен магазинге шықтым үйге қажетті заттарды,мен магазинге шықтым еге қажетті заттарды,0.16666666666666666,0.047619047619047616,6
train-00004-of-00048_000161,продуктылар біраз азық түліктер алу керек,продуктылар біраз асықтіліктер алуы керек,0.5,0.0975609756097561,6
train-00004-of-00048_000162,сәтті ақ үйге келдім,қасаттар жүге келдім,0.75,0.4,4
train-00004-of-00048_000163,өйткені бұл биолог бұл өрнек дәмекке қажет,كن بl بيolوg لرنتقج,1.0,0.9285714285714286,7
train-00004-of-00048_000164,сериалдым тазалық етіп,diloldymtasaوgedyp,1.0,1.0,3
train-00004-of-00048_000165,жалпы таулығы етін дайындау өте жылдам басқа еттерге қарағанда мен асығыс болған кезде,жалпы тау ертін дайындау өте жылдан басқа еттерге қарағанда минас сіғіс болған кезде,0.38461538461538464,0.13953488372093023,13
train-00004-of-00048_000166,жалпы осы та оқитынмын,жалпы ұсы тауып кетпіңмі,0.75,0.5454545454545454,4
train-00004-of-00048_000167,соуыз ретінде пайдалану мәселелерінде,сол өсіретінде пайдаланымызде дамда,1.0,0.4594594594594595,4
train-00004-of-00048_000168,лавар,来板,1.0,1.0,1
train-00004-of-00048_000169,ең соңғы ол бізді түк үнсізді феш және помидор,ең соңғы ол бізді төконцті фешіне понидод,0.5555555555555556,0.2608695652173913,9
train-00004-of-00048_000170,қазір енді түскі ас жасайтын боламын,қазір енді түскаш жасайтын боламын,0.3333333333333333,0.08333333333333333,6
train-00004-of-00048_000171,жалпы мен қазір бұл жерге өзіме шүкірім,жалпы мен кізір бұл жерде өзімеік шүкірім,0.42857142857142855,0.1282051282051282,7
train-00004-of-00048_000172,сауырма секілді жасайын деп жатырмын бірақ по по вариантында пиар помидор жаңағы тауық етін саламын соусқа грецкий йогурт қолданамын,шауырма секілі жасайын деп жатырмын бірақ папа вариантта пияр понидор жаңагы тауық етін саламын соуысқа грежескей огртіп қолданамын,0.5789473684210527,0.15151515151515152,19
train-00004-of-00048_000173,үйде бар барлық кокониттерді саламын,үйде бар барлықті конттерзаламын,0.6,0.2222222222222222,5
train-00004-of-00048_000174,главное фри секілді майлы заттарды қоспай ма и прямо сондай үлкен болып шықты ну как үлкен бір құлын секілді примерно бірақ та ішінде тек қана пайдалы өнімдер көкөністер тау беті,главный фри секілді майлазаттарды қоспаймын епрям осындай үйліккен бопшықты ну кәкүлкен бір қолың секілді примерні бірақта ішінде тек қана пайдалы өнімдер көкәністер талық еті,0.6666666666666666,0.16292134831460675,30
train-00004-of-00048_000175,тауық еттінің өзін мен өте аз майға буырдым,тауғеттің өзімен өте азмайға қуырдым,0.875,0.20930232558139536,8
train-00004-of-00048_000176,оған,我,1.0,1.0,1
train-00004-of-00048_000177,қазір бірдеңе көріп отырып,ктр пртекрбтрв,1.0,0.6923076923076923,4
train-00004-of-00048_000178,жетім боламын түскі атымды,жетім құламын түскі атында,0.5,0.15384615384615385,4
train-00004-of-00048_000179,из подкасттар көрген ұнайды өйменді қазір,екс подкасттар көргенін айды ойменді қазір,0.6666666666666666,0.17073170731707318,6
train-00004-of-00048_000180,сөйтіп жүргеніңіздер ғой,,1.0,1.0,3
train-00004-of-00048_000181,менің бүгін каспи магазиннен жалпы бүкіл тапсырыстарым келді соларды орналастырып қойдым сіздерге көрсететін боламын,менің бүгін каспи магазиннен жалпы бүкіл тапсырыстарым келді соларды орналастырып қойдым кісіздерге кірістетін боламын,0.14285714285714285,0.04310344827586207,14
train-00004-of-00048_000182,ең бірінші аузымын саттым қазір,ең бір жалымзатым қазір,0.6,0.3870967741935484,5
train-00004-of-00048_000183,давни бутылка,تبن البطوك,1.0,0.9230769230769231,2
train-00004-of-00048_000184,болуғыңыз мүмкін иә кәдімгі бутылка бірақ,baлaлaрbыз мүmкін якadыmga бuтылкa брaк,1.0,0.5365853658536586,6
train-00004-of-00048_000185,посмотрите,посмотрите,0.0,0.0,1
train-00004-of-00048_000186,им,ن,1.0,1.0,1
train-00004-of-00048_000187,екі литр короче шине,иклитр короче шне,0.75,0.2,4
train-00004-of-00048_000188,достық нұрмұн,rmn,1.0,1.0,2
train-00004-of-00048_000189,немесе чпт мен де есептесеңіздер болады менде екі литр суым керек бір жарым екі литр кем,немесе чашипити менде есептесеңіздер болады мен де екі литр шуым керек бір жарым екі литр кем,0.375,0.09090909090909091,16
train-00004-of-00048_000190,кемінде яғни тұрақты түрде жууім керек,кемінде н трактотөрлешуім керек,0.6666666666666666,0.3157894736842105,6
train-00004-of-00048_000191,сондықтан мен ылғи да ұмытып кетемін су ішуден,сондуқтан мен ылғей да мытып кетем суушудым,0.75,0.21739130434782608,8
train-00004-of-00048_000192,шыны керек мүлдем су ішпейтінмін бұрындары соңғы кезде жаңа әдет қалыптастырып жүрмін,шыны керек мөлдем су ішпейтінмін бұрындарым соңғы кезде жаңа дет қалыптастырып жүрмын,0.3333333333333333,0.047058823529411764,12
train-00004-of-00048_000193,жаңа сондай,تنسني,1.0,1.0,2
train-00004-of-00048_000194,бутылка қызықша бөтелке алдым алған затым ол осындай,бутука қызықшы бөтелікке алдым елесі алған заптым ол осындай,0.625,0.23076923076923078,8
train-00004-of-00048_000195,не деп ойлайсыздар блокнот емес блок,тдодом недевойлайсыдар блакнут эмесблак,1.0,0.4444444444444444,6
train-00004-of-00048_000196,блокнотқа ұқсайды иә бірақ блокнот емес ішіне менің қаржылық сауаттылығыма байланысты осындай,блакнетка ұқсайды я бірақ блакнет емес ішіне менің қаржылық сауаттылығыма байланысты осындай,0.25,0.07526881720430108,12
train-00004-of-00048_000197,парақшалары бар ну парақша болғанда осындай пакетиктер бар көрсетсем болады осындай біреу,парақшалары бар ну парақша болғанда осындай пакетиктер бар эскурсестем болады осындай крем,0.16666666666666666,0.0898876404494382,12
train-00004-of-00048_000198,жазып салып қоясың мен әр жеріне мысалы үшін былай болашаққа,жазып салып қоясыз мен әр жеріне мысал үшін былай болашаққа,0.2,0.03333333333333333,10
train-00004-of-00048_000199,там көңіл күй деген секілді секторлар,там көңіл күй деген секілді секторлар,0.0,0.0,6
train-00004-of-00048_000200,секілді бөліктерге бөліп қойдым,sекіlді бөlіктерге бөlіп қoйдiм,1.0,0.1935483870967742,4
train-00004-of-00048_000201,қажеттілікке мысалы үшін қайырымдылыққа шынымен,қажеттілікке мысалшын қайырымдылыққа шінем,0.6,0.1702127659574468,5
train-00004-of-00048_000202,соны енді,زم眼的,1.0,1.0,2
train-00004-of-00048_000203,оқида осы қолдану арқылы мен өзімнің қаржылық сауаттылығымды дамытамын деп ойлап жүрмін өте керемет сырттай блокнот секілді көрінеді өте әдемі және де,оқида осы қолдануы арқылы мен өзімнің қаржылық сауаттылығымды дамытамін деп бойлап жүрмын өте керемет сырттай вакнут секілді көрінеді өте әдемі және де,0.22727272727272727,0.05333333333333334,22
train-00004-of-00048_000204,ең бірінші осындай қағаздары беріледі сіздің өзіңіздің алдағы пландарыңызды типа заметки секілді жазып қойсаңыз да болады мен ең бірінші бетіне фатиха сүресін жазып қойдым мына жақтарына карточка салуға болады ручка қойып қоюға болады менің ойымша өте ыңғайлы,ең бірінші осындай қағаздары беріледі сізің өзіңіздің алда планларыңызда типа замитки секілді жазып қойсаңыздар боладым мен ең бірінші бетіне фатиха сүресін жазып қойдым нажақтарына картучка салуға болады ручка қойып қоуға болады менің ойымша өте ыңғайлы,0.2972972972972973,0.05405405405405406,37
train-00004-of-00048_000205,болады осы жерде тұра берсін,ستربز,1.0,1.0,5
train-00004-of-00048_000206,келесі мені берген өте ұзақ күткен жоқ қатты ұзақ күткен жоқпын бірақ өзім қатты соңғы кезде алғым келген десем болады,келесі менім берген өте ұзақ күткен жоқ қатты ұзақ күткен жоқ бірақ өзім қатты соңғы кезде алғым келген десем болады,0.1,0.03389830508474576,20
train-00004-of-00048_000207,зат ол кітап қандай кітап деп ойлайсыздар,заат ол китап кандай китепте болайсыздар,0.8571428571428571,0.24390243902439024,7
train-00004-of-00048_000208,тың,对,1.0,1.0,1
train-00004-of-00048_000209,бауыржан момышұлы жайлы волоколамск тас жолы деп аталады александр бектон жазған,бауыржан момшылы жайла валакаламск ташжола деп аталады александр бектон жазған,0.45454545454545453,0.1125,11
train-00004-of-00048_000210,туындысы бұрыннан бері прямо мен сіздерге шындығымды айтайыншы бір жылдан бері оқығым келіп жүр қайта қайта ең керемет туынды шедевр деп еститінмін,туындысы бұрыннан бері пряма ме сіздерге шындығымдайтайынша бір жылдан бері оқығым келіп жүр қайта қайта ең керемет туынды шедевер деп естейтінмін,0.2727272727272727,0.05442176870748299,22
train-00004-of-00048_000211,және де мен өзім,zaнzеmenazym,1.0,0.875,4
train-00004-of-00048_000212,бауыржан атамызды бауыржан момышұлы жайлы да жақсы көп жалпы деректер білгім келетін сондықтан,бауыржан атамызды бауыржан момышылы жайылында жақсы көп жалпы деректер бүлгім келетін сондықтан,0.3076923076923077,0.0425531914893617,13
train-00004-of-00048_000213,ұзақ уақыт бойы менің қолым тимей жүрген болатын сабақтарға байланысты мен,ұзақ уақыт бойы мен қолым темей жүрген болатын сабақтарға байланыстымн,0.36363636363636365,0.06756756756756757,11
train-00004-of-00048_000214,америкада болдым басқа да деген секілді мүлдем кітап оқуға уақытым болмады,америкада болды басқа да деген секілді мүлдем кітап оқуға уақтым болмады,0.18181818181818182,0.02702702702702703,11
train-00004-of-00048_000215,енді осы,嗯因对我是,1.0,1.0,2
train-00004-of-00048_000216,жақын арада,جقن ردام,1.0,0.9090909090909091,2
train-00004-of-00048_000217,өзімнің босаған уақытымды пайдаланып осылай кітап бастадым,өзімнің босаған уақытынды пайдаланып сла кітап бастадым,0.2857142857142857,0.06896551724137931,7
train-00004-of-00048_000218,өте қуаныштымын,өйтте қуаныштымын,0.5,0.13333333333333333,2
train-00004-of-00048_000219,сіздерге міндетті түрде өзімнің ойыммен оқып кеткеннен кейін бөлісетін боламын,сіздерге міндетті түрде өзімнің ойыңмен оқып кеткеннен кейін бөлісетін боламын,0.1,0.01282051282051282,10
train-00004-of-00048_000220,әрине де керемет болады деп мен сенімдімін бірақ та,әринеде керемет болады деп еліне сенімдімін бірақта,0.5555555555555556,0.11764705882352941,9
train-00004-of-00048_000221,дегенмен ютуб арнамда өзімнің жеке арнам болғандықтан пікірімді айтатын боламын,деген мен елтуб арнамда өзімнің жекі арнам болғандықтан пікірімді айтатын боламын,0.4,0.05063291139240506,10
train-00004-of-00048_000222,келесі алған заттарым ол,келесі алған заттарым ол,0.0,0.0,4
train-00004-of-00048_000223,өте көп қара ручка гелевый қателеспесем,өте көп караручка гелв гельвыкателись псем,0.6666666666666666,0.358974358974359,6
train-00004-of-00048_000224,құдай қалай өзіңіздерді,,1.0,1.0,3
train-00004-of-00048_000225,көбі білетін шығар жазған кезде осындай ручкалардың постасы тез бітіп қалады,көбі білетін шығары жазған кезде осындай ручикаларың пастасы тезбітіп қалады,0.45454545454545453,0.06578947368421052,11
train-00004-of-00048_000226,сондықтан бір ақ алып қойдым жақын арада жалпы қытай тілін оқыған кезде де корейский оқыған кезде жалпы маған әдемі болып жазған ұнайды,сондықтан бір ақ алып қойдым жақын арада жалпы қытай тілін оқыған кезде де корейски оқықан кезде жалпы маған әдемі болып жазғанын айтты,0.18181818181818182,0.05185185185185185,22
train-00004-of-00048_000227,ең соңғы алған затым осындай,ең соңғы алған затым осындай,0.0,0.0,5
train-00004-of-00048_000228,полка ну сөре десем де болатын шығар кітаптарымды қойып қойғанға ылғи да мен бірнеше сабақтарды қатар оқығанды жақсы көремін осы үстелдің үсті ылғи да шашылып жататын,полка ну сөре десем де болатын шығар кітаптарымды қойып қойғанға ылғида мен бірнеше сабақтарды қатар оққанды жақсы көремін осы үстеліністі ылғида шашылып жататын,0.2692307692307692,0.04819277108433735,26
train-00004-of-00048_000229,осы жерде мысал үшін корейский китайский ағылшын барлықтарын әдемілеп қойып қойдым мына жақта тек оқитын кітаптарым айтпақшы соңғы кезде оқып жүргенім осындай энциклопедия сен білесің бе деген ішінде қызықты,осы жерде мысал үшін корейски китайски ағылшын барлықтарын әдемелеп қойып қойды мнажақта тек оқитын кітаптарым айтпақшы соң кезде оқуп жүргенн осындай энциклопедия сен білесін бе деген ішінде қызықты,0.3448275862068966,0.057971014492753624,29
train-00004-of-00048_000230,ақпараттар мәліметтер бар осыны да қатар оқып жүрмін жақында бастағаным жаңа көрсеткен сіздерге бала қаламызда ашу мына жерде,ақпараттар мәліменттер бар осында да қатар оқып жұрым жақында бастағаным жаңа көрсеткен стерге бала каламсыдар жол на жерде,0.3888888888888889,0.152,18
train-00004-of-00048_000231,мен оқыған кезде былай сызып жазып түртіп алып отырғанды жақсы көремін сондықтан фломастерлер там осындай,мен оқыған кезде былай сызып жазып түртіп алып отырғанды жақсы көремін сондықтан фломастерлер там осындай,0.0,0.0,15
train-00004-of-00048_000232,түрлі түсті карандаштар,turli tusti qarindoshtar,1.0,0.9565217391304348,3
train-00004-of-00048_000233,мына жақта менің өзімнің бағана істерге кіріскен карандаштарым мен ручкаларым,нажақта менің өзімні бағана істерге көрсеткен карандаштар мен ручикаларым,0.6,0.14285714285714285,10
train-00004-of-00048_000234,ыңғайлы әрі әдемі жақсы болып қалды негізі алғаным өте керемет болған,ыңғайлы әрі әдемі жақсы болып қалды негізі алғаным өте керемет болған,0.0,0.0,11
train-00004-of-00048_000235,жалпы сіздерге влог көрген қызықты ма жазып кетсеңіздер күшті болатын еді негізі мен өзім влог көрген ұнатамын сондықтан влог түсіремін бірақ мен бір өте қызықты влогтарым деп айта алмас едім себебі менде күнде тұрақты заттар жасау керек,жалпы сіздерге влог көрген қызықтыма жасып кетсеңіздер күштік болатын еті незде мен өзім влог көргенін атамын сондықтан влог түсіре бірақ мен бір өте қызықты влогтарым деп айтаалмасы едім себебі менде күнде тұрақты заттар жасауы керек,0.32432432432432434,0.07172995780590717,37
train-00004-of-00048_000236,иә,嗯,1.0,1.0,1
train-00004-of-00048_000237,ну не знаю мүмкін сіздерге ұнап қалар,ну не знаю момкостирки нап калар,0.5714285714285714,0.32432432432432434,7
train-00004-of-00048_000238,бүгінде мен тұрақты түрде қазір өзімнің кітабымды оқитын боламын жаңадан алған волоколамск тас жолы одан кейін қытай ағылшын кәріс тілдерінде оқимын,бүгінде мен тұрақты түрде казар өзіңнің кітабында оқитын боламын жаңадан алған волакаламысктас жолы одан кейін қытайы ағылшын каріс тілдерінде оқимын,0.3333333333333333,0.07432432432432433,21
train-00004-of-00048_000239,сондықтан,صندقتان,1.0,1.0,1
train-00004-of-00048_000240,бүгін немножко таки влог болат кішкене,быгон немножко тади влок плат к шкини,1.0,0.23684210526315788,6
train-00004-of-00048_000241,және де блогымды екі күнге жалғастырғым келіп тұр,және де влогумды екі күнге жалғас тырғым келіп тұр,0.375,0.061224489795918366,8
train-00004-of-00048_000242,ертең де түсіретін боламын ертең он алтыншы желтоқсан тәуелсіздік күніміз,ертеңде түсіретін боламын ертең он алтыншы желтоқсан тәуелсіздік күніміз,0.2,0.0136986301369863,10
train-00004-of-00048_000243,бүгін тәуелсіздігімізге 34 жыл соған орай бір баспадан 34 пайыз жеңілдік болып жатыр екен,бүгін тәңерсіздігіңізге отыз төрт жыл соған орай бір баспадан отыз төрт пайыз жеңілдік болып жатыр екен,0.35714285714285715,0.23595505617977527,14
train-00004-of-00048_000244,соған өзіме анама жалпы жақындарыма кішігірім сыйлық жасайын деп бара жатырмын,соған өзіме анама жалпы жақындар ма кішігірім силшсайын деп бара жатырмы,0.45454545454545453,0.11538461538461539,11
train-00004-of-00048_000245,кітап баспасына келсем осы жерді өте әдемі қылып безендіріп қойыпты өзіміздің тәуелсіздік күнімізге орай кімге қызық бұл отбасы христоматия баспасы мен осы жердің кітаптарын өте қатты ұнатамын,кітап баспасына келсем осы жерді өте әдемі қылып безендіріп қойыпты өзіміздің тобилсістік күнімізге орай кімге қызық бұл отбасы христоматия баспасы мен осы жердің кітаптарын өте қатты ұнатамын,0.037037037037037035,0.026041666666666668,27
train-00004-of-00048_000246,вот сіздерге де келуге кеңес беремін,f seजrक चe k luग k ngisप रem,1.3333333333333333,0.8611111111111112,6
train-00004-of-00048_000247,мен уже келдім менің алған кітаптарым қазір сіздерге көрсететін боламын бірінші бейсен және болмас бұны,әй руан мен ожы келдім менің алған кітаптарым азір сіздерге көрсететін боламын бірінші белсен және болмас бұны,0.3333333333333333,0.11650485436893204,15
train-00004-of-00048_000248,мен ағама алдым бұны әрбір ер азамат жалпы әрбір қазақ оқуға міндетті мына жерде тұрған кітаптардың барлығын бірақ та әсіресе бейсен және бомыс көбінесе ұлдарға арналған деп айтады өзім де оқып көргім келеді мен үшін өте қызық өзім оқымағанмын,мен ағам алдым бұны әрбір еразамат жалпы әрбір қазақ оқуға міндетті мына жерде тұрған кітаптардың барлығым бірақ та әсіресе бесен және болмыс көбінесе ылдарға арналған деп айтады өзім де оқы көргім келеді мен үшін өте қызық өзім оқымағам,0.23076923076923078,0.0411522633744856,39
train-00004-of-00048_000249,ағам оқып біткеннен кейін мен оқи жатармын,аға мұхапбеткеннен кейін мен оқи жатармын,0.42857142857142855,0.16666666666666666,7
train-00004-of-00048_000250,екінші,يكنشم,1.0,1.0,1
train-00004-of-00048_000251,жұмабек және жер майданы бұны мен атама алдым осы күндерге дейін атама мен өзбек әлі және қаныш туралы кітаптарды берген болатынмын атам,жұмабек және жер майданы бұны мен атама алдым осы күндерге дейін атама мен өзбек алы және қаныш туралы кітаптарды берген болатын атам,0.09090909090909091,0.03676470588235294,22
train-00004-of-00048_000252,сразу оқып тастады адам бір айға жетпей бітіріп тастайды кітаптардың бәрін сондықтан атама мен бірден екеу алдым,сұразы оқып стададан бір ай қажет пе бітіріп тастайды кітаптардың бәрін сондықтан атама мен бірден екеу алдым,0.35294117647058826,0.10714285714285714,17
train-00004-of-00048_000253,жұмабек жер майданы және бесен және болмыс,жұмабек жиырмайданы және бесен және болмыс,0.2857142857142857,0.07142857142857142,7
train-00004-of-00048_000254,ал мына өзімізге,اللا وزمزكم,1.0,0.9375,3
train-00004-of-00048_000255,келесі қаныш және ғылыми майдан бұны тағы да,келесі қаныс және ғылыми майдан бұны тағы да,0.125,0.022727272727272728,8
train-00004-of-00048_000256,ағама жалпы өзім іске алдым ал анама анам көптен бері мен оқыған затымды айтып берген кезде өте қызығатын өзбек әліке сондықтан,ағама жалпы өзімізге алдым ал анаманам көптен бері мен оқыған заттымды айтып бергенгезде өте қызығатын өзбек әліке сондықтан,0.3333333333333333,0.06299212598425197,21
train-00004-of-00048_000257,анама өзбек әлі және мәдени майдан алдым,ана мала избегаля жени мадини мойдан алда,1.0,0.375,7
train-00004-of-00048_000258,бағыт,,1.0,1.0,1
train-00004-of-00048_000259,ал өзіме мен осындай кітапқа арналған қыстырғыштар алдым сіздер қалай атайсыздар қазақшасын білмедім,ал өзіме мен осындай кітапқа арналған қыстырғыштар алдым сіздер қаатайсыз да қазақшасыны білмедім,0.23076923076923078,0.07,13
train-00004-of-00048_000260,магнит кітап белгі дейді мына жерде қаныш бар абай бар өзбек әлі бар оқыған кітаптарымның қай жерге келгенін ұмытып қалмау үшін қыстырып қояды мен сіздерге кеше көрсеткендей волоколамск тас жолы басқа да кітаптар болсын,магнит кітап белгі дейді на жерде қаныш бар абай бар өзбек әлі бар оқыған кітаптарымның қай жерге келгенін ұмытып қалмау үшін қыстырып қояды мен сіздере кеше көрсеткендей валокаламск тас жолы басқа да кітаптар болсың,0.11764705882352941,0.0273972602739726,34
train-00004-of-00048_000261,аха,嗯,1.0,1.0,1
train-00004-of-00048_000262,ортасына қалың кітаптарға өте жақсым,ортасына қалым кітаптарға өте жақсы,0.4,0.05555555555555555,5
train-00004-of-00048_000263,және мынандай екі қаламды өзбекәлі мен қанаттың қаламдары,және мынадай екі қаламды өзбек әлі мен қанықтың қаламдары,0.5,0.07017543859649122,8
train-00004-of-00048_000264,а маған сыйлыққа берді,маған сылыпқа берді,0.5,0.18181818181818182,4
train-00004-of-00048_000265,келесі алған затым не деп ойлайсыздар,келесі алған жатын не депайлайсыздар,0.5,0.10810810810810811,6
train-00004-of-00048_000266,келесі осындай,келесі осындай,0.0,0.0,2
train-00004-of-00048_000267,тақи алдым сіздерге ашық көрсетпей ақ қояйын,таки алдым сиздерге ашып көрсөтпей апкояйын,0.8571428571428571,0.1590909090909091,7
train-00004-of-00048_000268,мына жерге фотосын қоя салайыншы бұл өзбекәлі атамыздың киген тақиясы десе болатын ол кигенде,мына жерге фотосын қойсалайымшы бұл өзбек әлі атамыздаң киген тақиясы здесе боладымы кигенде,0.5714285714285714,0.11827956989247312,14
train-00004-of-00048_000269,өзбекәлі атамыз өзіне осындай тақия тік тіріткен болған сол кісіге жұмысты болсын деген секілді мысал үшін қазіргі жастарға деген секілді өзбекәлі атамыздың тақиясы секілді көп тақиялар шығарған,өзбек айлы атамыз өзіне осындай тақия тірткен болған сол кісіге жұғысты болсын деген секілді мысал үшін қазіргі жастарға деген секілді өзбек айлы атамыздың тақиясы секілді көп тақиялар шығарған,0.25925925925925924,0.07216494845360824,27
train-00004-of-00048_000270,соған мен осындай алдым бірден осындай әдемі қорабыммен ішінде фотосы бар кішігірім кішігірім мәтіні бар қашан,соған мен осындай алдым бірден осындай әдемі қорабымен шінде фотосы бар кішікірім кішікірім әтіні бар қашан,0.3125,0.045454545454545456,16
train-00004-of-00048_000271,өзбекәлі атамыз қалай жасаған бұл тақияны қалай тіктірткен деген секілді,өзбек әлі атамыз қалай жасаған бұл тақияны қалай тіктірткен деген секілді,0.2,0.013888888888888888,10
train-00004-of-00048_000272,тақиясымен осындай алдым,тақиясымен осындай алдым,0.0,0.0,3
train-00004-of-00048_000273,бірден бірден екеу алдым себебі желтоқсан айында біздің отбасымызда жалпы екі туған күн біреуі атамнан және біреуі ағамнан сол кісілерге,бірден екеуі алдым себебі желтоқсен айында біздең отбасыңызда жалпы екі туған күн біреу атамнаң және біреу ағамнаң сол кісілерге,0.45,0.11029411764705882,20
train-00004-of-00048_000274,осындай шүкірім сыйлық менен өте,осындай шүкірім сыйлық менен өтем,0.2,0.03125,5
train-00004-of-00048_000275,әдемі өте күшті секілдім менің әзірше алған сыйлықтарым осы бүгін енді қазір,әдемі өте кішті секілді менің азірше алған сыйлықтарым осы бүгін енді қазір,0.25,0.039473684210526314,12
train-00004-of-00048_000276,сабақтарымды жалғастырып оқитын боламын бірақ ең алдымен түскі ашып алатын боламын себебі таңертең тұрғалы бері мен осындай баспаға барып келдім кітап баспасына кітаптар алдым деген секілді жаттығу жасап үлгердім бірақ,сабақтарымды жалғастырып оқитын боламын бірақ ең алдымен түскі ашып алатын боламын себебі таңгерте тұрғалып бері мен осындай баспаға барып келдім кітап баспасына кітапта ралдым деген секілді жыттығу жасап үлгердімбір,0.23333333333333334,0.04128440366972477,30
train-00004-of-00048_000277,таңға сүшпедім сондықтан қазір таңғы аз түскі аз,таңғас شپедін сындыхтэн казар таңғас түскас,1.0,0.3333333333333333,8
train-00004-of-00048_000278,плюс ішетін боламын,pluس شit b,1.0,0.8947368421052632,3
train-00004-of-00048_000279,мендеецка асқа тушеный дейді ғой капуста жалпы картошка ет барлығын тек қана буға бұқтырылған және де кола без сахара бірақ,миндетска асқа тушын деді о капуста жалпы кортошка ет барлығын тек қана буға бұқтырылған және мендеткола бесахыра бірақ,0.45,0.13821138211382114,20
train-00004-of-00048_000280,бүгін қатты прямо газировка ішкім келді бірақ та,бүгүн катты прям газеровка шкум келди биракта,1.0,0.20833333333333334,8
train-00004-of-00048_000281,сонда да зиро колланы алдым,sonda da zero cоlandm,1.0,0.8518518518518519,5
train-00004-of-00048_000282,қателеспесем мен ол универге келдім бүгін менде бірінші сессия ужас короче мен өте қатты қобала,қателеспесем нвунивергке келдім бүгін менде бірінші сеяся урыс кручемен өте қатты қопала,0.5333333333333333,0.15789473684210525,15
train-00004-of-00048_000283,всем привет ребята короче я дома мен екіге келдім қазір енді сессия туралы сөйлесейік қалай болды как болдым,сен привет ребята кароче е дома миниге келдим казір енде сессия тууралуу сөйлесей калай болды как болдым,0.6111111111111112,0.16666666666666666,18
train-00004-of-00048_000284,гороче жалпы мен қобалжыдым ну төртінші курс әрине бірақ та как бы бірінші сессия осы семестрдегі таңғы сағат сегізде болдым мен қобалжығаннан таңғы сағат бесте тұрып алдым,кіроче жалпы мен қобал жүдім ну төртінші курс әрине бірақ та какбі бірінші сессия осы семестрдегі жәнеде таңғы сағат сегізде болды мен қобал жығанан таңғы сағат бесте тұрып алдым,0.3333333333333333,0.09883720930232558,27
train-00004-of-00048_000285,өте бір қиын сұрақтар келеді деп ойладым негізінде бірақ та жоқ әдеттегідей бірінші курстан бері талқылап жүрген проблемалар сол баяғы мәселелер өте қатты қиын болды деп айта алмаймын үш сағат уақыт берілді сессияға мен бір жарым сағатта жазып,өте бір қиын сұрақтар келеді деп ойладым негізінде бірақ та жоқ әдеттегідей бірінші курстан бері талқылап жүрген проблемалар сол баяғы мәселелер өте қатты қиын болды деп айталмаймын үш сағат уақыт берілді сесияғамен бір жарым сағатта жазып,0.10526315789473684,0.01646090534979424,38
train-00004-of-00048_000286,шығып кеттім,شىغп كеتتіم,1.0,0.6666666666666666,2
train-00004-of-00048_000287,бүгін бесте тұрып алғандықтан мен,бүгін бесте тұрып алғандықтан мен,0.0,0.0,5
train-00004-of-00048_000288,тез тез үйге келдім де түс қасымды ішіп ұйықтап қалдым как бы,тез тетеге келдім да түск асымдышып ұйықтап қалдым кагба,0.6666666666666666,0.21311475409836064,12
train-00004-of-00048_000289,извините меня мен бесте тұрдым деп шекешекке шығып жатқан болатынмын сол сессияға дайындалып,извените мене амен бесте тұрдым де шекешекеш жатқан болатынмын сол сессияға дайындалып,0.46153846153846156,0.10869565217391304,13
train-00004-of-00048_000290,та түске ас ішкенімді және ұйықтағанымды сіздерге кеңесе түсірген жоқпын,түск асішкенімді және ұйықтағанымды сіздергі мәдениете түсірген жоқ,0.7,0.20833333333333334,10
train-00004-of-00048_000291,бірақ қазір тұрдым уже бүгінгі нормалық суымды ішуім керек,бірақ қазір тұрдымужым бүгінгі нормалық суымды шуым керек,0.3333333333333333,0.08620689655172414,9
train-00004-of-00048_000292,как бы барлығын толтырған жоқпын 2 литр өйткені мен таңертеңнен бері уже біраз су ішіп жүрмін так что это думаю будет нормально,как бы барлығын толтырған жоқ мы екі литр иткенімен таңертенен бері уже быраз сушіп жырмын так што это дума будет нормальны,0.5909090909090909,0.14173228346456693,22
train-00004-of-00048_000293,екінші сессияға дейін уақыт бар сондықтан әзірше мен уже емтихандарға универдің сабақтарына дайындалғым келіп тұрған жоқ,екінші сессияладен уақыт бар сондықтан әзірше мен ожы емтихандарға универсдің сабақтарына дайындалғым келіп тұрған жоқ,0.25,0.058333333333333334,16
train-00004-of-00048_000294,сондықтан қазір өзім кітап оқып алған кітаптарымды жеңемін,сондықтан қазір өзім кітап оқып алған кітаптарымда және,0.25,0.10344827586206896,8
train-00004-of-00048_000295,басқа да қосымша тілдерді оқимын наверное қытай тілін немесе ағылшын көреміз,басқыда қосымша тілдерді оқимын наверна қытай тілін немесе ағыл үшін көреміз,0.45454545454545453,0.09210526315789473,11
train-00004-of-00048_000296,мен түскі асқа өзімнің қалаған тағамдарымды даже балмұздақ мороженое барлығын жедім өйткені мен таңғы астым мен түскі астым әдеттегідей біреу болды өйткені таңертең сол сессияға дайындалып үлгермедім,мен түскі асқа өзімнің қалаған тағамдарымды да жұбалмұздақ марожный барлығын жүедім өйткені мен таңғасымен түскі асым әдеттегі дей біреу болды өйткені таңертені сол сесияға дайындалып үлгермедім,0.4444444444444444,0.09045226130653267,27
train-00004-of-00048_000297,барлығын жедім біреу и қазір кешкі асқа жеңіл зат қана жегің келіп тұр наверное отвор,барлы ынжедім бірем и қазір кешкі жасқа жеңіл зат қана жерін келіптұр найерна твор,0.6,0.12941176470588237,15
train-00004-of-00048_000298,әдеттегідей көреміз,عدتقدي كرمس,1.0,0.9473684210526315,2
train-00004-of-00048_000299,және де айта кетейін дегенім қазір мен блокнот жазып жүргенімді сіздерге айттым қателеспесем осыдан бір екі,жәнеде айта кетейін дегенім қазір мен блакнот жазып жүркенінді сіздерге айттым қаделеспездем остан бірек,0.5,0.102803738317757,16
train-00004-of-00048_000300,бір екі алдыңғы видеоларда,бір екі алдымғы видеоларда,0.25,0.038461538461538464,4
train-00004-of-00048_000301,вот қазір соны толықтыратын боламын мен жазып бастағалы мен шыны керек өзімді жақсы сезініп жүрмін прямо,от қазір соны толықтыратын боламын мен нр жазып бастағалы мен шінікерек өзімді жақсы сезініп жүрмін пр,0.3125,0.09615384615384616,16
train-00004-of-00048_000302,маған өте ұнайды соңғы кезде ұнап қалдың негізі блокнот жазған шынымен де армандарыңызды жазасыздар тілектеріңізді жазасыздар солардан бөлек жалпы жазу ол бір,маған өте ұнайт соңғы кезде ұнап қалдың негізі блакнот жазған шынменде армандарыңызды жазастар тілектеріңізд жазастар солардан бөлек жалпы жазу ол бір,0.3181818181818182,0.0759493670886076,22
train-00004-of-00048_000303,мен үшін енді сіздерге қалай екенін білмеймін прямо расслабляет,менің үшінем сіздерге қалай екенін білмейм пряма расслабляет,0.5555555555555556,0.14285714285714285,9
train-00004-of-00048_000304,типа шаршаған күннен кейін мысалы үшін стрессті күннен кейін сіз ойыңыздың бәрін жазасыз мақсатыңызды жазасыз тілектеріңізді жазасыз бүкіл қалаған затыңызды и все,типі шаршаған күннен кейін мысалүшын стрессті күннен кейін сіз ойыңыздың бәрін жазасыз мақсатыңыз жазасыз тілектеріңіз жазасыз бүкіл қалаған затыңызды и все,0.22727272727272727,0.04938271604938271,22
train-00004-of-00048_000305,отпустило ну жақсы болып қаласыздар сіздерге,отпустила ну жақсы болп қаласыздар сіздерге,0.3333333333333333,0.045454545454545456,6
train-00004-of-00048_000306,мен айтуда жолықпаймын жазылып жүріңіздер мен бір блогерден көрген болатын телеграм каналынан сіздермен де бөліскім келіп тұр,мен айтуда жалықпайым жазылып жүріңіздер мен бір блогерден көрген болатын телеграм каналынан сіздер менде бөліскін келіп тұр,0.23529411764705882,0.048,17
train-00004-of-00048_000307,ну и наверное был,ну неверно был,0.5,0.23529411764705882,4
train-00004-of-00048_000308,айтуға болады ұрлық деп ойламаймын сондықтан айтайын жалпы мынандай списоктерді көрдім типа,айтуға болады ұрлық деп ойламаймын сондықтан айтайын жалпы мнандай списоктарды көрдім типа,0.16666666666666666,0.03296703296703297,12
train-00004-of-00048_000309,он зат жазасыздар неге алғыс білдіресіздер осы 2025 ті қорытындылау ретінде 2025 те неге разысыздар неге рахмет айтасыздар на что вы благодарны жазасыздар,он зат жазасыздар неге алғыс білдіресіздер осы екі мың жиырма бесті қортындылау ретінде екі мың жиырма бесте неге разысыздар неге рахмет айтасыздар нашто вы благодарны жазасыздар,0.4782608695652174,0.24025974025974026,23
train-00004-of-00048_000310,и,i,1.0,1.0,1
train-00004-of-00048_000311,өзіңізбен алып кетпейтін мен нені алып кетемін өзімнен екі мың жиырма алтыға нені қалдырамын өзіңіздеріңіздің жүректеріңізді ауырған сәттер болса өздеріңіздің ұнамайтын әдеттеріңіз болса мен осыны екі мың жиырма бесте қалдырамын мүмкін өкпе ренішті қалдырамын деп жазасыздар,өзіңізбен алып кетпейтін мен нені алып кетем өзім мен екі мың жиырма алтыға нені қалдырамын өзіңіздеріңіздің жіректеріңізді ауырқан сәттер болса өздеріңіздің ұнамайтын әдеттеріңіз болса мен осыны екі мың жиырма бесте қалдырамын мүмкін өкперенішті қалдырамын деп жазасыздар,0.19444444444444445,0.025547445255474453,36
train-00004-of-00048_000312,және әдеттегідей екі мың жиырма алтыға жүз мақсат ну мақсат болғанда тілейік десек те болады желание жазсаңыздар болады,және әдеттегіде екі мың жиырма алтыға жүз мақса мақсат болғанда тілек десек деп олы жалайне жазсаңыздар болатып,0.4444444444444444,0.14285714285714285,18
train-00004-of-00048_000313,мен уже,你不是,1.0,1.0,2
train-00004-of-00048_000314,қателеспесем үшінші жыл қатарынан,ателс бисем үшүншү жылкатарынан,1.0,0.2727272727272727,4
train-00004-of-00048_000315,үшінші жыл подряд осындай жүз тілек жазып жүрмін шыны керек бірінші жылында мен прям,үшінші жыл падрият осындай жөз тілек жазып жүрмін шыны керек бірінші жылында мен п,0.21428571428571427,0.08333333333333333,14
train-00004-of-00048_000316,шоп болдым,fopبolدum,1.0,1.0,2
train-00004-of-00048_000317,барлығы орындалғанынан емес просто орындалмағанынан,барлық орындалғанынан емес проста орындалмағаннан,0.6,0.0784313725490196,5
train-00004-of-00048_000318,енді орындалмады деп қатты да айтқым келмейді примерно жүз тілегімнің тек жиырмасы ғана орындалды и мен түсіндім бұл тілег өзінен өзі орындалмайды как кентай бір волшебным образом поэтому мен,енді орындалмады деп қатты да айтым келмейді примерні жүз тілегімнің тек жұрмасы ғана орындалды ей мен түсіндім бұл тілекөзеңізі орындалмайды кеім тәбірім волшебнім образым поэтомомен,0.4827586206896552,0.14659685863874344,29
train-00004-of-00048_000319,действием әрекетсіз әрекеттер жазып бастадым 2024 те,действие әрекетсіз әрекеттер жазып бастадым екі мың жиырма төртте,0.7142857142857143,0.36538461538461536,7
train-00004-of-00048_000320,2025 те мен бүгін өзімнің 100 тілегімді қарадым,екі мың жиырма бесте мен бүгін өзімнің жүзтілегімді қарадым,0.75,0.44680851063829785,8
train-00004-of-00048_000321,шүкір алла деп па примерно,шкралладепа примерно,0.8,0.23076923076923078,5
train-00004-of-00048_000322,сексен пайыздай көп айтпасам,сексен пайыздай көп айтпасам атет,0.25,0.17857142857142858,4
train-00004-of-00048_000323,қателеспесем мен енді өзімнің болжамым бойынша сондай орындалған өте қатты қуаныштымын шыны керек алғысым да шексіз енді екі мың жиырма алтыға жазып көретін боламын бұйырсам солай солай жүз пайыз бүкіл тілегім орындалатындай жағдайға жетсем екен деген тілектемін,қателеспесе мен енді өзімнің болжамым бойынша сондай орындалған өте қатты қуаныштымын шыны керек алғысымда шексіз енді екі мың жиырма алтыға жазып көретін боламын бұйырсам солай солай жүз пайыз бүкіл тілегім орындалатындай жағдайға жетсем екен деген тілектемін,0.08108108108108109,0.007633587786259542,37
train-00004-of-00048_000324,ал енді қазір мен блокнотымды жаңағы айтқан сіздерге заттарды толтыратын боламын одан кейін,ал енді қазір мен блакнотымді жаңаға айтқан сіздерге заттарды тылтыратын боламы одан кейін,0.3076923076923077,0.054945054945054944,13
train-00004-of-00048_000325,кітап оқимын,ктап оқم,1.0,0.4166666666666667,2
train-00004-of-00048_000326,бағана айтқандай сіздерге кешкі асыма өзімнің сүйікті торымды жейін деп жатырмын бұрында маған мүлдем сүт өнімдері ұнамайтын қазір соңғы кездері,бағана айтқанда сіздерге кешкі асыма өзінің тісикті творымды жиындеп жатыр бұрында маған мүлдем стенімдер ұнамайтын қазір соңғы кездері,0.45,0.125,20
train-00004-of-00048_000327,менде осындай жеңіл кешкі аз шықты одан кейін мен өзімнің кешкі ходымды жасап бүгінгі блогымды да бүгінгі күнімді де аяқтадым всем пока,мен де осындай жеңіл кешкі ашықты одан кейін мен өзімнің кешкі хотымды жасап бүгінгі влогымды да бүгінгі күнімді де аяқтадым сен бака,0.36363636363636365,0.06666666666666667,22
train-00004-of-00048_000328,иминене,iنn,1.0,1.0,1
train-00004-of-00048_000329,андай ғой тұлпы келе салған ғой да әңгімесінен жасап салғанбыз ғой анау неде қазір бірдеңе үмітке болуыңыз керек жазыңыз деген қыздармен отырып ақылдасып жасалған нәрсе ғой негізі өйтіп жаңағындай мен даже мейірбекті де танымаймын сол өзі,қандай ғо тупы келе салған одааес жаза салғанбыз ғо ана неде ксе бірде үмітке борңыз жазыңыз деен қыздармен ақылдасып жаза салған нәрсе ғо негізі өйтіп жаңадай мен да мейірбекті де танымаймын сөзді шықмебмен танымаймын оны,0.6666666666666666,0.3445378151260504,36
train-00004-of-00048_000330,ана подружкам бар ақтауда мына қалың жаман қарайды да а біз енді күні бойы сабақтамыз ғой енді қазір білесің ғой пробка бүйтіп келем дегенше бәрі бітіп кетеді уже,падрушкін бар ақтауда қауылын жаман қарайтта а біз ені күні ой сабақтамыз ғо каз о білесіо пробкобеті филемдегенше бәрі бітіп кетеді оже,0.6428571428571429,0.2716049382716049,28
train-00004-of-00048_000331,былай былай инстаграм отрывоктан көріп қаламыз атак былай бүйтіп қарай алмаймыз ғой біздер телевизорды қосып қойды да,бұлай былай инстаграм аторбиктан көріп қаламыз атак былай бетіп қарай алмаймыз ғо біздер телевизерді қосып қойыпта,0.4117647058823529,0.11965811965811966,17
train-00004-of-00048_000332,содан өшкіме айтамын ана жерде кім бар басы осы тупо дайын болса мейірбек деп ана список жазыватыр екен ғой маған мейірбек содан кейін медет деп жазған мен бірінші мейірбектің жазуды көрдім де айта саламын ғой просто,содан падошкім атар анжерде кім бар басы босы тупа даймысы мербек деп ана спицер жазып жатыр екен ғо маған мербек содан кейін медет деп жазған мен бірінші мербектен жазд көрдда айта салам о пұрыста,0.5833333333333334,0.2222222222222222,36
train-00004-of-00048_000333,мейірбек деп те ана жаққа да болды ертең келіңіз деді түүү мына деймін мен кел деп отырмын ал шынымен сабақта отырмын таңертең сегізде лекцияда отырмын,мербек депті ана жаққада бұл тертен келіңізді танылна деймен келде атырма шыны сабақты отырым тайяртың сегіздер лекцияда отырым,0.92,0.2781456953642384,25
train-00004-of-00048_000334,электрада,الكت ده,2.0,1.0,1
train-00004-of-00048_000335,мә енді не істеймін қыздар шақырыватыр барайын барайын деп иә бар шеш бар шеш бәрі көтіме жел береді ғой,банистийн казар шахарбод барн барбарлиш барлиш байр көтэми жил берэд,1.0,0.5576923076923077,19
train-00004-of-00048_000336,бақпайды деді де тупо барамын ана адамды бірақ танымаймын ғой ананы ашқан кезде көрдім ғой,бақық қа йт депта тупы барам ана адамды бірақ танымайм ғо анан ашқан кезде көрдім ғо,0.6666666666666666,0.2222222222222222,15
train-00004-of-00048_000337,былып тапқандай бір үлкен ойдан қалдырысып қалдырып кішкене нормально бір өтпайсың ба деп,bstafande brut kan kod skr kiskene narmal br fasin gad,1.0,0.898876404494382,13
train-00004-of-00048_000338,өтіптіңіздер деп ойлаймын,nt,1.0,1.0,3
train-00004-of-00048_000339,а оны енді өйтіп танып үлгерген жоқпын,а оны енді өйтіп тааны білберген жоқпын,0.2857142857142857,0.13157894736842105,7
train-00004-of-00048_000340,екі рет екі рет бәрі кездестік қой,екі рет екі ретпікездестіқ қо,0.5714285714285714,0.20588235294117646,7
train-00004-of-00048_000341,біреуінде жаңағы ана кіммен әлібекпен кім жүрді ана адина дейтін қыз бар калянға барғанбыз төртеуіміз,біреуінде жана кіммен әлібек пен кім жүрт ана аддина дейтінғыз ба калянға барғанмыз сөртеуміз,0.7333333333333333,0.15841584158415842,15
train-00004-of-00048_000342,сосын кино қалдық ба ұмытқанмын уже 2 рет қана кездестік қой,ფოც ქინოღვათყრა მუდხალმუს იგრთყარაკიზესყორ,1.0,0.95,11
train-00004-of-00048_000343,андай ажиотаж кеткен жоқпын мамам папам айықпай болады,андай ажата кен жоқ мамам папам айқай болаты,0.625,0.2222222222222222,8
train-00004-of-00048_000344,маман басында жылайтын анайы сөздерді қолданамын ғой,маман басында жылайтын анайы сөздерде қолданам ғо,0.42857142857142855,0.07692307692307693,7
train-00004-of-00048_000345,қой ондай әдетім жоқ,goi onda aditony zoo,1.0,0.9,4
train-00004-of-00048_000346,ой бұны кім танымайды қарап еді қолың ғой бейшара қыздар келатыр дегендей әңгіме айтады ғой,өй боныгім танымайт қарабет қылдың о бешара қыздар келатыр дегендей әңгіледаро,0.8,0.27472527472527475,15
train-00004-of-00048_000347,қара жердің қолында сеніп жатқаның артық еді деген сөздер айтылды ол анама үлкен соққы а қайсы дұрыс екі рет басын тасқа бағып соққын қол жұмсады,қара жердің қойында сені жатқаны атық ет деген сөздер айтылды ол анама үлкен соқ қол ай екірек басым тасқабалып соқтын қол жұмсады,0.6,0.1724137931034483,25
train-00004-of-00048_000348,ол кезде мен жүкті болғым,أويزيني جكتوهم,1.0,0.96,5
train-00004-of-00048_000349,өзің сияқты сөзіңді десең,ws sكsn snt,1.0,0.92,4
train-00004-of-00048_000350,намыстанатын ағалар бар,намштанатын ағалар бар,0.3333333333333333,0.08695652173913043,3
train-00004-of-00048_000351,басыма тигеннен кейін барып түсіндім,басыма тигеннен кейін бар сіндімо,0.4,0.1388888888888889,5
train-00004-of-00048_000352,еркектерден көңілім талып қалады деген оттаған нәрсе ашықтан ашық маған жазатын жігіттер де бар,етектеалхабат оттаған нәрсе ашықтан ашық маған жазатын жігіттерде бар,0.5,0.3157894736842105,14
train-00004-of-00048_000353,ти пайыр,sipar,1.0,1.0,2
train-00004-of-00048_000354,видеолары жетеді менде,видеолары жететіменде,0.6666666666666666,0.09090909090909091,3
train-00004-of-00048_000355,келген де жоқ қой көруге таң қалды,келгенде жоққо көруге таң қалда,0.7142857142857143,0.11764705882352941,7
train-00004-of-00048_000356,поскору,oskol,1.0,1.0,1
train-00004-of-00048_000357,қабыл,obo,1.0,1.0,1
train-00004-of-00048_000358,құбалжызу,我blss,1.0,1.0,1
train-00004-of-00048_000359,күнде енді аудиториямен былай әңгіме төлесейік қорғау жазады,큰nd 나u디itr면bl ym들rcs,1.0,0.9666666666666667,8
train-00004-of-00048_000360,қате сияқты,ati tak ta,1.5,0.9090909090909091,2
train-00004-of-00048_000361,сен сияқты кішкене енді жасың келген ғой енді чуть чуть та енді памятьтан кішкене нашарлап отырған сияқтысың,индиякты кишкенен жасын келген го энде чийчитта энде памиттан кишкене ажалабап аткан сякт,0.9411764705882353,0.3888888888888889,17
train-00004-of-00048_000362,білмеймін,د,1.0,1.0,1
train-00004-of-00048_000363,көрген жоқпын деймін точно,кргн жk д тчн,1.0,0.5384615384615384,4
train-00004-of-00048_000364,көрсем айтамын ғой көрдім деп оны несіне жасырамын,көрсем айтамын ғо көрдім де оны несіне жасырам,0.375,0.08,8
train-00004-of-00048_000365,теке,kike,1.0,1.0,1
train-00004-of-00048_000366,енді танылған дегенде оны көбісі білмейді негізі,енді тамылған дегенде он көбісі білмейті негізі,0.42857142857142855,0.0625,7
train-00004-of-00048_000367,көп адам білмейді ол кезде бір,көп адам білмейді ол кезде бір,0.0,0.0,6
train-00004-of-00048_000368,асып кетсе мың жарым адам келді инстаграмға шынын айтты иә мың жарым адам келді и осы жақында енді қатты блогер болып анда мұнда шығып бастады ғой бұрынғы келе жатқан сол мың жарымның ішіндегі адамдар біледі ғой сол адамдар енді сұрақ қояды да маған сен қалауыңа бардың ғой деген сияқты сұрақтар да сол кезде көп аудиториямын сен бардың ба не,асық бетсе мың жарым адам көлт инстаграммы шынын айтақ мың жарым адам көлт осы жақында енді қатты блогер болып андамында шықып бастадық қо бұрынғы келе жатқан сол мың жарымның ішіге адамдар деді ғо сол адамдар енді сұрақ қоятта маған сен қалауымңа бардың ғо деген сияқты сұрақтарда сол кезде көп аудиториямы сен бардың ба не,0.3898305084745763,0.11403508771929824,59
train-00004-of-00048_000369,деген сияқты таңғалып қалады да а көбісі енді ол жақтан білмейді,деген сияқты таң қалып қалады да а көпісі енді ол жақтан білмейді,0.2727272727272727,0.046875,11
train-00004-of-00048_000370,ол жақта енді асфа болған жоқ өзің білесің ғой екі ақ рет қана шықты,а ол жакта енді асуа болған жок озың білесің о екі акы рет қана шықтым,0.5714285714285714,0.17647058823529413,14
train-00004-of-00048_000371,әәәәә,,1.0,1.0,1
train-00004-of-00048_000372,иә ол сонымен бітті ғой аптасы,مبتوت,1.0,1.0,6
train-00004-of-00048_000373,талай танылған әрине айтпаймыз енді,кені калайтана әрине айтпаймыз,0.6,0.45714285714285713,5
train-00004-of-00048_000374,енді аз жайлы айтатын болса былай ғой,idsnte bse blйron,1.0,0.918918918918919,7
train-00004-of-00048_000375,біз енді өзім оқып жүрмін осы алматыда казгу да оқыдым студент болдым жаңағы сестренкаларым бар подружкаларым бар бәріміз бір үйде тұрамыз кешкісін сағат примерно бір алты жетілерде барлығымыз мысалы заттан келіп отырық сабақтан келіп отырық шай ішіп отыр ғой засталом,біз енді өзім оқу жырым оса алматыда казгуда оқыдым студент болдым жаң сестронкаларым бар падрушкаларым бар бәріміз бір үйде тұрамыз кешкісін сағат премьеріні бір алты жетелерде барлығымыз жа заттан келе отырық сабақтан келеп отырық шайш отырық қой засталым,0.45,0.13059701492537312,40
train-00004-of-00048_000376,аха,ह,1.0,1.0,1
train-00004-of-00048_000377,естественно кім тұрады да,isisturan komtrata,1.0,0.96,4
train-00004-of-00048_000378,мә үміткер керек пе жазыңдар деватыр паприкулы жазып көрейік пе дейді,м үміткері керек по жазыңдар деп атыр паприколо жазып көреік па дейді,0.7272727272727273,0.13043478260869565,11
train-00004-of-00048_000379,содан тұрады да кім жазады кім жазады десем анжер деген бәрінің жігіті бар,сdтрt 금ж 금жс a제d бер 지gt бr,1.0,0.7972972972972973,13
train-00004-of-00048_000380,м,嗯ম,1.0,2.0,1
train-00004-of-00048_000381,сондықтан мен не күйіммін ғой білесің ғой әкел деймін де жаңағыдай ватсап нөмірді теремін де жазамын,сонан тұртмен негүймін ғо білесін ғо әкел демді чадай wатсап номер теремді жазам,0.9375,0.34,16
train-00004-of-00048_000382,үміткер болайын деп едім деп сосын суретіңізді жіберіңіз анау мынау таныстыр там қайда оқисыз жасыңыз қаншада он сегіз толғаныс па деген сияқты сұрақтар қойды олардың бәріне жауап бердім суретті жақыннан бір сурет сосын ұзыннан бір сурет жібер деді,үміткер болайын депедін деп сосын суретіңізд жіберіңіз ана мынау таныстыр там қайдоқисы жасыңыз қаншада он сегіз толғаныспа деген сияқты сұрақтар қойды олардың бәріне жауап бердім суретті жақыннан бір сурет сосын ұзыннан бір сурет жібердід,0.2631578947368421,0.04435483870967742,38
train-00004-of-00048_000383,заңсуретті жібердім кімге үміткер боласыз дейді а мен қарамаймын ол жақта кім бос кімге,содан суретті жібердім кімге міткеріп аласыз дейді а мен қарамайм ол жақта кім бол,0.5,0.21839080459770116,14
train-00004-of-00048_000384,иә мен танымадым енді сөзін ашық айту керек мынаны негізі мен инстаграмда да өзім аудиториям айтқанмын осы туралы да,иә мен танымадым мен сөзін ашыл айтурек мынаны негізме инстаграмдеда өзім аудиториямы айтқанм осы туралы да,0.5263157894736842,0.12931034482758622,19
train-00004-of-00048_000385,мин,م,1.0,1.0,1
train-00004-of-00048_000386,ана жерде кімді айтарымды білген жоқпын паприкол жазып тұр ғой мен реально барамын деп ойлаған жоқпын ғой сонда ақтаудағы өзімнің кластастарымның жаңағы патрущикаларымның группасы болатын сол группасының үстінде 1 қыз бар,ан жерде кімді айтарын білген жоқпын фаприк ол жасып тұры мен реліні барам дып ойлаған жоқпын ғо содан ақтаудағы өзімнің кластастарымның ж падрусктарымның группасы улатын со группасының істінде бір қыз бар,0.5483870967741935,0.167420814479638,31
train-00004-of-00048_000387,өте қатты қарайды колонкамы жестко қарайды да и соғысқа жазамын да,өте қатты қарайт қалауын кам жостка қарайт та соғызға жазамда,0.8181818181818182,0.3181818181818182,11
train-00004-of-00048_000388,айтып жіберші маған ана жерде кім бар бос біреуінің атын айта салшы демеймін бе ол маған списокпен жазыватқан ғой бірінші мейірбекті жазып жіберген де содан кейін дәл сол жаңағыдай бойдақтарының списогі кеткен,айтжберш маған ан жерде кім бар бос біреуінің атын айта сал іштемейн ба ол маған списік пен жазып атқан ғо бірінші меірбекті жаз жіберген да содан кейін дәлше жаңадай бойдақтарының списіге кеткен,0.5625,0.14354066985645933,32
train-00004-of-00048_000389,сонымен мейірбекті көріп қаламын да мен ана неге ватсапқа редакторға мейірбект деп жаза саламын,со мен мейірбекті көріп қаламда мен ана неге ватсапқа жан редакторға мейірбек теп жаза салам,0.5714285714285714,0.1368421052631579,14
train-00004-of-00048_000390,содан болды онда ертең он отызда сізде эфир адрес жазып жіберді келіңіз дейді,содан бұлтонда ертең он отызда сіздей ефир адресжажер келіңіз дейд,0.6153846153846154,0.2077922077922078,13
train-00004-of-00048_000391,тану ма деп бүйтіп адырайып отырып ей қыздар мынау кел деватыр деймін,танунадыб бадырай отырм қыздарм ау келде батыр дейм,1.0,0.37681159420289856,12
train-00004-of-00048_000392,қыздар тұрады да и қойып бармайсың ғой бәрібір де ешкім серьезно қабылдаған жоқ,қызартұратта қойюп бармайсыңға бәрдеп ечкім сериезін қабылдаған жоқ,0.8461538461538461,0.27848101265822783,13
train-00004-of-00048_000393,таңертең жетіде ұйқымнан тұрып кәдімгідей лекцияма кеттім,таңертең жетте ұйқымнан тұрып кәдіміде лекцияны кеттім,0.42857142857142855,0.10526315789473684,7
train-00004-of-00048_000394,неде отырмын универде отырмын,не де отырм универде отырм,1.0,0.1724137931034483,4
train-00004-of-00048_000395,лекцияда отырмын редактор жазады маған сегіз отыздарда жазады сегіз отыз бестерде иә сіз білесіз ғой бүгін он отызда келесіз ғой мен сізді күтемін сізде бүгін эфир мынандай уақытта шығасыз анау мынау деп жаңағындай жаз жібереді маған,лекцияда отырм редактор жазат маған сегіз отыздарда жазат пкеежсеіз отыз бестерде ия сіз білесіз қой бүгін он отызда келесіз қой мен сізді күтем сіз де бүгін эфир мынандай уақытта шығасанау мынау деп жаңада жаз жіберет маған,0.3888888888888889,0.11587982832618025,36
train-00004-of-00048_000396,и содан группаластарым қасында жаңағы подругалар ғой анау группада подругаларым тұр,исудан группалас тармкасындажа падругалар кн группада падругалар мтыр,0.9090909090909091,0.27710843373493976,11
train-00004-of-00048_000397,и мына қыздар мен кеше паприколог сөйтіп жазғанмын редакторға и шақырыватыр не істеймін деймін,ема қыздар мен кеше фаприколо сөйтіп жазғам редакторға шақырып атыр не істейін дейм,0.5714285714285714,0.1702127659574468,14
train-00004-of-00048_000398,ей қыздар тұрады да енді ол кезде енді қызуғандымыз ғой бәріміз андай оу деп қалған кезіміз ғой,қыздар тұратта енді зенді қызуғандымыз ғо бәріміз ана деп қалған кезіміз ғо,0.5882352941176471,0.23157894736842105,17
train-00004-of-00048_000399,қыздар тұрады да ей бар дейді,قذترتقي بارضي,1.0,0.9655172413793104,6
train-00004-of-00048_000400,бар шеше көріп бер енді қандай екенін сосын айтып бересің бізге дейді,баршеше көріккеле қандай екен сосын айтып бересің бізге дей,0.5833333333333334,0.18840579710144928,12
train-00004-of-00048_000401,и тупо тұрамын да енді бірінші лекция бітті екінші лекция басталу керек қой соның арасында перерыв та заттарымды аламын да киімім де жоқ қой дұрыс заттарымды аламын сол күні жаңағы универге келіп барған киімім ғой сонымен кете саламын,этуп отұрамда енді бірінші лекция бітті екінші лекция басталу көріқ қо соның арасында пероривта заттарымда аламда кеймімде жоқ қо дұрыс заттарымда алам сол күні жаңа универсге кеп барған кеймін ғо сонымен кете салам,0.5789473684210527,0.15384615384615385,38
train-00004-of-00048_000402,или барамын отырып ешкімге айтқан жоқпын тек жаңағы группадағылар и осы жақта тұрыватырған қыздарым ғана біледі отбасының да хабары жоқ отбасым ешқайсиені мен барамын деп ойлаған жоқпын ғой иә на бум кетіп қалып тұрмын ғой,барамы отырып ішкімге айтқан жоқмын тек жаңа группадағылар и осы жақта тұрып атырған қыздарым ғана ботбасыңмынотасм ешқас енмен барам деп ойлаған жоқпын ғо набуым кетіп қалып тұрым ғо,0.6285714285714286,0.22522522522522523,35
train-00004-of-00048_000403,курейін деп дайын болсын,kuri ndi tenbusn,1.0,0.9166666666666666,4
train-00004-of-00048_000404,и содан бардық отырдық шықтық шыққаннан кейін андай ажиотаж күткен жоқпын мен телефоныма елу звонок келген,ү содан бардық отырдық шықтық шыққан әген андай ажата кіткен жоқпыме телефонма елу зонып келген,0.5625,0.1792452830188679,16
train-00004-of-00048_000405,мамам папам айқай болыватыр ана жерде деген,мамам папам айкай болбатырана жерде деген,0.42857142857142855,0.09302325581395349,7
train-00004-of-00048_000406,енді біз маңғыстаудың қызы болғасын ондай түсінбейді ғой бізде,енді біз маңстаудыңыз уағасын ондай түсінбейді ғой бізден,0.4444444444444444,0.14516129032258066,9
train-00004-of-00048_000407,андай,د,1.0,1.0,1
train-00004-of-00048_000408,ерсі қылып қабылдайды,ер сығып қабылдай,1.0,0.2857142857142857,3
train-00004-of-00048_000409,негізі ондай передачаға бару бай іздеп жүр деген сияқты да,негізі ондай передатчыға бару байыздеп жүр деген сияқты да,0.3,0.06896551724137931,10
train-00004-of-00048_000410,тіке қабылдайды ғой,тіке қабылдайды ғой,0.0,0.0,3
train-00004-of-00048_000411,сол мен не керек сөйтіп айқай болды бірінші эфир шықтым ғой енді сол кезде енді таныстық өйттік бүйттік екінші эфир шықтым,солбен не керек сүйтіп айқай бол бірінші эфир шықтым ғой ен со кезден таныстық үйтіп беттік екінші эфир шықтым,0.47619047619047616,0.13934426229508196,21
train-00004-of-00048_000412,и үшіншісінде папам айтты,үшіншісінде папам еттім,0.5,0.24,4
train-00004-of-00048_000413,егер енді шығатын болсаң,егер енді шығатын болсаң,0.0,0.0,4
train-00004-of-00048_000414,оқудан шығасың,оқудан шасың,0.5,0.14285714285714285,2
train-00004-of-00048_000415,алматыдан ақтауға қайтасың бітті деді,алматыдан ақтауға қайтасың бітті дед,0.2,0.02702702702702703,5
train-00004-of-00048_000416,айтқан сөзін айтқан деді,айтقاн سөزүم айтقاнدет,1.0,0.5,4
train-00004-of-00048_000417,ол бір сөй апа бабам негізі бір сөйлейді болды,ол бапа бала негізі бір сөлик болды,0.5555555555555556,0.30434782608695654,9
train-00004-of-00048_000418,ол жаңағыдай оны көндіру бүйтіп жайлап бүйтіп не істеу,ол жаңадай оны көндіру бет жайлап бетп нестеу көң,0.5555555555555556,0.2777777777777778,9
train-00004-of-00048_000419,нөл,ند,1.0,1.0,1
train-00004-of-00048_000420,бірі айтты ма содан қайтпай қалатын адам ғой,бір айттымы содан қайтпай қалатын адам ғо,0.5,0.09090909090909091,8
train-00004-of-00048_000421,сонымен сөйтіп сосын жазып жібердім ғой редакцияға,со мен сүйтіп сосын жаз жібердім ғой редакцио,0.7142857142857143,0.16,7
train-00004-of-00048_000422,ата анам қарсы бара алмаймын деп те дәл,атанын карсы бар алмаймын депдд,0.875,0.3076923076923077,8
train-00004-of-00048_000423,қайда келіп шығады,қайда келіп шық,0.3333333333333333,0.2222222222222222,3
train-00004-of-00048_000424,бір шешім болған сияқты негізі енді ол кезде мен жаспын ғой он тоғыздан ба сондаймын примерно да,дұшеен болған сияқты неенді ол кезде мен жаспын ғой он тоғыздамын ба сондаймын премьермінда,0.4117647058823529,0.19791666666666666,17
train-00004-of-00048_000425,19 жаста ондай передачада отыру негізі ұяттау сияқты,он тоғыз жаста ондай передачада отыру негізі яттау сияқта,0.5,0.19230769230769232,8
train-00004-of-00048_000426,ондай передача басынан жиырма бестен жоғары адамдарға арналған сияқты негізінде де енді жиырма беске дейін көшеден де таныса салады соңғы ол қиын емес қой ана жерде біз енді балалыққа айтсам болады,ондай передат васнаным жиырма бестен жоғары адамдарға арналған сияқты негізінде да енді жиырма беске дейін көшеденде таныса саласың ғой ол қиын емес қо аана жерде біз енді балалық қайтсамба,0.3870967741935484,0.1218274111675127,31
train-00004-of-00048_000427,андай балалық интерес болды ма ол кезде бізде,андай балалық интерес болды ма ол кезде бізде,0.0,0.0,8
train-00004-of-00048_000428,солай болған сияқты сөйтіп бара салдық қой а так жаңағыдай реально бай іздеп барған ештеңеміз жоқ,солай болған сияқты сүйтіп бара салтық қо атак жаңадай реалні байыз деп барған иштегенміз жоқ,0.625,0.14432989690721648,16
train-00004-of-00048_000429,құнады,unuada,1.0,1.0,1
train-00004-of-00048_000430,әлі қызбын ғой енді кішкене майысып қалған қазіргідей дерсіз істейміз ондай жоқ қой,әлі қызбын ғой нді өйі кішкене майсық қалған қазіргідей деріз істейміз ондай жоқ қор,0.38461538461538464,0.10843373493975904,13
train-00004-of-00048_000431,тьютист болды байқадың ба сен,شclaذ s,1.0,0.9655172413793104,5
train-00004-of-00048_000432,бақытты,,1.0,1.0,1
train-00004-of-00048_000433,ай сенде қатысу позитив болу иә,айсенде қатсу позитив болды я,0.8333333333333334,0.1935483870967742,6
train-00004-of-00048_000434,танымайлардың да просто сөзін ашып мейірбек көріватсаң ренжіме деп айтады дейді ол,анымай бардымда проста сөзін аша меірбек көріп атсан гренжеме деп айтат дейді а,0.8333333333333334,0.21951219512195122,12
train-00004-of-00048_000435,иә екеуіміз вообще екі түрлі адамбыз ғой иә содан кейін подушкамен неге оны оны айтасың деп звондаватырмын ғой кішкене бір менің типажыма келетін адамды айтпадым ә мен саған список жаздым ғой сен бірінші списокте кім жазып жібердің соны айтып жіберіпсің ғой деп,я екеун даше екі түрлі адаммыз ғо ан падушкма неге оны оны айтасын деп зуандап атырмы ғо кішкене бір мені типажыма келетін адамды айтпадым мен саған списик жаздың ғо сен бірінші списикті кім жаз жөрдім соны айт жүрсің ғодеп,0.5952380952380952,0.2260536398467433,42
train-00004-of-00048_000436,сондай бір қызық жағдай оны,сондай бір қызық жағдай орныл,0.2,0.07407407407407407,5
train-00004-of-00048_000437,негізі бұл инстаграмнан бөлек қалаулымнан бөлек баяғыда бізде нокия телефон кішкентай телефондар болады ғой,негізі бұл инстаграмнан бөлеік қалаұлымнан бөлек баяғы да бізде нокия телефон жа кішкентей телефондар болады ғо,0.5,0.07476635514018691,14
train-00004-of-00048_000438,сондай телефонға мен өзім видео түсіріп жүретінмін өзім қатты қызығамын баяғы вконтакте агент деген болды ғой енді мой мир деп иә мой мирді активный болады мен өзім жақсы көремін фотоға түскенді жүрген жерімді фотоға түсіргенді видеоға түсіргенді өзімде әуелден қызығушылық бар бұрыннан бері и соның постоянно мен андай инстаграмға да жүктей беремін вконтакте қарай ма қарамай ма,сондай телефонға мен өзім видео түсірі жүретіне өзімқатты қы аяы вконтакте агент деген болды ойнді момердеп момерді активныбоымеөзі жасы көе фотоа түскенд жүрген жерімді фотоа түсргенді видеоа тсргендеөзде әлен қызушылы ба ұбеы птояыаинстаграмада жүкте ееконтакая арсоыбесаызыес пота лсебеадай садымасаым тоы өзі үйееле кешкет ара отырамаа ұнайтын,0.8070175438596491,0.40897097625329815,57
train-00004-of-00048_000439,мен негізі вообще блогер боламын деп те ойлаған жоқпын блогер болып кетемін енді халыққа бәріне ұнаймын деп айта алмаймын адам болған сен біреуге ұнайсың біреуге ұнамайсың ғой жоқ жалпы аудитория екіге бөлінеді ғой,мен негіз аше блогер болам деп те ойлаған жоқпын блогер болып кетемін енді халыққа бәріне ұнаймын деп айта алмайм адам болғасынша біреуге ұнайсың біреуге ұнамайсың жоқ жпаудитория екке бөлінеді,0.3333333333333333,0.13551401869158877,33
train-00004-of-00048_000440,блогер болып кеткен кезде өзім таңғалдым,жалы үш күнгелогер оп көтженезде өзім таң қалдым,1.1666666666666667,0.55,6
train-00004-of-00048_000441,мия,ie,1.0,1.0,1
train-00004-of-00048_000442,прямой эфирге келген кезде үш адам бар отыратын өзі сол үш адаммен мәз болып әңгімемді айтып қояды сөйтіп жүретінмін ғой,prеmoy ofirғa giringizi ush adam biri o turatin ozi so ush adamе әzop әngmеmdi aytıpqoya sicuritimu,1.0,0.8833333333333333,20
train-00004-of-00048_000443,қалауымнан кейін бір 1500 адамдай келді,қалауымнан кейін бір мың жарым адамдай келді,0.3333333333333333,0.23076923076923078,6
train-00004-of-00048_000444,мың жарым адамдай келіп былай былай жүргізіп жүрдім,мың жарм адамдай келп бұлайбай жүргізіп жүрдім,0.5,0.11764705882352941,8
train-00004-of-00048_000445,ухым,উম,1.0,1.0,1
train-00004-of-00048_000446,өзімше жаңағыдай неге атып кетеді атып кететін шығар деп,өзімше жаңа ғыдай менгеде ат атық бетет шығарды,0.8888888888888888,0.35714285714285715,9
train-00004-of-00048_000447,ол кезде давсмэш жаңағы снапчат дейтін кездері ғой иә соларды түсіремін қоймай сөйтіп сол видеоларым жақсы пабликтерге өтіп кетеді,ол кезде дабысміш жана снап чат декекеттері ғо я соларды түсірем қоймай сөйтіп сол видеоларым жақсы пабликтерге өтіп кетеді,0.42105263157894735,0.14615384615384616,19
train-00004-of-00048_000448,сөйтіп сөйтіп аудитория жиналып кетеді ғой бірақ негізі көбісі білмейді ол қалауыма барғанымды жақында осы аудитория жиналғаннан кейін айтқан кезде біразы барып кері қайтып барып ютубқа қарап қайтып келген ғой жаңағы нелерді выпусктарды,ссөйтіп аудитория жиналып кетеді ғо бірақ негізі көбісі білмейді ол қалауымға барғанымда жақында осы аудитория жиналғандаген айтқан кезде біразы бар керіқ айтып бар летопқа қарап қайтып келген ғо жаңа ғы нелерді опусктар,0.48484848484848486,0.13135593220338984,33
train-00004-of-00048_000449,оқудан шығасың деп ақтауға қайтасың деп,бола оқудан шығасын деп ақтауға қайтасын деп,0.5,0.1794871794871795,6
train-00004-of-00048_000450,иә ұмытылған,де ұмытылған,0.5,0.16666666666666666,2
train-00004-of-00048_000451,иә ұмытылды ашу басылды,иә ұмытылды ашу басылды,0.0,0.0,4
train-00004-of-00048_000452,бәрі де мамаң айтасың ғой бәрін мамам ашу басылатын арман білесің ғой әкеңді деп сөйтеді,бәріде мамаң айтасың ғо бәрін мама ашу басылатын нарманы білесің ғо әкеңді деп сүйдед,0.4666666666666667,0.10227272727272728,15
train-00004-of-00048_000453,сонымен қалды өйтіп қозғалған жоқ ортада ондай,сомен қалды өйтіп қозғалған жоқ ортада ондай,0.14285714285714285,0.043478260869565216,7
train-00004-of-00048_000454,ол да ұрысты,ол дарысты,0.6666666666666666,0.16666666666666666,3
train-00004-of-00048_000455,ол бәрібір де қазақстанға енді келіватқан бағдарлама болды ғой ол кезде кәдімгідей айқай шу болыватырды ол бағдарлама и біздің маңғыстаудың менталитетіне ол кішкене қарама қайшы болды да,бәрі бірде қазақстанға енді келеп атқан бағдарлама болды ғо ол кезде кәдімгідей айқай шу болып атырды ол бағдарлама біздің маңыстаудың менталитетіне ол кішкене қарама қайшы болпта,0.4444444444444444,0.0967741935483871,27
train-00004-of-00048_000456,сол үшін бәрібір де қолдамайтын еді заң,сол үшін бәрі бірде қолдамайтын етса,0.5714285714285714,0.1794871794871795,7
train-00004-of-00048_000457,иә енді ол уақыт өте келе түсінеді ғой,яенді ол уақыт өте келе түсінеді ғо,0.375,0.10526315789473684,8
train-00004-of-00048_000458,енді ол кезде алғаш рет жаңағындай қалауылым бірден шу болып шыққан кезде,енді ол кезде алғаш рет жаңадай қалаулын бірден шу болып шыққан кезде,0.16666666666666666,0.0684931506849315,12
train-00004-of-00048_000459,андай,嗯按的,1.0,1.0,1
train-00004-of-00048_000460,қайтсам құлаққа түрпідей естілетін болды да,қайтсама құлаққа түрпідей естілетін болпта,0.5,0.11627906976744186,6
train-00004-of-00048_000461,ол кезде қарсы болды біздің маңғыстаулықтар,ол кезде қарсы болып біздің маңысталықтар,0.3333333333333333,0.09302325581395349,6
train-00004-of-00048_000462,одан кейін мен қызы болды таңдадым,дангеені іір жолды таңдадым,0.8333333333333334,0.4117647058823529,6
train-00004-of-00048_000463,а басында тіпті блогерлік жолға да қарсы болған менің әкем деген,басында тіпті блогерлік жолға да қарсы болған менің әкем деген,0.09090909090909091,0.03125,11
train-00004-of-00048_000464,не тірлігі ол деп,не тірлік болде,0.75,0.29411764705882354,4
train-00004-of-00048_000465,сосын айтамын,سميتم,1.0,1.0,2
train-00004-of-00048_000466,енді ол заман талабына сай жаңа мамандықтар пайда болады ғо бұл да бір жаңа мамандық,енді ол заман талабына сай жаңа мамандықтар пайда болады ғо бұл да бір жаңа мамандық,0.0,0.0,15
train-00004-of-00048_000467,жұмыс ретінде қабылда деп әкеме біраз уақытқа дейін соны енді түсіндірдік,жұмыс ретінде қабылда деп әкеме біраз уақытқа дейін соныен түсіндірді,0.2727272727272727,0.0547945205479452,11
train-00004-of-00048_000468,жайлап қабылдай бастады сосын айт дегенде инстаграмда біздер контент жасаймыз мысалы актер актриса қандай сценарий береді соған сайын мысалға ойнап береді ғой рөлін ол оның жұмысы тура сол сияқты бізде аудитория қызықты болу үшін неше түрлі форматтағы біреулар түсіреміз контенттер түсіреміз деп сол түсіндіріп әйтеуір бүйтіп бүйтіп жайлап кішкене лекерлеп бері қарай бетін қараттық,жайлап қабылдай бастады сосын айтты енде инстаграмда біздер контент жасаймыз мысалы актер актриса қандай сценарий береді соған сай мысалға ойнап береді ғо рөлін ол оның жұмысы тура сол сияқты бізде аудитория қызықты болушін нешетүрлі форматтағы видеолар түсіреміз контенттер түсіреміз деп стүсіндіріп айтер үйтіп бит жайлап кішкене лекерліп бер қарай бетінін қарыттық қо,0.35185185185185186,0.08638743455497382,54
train-00004-of-00048_000469,нормально олар уже үйреніп кеткен,нормальне олар оже иреңіп кеткен,0.6,0.15151515151515152,5
train-00004-of-00048_000470,иә ол жұмыс сияқты қабылдайды да ол да олар,ол жұмыс сияқталып қабылдайтта олда олар,0.6666666666666666,0.2558139534883721,9
train-00004-of-00048_000471,қолдау сатысына көшті иә мен айтамын да былай өмірде қандай екенімді білесіңдер ғой жиырма төртте жеті қастарыңда жүрмін қандай адам екеніңді білесіңдер бірақ енді инстаграмда ол видео түсіреміз контент түсіреміз аудиторияның жаңағыдай екіге бөлінеді ғой біреуі жақсы қабылдайды біреуі жаман қабылдайды деген сияқты негативтерді қабылдамаңдар деп сразу,қолдау сатысына көшті я мен айтамда былай өмірде қандай екенімді білесіңдер ғо жиырма төртте жеті қастарыңда жү қандай адам екенімді білесіңдер бірақ енді инстаграмда ол видео түсіреміз контент түсіреміз аудиторияның жаңағыдай екке өлінеді ғо біреу жақсы қабылдайты біреу жаман қабылдайды деген сияқты негативтерді қабылдамаңдар деп сыразыл айтып қом,0.3191489361702128,0.08806818181818182,47
train-00004-of-00048_000472,мамам басында жылайтын,маман басында жылайтын,0.3333333333333333,0.045454545454545456,3
train-00004-of-00048_000473,негативтер маған негатив жазады енді мен,negative tiri maga negative satindu min,1.0,0.975,6
train-00004-of-00048_000474,негатив жазатындай дүниелер жасаймын ғой себебі енді сөзін ашыға керек контент жасағасын жерде комментария көп болу керек,негатив затындай дүниелер жасаймы ғо себебі енді сөзін ашығы керек контент жасағылсын жерде комментария көп болуы керек,0.35294117647058826,0.06611570247933884,17
train-00004-of-00048_000475,ол жерде кішкене жаңағыдай негатив жазатындай нәрселер сол үшін жасаймыз да,ол жерде кішкене жаңадай негатив жазатындай нәрселер сол үшін жасаймыз да,0.09090909090909091,0.02666666666666667,11
train-00004-of-00048_000476,әдейі,هذي,1.0,1.0,1
train-00004-of-00048_000477,ашығы иә әдейі солай көрсетеміз да,ашығы ә әдей солай көрсетеміз да,0.3333333333333333,0.058823529411764705,6
train-00004-of-00048_000478,өзімді жаман қылып көрсетемін бір сөйтіп айтқанда бәрі өзін жақсы қылып көрсетіп жаңағындай қайырымдылық салып уатады ғой мен,өзімді жаман қылып көрсеттен бірселп айтқанда бәрі өзін жақсы қылып көрсетіп жаңдай қайрынды ұстап ұлу атады ғо,0.5,0.232,18
train-00004-of-00048_000479,керісінше жүремін де ағысқа қарсы жүретін адаммын да өзім жаман жағынан көп көрсетемін де сол кезде анашым жаңағы оқып қалып кішкене көңіліне алып жылап қалатын кездер болған,керсінше жүремді ағысқа қарсы жүретін адамыда өзім жаман жағынан көп көрсетемді сол кезде анашым жаңағы оқып қалып кішкене көңіліне алып жылап қалатын кездер болған,0.25925925925925924,0.06896551724137931,27
train-00004-of-00048_000480,қазір уже қабылдады,қazір уз қабылдады,0.6666666666666666,0.21052631578947367,3
train-00004-of-00048_000481,мен айтамын көп көз бар жерде көп сөз болады,мен айтам көп көзбар жерде көп сөз боладын,0.4444444444444444,0.09090909090909091,9
train-00004-of-00048_000482,соны қабылдап білу қажет,сны қабылдап белу қажет,0.5,0.08333333333333333,4
train-00004-of-00048_000483,сонымен қазір енді нормально бәрін қабылдайды қолдайды уже біледі де оның жұмысы екенін,соымен қазір енді нормалны бәрін қабылдайд қолдайд білет та оның жұмыс екені,0.6923076923076923,0.1724137931034483,13
train-00004-of-00048_000484,енді ерекшелену керек халық,z يل شلينبرك,1.0,0.9259259259259259,4
train-00004-of-00048_000485,ерекшелену керек қой бір жағынан анандай ғой ол тек ағысқа қарсы жүзгендей емес өзімнің табиғатым сондай да,ерекшелен керек қо бір жағына нандай ғо ол тек ағысқа қарсы жүзгенде емес өзімнің табиғатым сондайда,0.47058823529411764,0.06542056074766354,17
train-00004-of-00048_000486,тіке айтам,كيايtام,1.0,1.0,2
train-00004-of-00048_000487,енді сөздің ашығы керек анайы сөздерде қолданамын ғой менің блогымда анайы сөздер көп айтылады менің тарапымнан да былай өмірде бірақ барлығымыз айтамыз ол сөзді қолданамыз да связка слов деп айтамыз ғой но көбісі оны аудиторияға көрсетпейді,енді сөзін ашағы керек анайы сөздерде қолданам ғо менің блогымда анайы сөздер көп айтылад менің тарапымнан да былай өмірде бірақ барлығымыз айтамыз ол сөзде қолданамыз да связк слох деп айтамыз ғо но көбісі оны аудиторияға көрсетпейд,0.2777777777777778,0.04979253112033195,36
train-00004-of-00048_000488,ал мен сол шынайылығыммен алып қалған сияқтымын аудиторияға қалай бар солай сөйлеймін ойымды тіке ашық айтамын өзімнің өмірім мынандай роскошь қылып ойбай те керемет шетел метел у деп көрсеткім келмейді де,а мен сол шынайлығыммен ап қалған сияқтымен аудиторияға қалай бар солай сөйлеймін ойымды тіке ашық айтамын өзімнің өмірімнандай рос кышқалап ойбайте керемет шител метел у деп көрсеткін келмейд та,0.45161290322580644,0.0975609756097561,31
train-00004-of-00048_000489,қалай бар қарапайым өмір,қалай бар қарапайым өмір,0.0,0.0,4
train-00004-of-00048_000490,менде лайф формат қой бастан оны инстаграмда жүргізе алмаймын,менде лаife foрmат qобасыным instaгraмда жүргізілpан,0.8888888888888888,0.47540983606557374,9
train-00004-of-00048_000491,тоқсан пайызы шынайы деп айта аламын,тоқсан пайыз шынайы деп айталам,0.5,0.1388888888888889,6
train-00004-of-00048_000492,сондықтанбай,تخسن صيف,2.0,1.0,1
train-00004-of-00048_000493,қалған он пайыз енді жеке өміріме қатысты,қалған он пайыз енді жеке өміріме қатысты,0.0,0.0,7
train-00004-of-00048_000494,андайда мен аудиторияма негатив шашқым келмейді де,андайда мен аудиторияма негатив шашқым келмейтта,0.2857142857142857,0.1,7
train-00004-of-00048_000495,аха,উ,1.0,1.0,1
train-00004-of-00048_000496,сен де жаңағы сау сиырдың боғы емессің ғой деген сияқты әңгімелер айтыватады ғой мен ол кезде өзімді ақтап анадан да жамандағым келмейді де сол үшін көбіне он пайыз,сен де жаңсаусүйердің боқ емессің ғо деген сияқты әңгімедер айтп атады ғо мен ол кезде өзімді ақтап ана адамда жамандағым келмейтті сол үшін көбіне он пайыз,0.4642857142857143,0.1524390243902439,28
train-00004-of-00048_000497,менің өмірімде болған адамдар туралы шындықты жасырып қалатынмын,менің өмірімде болған адамдар туралы шындықты жақсырып қалатыныма,0.25,0.0625,8
train-00004-of-00048_000498,мен өзіме жаман нәрсені қабылдай беремін маған жаман реакцияны өзімдікін қабылдай беремін да,мен өзіме жаман нәрсені қабылдай берем маған жаман реакцияны өзімдікен қабылдай беремм да,0.23076923076923078,0.05434782608695652,13
train-00004-of-00048_000499,но ана екінші тараптағы адамдарды жамандап аудиторияға өтіп негативіне шашқым келмейді,но ана екінші тараптағы адамдарды жамандап аудиторияға өтіп негативін шашқын белмейд,0.2727272727272727,0.046511627906976744,11
train-00004-of-00048_000500,иә жасыруға тырысамын,إصرغطرص,1.0,1.0,3
train-00004-of-00048_000501,а так былай өзіме қатысты тоқсан пайыз полный шындық,атак былай өзіме қатысты тоқсан пайыз полни шындық,0.3333333333333333,0.057692307692307696,9
train-00004-of-00048_000502,өзің,,1.0,1.0,1
train-00004-of-00048_000503,мен өзім кішкене тас жүректеумен көп нәрсені қатты жүрекке қабылдамаймын да,мен өзім кішкене тас жүректеуімін көп нәрсені қатты жүрекке қабылдамаймында,0.2727272727272727,0.04,11
train-00004-of-00048_000504,барлығын енді и өмір ғой,барлығын енді өмір ғой,0.2,0.08333333333333333,5
train-00004-of-00048_000505,м,,1.0,1.0,1
train-00004-of-00048_000506,мүмкін сол үшін шығар,ممكن صوشنشا,1.0,0.9523809523809523,4
train-00004-of-00048_000507,иә негізгі иә,你,1.0,1.0,3
train-00004-of-00048_000508,әян,أيا,1.0,1.0,1
train-00004-of-00048_000509,әлі кәсіби емес сияқты кімнің өзі ме,alkasbiimisi wuzme,1.0,0.9722222222222222,7
train-00004-of-00048_000510,азы ма негізі негізі,азы ма негізі негізі,0.0,0.0,4
train-00004-of-00048_000511,бір он шақты адамдай бар олар,bir on sakтa damdy وar,1.0,0.8275862068965517,6
train-00004-of-00048_000512,әрқайсысының,әر قايسыنىڭ,2.0,0.8333333333333334,1
train-00004-of-00048_000513,және жеке қызметі бар оның көбісі камерада көріне бермейтіндер деп айтады,жеке қызметі бары оның көбісі камерада көріне бермейтіндер деп ақа,0.2727272727272727,0.136986301369863,11
train-00004-of-00048_000514,мысалы,mұصaлы,1.0,0.6666666666666666,1
train-00004-of-00048_000515,енді біреу жаңағыдай үйде көмекші деген сияқты үй жұмысына көмектеседі біреуі жанымда жүреді,енді біреу жаңағыдай үйде көмекші деген сияқты үй жұмысына көмектеседі біреу жанымда жүреді,0.07692307692307693,0.010869565217391304,13
train-00004-of-00048_000516,қалаларға басқа жақтарға кеткен кезде көмектесу керек болады енді концерттер аз маз болыватады ғой сол кезде жанында жүретін адам киімдерін қарап заттарын тексерді деген сияқты мобилографтары бар иә мобилограф монтаж жасайтын адамдар аха видеограф бар рилстерді мысалы видеографпен түсіріп жатамыз видеографтар бар а одан бөлек жаңа инстаграмда қарап отыратын хакер деп айтамыз ғой хакер бар енді инстаграмда жұмыстамауда одан бө,қалаларға басқа жақтарға кеткен кезде көмектесу керек болады енді концерттер азымаз болып атады ғо сол кезде жанымда жүретін адам киімдерімді қара аттарым тексеріптео видеогрф бар рилстарды мысалы видеографпен түсіріп жатамыз видеографтары бар одан бөлек жа инстаграмды қара отыратын хаккер деп айтамыз о хаккер бар енді инстагра жұмысмада одан бөлек жаапын,0.55,0.26573426573426573,60
train-00004-of-00048_000517,иә бір айтишник деп айтқан дұрыс енді өздерін бірақ енді хактер деп айтады ғой жалпы,я бір айтиштік деп айтқандарсы енді өздерін бірағ енді хактер деп айтады ғо жалпы,0.4,0.11904761904761904,15
train-00004-of-00048_000518,иә иә иә мен енді активныймын болсын ішкі кеңістерімде постоянно маған бан береді да,ия яя мен енді активнемін болсы ешкі министерімді пастаяны маған бам беретті,0.7857142857142857,0.30952380952380953,14
train-00004-of-00048_000519,үнемі сөйтіп жаңағыдай,nona mazitsanafday,1.0,0.9545454545454546,3
train-00004-of-00048_000520,назарына қойып қоямыз да қарап отыр парақшаны,назарына қойып қоямыз да қарап отырып парақшан,0.2857142857142857,0.06666666666666667,7
train-00004-of-00048_000521,иә кәдімгідей үлкен жұмыс одан бөлек сосын жаңағы мен бұрын,ия кәдімгіде үлкен жұмыс одан бөлек сосын жаңағы мен бұрын,0.2,0.03389830508474576,10
train-00004-of-00048_000522,оптом товарлармен айналыстым әлі де айналысамын,оптым табарлармен айналыстым әлі де айналысам,0.5,0.10638297872340426,6
train-00004-of-00048_000523,сол скаттағы тауарларды сататын менеджер қыздарым бар жұмыс жасайтын да,сол скаттағы тауарларды сататын мәнеджер қыздарын бар жұмыс жасайтынді,0.4,0.056338028169014086,10
train-00004-of-00048_000524,одан бөлек инстаграмда жа жауап беретін менеджер қыздар бар,одан бөлек инстаграмда жауап беретін мәнеджерқыздарда,0.4444444444444444,0.13559322033898305,9
train-00004-of-00048_000525,тыныштамайды менің өмірім бұл деген нәрсе,тынстам айтмейн өмірін болдымн,1.0,0.5121951219512195,6
train-00004-of-00048_000526,жылайым да бұл,مد ب,1.0,0.9285714285714286,3
train-00004-of-00048_000527,жоқ әлде бұл иә,жоғалде бұл ә,0.75,0.26666666666666666,4
train-00004-of-00048_000528,сен жүкті болып өз өміріңмен ойнап хайп жасау деген өте қате сияқты мен үшін,сен жүкті болып өз өміріңмен ойнап хайып жасау деген өте қате сияқты мен үшін,0.07142857142857142,0.013157894736842105,14
train-00004-of-00048_000529,оны хайп қылып жасамайсың но халық хайп деп қабылдайды,оны хайып қылып жасамайсың но халық хайып деп қабылдайт,0.3333333333333333,0.07407407407407407,9
train-00004-of-00048_000530,қабылдайды енді бәрі емес енді мынау басым көпшілігі солай қабылдайды,қабылдайт енді бәрі емес енді мына басым көпшілігі солай қабылдайт,0.3,0.07246376811594203,10
train-00004-of-00048_000531,әдейі жасаған,عديجة صر,1.0,0.9230769230769231,2
train-00004-of-00048_000532,иә,ya,1.0,1.0,1
train-00004-of-00048_000533,мен ештеңе демеймін жігітім бірдеңе демеймін как видео есебіне салып қоямын өздері әкетеді ғой,мен іштеңе демейм кү шайдеп атырым жігітім бірдеңе демейм как видео есебінде салыпқан өздер әкетеді ғо,0.7857142857142857,0.2978723404255319,14
train-00004-of-00048_000534,алып кетеді әрі қарай өз өзімен жаңағыдай хайп болып кетеді де,алып кетеді әр қарай өз өзімен жаңағыдай қайп болып кетеді да,0.2727272727272727,0.04838709677419355,11
train-00004-of-00048_000535,а так жаңағындай ұйымдастырылған ондай нәрсе болған жоқ мысалы жақында да болған кезде мың бір роза берді ғой көрген шығарсың примерно затыңнан инстаграмнан,атак жаңада ұйымдастырылған ондай нерсе болған жоқ мысал жақында да болған кезде мың бір роза берді ғо көргеншарсын премиерна затынан инстаграмнан,0.43478260869565216,0.10256410256410256,23
train-00004-of-00048_000536,сол кезде бәрі хайп хайп деп сөйтеватыр да,сол кезде бәрі хайп хайып деп сүйдеп атыр да,0.375,0.11904761904761904,8
train-00004-of-00048_000537,мың борозаны өзі сатып алды там өзі жасай салды деп те а негізінде ол бізде жаңағы стрим білесің ғой тик токта отырамыз стримде ұтылып қалып сол кезде жаңағыдай ұтқан адам енді сұрайды ғой бір нәрсе,мың быр озаны өзі сатып алды та өзі жасай салды деп та а негізінде ол бізде жаңастрим білесін қозің тиктокта отырамыз стримді ұтылып қалып сол кезде жаңадай ұтқан адаммен сұрайды ғо бір нәрсе,0.42857142857142855,0.10101010101010101,35
train-00004-of-00048_000538,приколға мың бір роза деп айта салған,приколға мың быроза деп айта салған,0.2857142857142857,0.08108108108108109,7
train-00004-of-00048_000539,сол кезде,so给s,1.0,1.0,2
train-00004-of-00048_000540,алып берді сөйтіп иә соны алып беріп сол өзінің енді несін жасап тұр ғой заданиясын жасап тұр ғой а оны адамда жаңағыдай қайып қылып қабылдайды ол ешқандай да қайып емес өйтіп оны екі жыл бұрын уәде берген ол,стіп ия соны алып беріп сол өзінің енді несін жасап тұр ғо заданиясын жасап тұр ғо а оны адамдар жаңағыдай қайып қылып қабылдайды ол ешқандай да қайып емес үйтте оны екі жыл бұрын уәде берген ол,0.21052631578947367,0.09615384615384616,38
train-00004-of-00048_000541,енді мың бір бір роза деген оңай,m بر بر روs د وا,1.0,0.84375,7
train-00004-of-00048_000542,я иә иә,ياليم,1.0,1.0,3
train-00004-of-00048_000543,көрсетіп жатқандар көрсеткеннің кесірінен не істесең де бәрін хайптей береді де,көрсеткеннің кесірінен не істесеңде бәрін хайыптей берітті,0.6363636363636364,0.3291139240506329,11
train-00004-of-00048_000544,үйреніп қалды ет үйреніп қалды,irin ka itirin kalsi,1.0,0.9,5
train-00004-of-00048_000545,ештеңе демеймін әрі қарай видеоларымды салып жалғастырып жүре беремін,işten edeğmeyim er gare videolarmı salıpsalastırı cureverim,1.0,0.927536231884058,9
train-00004-of-00048_000546,ринь,أرينة,1.0,1.25,1
train-00004-of-00048_000547,комментарияларды оқимын,комедараларды оқимын,0.5,0.21739130434782608,2
train-00004-of-00048_000548,кітаптарда да,tardaday,1.0,1.0,2
train-00004-of-00048_000549,вопросы қоямын сұрақтарына жауап беремін менде коннект жақсы аудиториямен,вапросы қоямын сұрақтарына жауап беремін менде коннект жақсы аудиторамен,0.2222222222222222,0.0410958904109589,9
train-00004-of-00048_000550,тікелей аны ашық сөйлесемін де қалай бару ойымды солай айтамын комментарияларды кейде оқимын енді всегда емес енді уақыт жоқ оның каждыйын жағдай қарап отыруға да но қолын тиген кезде босаған кезде тикток болсын инстаграм болсын екеуінде де комментарияларды қарап отырамын,тікелек ашық сөйлесемін да қалай бары ойымды сулай айтамын комментариларды кейде оқим енді сегдай емес енді уақыт жоқ оның қаждайн жағдай қарап отыруға да мына қолын тиген кезде босаған кезде тикток болсын инстаграм болсын екеуіндегде комментариларды қарап отырам,0.35,0.08455882352941177,40
train-00004-of-00048_000551,қой қайдан маған талап қатынды дейді ғой,paydan maan talakatnı dedi o,1.0,0.9,7
train-00004-of-00048_000552,жоқ жоқ сен оны,josenonk,1.0,1.0,4
train-00004-of-00048_000553,яғни сен,يرنسين,1.0,1.0,2
train-00004-of-00048_000554,иш,,1.0,1.0,1
train-00004-of-00048_000555,бәріне бұйырыватыр деп иә,ب,1.0,1.0,4
train-00004-of-00048_000556,ммм,嗯,1.0,1.0,1
train-00004-of-00048_000557,ондайлар біздің қаламызда да көп өзіміздің ақтолда да үй жоқ,ондайлар біздің қаламызда да көп өзіміздін ақтыбызда да үйі жоқ,0.3,0.1,10
train-00004-of-00048_000558,бірақ жаңағындай үй бар сияқты қылып үй алдым деген сияқты қылып көрсетеді көлігі жоқ,біражанды үйі бар сияқта қылып үй алдымын деген сияқталып көрсетеді көлігі жоқ,0.5,0.18823529411764706,14
train-00004-of-00048_000559,бірақ көлік алдым деген сияқты көрсетеді да,бірақ көлігі алдымын деген сияқтау көрсететті,0.7142857142857143,0.2558139534883721,7
train-00004-of-00048_000560,а менде керісінше мен бар нәрсені көрсетпеймін,а мен де керсінше мен бар нәрсені көрсетпейм,0.5714285714285714,0.08695652173913043,7
train-00004-of-00048_000561,ондай нәрсеме мақтанғым келмейді де,ондай нәрсемен мақтанғым келмейкті,0.6,0.17142857142857143,5
train-00004-of-00048_000562,арғы жақта енді аудиторияңда білмейсің ғой кімде қандай жағдай болып жатыр да,арғы жақтай енді аудиторияңда білмейсің о кімде қандай жағдай болып жатыр да,0.16666666666666666,0.03896103896103896,12
train-00004-of-00048_000563,барлық блогер әдемі өмір сүріватыр ойбай тек олар үлде мен бүлдеге ораныватыр деп ойланы ойлап мысалы көбіне күйеулеріне ренжитіндері бар,ол бәрлық блогер әдемі өмір сүріп атыр ойбай тек олар үлде мен бүлдеге оранып атыр деп ойлап мысалы көбіне күйеулеріне ренжейтіндері бар,0.4,0.12408759124087591,20
train-00004-of-00048_000564,ананы қарашы күйеуі қалай гүл алып беріватыр анаң қараш мың бір роза берді оны ешкім білмейді мысалға да по факту ар жағында қалай екен ол шынымен сол үйде алдыма машина алдыма білмейді ғой бірақ күйеуіне ренжиді соның арасында конфликт пайда болады ғой сол үшін мен көп нәрсені көрсетің айтпын мен инстаграмнан көрген шығарсың ондай бір жаңағынд,анан қараш күюі қалай гүыпбрасрочкиге алып атыроны ешкім білмейт мысалға да поактажаында қалакен ол шынмен сол үйді алдыма маши алдыма білмейді о бірақ күюіне рендит со арасыда конфликт пайда болады о солшін ме көп нәрсен көрсетееинстаграмнан көргеншарсың ондай біа мақтанатындаме андай алдым адамдар деген сияқты әнмен ешқандай контент салмайм шынайлық бұрысы күнделікте өмір,0.8928571428571429,0.5520231213872833,56
train-00004-of-00048_000565,былай былай жүз түр сым сосын аудиториямен коннект болды,бұлаймалай жүз тұрысым сосын аудиториямен коннект болды,0.4444444444444444,0.10714285714285714,9
train-00004-of-00048_000566,сол жаңағы блогерлердің осылай өзінде жоқ нәрсені бар қылып көрсеткенінің кесірінен бүкіл блогерді бай қылып қабылдайды да,сол жаңағы блогерлердің осылай өзінде жоқ нәрсені барғылып көрсеткеннің кесірінен бүкіл блогерді байғылып қабылдайтты,0.4117647058823529,0.08196721311475409,17
train-00004-of-00048_000567,арасында қаншамасы қаңғып жүргенін де білеміз ғой,о арасында қаншамасы қаңғыл жүргенде білеміз ғо,0.7142857142857143,0.14285714285714285,7
train-00004-of-00048_000568,иә оның барлығы мәселе,ә оның барлығыныз,0.75,0.36363636363636365,4
train-00004-of-00048_000569,әйямын,أيا,1.0,1.0,1
train-00004-of-00048_000570,бар енді бізде андай ғой,bard dandg,1.0,0.9583333333333334,5
train-00004-of-00048_000571,үлкен жаңағы аға,اlkenjangaa aga,1.0,0.9375,3
train-00004-of-00048_000572,ағалары бар енді солар деген,ағалар бар енді солар деген,0.2,0.03571428571428571,5
train-00004-of-00048_000573,намысқа тырысып,намысқа тырысып,0.0,0.0,2
train-00004-of-00048_000574,біздің батыстың қыздары ондай болмау керек деп енді мен бәрін ашық айтамын анайы сөздер қолданамын ғой,біздің батыстың қыздары ондай болмау керек деп ендімен бәрлығын ашық айтамын анайы сөздері қолданамын ғо,0.3125,0.06862745098039216,16
train-00004-of-00048_000575,намыстанатын ағалар бар,намыстанатын ағалар бар,0.0,0.0,3
train-00004-of-00048_000576,өйтіп біздің батысымызды көрсетпе дегендей қылды да,өйтіп біздің батысымызды көрсетпе дегендей қылыпта,0.2857142857142857,0.058823529411764705,7
train-00004-of-00048_000577,бірақ енді тек жаңағы батысымызды емес бүкіл қазақстан жалпы барлық адам,бірақ енді тек жаңағы батысымызды емес бүкіл қазақстан жалпы барлық адам,0.0,0.0,11
train-00004-of-00048_000578,солай ана тілде сөйлейді ғой,서 아n이tで s리도,1.0,0.9285714285714286,5
train-00004-of-00048_000579,просто менің солай шынайы көрсеткенім,піросты мен солай шынай көрсеткенім,0.6,0.13513513513513514,5
train-00004-of-00048_000580,а ұнамайды,어نمいد,1.0,1.0,2
train-00004-of-00048_000581,аха,هه,1.0,1.0,1
train-00004-of-00048_000582,батыстағы кішкене ағаларымызға а кейбіреулері бар түсінетін,батыстағы кішкене ағаларымызға акейбірулері бар түсінетін,0.2857142857142857,0.03389830508474576,7
train-00004-of-00048_000583,дұрыс бетке айтады тіке айтады өзін жаңағыдай өтірік адамның кейпінде танытпайды қалай бар солай көрсетеді деп қолдайтындар да бар бірақ солай қолдамайтындар да кішкене жаңағыдай біздің батысымызға кір келтіріватсың деген сияқты сөздер айтатындар да жоқ емес,дұрыс бетке айтады тіке айтады өзін жаңағыдай өтірік адамның кийіпінде танытпайды қалай бар солай көрсетеді деп қолдайтындар да бар бірақ солай қолдамайтындар да кішкене жаңағыдай біздің батысымызға кіркелтіріп атсың деген сияқты сөздер айтатындар да жоқ емеспа,0.1111111111111111,0.027131782945736434,36
train-00004-of-00048_000584,қолдай,қолдай,0.0,0.0,1
train-00004-of-00048_000585,иә қолдаймын,ҡолдыن,1.0,0.6666666666666666,2
train-00004-of-00048_000586,адам өмірге бір ақ рет келеді ғой нені қалайды не істегісі келеді барынша қолдау білдіруге тырысамын мен,қалайне жасақ енді адам өмірге бір ақ рет келеді ғо нені қалайда не істегісі келеді а барынша қолдау білдіруге тырсаммен,0.47058823529411764,0.25961538461538464,17
train-00004-of-00048_000587,өзін қалай көрсетеді егер өзі көтере алатын болса сол негативті жаман реакцияны көтере алатын болса,өзін қалай көрсетсі егер өзі көтере алатын болса сол негативті жаман реакцияны көтере алатын болса,0.06666666666666667,0.020202020202020204,15
train-00004-of-00048_000588,онда жасай бер,我的是塞月,1.0,1.0,3
train-00004-of-00048_000589,мен қарсылық танытпаймын,мен қарсылық таныттайм,0.3333333333333333,0.125,3
train-00004-of-00048_000590,жалпы мен өзім андаймын да балаларымды өтіп шектеуде өсіргім келмейді,жалпы мен өзім андаймын да балаларымды өтіп шектеуде өсіргім келмейді,0.0,0.0,10
train-00004-of-00048_000591,өзімнің қалаған ережеммен балаларыма осылай жаса осылай жүр деп айтқым келмейді,өзімнің қалаған ережемен балаларыма осылай жаса осылай жүр деп айтқым келмейд,0.18181818181818182,0.02531645569620253,11
train-00004-of-00048_000592,әр адам жеке тұлға ғой,أradmجيك طugago,1.0,0.9545454545454546,5
train-00004-of-00048_000593,сен анасың иә баланы босандың иә өмірге әкелдің де бірақ әрі қарай өміріне араласып оның қалауына қарсы келу дұрыс емес деп ойлаймын неге екенін айта кетейін осы тарапта,сен анасың ия баланы босандың ия өмірге әкелдің да бірақ әрқарай өміріне араласып оның қалауына қарсы келу дұрыс емес деп ойлайм неге кені айта кетейн осы тараптан,0.32142857142857145,0.0650887573964497,28
train-00004-of-00048_000594,кезінде мен негізі,кезінде мен негізі,0.0,0.0,3
train-00004-of-00048_000595,өнер жолына түскім келген қатты мен соны қаладым өзімнің ішкі жандүнием бірақ бізде енді үлкендер жағы,өнер жолына түскім келген қатты мен соны қаладым өзімнің ішкі жан дүнем бірақ бізды енді үлкендер жағы,0.1875,0.029411764705882353,16
train-00004-of-00048_000596,баяғы енді ссср да өмір сүріп қалған не істейсің ол жақтан нан жоқ қан қып жаңа экранның алдында не керек деп түсінбейді ғой енді ондай жолда сөйтіп мені дипломатқа түсірді ғой иә халықаралық қатынастар оқыдым оқыдым дипломатты қазір дипломатпын ба жоқ,баяқы енді ссырды өмір сүріп қалған не істейсің ол жақтан нан жоқ қаңғып жаңа экранның алдында не керек деп түсінбейді ғо енді ондай жолда сүйтіп мені дипломатқа түсірді ғо одыоқыдым дипломатты казі дипломаттың ба жоқ,0.36585365853658536,0.1746031746031746,41
train-00004-of-00048_000597,бәрібір де енді блогерді бір өнерге бір жақындау соның бір ішіндегі сала деп айтар едім менде,бәрі бірде енді блогерде бір өнерге бір жақындау соның бір ішіндегі сала деп айтар едім мен де,0.3125,0.043010752688172046,16
train-00004-of-00048_000598,бізде енді халық қарайды аудитория бар деген сияқты енді әнші актриса болмасақ та сол өнер адамдарына ұқсайды біздің өміріміз,бізде енді халық қарай аудитория бар деген сияқты енда әнші актриса болмасақ та сол өнер адамдарына ұқсайды біздің өміріміз,0.10526315789473684,0.024,19
train-00004-of-00048_000599,ақыры сол бағытқа қарай келе жатырмын да,ақыр сол бағытқа қарай келе жатырмын да,0.14285714285714285,0.025,7
train-00004-of-00048_000600,сол кезде мен ойладым,sogize me woladum,1.0,0.9047619047619048,4
train-00004-of-00048_000601,негізі ана ата ана қарсы болмау керек екен,негізі ата на қарсы болмау керек екенд,0.375,0.14285714285714285,8
train-00004-of-00048_000602,бала нені қалайды соны істеткен дұрыс екен,бала нені қалайда соны істеткен дүріс екен,0.2857142857142857,0.07142857142857142,7
train-00004-of-00048_000603,себебі мен дипломат не істедім дипломатқа оқыдым жұмыс жасадым сол дипломат мамандығымен де,себебі мен дипломат нестедім дипломатқа оқыдым жұмыс шасадым сол дипломат мамандығымен де,0.23076923076923078,0.03296703296703297,13
train-00004-of-00048_000604,жұмыс жасаған кезде бір өзімде андай бір,jomstangi zibir wozn dandibir,1.0,0.925,7
train-00004-of-00048_000605,не в своей тарелке дейді ғой солай сезіндім,не солай тариялкедейді ғо солай сезіндім,0.625,0.20930232558139536,8
train-00004-of-00048_000606,бір күнде бір дискі бүйтіп шайналыватырған сияқты а мен адреналин адаммын ғой каждый раз новая эмоция керек новая реакция керек деген сияқты,бір күн деп бір дискібейтіп шайналып атырған сияқты а мен адреналине андамарман ғо казжераз новы эмоция керек новы реакция керек деген сияқты,0.5454545454545454,0.15,22
train-00004-of-00048_000607,сөйтіп ақыр уақытта жұмыстан шығып кеттім де тик ток түсіріп бастадым ғой жаңағыдай,сейтіп ақыр ояқтан жұмысынан шықып кеттім да тектек тұріп бастадым ғо жаңадай,0.7692307692307693,0.2289156626506024,13
train-00004-of-00048_000608,штордың артында содан басталып кетті ғой бәрі,штордың артында содан басталып кетті ғо бәрі,0.14285714285714285,0.022222222222222223,7
train-00004-of-00048_000609,тұлғалық ерекшелік,толғалық ерекшелік,0.5,0.05555555555555555,2
train-00004-of-00048_000610,қазіргі балаларға вообще қарсы бола алмайсың соны айтамын қазіргі балалар сені тыңдамайды да қыстырмайды да біздер ғой баяғыда тыңдап,қазіргі баладарға бопше қарсы бола алмайсың соныайқазіргі балдар сен тыңдамайт да қыстырмайт та біздер ғо баяғы да тыңдапбірақ,0.7368421052631579,0.20300751879699247,19
train-00004-of-00048_000611,тәрбие беру деген өзінің осы өмірдегі,тәрбие беру деген өзінің осы өмірдегі,0.0,0.0,6
train-00004-of-00048_000612,көрген,kurgen,1.0,1.0,1
train-00004-of-00048_000613,неше түрлі жолдарың бар ғой,неше түрлі жолдарың бар ғо,0.2,0.037037037037037035,5
train-00004-of-00048_000614,жақсы кезеңдерің бар жаман кезеңдерің бар сол кезден алған сабақтарыңды өзіңнің өмірлік тәжірибеңді балаңа айтып,жақсы кезеңдерің бар жаман кезеңдерің бар сол кезден алған сабақтарыңды өзіңің өмірлік тәжірибеңді балаңа айтып,0.06666666666666667,0.008928571428571428,15
train-00004-of-00048_000615,мен осылай жасағанда осы жерде қате кеттім,мен осылай жасағанда осы жерде қате кеттім,0.0,0.0,7
train-00004-of-00048_000616,сен ондай қателік жасама деп сен тәрбиеңді бересің ол әрі қарай қалай қабылдайды ол уже балаға байланысты кейде байқайсың мынандай адамдар әке шешесі өте күшті тәрбиелі айтатын сөз жоқ ана әке шешесіне де,сен ондай қателік жасама деп сен тәрбиеңді бересің ол әрі қарай қалай қабылдайды ол ожы балаға байланысты кейде байқайсың нандай адамдар уатта әкесшесі өте күшті тәрбиелік а айтатын сөз жоқ ана әкесшесіне да,0.2727272727272727,0.09313725490196079,33
train-00004-of-00048_000617,бірақ баласы,бірақ баласы,0.0,0.0,2
train-00004-of-00048_000618,оң бағыт,عب,1.0,1.0,2
train-00004-of-00048_000619,сөздің ащы,szna sa,1.0,0.9,2
train-00004-of-00048_000620,бірақ ана әке шешесіне қалай мынандай адамдардан мынандай бала шыққан деп ойланып қаласың ғой,бірақ ана әкешесіне ар қалай нандай адамдардан ынандай бала шыққан деп ойланып қаласың ғо,0.35714285714285715,0.10752688172043011,14
train-00004-of-00048_000621,ол енді әр адамның қабылдауына байланысты,ол енді айр адамның қабылдауына байланысты собаралықалайалайадй,0.3333333333333333,0.5609756097560976,6
train-00004-of-00048_000622,қалай қабылдайды енді соған байланысты ғой барынша енді өзіңнің иә өзіңнің енді өмірлік жолыңды тәрбиеңді айтасың барынша жақсы нәрсе жақсы болғанын қалайсың ғой жақсы нәрсені айтасың бірақ әрі қарай да ол адамның өзінің қабылдауына байланысты да,қалай қабылдайды енді соған байланысты ғобрншанд өңнің өзіңнің енді өмірлік жолында тәрбиеңді айтасың барынша жасжақсы болған қалайсың ғо жақсы нәрсені айтасың бірақ әрі қарайда ол адамның өзінің қабылдауына байланысты да,0.3611111111111111,0.10975609756097561,36
train-00004-of-00048_000623,сен оған ешнәрсе жасалмайсың оның жаратылысы жаңағыдай капризный болатын болса ол бәрібір де сені тыңдамай кетеді,сен оған іш нерсе сыалмайсың оның жаратылсы жаңадай капризне болатын болса ол бәрі бірде сен тыңдамай кететін,0.625,0.1415929203539823,16
train-00004-of-00048_000624,енді болары болады дейсің бе,енді болары болады дейсің ба,0.2,0.03571428571428571,5
train-00004-of-00048_000625,иә аман болсын деп иә көрсін деп бір күні тәубесіне келер деп қоясың ғой,аман болсын деп иә көрсін депбір біні тәубесінде келердек қоясың ғо,0.5714285714285714,0.1388888888888889,14
train-00004-of-00048_000626,абай жолын оқыту,абай жолын оқту,0.3333333333333333,0.0625,3
train-00004-of-00048_000627,тек біз білмейміз ғой тәрбиенің ортасы да бар ғой оның достары да бар а қазіргі орта қандай,тек бізді рнеміз ғо тәрбияна ортасызда бар ғой он достарда бар а қазіргі орта қандай,0.5294117647058824,0.16483516483516483,17
train-00004-of-00048_000628,палыс,跑,1.0,1.0,1
train-00004-of-00048_000629,кім таңдағанмен енді сен қалада тұрыватсың бәрібір де ол балаңды алып ауылға кетіп қалып ауылдың мектебіне беріп қарап отырмайсың ғой,кім таңдағанмен енді сен қалалда тұрыпатсың бәрбіде ол балаңды алып ауылға кетіп қалып ауылдың мектебіне беріп қарап отырмайсың ғо,0.25,0.045112781954887216,20
train-00004-of-00048_000630,амал жоқ сол қаладағы өзіңнің көшеңдегі мектепке бересің,амал жоқ сол қаладағы озуның көшеңдегі мектепке бересің,0.125,0.07142857142857142,8
train-00004-of-00048_000631,сол ортаға байланысты кіммен танысады кіммен дос болады жаңағы анандай сөз бар ғой досыңды әкел мен сенің қандай екеніңді айтамын дейді ғой иә,сол ортаға байланысты кіммен танысат кіммен дос бола жаңа андай сөз бар ғой досыңда әкел мен сен қандай екеніңде айтамын дейді,0.391304347826087,0.13380281690140844,23
train-00004-of-00048_000632,тура сол сияқты қазіргі барлығы пафос,тура сол сияқта қазіргі баладардың барлығы пав,0.5,0.40540540540540543,6
train-00004-of-00048_000633,инстаграмға текті қатты әсер етіватқан сияқты соның барлығына,инстаграмма тикток хатты әсер жатқан сәтті соның барлығына,0.625,0.21311475409836064,8
train-00004-of-00048_000634,а,啊,1.0,1.0,1
train-00004-of-00048_000635,елбай,il pai,2.0,1.2,1
train-00004-of-00048_000636,басында әрине барлығы пайдакүнемдер болды,басында әрине барлығы пайдакүнемдер болды,0.0,0.0,5
train-00004-of-00048_000637,пайда үшін сен тек,pد心,1.0,1.0,4
train-00004-of-00048_000638,пайдаланып кету сенің,пайдаланып кетуі сенің,0.3333333333333333,0.047619047619047616,3
train-00004-of-00048_000639,аха,嗯,1.0,1.0,1
train-00004-of-00048_000640,менің подружкам мысалға сексен алтыншы жылға,мен падрушкларым сағат сексен алтыншы жылғы,0.6666666666666666,0.25,6
train-00004-of-00048_000641,тоқсан тоқсан бірінші жылы өзім тоқсан жетім ғой хотя барлық подругаларым үлкен,тоқсан тоқсан бірінші ылы өзім тоқсан жеті мол қате барлық бадруғаларым үлкен,0.4166666666666667,0.12658227848101267,12
train-00004-of-00048_000642,и ортам андайда саған болсын деп тұрады қазіргі,е ортам андайда саған болсын деп тұрады қазіргі,0.125,0.02127659574468085,8
train-00004-of-00048_000643,қазіргі орталық иә кезіндегі емес кезіндегілер келең жаңағыдай пайда іздеп қалған сондай ғой өтірік мақтайды да сыртыңа барып даттайды ғой,қазіргі ол ая кезіндегі емес кезіндегілер келең жаңадай пайда здеп қалған сондай ғо өтірік мақтайтта сыртыңа барып таттайды ғо,0.45,0.12318840579710146,20
train-00004-of-00048_000644,а қазіргі ортам саған болсын деп тұрады құрттай бір жаңағыдай нем болыватады ма той томалақ бір қуаныш деп айтамыз ғой,а қазіргі ортам саған болсын деп тұрады құрттай бір жаңағыдай нем болата ма той томалақ бір қуаныш деп айтамыз ғо,0.1,0.0423728813559322,20
train-00004-of-00048_000645,хотя бәрі алматыда қызылордада астанада жан жақта,хатя бәр а алматыда кызлордада астанада жан жакта,0.7142857142857143,0.12244897959183673,7
train-00004-of-00048_000646,кез менде еще ай сайын мереке ғой әйтеуір бірдеңе жасайын даже там ерінбей бәрі ұшып келеді,кмендейше ай сайын мереке ғо айтер бірдеңе жасайыңда жытам ерінбей бәрі ұшып келді,0.5625,0.17582417582417584,16
train-00004-of-00048_000647,жаңа жүргізіп жүргізіп жүрген,,1.0,1.0,4
train-00004-of-00048_000648,иә құрметі бөлек өте ерекше сондай бір жақсы жандармен доспын қазіргі кезде,ия құрметі бөлек өте ерекше сондай бір жақсы жандармен доспан қазіргі кезде,0.16666666666666666,0.02666666666666667,12
train-00004-of-00048_000649,аха,嗯,1.0,1.0,1
train-00004-of-00048_000650,иә жақсы,,1.0,1.0,2
train-00004-of-00048_000651,айтқан,айтқан,0.0,0.0,1
train-00004-of-00048_000652,тілін алмады ма иә,تلنمدمي,1.0,1.0,4
train-00004-of-00048_000653,әдейін отырғызып кеткеннен кейін басыма тигеннен кейін барып түсіндім ғой,әден отырғызып кеткеннен кейін басыма тигеннен кейін бар түсіндім ғой,0.2,0.0547945205479452,10
train-00004-of-00048_000654,аяяя,أيا أيا,2.0,1.75,1
train-00004-of-00048_000655,пока өзің қабылдамайынша қанша адам айтса да сен тыңдамайсың да оны,пака өзін қабылдамайынша қанша адам айтса да сен тыңдамайсың да оны,0.18181818181818182,0.029850746268656716,11
train-00004-of-00048_000656,нағы,来,1.0,1.0,1
train-00004-of-00048_000657,шынайы достық па деп айта алмаймын себебі мен блогер қыздармен қатты жақын дос емеспін араласамын,шынай достық бар деп айта алмаймын себебі мен блогер қыздармен қатты жақын дос емеспін араласамын,0.13333333333333333,0.030927835051546393,15
train-00004-of-00048_000658,аха,嗯ه,1.0,1.0,1
train-00004-of-00048_000659,енді ол араласқан адамның барлығын дос деп қабылдау дұрыс емес қой,енді ол араласқан адамның барлығын дос деп қабылдау дұрыс емес қо,0.09090909090909091,0.015151515151515152,11
train-00004-of-00048_000660,былай жаңағыдай коллега деп айтамыз ғой коллектив қой бізде басқа коллектив жоқ қой әріптес есебінде араласамыз той томалақтарда бірге боламыз қуаныштарымызда төбемізді көрсетіп дастархандас боламыз,былай жаңағыдай коллега деп айтамыз ғо коллективобізде басқа коллектив жоққа әріптесі есебінде араласамыз тойтомалақтарда бірге боламыз қуаныштарымызда түуенімізді көрсетіп дастархандас боламыз,0.4,0.0707070707070707,25
train-00004-of-00048_000661,бірақ жақын дос болып мен араласқым келмейді,бірақ жақын дос болып мен араласқам келмейді,0.14285714285714285,0.022727272727272728,7
train-00004-of-00048_000662,себебі себебі,سبيب,1.0,1.0,2
train-00004-of-00048_000663,мына блогерлердің арасында құттай бір конфликт болып қала ма қандай,ына блогерлердің арасында құттай бір конфликт болып қала ма қандай,0.1,0.014925373134328358,10
train-00004-of-00048_000664,инстаграм шығып анау маған бүйтті мынау маған сүйтті деп бәрін елге жариялайды да а мен ондай нәрсені жақтырмаймын,истарамшық анау маған битті мынау маған сүйтті деп бәрін елге жариялайтты а мен ондай нәрсені жақтырмаймн,0.3333333333333333,0.12280701754385964,18
train-00004-of-00048_000665,менде де мысалы қаншама жаман нәрселер болды блогерлермен де бірақ ешқайсысын жаңағыдай айтып оны халықтың алдында шешіп не керек,мендеде мысалы қаншама жаман нәрселері болды блогерлерімен да бірақ ешқайсысын жаңағдай айтып оны халықтың алдында шешіп не керек,0.3157894736842105,0.03875968992248062,19
train-00004-of-00048_000666,екі адамның арасында ма жеке екі адам шешу қажет те осы нәрсені блогерлер шатастырып алады да,екі адамның арасында ма жеке екі адам шешу қажет ті осы нәрсені блогерлер шатастырып алаты да,0.125,0.021505376344086023,16
train-00004-of-00048_000667,айтсам да әй білесің ғой менің адресімді,әйтамда ей білесің ғой менің адырысымда,0.5714285714285714,0.2,7
train-00004-of-00048_000668,келшиш,كل شيش,2.0,1.0,1
train-00004-of-00048_000669,екеуміз дұрыстап сөйлесейік көзбе көз екеуміздің арамыздағы мәселе халыққа не керек,үйкеуміз дұрыстап сөйлесей көзбейкөз үйкеуміздің арамыздағы мәселе халыққа некерек,0.6363636363636364,0.0963855421686747,11
train-00004-of-00048_000670,аха,嗯嗯,1.0,1.0,1
train-00004-of-00048_000671,оның бәріне жариялап не керек оның арасында өтірігі бар шыны бар да өзіңді өйтіп жақсы қылып көрсете алмайсың жаман болып қаласың бәрібір де,онң бәріне жариялапынрек оның арасында өтірігі бар шаналарда өзіңді өйтіп жақсы қылып көрсете алмайсың жаман бұққаласың бәрібірде,0.4782608695652174,0.12142857142857143,23
train-00004-of-00048_000672,біреуді жамандаватсаң да аудиторияңа,pruit camm anda pazzandau titoreanga,1.25,1.0,4
train-00004-of-00048_000673,сол себепті мен блогерлермен қатты жақын дос болғым келмейді,сол себепті мен блогерлермен қатты жақын дос болғым келмейд,0.1111111111111111,0.016666666666666666,9
train-00004-of-00048_000674,былай шеттен ғана араласамын,ла шеттен ғана арласам,0.5,0.21428571428571427,4
train-00004-of-00048_000675,бәрібір де,بار بردي,1.0,1.0,2
train-00004-of-00048_000676,мен ешкіммен бәсекелеспеймін,م 이شكم بس كرسب,1.3333333333333333,0.9285714285714286,3
train-00004-of-00048_000677,мысалы мынандай таза,misala bundan dayi taza,1.3333333333333333,1.05,3
train-00004-of-00048_000678,болған жоқпын,plhans,1.0,1.0,2
train-00004-of-00048_000679,байқасаң мен көбіне тренд деген нәрселерді вообще түсірмеймін,bayqazaң mеn kobnе trend dege narselerda babshi tsirmi,1.0,0.8360655737704918,8
train-00004-of-00048_000680,видеоларды,видеоларды,0.0,0.0,1
train-00004-of-00048_000681,тек енді қазіргі кезде өзімнің досым ба,дегенді қазір а кезде өзімнің досым бар,0.5714285714285714,0.15384615384615385,7
train-00004-of-00048_000682,бірге контент түсіріп жүрген сол қатты қарайды да трендтарды,бірге контент түсіріп жүрген сол қатты қарайтта тренттарды,0.3333333333333333,0.08333333333333333,9
train-00004-of-00048_000683,аха,,1.0,1.0,1
train-00004-of-00048_000684,менің байқасаң контентім андай ғой тойға барамын,m는 byq싼 cntnt 만n다고 ty가 ba람,1.0,0.8958333333333334,7
train-00004-of-00048_000685,тойда доллар шашыватырмын шеттен түсіріп алып сала салдым инстаграмға болды,тойда доллар шашып атырм шеттен түсіріп алып сала салдым инстаграмға ол,0.3,0.09333333333333334,10
train-00004-of-00048_000686,андай трендті қуып қазіргі кезде не зат хит болып жатыр соны жасайын деген ондай жоқ менде,андай трендті қуып қазіргі кезде не зат хит болып жатыр соны жасайын деген ондай жоқ мен де,0.125,0.011111111111111112,16
train-00004-of-00048_000687,бір доллар біле ол енді,бір доллар бой ол инді,0.4,0.17391304347826086,5
train-00004-of-00048_000688,жоқ бұл әрекет қой бұл жерде ақшаның сомасы емес,жок бул аракеткой бул жерде акшаннын солмасы эмеской,0.8888888888888888,0.3125,9
train-00004-of-00048_000689,бізде маңғыстауда анандай шашу деген бар біз нағашы жақпыз ғой нағашы жақ міндетті түрде ақша шашады тек мен емес маңғыстауда барлық нағашы жақ солай жаңа жиеннің тойында міндетті түрде ақша шашады,бізде маңыстауда андай шашу деген бар біз нағашы жақпыз ғо нағаш жақ міндетті төрде ақша шашаты тек мен емес маңыстауда барлық нағашы жақ солай жаңа жиіннің тойында міндетті төрде ақша шашаты,0.3225806451612903,0.05583756345177665,31
train-00004-of-00048_000690,иә мен көрсетіп қалдым да и как будто тек мен шашқан сияқты болып қалдым атак бізде бәрі шашады оның деген любой тойда бар ондай шашу деген беташар болсын бәрін де шашамыз біздер маңғыстаулықта бір менталитетке айналып кетті деуге болады жоқ оған,мен көрсетіп қалдым дей какпутта тек мен шашқан сияқты оққалдым атак бізді бәрі шашато деген лубой тойда бар ондай шашу деген биташар болсын бәрінде шашамыз біздер маңыз тауықта бір менталитетке айналып кетті деуде болаты,0.4878048780487805,0.16260162601626016,41
train-00004-of-00048_000691,иә байқаған шығарсың,ب,1.0,1.0,3
train-00004-of-00048_000692,иә иә бәрі ақша бері секілді иә,ययa पer आकष व द स क तयe,1.1428571428571428,0.8709677419354839,7
train-00004-of-00048_000693,ендігі сөзбен айтқан көрініп қалып тұр ма,كون قطر متجد,1.0,0.9512195121951219,7
train-00004-of-00048_000694,олардың тарапынан барша,олардың тарапынан басшыар,0.3333333333333333,0.13043478260869565,3
train-00004-of-00048_000695,ол блогерлердің тарапынан да,ол блогерлердин тарапынан да,0.25,0.07142857142857142,4
train-00004-of-00048_000696,а мен ондайым жоқ,am nndいmш,1.0,0.9411764705882353,4
train-00004-of-00048_000697,сен шақырама иә,sir sak rama ya,1.3333333333333333,0.8666666666666667,3
train-00004-of-00048_000698,жаңағыдай араласпасам да сөйлеспесем де кезінде жаңағыдай мен туралы әңгімелер айтса да,жаңадай араласпасамда сөйлеспесем де кезінде жаңадай мен туралы әңгімелер айтса да,0.3333333333333333,0.05747126436781609,12
train-00004-of-00048_000699,үндемей маған өзімнің жаңағыдай ниетіне арна қалдырамын,үндемейн аған өзінің жаңадай ниетіне арна қалдырам,0.7142857142857143,0.12727272727272726,7
train-00004-of-00048_000700,өзі көреді бір сәлемін,krber salimigd,1.0,0.9545454545454546,4
train-00004-of-00048_000701,иә иә отыра беріп ей мен сосын тойға барған кезде де анау болмау керек мен барған кезде мынау вообще ондай нәрсе айтпаймын мен адамдарды өйтіп рангқа бөлмеймін таптық бөлініске бөлгім келмейді де,ия я отыра беріп и мен сосын тойға барған кезде ді анау болмау керек мен барған кезде мынау болдәлппіше ондай нәрсе айтпайм мен адамдарды өйтіп ранкқа бөлмейм таптық өрніске бөлім келмейт та,0.375,0.14358974358974358,32
train-00004-of-00048_000702,ол адам айтты жамандады сен туралы негатив айтты ничего страшного ол өзінің қандай екенін көрсетті болды зачем мысалы мынандай бір сөзіме мен постоянно айтамын егер дейді де ит,ол адам айтты жамандады сен туралы негатив айтты нече ұстырашын ол өзін қандай екенін көрсеті болды сатшем мысалы мынандай бір сөзім бермен пастаын айтамын егер дейтта ит,0.35714285714285715,0.1590909090909091,28
train-00004-of-00048_000703,төрт аяқтап тұрып саған үрсе,төрт аяқтап тұрып саған үрсе,0.0,0.0,5
train-00004-of-00048_000704,сен де төрт аяқта тұрып үретін болсаң адамдық қасиетіңе не қалады,сенде төрт аяқтап тұрып іретін болсаң адамды қасиетіңе не қалады,0.45454545454545453,0.06153846153846154,11
train-00004-of-00048_000705,ол ит құсап үріватыр ма,ол ит құсап іріпатыр ма,0.2,0.08695652173913043,5
train-00004-of-00048_000706,сен адамды қасиетіңді сақтап қал,сен адамды қасиетін сақтап қал,0.2,0.09375,5
train-00004-of-00048_000707,себебі қазіргі кезде көп адамдарда байқасаң адамгершілік жоқ та,себебі қазір кезде көп адамдайла байқасаң адамкершілігі жоқта,0.5555555555555556,0.12698412698412698,9
train-00004-of-00048_000708,бәрі ит құсап абалап кеткен,бәре итҡоса абалак беткән,1.0,0.2962962962962963,5
train-00004-of-00048_000709,сол барынша мен адамгершілігіме баяғы енді кемпір шалдың қызымын ғой мен ата әжемнен алған тәрбиемді,сол барыншамен адамкершілдімді баяқ енді кемпір шалдыңғызым ғой мен ата жемнен алған тәрбиемді,0.4666666666666667,0.13,15
train-00004-of-00048_000710,көрген,고리이,1.0,1.0,1
train-00004-of-00048_000711,енді атаңның,inda atannn,1.0,0.9166666666666666,2
train-00004-of-00048_000712,жаңағы әжеңнің қандай,啊这g能k大,1.0,1.0,3
train-00004-of-00048_000713,іс әрекеттер жасаватқанын көріп өсесің ғой,ісі әрекеттер жасап жатқаны көріп өсесің ғо,0.6666666666666666,0.14285714285714285,6
train-00004-of-00048_000714,сол нәрседе аттап кеткім келмейді де,сол нәрседе аттап кеткім келмейкті,0.3333333333333333,0.1388888888888889,6
train-00004-of-00048_000715,олар айтатын,олар айтатын,0.0,0.0,2
train-00004-of-00048_000716,саған біреу тас лақтырыватса да,саған біреу тасыляқтырып атса да,0.4,0.12903225806451613,5
train-00004-of-00048_000717,сен керісінше оған тас лақтырма сен адамгершілігіңді сақта деп,сен керісінше оған тасылақтырма сен адам кершілігіңді сақтады,0.5555555555555556,0.0967741935483871,9
train-00004-of-00048_000718,астенді айтады,askangي,1.0,1.0,2
train-00004-of-00048_000719,мен андай негативке барғым келмейді де ол адамның жасаған дәрежесіне дейін түскім келмейді,мен андай өйтім негативке барғым келмейді та ол адамның жасағаны дәрежесіне дейін түскім келмейді,0.23076923076923078,0.1,13
train-00004-of-00048_000720,бірақ өз шарапына сосын көркіңе жаңағыдай,бірақ арклқын жаңағыдай,0.6666666666666666,0.5121951219512195,6
train-00004-of-00048_000721,мимо жібере саламын,mimajı beresalam,1.0,1.0,3
train-00004-of-00048_000722,иә байқаймын және және,мена байқайым және және,0.5,0.2727272727272727,4
train-00004-of-00048_000723,солай жаңағыдай кезінде мен туралы жаман айтып айтып өсек таратып алып,солай жаңада кезінде мен туралы жаман айтып айтып өсек таратып алып,0.09090909090909091,0.04285714285714286,11
train-00004-of-00048_000724,үш төрт жылдан кейін алла разылығы үшін кешірім сұраймын сенен деп,үш төрт жылдан кейін алла разылығы үшін кешірім сұраймын сенен деп,0.0,0.0,11
train-00004-of-00048_000725,мүм,嗯,1.0,1.0,1
train-00004-of-00048_000726,мысалы маған показуха керек болатын болса соның барлығын инстаграмда жариялап қараңдар міне кезінде мені жамандады қазір кешірім сұраватыр енді білесіңдер ғой кімнің дұрыс кімнің дұрыс екенін деп айтуыма болатын еді,мысал маған паказуха керек болатын болса соның барлығын инстаграмн жариялап қараңдар міне кезінде мені жамандады қазір кешірім сұрап атыр енді білесіңдер ғой кімнің дұрыс кімнің бұрыс екені деп айтума болатын еді,0.26666666666666666,0.04186046511627907,30
train-00004-of-00048_000727,бірақ мен өйтіп ол адамның дәрежесіне түскім келген жоқ та бірақ көбісі кешірім сұрады,бірақ мен өйтіп ол адамның дәрежесіне түскім келген жоқ та бірақ көбісі кешірім сұрады,0.0,0.0,14
train-00004-of-00048_000728,кезінде жамандап алды жаман нәрселер таратты жаман нәрселер айтты мен туралы содан кейін,кезінде жамандап алды жаман нәрселер таратты жаман нәрселер айтты мен туралы содан кейін,0.0,0.0,13
train-00004-of-00048_000729,өзінің тәубесіне келді да,өзінің тәубиесіне келді да,0.25,0.04,4
train-00004-of-00048_000730,уақыт емші дейді ғой,وقت يمشديدغ,1.0,0.95,4
train-00004-of-00048_000731,адам асыққанмен алла асықпайды дейді ғой,адам асыққанмен алла асықпайттейді ғо,0.5,0.125,6
train-00004-of-00048_000732,мен де сол асықпай күтемін,мен де сол асықпай күтем,0.2,0.07692307692307693,5
train-00004-of-00048_000733,өзінің түсінген уақытында,өзүнүн түсүнген уақытында,0.6666666666666666,0.16,3
train-00004-of-00048_000734,кейде шашамын,不ص我的杀上,1.0,1.0,2
train-00004-of-00048_000735,маған тыныштық ұнамайды,متنم,1.0,1.0,3
train-00004-of-00048_000736,яғни ашық адам,يعني عشطب,1.0,0.9285714285714286,3
train-00004-of-00048_000737,кейде болады енді бір екі күн демалып қаламын да енді инстаграмды жүргізе беремін мынау бүкіл шаруамды ысырып тастаймын да демалайыншы деп өзіме бір айына бір рет демалыс жариялап тұрамын,кейде болады енді бір екі күн демалып қаламда ні инстаграмды жүргізе берем мына бүкіл шаруамды ысырп істаймда демалайыншы деп өзіме бір айына бір рет сүйт демал жариалып тұрам,0.41379310344827586,0.13368983957219252,29
train-00004-of-00048_000738,не істерімді білмеймін ғой,你тر들命过,1.0,0.9615384615384616,4
train-00004-of-00048_000739,мен андаймын да бір күн жұмыс жасамасам бір күн ақша таппасам өзімді қоқыс сияқты сезінемін,мен андайымда бір күн жұмыс жасамалсам бір күн ақша тап қалсам өзімді қоқыс сияқты сезінем,0.4,0.0989010989010989,15
train-00004-of-00048_000740,уақытым босқа кетіп жатырған сияқты да мен істеп жатырмын деп ойланып қаламын а бірақ кейде енді адам болғасын жерде демалу қажет қой а мен демалғым келмейді білмеймін неге екенін,уақытым босқа кетіп жатырған сияқты да неістеп жатырмын деп ойланып қалам а бірақ кейде енді адам болғасын жерде демалу қажет қо амен демалғым ділнек білмейм неге кен біазіміаңдауымен тңдауымаған жақпайт демалған палстаян жұмыс жасап кетіп қарып алас ажата жымортасына жүрген жақсы өр,0.8275862068965517,0.7150837988826816,29
train-00004-of-00048_000741,мысалы әсіресе соңғы,صو أسرش صنغ,1.0,0.9,3
train-00004-of-00048_000742,таптан қатардан емес,gimatan katar tanan ini,1.3333333333333333,1.1,3
train-00004-of-00048_000743,мен бір мақсат қойдым ба не болса ол болсын соған жетуім керек,мен бір мақсат қойдым ба не болса ол болсын соған жетуім керек,0.0,0.0,12
train-00004-of-00048_000744,біреудің сөзі біреудің әңгімесі біреудің негативі маған вообще әсер,біреудің сөзі біреудің әңгімесі біреудің негативі мағанбапша әсер етпейд,0.3333333333333333,0.208955223880597,9
train-00004-of-00048_000745,әсер ететін болса менің өмірімде қаншама зат болғанын сен примерно білесің,әсер ететін болса менің өмірімді қаншама затталғанын сен премьеріні білесің,0.36363636363636365,0.10810810810810811,11
train-00004-of-00048_000746,ғана емес бүкіл оқырмандарын біле,аеңес бүкіл оқырмандарым бле,0.8,0.21212121212121213,5
train-00004-of-00048_000747,менің мақсатым отызға жеткенше балаларым ешнәрседен тапшылық көрмесе екен,менің мақсатым отызға жеткенше балаларым еш нәрседен таршылық көрмес екен,0.4444444444444444,0.0410958904109589,9
train-00004-of-00048_000748,мен енді өзім бір күшті үлде мен бүлдеге оранып өстім деп айта алмаймын шүкір қарапайым сол орташа отбасыда өскен қызбын ғой,мен енді өзім бір күшті үлдемен білдеген оранып өспім деп айта алмаймын шүкір қарапайым сол орташа отбасыда өскенқызбын ғо біз деді қиынықтар олды кішкентай еда,0.5714285714285714,0.3387096774193548,21
train-00004-of-00048_000749,иә менің көбейтескен сәттерім де болды әрине бірақ енді әке шешем бізді өсіру үшін біраз нәрседен өтті ғой,ия менің күлітіскен сәттерімде болды әрине бірақ енді әкешшем бізді өзіру үшін біраз нерседен өтті ғо,0.5,0.11320754716981132,18
train-00004-of-00048_000750,жаңағы,,1.0,1.0,1
train-00004-of-00048_000751,мен балаларыма барынша жақсы тамақты қойғым келеді де,мен балаларыма барынша жақсы тамақты қойғым келет та,0.25,0.07547169811320754,8
train-00004-of-00048_000752,жақсы тамақты жылы төсекті,жақсы тамақты жылы төсекті,0.0,0.0,4
train-00004-of-00048_000753,ішкен алдында ішпеген артында болғанын қалай қалаймын да менің мақсатым негізі сол,ішкені алдында ішпеген артында болғанын қалаймын да менің мақсатым негізі сол,0.16666666666666666,0.08536585365853659,12
train-00004-of-00048_000754,солай ғой бірақ әлі мен ойлағандай емес та,солай ғой бірақ әлі мен ойлағандай емес да,0.125,0.023809523809523808,8
train-00004-of-00048_000755,мен ойла енді адамның өзінде бір ана,мiн олa eнд адамны вознлебрана,1.0,0.3611111111111111,7
train-00004-of-00048_000756,пассив доход болу керек менде пассив доход иә менде қазір активный доход қой иә мен жұмыс істесем ғана келеді маған ақша,пассив дахот болу керек оя ашнде қазір уактивный дахот қо мен жұмыс істесем ғана келеді маған ақша,0.47619047619047616,0.25833333333333336,21
train-00004-of-00048_000757,ауырып қалсаң болмай қалады ауырып қалсам немесе бір жағдай болып қалса ол уже тоқтап қалады да,аурып қалаболайя аурып қалсам немесе бір жағдай болып қалса ол із тоқтап қалады да,0.375,0.16842105263157894,16
train-00004-of-00048_000758,а пока пассивный доходқа шыққанға дейін мен осылай активпен өмір сүріп жатырмын да,апака пассивный дахотка чыкканга дейин мен ушулай актив пен өмір сүріп жатырмын да,0.6153846153846154,0.17073170731707318,13
train-00004-of-00048_000759,айына енді таза,aいないでtざa,1.0,1.0,3
train-00004-of-00048_000760,он мыңдай салып келді иә шүкір,ن بصبدي شكر,1.0,0.9333333333333333,6
train-00004-of-00048_000761,бүгін,,1.0,1.0,1
train-00004-of-00048_000762,сағалбаймын сенің анандай тікелей араласқаның,аралой сенің ананда кілей араласқаның,0.6,0.24444444444444444,5
train-00004-of-00048_000763,иә иә иә иә қатты жаңағыдай активно жұмысты талап етпейтін сондай пассивный доход болса,ия я я қатты жаңадай активнің жұмысы талап етпейтін сондай о пассивн дақот болса,0.7142857142857143,0.22988505747126436,14
train-00004-of-00048_000764,кішкене тынышталар едім деймін бе,кішкене тыныштылар едін дейме,0.8,0.18181818181818182,5
train-00004-of-00048_000765,әрекет етіватырмын қазір соның артында жүрмін негізінде,әрекет етіп атырмын қазір соның артында жүрм негізінде,0.42857142857142855,0.07272727272727272,7
train-00004-of-00048_000766,бұл жоспар,bbspر,1.0,1.0,2
train-00004-of-00048_000767,ал уже жетіске жетіске жоқ,ау ж жетіке жетісіске за,1.0,0.34615384615384615,5
train-00004-of-00048_000768,барымынша көп жұмыс жасалды уже,aku bżm sasał duży,1.0,0.9032258064516129,5
train-00004-of-00048_000769,өзгереді,وزجرت,1.0,1.0,1
train-00004-of-00048_000770,кішкене андай стористер азайып қатты андай белсенді болмайтын сияқтымын,кішкене андай стористар азайып қатты андай белсенді болмайтын сияқтымын,0.1111111111111111,0.014084507042253521,9
train-00004-of-00048_000771,себебі мен қазір осы белсенділіктен,себебімен қазір осы белсенділіктен,0.4,0.02857142857142857,5
train-00004-of-00048_000772,көп отбасыма уақыт болып жатырған жоқпын да,көп отбасыма уақыт бөліп жатырған жоқпында,0.42857142857142855,0.06976744186046512,7
train-00004-of-00048_000773,менің өмірімнің бәрі жұмыс болып кетті отбасыммен көп жаңағыдай уақыт бөліп бала шағама қарап бір кәдімгі соның қасында отырып бірге шығып қыдырып жүре алмаймын да себебі ана жақта сенгім бар анаған баруым керек мынаған бару жұмыс жасауым керек енді бізде үйде отбасы енді ешкім жұмыс жасамайды ғой жалғыз өзім ғой,мен өмірімнің бәрі жұмыс топ кетті отбасымен көп жаңағыдай уақыт бөліп балашағама қарап бір кәм соң қасында отырып бірге шығып қыдырып жүре алмаймын да себебі ана жақта сүйемкім бар анаған баруым керек мынаған бар жұмыс шысауым кергенді бізде үйде отбаста енді ешкім жұмыс шысамайды жалғыз өзім ғо,0.32,0.10191082802547771,50
train-00004-of-00048_000774,барлығын енді бірінші әуелі алла әрине екінші енді асырап соған әрекет етіватқан жалғыз өзім болғандықтан,барлығын енді бірінші әуел алы әрине екінші енді асырап соған әрекет ет жатқан жалғыз өзін болғандыктан,0.4,0.06666666666666667,15
train-00004-of-00048_000775,маған қиындау да,mkind的,1.0,1.0,3
train-00004-of-00048_000776,барлығын бірге алып жүру да бала шағаны да жұмысты да алып жүру қиын сол үшін менің әке шешем менің бала шағама қарайды да,барлығын бірге алып жүруда бала шағаны да жұмысты да алып жүру қиын сол үшін мен әкешшем мен бала шағама қарайтда,0.34782608695652173,0.08196721311475409,23
train-00004-of-00048_000777,мен қатты олардың өміріне атсалысып жатырмын деп айта алмаймын,мен қатты олардың өміріне ат салысып жатырмын деп айта алмаймын,0.2222222222222222,0.016129032258064516,9
train-00004-of-00048_000778,материалдық жағынан иә,материалдық жағынан иә,0.0,0.0,3
train-00004-of-00048_000779,бірақ жаңағыдай жаныңда болып моральдық жағынан жаныңда емес мынау да,бірақ жаңадай жалыда болық моральдық жағынан жанында емізгіді,0.7,0.2318840579710145,10
train-00004-of-00048_000780,иә аналық қамқорлық жағынан кішкене иә кемдеу болып жатыр,аналық қамқорлық жағынан ішкене кемдеу болып жатыр,0.3333333333333333,0.12280701754385964,9
train-00004-of-00048_000781,жан қалауы да бар арасында кейбір бір жеткізгім келетін әрине оның ішінде бәрі бар ғой бірақ барлығы,жанғалауда бар арасында кейбір бір жеткізгім келетін әрине оның ішінде бәрі бар ғойбірақбарл,0.35294117647058826,0.09,17
train-00004-of-00048_000782,содан кейін,содан кейін,0.0,0.0,2
train-00004-of-00048_000783,ә,أيا,1.0,3.0,1
train-00004-of-00048_000784,енді кейде болады енді былай адам жаңағыдай мен енді бастап жатырмын деп жағдайын түсіндіріп айтып жатса қатып қалған баға жоқ қой,енді кейде болады енді былай адам жаңадай мен енді бастап жатырмын деп жағдайын түсіндіріп айтып жатса қатып қалған баға жоқ қо,0.09523809523809523,0.023076923076923078,21
train-00004-of-00048_000785,өйткені көп блогер,it كind of c blog,1.6666666666666667,0.8888888888888888,3
train-00004-of-00048_000786,жоқ егер де жаңағыдай кішкене положениесіне кіресің ғой,ж 이gde čnde kskne pлgnsn krsngo,1.0,0.8727272727272727,8
train-00004-of-00048_000787,ол сенде құдайдың кіндігіне салбырап түскен ештеңең жоқ қой,sd k다 cd 사сшт좋고,1.0,0.8983050847457628,9
train-00004-of-00048_000788,енді бастап жатырмын осындай тіпті даже кейде тегін де жасай саламын мен,енді бастап жатырм осыесо тіпті дажы кейде тегінде жасай саламмен,0.5833333333333334,0.1527777777777778,12
train-00004-of-00048_000789,ол нәрсені айту керек,on nerseni aytu gere,1.0,0.8571428571428571,4
train-00004-of-00048_000790,тегін де бара саламын открытесіне тегін көмектесе аламын өзімнің тарапымнан да болсыншы саған депті,тегінде бара салам аткіретесіне тегін көмекте салам өзімнің тарапынан да болсын шысаған депта,0.7142857142857143,0.15151515151515152,14
train-00004-of-00048_000791,а так тек ақысын берсем оқысын шығарамын деген әңгіме жоқ бұл жерде,атаптек ақсын берсең боқысын шығарамын деген әңгіме жоқ бұл жерде,0.5,0.08955223880597014,12
train-00004-of-00048_000792,сосын дұрыстап таңдап талғап тұрып аламын да,сосын дұрстап паңдап талғап тұрып аламында,0.5714285714285714,0.06818181818181818,7
train-00004-of-00048_000793,міндетті түрде,مندي التتر دي,1.5,1.0,2
train-00004-of-00048_000794,қалай қарайсың,,1.0,1.0,2
train-00004-of-00048_000795,қалмасын,ikalmasu,1.0,1.0,1
train-00004-of-00048_000796,иә әрине болады сыныптастарым мен иә деймін көмектесемін иә дейсің,e arinibot sumtastarmilemien adim kumiteseadis,1.0,0.9393939393939394,10
train-00004-of-00048_000797,иә әрине әлі күнге дейін сыныптастарым барлығы мен араласамын мен өзімнің бұрын мына блогер болмай тұрған кездегі достарым бар ғой барлығы мен араласамын а көбісің де байқағаным блогер болып кеткеннен көбісі типа менсінбей танымай типа сен кімсің деген сияқты қалып қарайды екен де а менде ондай жоқ,әрине әлі күнгедейін сыныттастарым барлығымен араласам мен өзімнің бұрынына блогер болмай тұрған кездег достарым бар ғо барлығымен араласам а көбісін деп айқағаным блогер болып кеткенен көбіс деп па менсінбей танымай деппа сен кімсің деген сияқты алып қарайды екен да а мен де ондай жоқ,0.5531914893617021,0.10033444816053512,47
train-00004-of-00048_000798,бәріме араласа беремін олар жаңағыдай мысалы біреу алма сатады мысалға екі жәшік алмасын әкетіп тастайды ғой кастасын үйге да болды ақша ешнәрсесін сұрамаймын чисто от души өзімнің сыныптасым ретінде қасымдағы адам көтеріліватса күшті ғой негізі,бәрім араласа беремі олар жаңадай мысал біреу алмас атады мысалға екі жашке алмасн әкетптат бер кастасым үйге да бұлы ақша еш нерсесін сұрамайм чиста адуши өзінің сыныптасымы ретінде қасымдағы адам көтеріліп атса күштіғу негізі,0.6571428571428571,0.15918367346938775,35
train-00004-of-00048_000799,мүмкін мүмкін иә мен негізі көп өте көп адамға негізі тегін жарнама жасадым сөзін ашығын айтайын базарға барамын туфлиды көріп қаламын ұнайды ма ақшасын төлеймін,мүмкін мүмкін я негізі көп өте көп адамға негіз тегін жарнама жасадым сөзінң ашығын айтайын базарға барам туплиде орып қалам ұнай ма ақшасын төлеймін,0.36,0.11801242236024845,25
train-00004-of-00048_000800,кәдімгідей мына туфли қанша теңге тұрады сол ақшасын беремін плюс еще жарнамасын жасап кетемін болсыншы осы адамға депті,кәдімгідей натуфли қанша теңге тұрады сол ақшасын беремін плюс ишше жарнамасын жасап кетемн болсыншы осы адамға депті,0.2222222222222222,0.058333333333333334,18
train-00004-of-00048_000801,өйткені,итина,1.0,0.7142857142857143,1
train-00004-of-00048_000802,мен мен ондай нәрсе ақталмаймын ғой,ت,1.0,1.0,6
train-00004-of-00048_000803,просто чисто по человечески видео,просто чисто по человеческий дидо,0.4,0.09090909090909091,5
train-00004-of-00048_000804,иә көңіл мәселесі кейде бір көңілім тартып қалады бір адамға да,көңіл мәселесі кейде бір көңілім тартып қалады бір адамға да,0.09090909090909091,0.047619047619047616,11
train-00004-of-00048_000805,тегін жасай саламын,c跟就ss了,1.0,1.0,3
train-00004-of-00048_000806,үң,嗯,1.0,1.0,1
train-00004-of-00048_000807,ол кісімен может мен 2 3 рет қана танысқан шығармын мүмкін де бірақ сол адамның аурасы энергетикасы ұнап қалады ғой,ол кісімен можтмен екі үш рет қана танысқан шығарым мүмкін да бірақ сол адамның аурасы энергетикасы нап қалады ғой,0.35,0.09565217391304348,20
train-00004-of-00048_000808,көмектескім келіп тұрса ешқандай ақшаны сұрамай еді сол заттың барлығы істеп бере береді,көмектескін кетіп тұрса ешқандай ақшаны сұрамая сол затын бәрілі сеппере беред,0.6923076923076923,0.2159090909090909,13
train-00004-of-00048_000809,отырыптың енді,uttnend,1.0,1.0,2
train-00004-of-00048_000810,өтірік дүние дегенде таза кәдімгі дүниеден өтірік мысалға үйім жоқ бірақ үйім бар деп бүйтіп көрсетеді а яғни иә ондай жағынан көрсетпес едім,өтірік дүние дегенде таза кәм дүниеден өтірік мысалға үйің жоқ бірақ үйім бар дпкөрсеттаа яғни ондай жағынан көрсетпес еді,0.34782608695652173,0.15602836879432624,23
train-00004-of-00048_000811,жоқ нәрсені бар қылып көрсетпес едім иә,жоқ нәрсені барғып көрсетпеседім иә,0.5714285714285714,0.1282051282051282,7
train-00004-of-00048_000812,соны ғана қолданбас еді алматы,соны ғана қолданбаседі ата,0.6,0.16666666666666666,5
train-00004-of-00048_000813,барлығын жасап жатырған сияқты,барлығын жасап жатырғынд,0.5,0.26666666666666666,4
train-00004-of-00048_000814,инді қазір арасында,دقضرا,1.0,1.0,3
train-00004-of-00048_000815,бағасын айтқым келмейді себебі әртүрлі ғой енді ол танысың болып қалса,бағасын айтқым келмейді себебі әр түрлі ғой енді ол танысын болып қалса,0.2727272727272727,0.02857142857142857,11
train-00004-of-00048_000816,жағдайға байланысты жағдайға байланысты кіріп кете бересің бергенін ала бересің жаңағыдай қатып қалған осы баға демейсің де берген ей бала береді ей өзінің көңілінен,жағдайғабайлаысжағдайға байланысы кірікпете бересің бергенін ала бересің жаңадай қатық қалған осы баға демейсің да берген бола береді өзін көңілінен шыонда битп сраынш,0.6666666666666666,0.24848484848484848,24
train-00004-of-00048_000817,ең аз жүз жүз мың беретіндер де бар бар оған да келісе салады келісе саламын иә өзінің көңіліне шыққан кейде болыватады тіпті бермейді керісінше мен оған көмектесіп кетемін ғой бизнесіне мен беріп кетемін ғой оған бірақ а онда былай қояйыншы,ж жүз мың беретіндер де ба бар оғанды келсекелсте саламы я өзін көңіліне шыққан кейде болата тіпті бермейд керісінше мен оған көмектесіп кетемін ғо бизнесіне мен беріп кетемін ғо оған бірақ мнияқтын жаа онда байоынш,0.5,0.2157676348547718,40
train-00004-of-00048_000818,қымбат алған жағынан,مت,1.0,1.0,3
train-00004-of-00048_000819,а жаңағыдай не ғой мысалы қалада бір кафе бір нәрсе ашылып жатады ғой иә иә,а жаңағыдайы не ғой мысалы қалада бір кафе бір нәрсе ашылып жатады ғой,0.2,0.09333333333333334,15
train-00004-of-00048_000820,сол кезде жаңағындай жүргізіп берші осы кафемді дейді ғой,سو كيزياجدي جرقز بيرش وس كافي مداد يدغو,1.0,0.8947368421052632,9
train-00004-of-00048_000821,екі миллион,yikmilon,1.0,1.0,2
train-00004-of-00048_000822,иә мендей бір андай,要明记不让的,1.0,1.0,4
train-00004-of-00048_000823,бәрі ойлайды негізі бар ғой маған қарап енді доллар шашып жатсаң әрине бір доллар ғой ол бәрі шашып отыр маңғыстауға келсең де бәрі бір доллар шашып кетеді,бәрі ойлайт негізі барғо маған қарап енді доллар шашып жатсаң әгине бір доллар ғой ол бәрі шашықдар маңызтағой келсеңдер бәрі бір долларалстан,0.4444444444444444,0.18064516129032257,27
train-00004-of-00048_000824,жасырмаймын да мен оны төрт жүз доллар жасатындай ондай жағдайым жоқ енді,жасырмаймда мен өт жүз доллар жасатынде ондай жағдайым жоқ нді,0.5,0.1643835616438356,12
train-00004-of-00048_000825,я я,ي,1.0,1.0,2
train-00004-of-00048_000826,иә,ي,1.0,1.0,1
train-00004-of-00048_000827,сол кісінің жаңағыдай кафесін несін жүргізіп береміз,сол кісінің жаңағыдай калфесінң несін жүргізіп береміз,0.14285714285714285,0.038461538461538464,7
train-00004-of-00048_000828,ақтаудан мысалы бір кафе ашады сол кафені бір ай бойына жарнамалап,ақтыд мысал бір кафе ашат сол кафены бір ай бойына жарнамалап,0.36363636363636365,0.12121212121212122,11
train-00004-of-00048_000829,халыққа таныстырып айтып ұсынамыз да,халыққа таныстырып айтып ұсынамызда,0.4,0.027777777777777776,5
train-00004-of-00048_000830,бәрі ойлайды да андай ойбай бұл 15 20 30 40 алады деп те,кәр олейттандай ойба бұл он бес жиырма отыз қырық алад депті,0.9230769230769231,0.625,13
train-00004-of-00048_000831,енді,,1.0,1.0,1
train-00004-of-00048_000832,бұл менің,,1.0,1.0,2
train-00004-of-00048_000833,әй ай ай,أيي,1.0,1.0,3
train-00004-of-00048_000834,негізі,ن دس,2.0,1.0,1
train-00004-of-00048_000835,өнер жолына әншілікке түсіреді,унежелнансткицред,1.0,0.6333333333333333,4
train-00004-of-00048_000836,ән жаңартылың сүрегім ұнайын,أنشعرك كتريقنيم,1.0,0.9642857142857143,4
train-00004-of-00048_000837,ой мен деген бес жыл бұрын ба бастадым ғой ән жазып әлі жағаласып келатырмын ғой сол әнмен иә ондай ғой енді бір ән жаздым болды тек хит болып кетеді деген жоқ қой мен ол нәрсені түсінемін и қабылдаймын да бір уақытым болады деймін,ой мен деген бес жылы бұрынба бастадым ғо әнж әлі жарғаласып келатырм осо ондай ғой енді бір ән жаздым болды дек хитбұ көтеді деген жоқ қо мен о нәрсені түсінем қабылдаймын да бір уақытым болады дем,0.4883720930232558,0.17316017316017315,43
train-00004-of-00048_000838,басында да блогер болған кезде ешкім мені қабылдаған жоқ қой,басында да блогер болған кезде ишкім мені қабылдаған жоқ қо,0.2,0.03333333333333333,10
train-00004-of-00048_000839,аха,嗯ه,1.0,1.0,1
train-00004-of-00048_000840,ешкім мойындағысы келген жоқ а қазіргі кезде көбісі мойындап қабылдайды осы блогер ретінде,ешкім мойындақсыз келген жоқ а қазірі кезде көбісі мойындап қабылдайды блоге ретінде,0.3076923076923077,0.1,13
train-00004-of-00048_000841,ахы,嗯ه,1.0,1.0,1
train-00004-of-00048_000842,сол сияқты әншілікті де қазір көбісі қабылдап жатырған жоқ значит мен точно әнші боламын деген сияқты,сол сияқты әншілікте де казір көбісіз қабылдап жатырған жоқ знечит мен точна әнші болам дегенсіз,0.5,0.12871287128712872,16
train-00004-of-00048_000843,бірақ мен өзі 5 жыл бұрын бастағанмын,бірақ мен ізгі сыл борын бастағам,0.7142857142857143,0.24324324324324326,7
train-00004-of-00048_000844,а көбісіне енді бастаған сияқты болып көрініп қаламын,акөп ісіне енді бастаған сияқтыолып көрініп қалам,0.625,0.1320754716981132,8
train-00004-of-00048_000845,жоқ ондай жоқ менде әркімнің өзінің уақыты болады ғой сол нәрсені білемін де,ондай жоқмен де әркімнің өзінің уақыты болады ғо сол нәрсені білемінде,0.46153846153846156,0.10526315789473684,13
train-00004-of-00048_000846,сол себепті өзімнің иә уақытымды күтемін де біреуде болып кеткен уақыт менде де болу керек деген міндет емес қой,жетеөзімнің ия уақытымды күтемін да біреуде болып кеткен уақыт мендеде болу керек деген міндет емес қой,0.3684210526315789,0.11607142857142858,19
train-00004-of-00048_000847,қарашы енді,قرس,1.0,1.0,2
train-00004-of-00048_000848,төрт,ta,1.0,1.0,1
train-00004-of-00048_000849,алланың бұйыртқаны ғой бәрібір де,aمبرن باربت,1.0,0.9696969696969697,5
train-00004-of-00048_000850,бұйырған кетпейді қуған жетпейді дейді ғой бұйырып тұрса сен блогер болсаң да болмасаң да,бұйырған кетпейті қуған жетпейт тейді ғо бұйырып тұрса сен блогер болсаң да болмасаң да,0.2857142857142857,0.056179775280898875,14
train-00004-of-00048_000851,әншілікке келесің,أنجل ككلis,1.0,0.9411764705882353,2
train-00004-of-00048_000852,егер де бұйырт тұрса,igerde buir tusa,1.0,0.9,4
train-00004-of-00048_000853,бұйырмаса кім болсаң да келмейсің де,бұйырмаса кім болсаң да келмейсіңда,0.3333333333333333,0.05555555555555555,6
train-00004-of-00048_000854,кенстат,كنستت,1.0,1.0,1
train-00004-of-00048_000855,арманым шын арманым ол кәдімгідей балалық арманымды айтсам болды,арманым тұсын арманым бұл кәдінеде балалық арманым бетсін бұл,0.6666666666666666,0.28125,9
train-00004-of-00048_000856,бала кезден бері армандаймын,bala gеziyim bеr armandayım,1.0,0.8571428571428571,4
train-00004-of-00048_000857,кішкентай кезімнен сөйтіп жаңағыдай мектептің кезінде сайыстар болады қысына деген сияқты,кішкентай кезімнен сүйып жаңадай мектептін кезінде сайыстар болады қыссына деген сқты,0.45454545454545453,0.10112359550561797,11
train-00004-of-00048_000858,қалмайтынмын,қалмайтымын,1.0,0.08333333333333333,1
train-00004-of-00048_000859,линекада ән айтатынбыз постоянно мен ән айтып жүретінмін,linikada anekatımbız pastayanı mene anek juretimmin,1.0,0.9107142857142857,8
train-00004-of-00048_000860,өзімнің жаным соны қалайды негізі,өзімнің жаным соны қалайды негізі,0.0,0.0,5
train-00004-of-00048_000861,мен енді өзім өйтіп жазуға жоқпын бірақ өзімнің өмірімдегі жағдайларды композиторге айтамын да,мен енді өзім өйтіп жазуға жоқпын бірақ өзімнің өмірімдегі жағдайларды композиторге айтамын да,0.0,0.0,13
train-00004-of-00048_000862,түсіндіремін яғни сен арнайы тапсырыспен иә осылай сәйкестендіріп жасайсың ба деп,түсіндіремін яғни сен аорсныағайы тапессырыспенә осылай сәйкестендіріп жасайсың ба деп,0.2727272727272727,0.1111111111111111,11
train-00004-of-00048_000863,менің типажыма сәйкес келетіндей деп,менің типажыма сәйкес келетіндей деп,0.0,0.0,5
train-00004-of-00048_000864,өзімнің жаңағыдай состояниемді айтам түсіндіремін,өзімнің жаңағыдай састаанемді айтам түсіндірем,0.4,0.12244897959183673,5
train-00004-of-00048_000865,ол соған байланысты жазып бер,ол соған байланысты жазып беред,0.2,0.06896551724137931,5
train-00004-of-00048_000866,бір кісі барлығын жазыватырған сол бұрыннан бері,бір кісі барлығын жазып атырған сол бұрыннан бер,0.42857142857142855,0.0625,7
train-00004-of-00048_000867,арман қайда қалды,арман қайда қалды,0.0,0.0,3
train-00004-of-00048_000868,жазылып қойған уақытың болмай жүр енді,ز وخت بمجرين,1.0,0.9473684210526315,6
train-00004-of-00048_000869,енді ол арманды орындау үшін ақша керек қой,енді ол арманды оңырында сы ақша кереп қо,0.5,0.20930232558139536,8
train-00004-of-00048_000870,арман,هرمال,1.0,1.0,1
train-00004-of-00048_000871,жоқ тікелей вокал деп айта алмаймын енді да бірақ былай дайындықтарға барамын,жоқ тікелей вокал деп айт алмайм енді да бірақ былай дайындықтарға барамын,0.16666666666666666,0.03896103896103896,12
train-00004-of-00048_000872,іске жаңағыдай вокалға бір дем қойып осы деп өйтіп бармаймын да неге бірақ енді дайындаламын енді дайындалатын адамым бар,іке жаңадай вакалға бір дем қойып осы деп өйтіп бармаймын да бірақ енді дайындаламінен дайындалатын адамым бар,0.3157894736842105,0.10743801652892562,19
train-00004-of-00048_000873,сонымен дайындалып осы әнді көрсетіп премияны қалай жасауға болады деген сияқты ол барынша өз білгенін үйретеді,соымен дайындалып осы әнімді көрсетіп премьеріні қалай жасауға болады деген сияқталып ол барынша өз бірілгенін үйретеді,0.3125,0.11711711711711711,16
train-00004-of-00048_000874,а так жаңағындай бір уақытты қойып қойып бір пунктуальный өйтіп айналысып отырған жоқпын да,атак жаңағыдай бір уақытты қойып қойып бір пунктуәні өтіпайналысп атарған жоқпын да,0.5,0.13186813186813187,14
train-00004-of-00048_000875,мүмкін судан шығар иә мүмкін судан шығар,ممكن سدن شغر ي ممكن سدن شغر,1.0,0.85,7
train-00004-of-00048_000876,енді жақын арада бұйырса барамын деп тұрмын ғой енді,енді жақынарада берса барам деп тұр ғой енді,0.5555555555555556,0.17307692307692307,9
train-00004-of-00048_000877,а яғни,ي,1.0,1.0,2
train-00004-of-00048_000878,дұрыстап айналысады,дұрыстап бажлсады,0.5,0.2631578947368421,2
train-00004-of-00048_000879,иә осы жақта,ي واشقط,1.0,0.9166666666666666,3
train-00004-of-00048_000880,мұхаттар алдық,电着着,1.0,1.0,2
train-00004-of-00048_000881,білмеймін мен өзім ақтаудан көшкім келмейді,بلميمين زم أقطضنكوشكبقيلميدا,1.0,0.9534883720930233,6
train-00004-of-00048_000882,бірақ ақтауда қалғым да келмейді де,бірақ ақтауда қалығымда келмейтті,0.6666666666666666,0.2,6
train-00004-of-00048_000883,ойым өзгеріп жатыр ма алматыда бірақ тұрғым келмейді яғни өз өзім түсінбей жүрмін негізі себебі екі апта алматыдамын екі апта ақтаудамын да пока маған нормально орынып тұр да енді екі жақта жүрген бірақ соған,ойым өзгеріп жатыр ма алматыта бірақ тұрғым келмейді ана өз өзім түсінбей жүрмегісі себебі екі апты алматытамын екі апты ақтаудамында пака маған нормаллы орынып тұрды енді екі жақта жүргендбақс,0.47058823529411764,0.12980769230769232,34
train-00004-of-00048_000884,бірақ,,1.0,1.0,1
train-00004-of-00048_000885,иә бірақ ақтауда ұзақ болып қалсам ішім пісіп кетеді де алматыға келгім келеді,я бірақ ақтауда ұзақ болып қалсам ішім сікпететті алматыға келінеед,0.46153846153846156,0.23076923076923078,13
train-00004-of-00048_000886,алматыда ұзақ болып қалсам ішім пісіп кетеді де үйдегілерді сағынып кетемін де ақтуда болғым келеді,алматыта ұзақ болып қалсам ішіміскілетте үйдеулер сағынып кетен да ақтауда болғын келек,0.7333333333333333,0.23232323232323232,15
train-00004-of-00048_000887,бір кішкене сөйтіп человек настроение болып жүрмін қазір,бір кішкенә зүйт чоловек настрене ол жұмгазір,0.875,0.30357142857142855,8
train-00004-of-00048_000888,енді алда енді сіңілім бар белгісіз оқуға түсетін сол үшін де де,калда енді сіңілім бар берсі оқуға түсетін сол үшіндеде,0.5,0.171875,12
train-00004-of-00048_000889,мұны,উম,1.0,1.0,1
train-00004-of-00048_000890,ай ай ай,يي,1.0,1.0,3
train-00004-of-00048_000891,бизнес,بن,1.0,1.0,1
train-00004-of-00048_000892,қате сияқты пока,خت سقتفك,1.0,0.9375,3
train-00004-of-00048_000893,себебі мен кәсіппен айналыстым ғой біраз уақыттан бері бірақ,себебі мен кәсіппен айналыстым ғо біраз уақыттаңбер бірақ,0.3333333333333333,0.06666666666666667,9
train-00004-of-00048_000894,тұрақтылық жоқ болып тұр да менде тек осы блогерлікке ғана тұрақтылықты ұстап тұрмын,тұрактылық жоқ болып тұрды ә мен де тек осы блогерлікке ғана тұрактылық тұстап тұрмын,0.5384615384615384,0.11904761904761904,13
train-00004-of-00048_000895,аха,嗯ه,1.0,1.0,1
train-00004-of-00048_000896,кәсіптің өзіне салыну керек қаражат басқа жаққа кетіп пе,кәсіптің өзіне салынуы керек қаражетласқа жаққа кетіп а,0.4444444444444444,0.10714285714285714,9
train-00004-of-00048_000897,сол жағынан менің қаржылық сауаттауым кішкене нашарлау деп айтар едім,сол жағынан мен қажылық сауаттағым кішкене нашарлау деп айтар еді,0.4,0.07246376811594203,10
train-00004-of-00048_000898,сол себепті өзін кәсіпкер есебінде көрмейді,sose pusmi kaspkeri iseb ndi kurmin,1.0,0.9302325581395349,6
train-00004-of-00048_000899,бірақ қайтадан сол кәсіппен айналысайын деп жатырмын,бірақ қайтадан сол кәсіппен айналысайын деп жатырмын,0.0,0.0,7
train-00004-of-00048_000900,иә иә кәсіп төндіру жобасы,かsてتжب,1.0,0.9615384615384616,5
train-00004-of-00048_000901,ә,唉呀,1.0,2.0,1
train-00004-of-00048_000902,бірақ өзім,brakuzi,1.0,1.0,2
train-00004-of-00048_000903,иә әлі мен өзімді бизнес жағында мойындаған жоқпын,ия әлі ме өзімді бизнес жағында мойындаған жоқ,0.375,0.1,8
train-00004-of-00048_000904,а мойындату,amoindatu,1.0,1.0,2
train-00004-of-00048_000905,жоқ дегенде кем дегенде бес жыл тұрақты жұмыс жасап тұруым қажет қой сол кәсіп жабылып қалмай,жоқ дегенде кем дегенде бес жыл тұрақты жұмыс стап тұрым ғо жет қо сол кәсіп жабылып қалмай,0.3125,0.08602150537634409,16
train-00004-of-00048_000906,жақсы аты шығып кәсібің әрі қарай дөңгеленіп кетсе сол кезде айтуға болады,жақсы аты шығып кәсібің әрқарай дөңгеленіп кетсе сол кезде айтуға бо,0.25,0.08108108108108109,12
train-00004-of-00048_000907,айына мысалға жақсы аборт алып келіп жатырса онда өзіңді кәсіпкермін деп айта аласың ал екі үш ай жасап жауып қалатын болсаң оны кәсіпкермін деп айтқан қатесі еді,айына мысалға жақсы аборат алып келіп жатырса онда өзіңді кәсіпкер ме деп айта аласың ал екішай жасап жалық қалатын болса оны кәсіпкер ме деп айтқан қатесе,0.4444444444444444,0.10493827160493827,27
train-00004-of-00048_000908,магазин ашар едім,مغزينشر,1.0,1.0,3
train-00004-of-00048_000909,иә дегелі кәсіпкер болар еді бәрібір,ya digili kaskirolared bar,1.0,0.9166666666666666,6
train-00004-of-00048_000910,бірақ ол жақта адамдай барлығы енді пайда алып келді ғой ешқайсысы минусқа кеткен жоқ қай кәсібімді алсам да ешқайсысы минусқа кеткен жоқ өздерін ақтады тіпті екі есе пайдада алып келді,бірақол жақты адамдайбадамшаа барлығы енді пайда алып келді ғо ешқайсы минусқа кеткен жоқ қай кәсібім да алсам да ешқайсы минусқа кеткен жоқ өздерін ақта тіпті екесе пайдада алып келді,0.4,0.11351351351351352,30
train-00004-of-00048_000911,бұл,pos,1.0,1.0,1
train-00004-of-00048_000912,әйелдердің киіміне деген қызығушылық қатты өзімде,әйелдердің кеміне деген қызығушылық қатты өзімде,0.16666666666666666,0.04081632653061224,6
train-00004-of-00048_000913,сондай бір әйелдердің киімін сатқым келеді,сұна бір йелдерін кимін сактын келед,0.8333333333333334,0.2619047619047619,6
train-00004-of-00048_000914,саудамен айналысқан өзіме ұнайды негізі әншіліктен бөлек те былай саудамен айналысқан,саудам айналысқан өзіме ұнайты негізі әншіліктен бөлекте былай саудам айналысқан,0.45454545454545453,0.07058823529411765,11
train-00004-of-00048_000915,турцияға барып сауда жасап келген болатынмын қытайға барып та жасап блогер болсам да турцияға барып та қытайға барып та сауда істеп келдім білмеймін бір бүйрегім тартып тұрады саудаға қарай,турцияға барып сауда жасақ пелген болатынмын қытайға барыпта жасап пелдім блогер болсам да турцияға барыпта қытайға барыпта сауда секпелдім кілмен бір бүйрегім тартып тұраты саудаға қарай,0.4482758620689655,0.1164021164021164,29
train-00004-of-00048_000916,беложство,mosma,1.0,1.0,1
train-00004-of-00048_000917,иә үй бір біріне көмек,ye fibergenikande,1.0,0.9545454545454546,5
train-00004-of-00048_000918,кетпей деген,кетпей деген,0.0,0.0,2
train-00004-of-00048_000919,әке шешем жастардан айтып кетейін көбісі көбісі негізі аудитория таңғалады,әке шешем жастарынан айтып кетейін көбісі негізі аудитора таңғалады,0.3,0.14864864864864866,10
train-00004-of-00048_000920,менің әкем 67 жылғы мамам 79 жылғы арасы 12 жас,мен әкем алтпыш жетінші жылға мамам жетпіс тоғызыншы жылы арасы он екі жас,0.9,0.851063829787234,10
train-00004-of-00048_000921,мамам әлі жас папам енді үлкендеу кішкене үлкейіп келе жатыр,мамам әлі жас папа менді үлкендеу кішкене үлкейіп келе жатыр,0.2,0.03333333333333333,10
train-00004-of-00048_000922,екеуі енді сол қарапайым ауылдың адамдары,екеуін сол қарапайын ауылдың адамдары,0.5,0.12195121951219512,6
train-00004-of-00048_000923,үйленген,يلنجن,1.0,1.0,1
train-00004-of-00048_000924,тоқсан жетінші жылы дүниеге келдім үйдің үлкенімін мен меннен кейін үш қыз бар,тоқсан жетінші жылы дүниеге келдім үйдің үлкенімін тұңғышымын мен ия менен кейін үш қыз бар,0.23076923076923078,0.1794871794871795,13
train-00004-of-00048_000925,ең қызығы ең соңғы сіңілім екі мың он тоғызыншы жылы менің қызым екі мың он тоғызыншы жылы мамам екеуіміз бір жылда босандық та ал қазіргі кезде қызым мен сіңілім қатар өсіп келатыр тете өсіп келе жатыр да,ең қызығы ең соңғы сіңілім екі мың он тоғызыншы жылы менің қызым екі мың он тоғызыншы жылы мамам екеміз бір жылда босандықта ал қазір кезде қызыммен сіңілім қатар өсіп тете өсіп келе жатырда,0.24324324324324326,0.07317073170731707,37
train-00004-of-00048_000926,үйде 4 қызбыз ұл жоқ,үйде түрт қызбыз ұл жоқ,0.2,0.2,5
train-00004-of-00048_000927,ол жоқ иә үлкені мен менен кейін енді сол жаңағы артымнан ерген үш сіңілім бар менен кейінгі сіңілім тұрмысқа шыққан альбина есіме тоже маңғыстауда блогер мен маңайыма,ол жоқ ия үлкені мен менен кейін еін сол жа артынан ерген үш сіңілім бар менен кейін сіңілім тұрмысқа шыққан альбина есімде тожа маңқысауда блогер мен маңайыма,0.2962962962962963,0.08982035928143713,27
train-00004-of-00048_000928,альбина тестеренком ол да блогер тұрмыс құрған,альвина сестірінкім ол да блогер тұрмыс құрған,0.2857142857142857,0.10869565217391304,7
train-00004-of-00048_000929,баласы бала шағасы бар жолдасы бар деген сияқты одан кейінгілер сіңлілерім әлі кішкентай,балашағасы бар жолдасы бар деген сияқты одан кейін гелер ісіңіллерім әлі кішкентай,0.46153846153846156,0.14772727272727273,13
train-00004-of-00048_000930,біреуі он алтыда біреуі жаңағыдай қызыммен қатар жетіде,біреу он алтта біреу жаңағыдай қызыммен қатар жеті де,0.625,0.09090909090909091,8
train-00004-of-00048_000931,ата анаң немен айналысады,atana niminnns,1.0,0.96,4
train-00004-of-00048_000932,а менің папам вообще оқымаған,men papamvabshi wukmagan,1.0,0.9310344827586207,5
train-00004-of-00048_000933,жаңағыдай бұрын енді білесің ғой өзің көбісі жаңа колледж оқиды институт оқиды деген болған жоқ қой бұрын жағдай болған жоқ қой мектепті тастап кеткен,жаңадай бұрын енді білесің ғо өзің көбісіз жаңа колледж оқит институт оқит деген болған жоқ қо бұрын жағдай болған жоқ қо ол кісімелтерепдіңті тасап кеткен,0.4166666666666667,0.15333333333333332,24
train-00004-of-00048_000934,ел енді,eyel yeza,1.0,1.1428571428571428,2
train-00004-of-00048_000935,ол әкем қарапайым қара жұмысшы болған,ол әкем қарапайым қара жұмысшы болған,0.0,0.0,6
train-00004-of-00048_000936,қара жұмыс жоқ жалданып жұмыс істады мамам мұғалім болды оның үстіне әкеме маған үйленген кезде мамам әлі нені оқып бітірмеген ғой не себептен 17 жасында күйеуге шықты ғой маған,қара жұмыс жоп жалданып жұмыстады мамам мұғалім болды оның үстіне әкеммен мамам үйленген кезде мамам әлі нені оқып бітірмеген ғо институтенді он жет жасында күйгешіптаы мамам,0.4482758620689655,0.2033898305084746,29
train-00004-of-00048_000937,он жеті жасында күйеуіш папам жиырма тоғызда болған ол кезде,он жеті жасында күйші абам жиырма тоғызда болған ол кезде,0.2,0.08333333333333333,10
train-00004-of-00048_000938,бабам оқытты,папама оқытты,0.5,0.25,2
train-00004-of-00048_000939,анамды,anamдa,1.0,0.8333333333333334,1
train-00004-of-00048_000940,жаңағы мен әлі есімде,عمليسمدي,1.0,1.0,4
train-00004-of-00048_000941,менің өзімде уже жасым нормальный болып қалған,мен өзде ошы жасым нормалы болып қалған,0.5714285714285714,0.21739130434782608,7
train-00004-of-00048_000942,бір төрт бестен бе есімде ғой сол кезде жаң мамамда институттан колледжден күтіп отыратынбыз машинаның ішінде екеуміз күтіп отырамыз мамамды алып кетеміз жаңағы неден колледжден үйге барамыз тамақ ішеміз үшеуміз,бір төрт пестемі ба есімде ғо сол кезде жа маамда институттан колледжден күтіп отыратынбыз машинаның ішінде екеуміз күтіп отырамыз мамамды алып кетеміз жаңағы неден колледжден үйге барамыз тамақ шеміз ішеміз,0.23333333333333334,0.04739336492890995,30
train-00004-of-00048_000943,үй жалдап жүрміз жаңағы,ijolda bjurmesana,1.0,0.9565217391304348,4
train-00004-of-00048_000944,ақтаудан қаладан да сондай бір қарапайым отбасыдан шыққан қызбын ғой мамам мұғалім,жақтаудан қаладанда сондай бір қарапайым отбасыдан шыққанғызмын ғо маман мұғалім,0.5833333333333334,0.08536585365853659,12
train-00004-of-00048_000945,папам жаңағындай қара жұмысшы,aпaм жanaغde qaraжumшчы,1.0,0.7586206896551724,4
train-00004-of-00048_000946,сөйтіп,ست,1.0,1.0,1
train-00004-of-00048_000947,статистикада өмір сүреді отбасы да өсті,статстикада өмір сүретін отбаста өсін,0.8333333333333334,0.20512820512820512,6
train-00004-of-00048_000948,иә иә сол оташағы отбасы ғой,sش我tبt,1.0,1.0,6
train-00004-of-00048_000949,иә ата әжемнің қолында енді мен мамам жаңа 17 жаста деп айтып қаламын ғой әлі жас,ата жемнің қолында енді мен мамамжа он жеті жаса деп айтып қалдым ғо әлі жас,0.5,0.20987654320987653,16
train-00004-of-00048_000950,бірінші тұңғышы мен болғасын кемпір шал өзіміз бағамыз деген ғой енді ол келін енді түсіватыр келіндік міндеті көп баяғыда білесің ғой енді келіндерге талап қатты болды деген сияқты келіндік міндеті көп шаруасы көп ауылда тұрады жер үйде тұрады түйе салады деген сияқты сырттың шаруасы да бар іштің үйдің де шаруасы бар сөйтіп анам,бірінші тұнышы мен боласын кепша өзмз аыз деенооклендтаыклмекаиыкметөшауаыаыатажеүйетатсиыышыштүйеысйайшауаа жеееаеетмее отаынажыаеоыеаыае,0.9622641509433962,0.6827794561933535,53
train-00004-of-00048_000951,иә бәріміз бірге тұрдық бірақ жаңағыдай әке шешем бөлек бөлмеде мен ата әжеммен жаңағы залда жатамыз ғой біздер енді,я бәріміз бірге тұрдық біраз жаңадай әкешжем бөлек бөлмеде мен атажеммен залда жатамыз ғой біздер енді,0.42105263157894735,0.14655172413793102,19
train-00004-of-00048_000952,иә жоқ бұны,ya çok bunu,1.0,0.8181818181818182,3
train-00004-of-00048_000953,өзөзө,يزز,1.0,1.0,1
train-00004-of-00048_000954,жоқ мамам жас болғасын әжем енді түсініп,ж мамам жас болғасын әжеменді түсініп,0.42857142857142855,0.075,7
train-00004-of-00048_000955,ол бауырына басқан ғой мені,бауырына басқан ғой мені,0.2,0.1111111111111111,5
train-00004-of-00048_000956,әлі жас бала бағып білмейді мен өзім қара сайын көмектесейін деп солай атам мен әжемнің ортасында өскенім бар 7 жасқа дейін,әлі жас бала бағып білмейді ме өзім қара сайын көмектесейін деп солай атам мен әжемнің ортасында өскенін бар жет жасқа дейін,0.14285714285714285,0.04065040650406504,21
train-00004-of-00048_000957,ата әжемдер,ata jimdia,1.0,0.9090909090909091,2
train-00004-of-00048_000958,мама папа девай таңдаймын,مما بابدعتمي,1.0,0.96,4
train-00004-of-00048_000959,аоо,ع,1.0,1.0,1
train-00004-of-00048_000960,япык,不ك,1.0,1.0,1
train-00004-of-00048_000961,иә иә келіп бір жылдың қызығын болды,ك psнgz,1.0,0.9444444444444444,7
train-00004-of-00048_000962,қалайсың ба қай жағынан,ksm h家们,1.0,0.9565217391304348,4
train-00004-of-00048_000963,тамап,طماف,1.0,1.0,1
train-00004-of-00048_000964,апам сияқты болып қабылдап қалған ба,адабір си яағамол әапам сияқты олып қабылдап қалғаныба,1.1666666666666667,0.5833333333333334,6
train-00004-of-00048_000965,я бароны,iya barundoi,1.0,1.375,2
train-00004-of-00048_000966,эй осы төлескенде,ea filoskini,1.0,0.9411764705882353,3
train-00004-of-00048_000967,соның мамалары сияқты онда,mamaлar سiяقtımt,1.0,0.8846153846153846,4
train-00004-of-00048_000968,иә,,1.0,1.0,1
train-00004-of-00048_000969,ұмытпақ,,1.0,1.0,1
train-00004-of-00048_000970,мен ерке де өзімді айтпас едім,min jirkidi wis bakpas,1.0,0.9,6
train-00004-of-00048_000971,ата әжеме енді мал бабаға еркеледі ме әрине,ата жеме енді малбабаға еркеледі м әрине,0.5,0.06976744186046512,8
train-00004-of-00048_000972,иә,嗯,1.0,1.0,1
train-00004-of-00048_000973,ешкім еркелемеймін,ешкімге еркелемен,1.0,0.2777777777777778,2
train-00004-of-00048_000974,мен даже қазір енді әке шешем вообще еркелемеймін,mindas kazurend akishimmapshi yirkilimi,1.0,0.9387755102040817,8
train-00004-of-00048_000975,адамға еркелеген ғой еркелегім қалып кеткен,адамға ергелемен бо ергелегім қап бөткен,0.8333333333333334,0.20930232558139536,6
train-00004-of-00048_000976,тем более енді өзім әке шеше емес енді ата әжеммен болдым ғой,темболи енді өзім әкешем емес енді ата жемен болдым ғо,0.5,0.14754098360655737,12
train-00004-of-00048_000977,ата ежем ерекелететін кәдімгідей ол екеуі бар кезде мен өте ерке болатынмын,атажым еркерететін кадімгідей ол екеуі бар кезде мен өте ерке болатынмын,0.3333333333333333,0.08,12
train-00004-of-00048_000978,а ол екеуі өмірден өткеннен кейін еркек солаймен кетті ғой,ал ол екеуі өмірден өткеннен кейін еркелік солғаймен кеткі,0.5,0.15517241379310345,10
train-00004-of-00048_000979,қай жағынан айт басыңнан,ハじゃがないバスな,1.0,1.0,4
train-00004-of-00048_000980,алла жасайтын,бұла жасайтын,0.5,0.15384615384615385,2
train-00004-of-00048_000981,құнның күйін а,omufina,1.0,1.0,3
train-00004-of-00048_000982,сол атама тартып кеткен сияқтымын сол кісілердің тәрбиесі ғой,со атама тартып кеткен сияқтымн сол кісілердің тәрбиесі о,0.3333333333333333,0.06557377049180328,9
train-00004-of-00048_000983,мүм,উম,1.0,1.0,1
train-00004-of-00048_000984,өмір бір ақ рет береді қалай өмір сүргің келеді солай өмір сүруің келеді мына өмірден өкініп өтпей ешқашан деп сөйтіп айтып кеткен ғой,өмір бірақ ретпеледі қалалай өмір сүруін керек солай өмір сүруін керек мұны өмірден өкін өтпей ешқашан депсп айтып кеткен ғо,0.6086956521739131,0.1865671641791045,23
train-00004-of-00048_000985,содан қалып қойған,소당 가걸간,1.0,0.9444444444444444,3
train-00004-of-00048_000986,әке шешем бірдеңе айтыватса да ананы істемей ақ өйтпей ақ қойса тыңдамаймын мен өзім істей біліп тұрмын істеп кете беремін,әкешшен бірдең айтып атса да анан істемей ақы етпе ақыды тыңдамайм мен өзім істе беліп тұрма ісеп кете берем,0.75,0.21311475409836064,20
train-00004-of-00048_000987,бұны еркелік деп айтпас едім,бұны еркелік деп айтпас едім,0.0,0.0,5
train-00004-of-00048_000988,қызықты,سني سكن,2.0,1.0,1
train-00004-of-00048_000989,жырсықтық деп айтар едім,فسtي ويتarيد,1.0,0.9583333333333334,4
train-00004-of-00048_000990,өзінің айтқанынан айтпайтын қырсықтық ол еркекке жатпайды ғой ол,өзінң айтқанынан айтпайтын қырсықтыкол еркелікке жатпай ғой,0.6666666666666666,0.15625,9
train-00004-of-00048_000991,оларың ба,лرы,1.0,0.7777777777777778,2
train-00004-of-00048_000992,иә бәрібір де бар,إيا بعرب ارتبار,1.0,0.9411764705882353,4
train-00004-of-00048_000993,кемпір шалдың қызы деп өздері де айтады,кемпір шалдың ғызы деп өздеріде айтады,0.42857142857142855,0.05128205128205128,7
train-00004-of-00048_000994,бізді тыңдамайды бұның тәрбиесінің барлығын кемпір шал айналыста кемпір шалдың қызы деп енді басқа балаларына қарағанда бөлектейді ол нәрсені мен ол саған жағым,бізді тыңдамай ы тәрбиесінің барлығына кемпіршал айналысты кемпіршалдың қызы деп енді басқа балаларына қарағанда бөлеккей ол нәрсені менол саған жағы,0.5217391304347826,0.09375,23
train-00004-of-00048_000995,иә не былай не былай емес нормально қабылдаймын мен оны,я не былай не былай емес нормальны қабылдайм мен,0.4,0.16363636363636364,10
train-00004-of-00048_000996,енді анам да өзі қазір енді өзімнің де балам бар өзімде тұрмыс құрдым ғой енді,енді анамда өзі қазір енді өзімде балам бар өзімде тұрмыс құрдым ғой енді,0.26666666666666666,0.0641025641025641,15
train-00004-of-00048_000997,бұрын тұрмыста болғанмын ғой,бұрын тұрмыста болғанмын ғо,0.25,0.03571428571428571,4
train-00004-of-00048_000998,түсінемін де анамда жас болды өзі,түсінемді анамда жас болт өзі,0.5,0.18181818181818182,6
train-00004-of-00048_000999,енді бірінші баласын қарайласа мен оны андай қылып қабылдамаймын да мені кемпір шалға ысырып тастады мені балалардан бөлектейді деп қабылдамаймын,ені бірінші баласын қарайғыласта менон андай алып қабылдамаймы да мені кемпіршалға ысырыттастады мені балалардан бөлектейді деп қабылдамаймн,0.55,0.0896551724137931,20
train-00004-of-00048_001000,жоқ әрине,sakaline,1.0,1.0,2
train-00004-of-00048_001001,и қисынын жаза қойған,e psını dazalıom,1.0,0.9047619047619048,4
train-00004-of-00048_001002,сондай кезде,真的一子,1.0,1.0,2
train-00004-of-00048_001003,оған ешкім кінәлі,وغان ىشىم كنәلىم,1.0,0.8823529411764706,3
train-00004-of-00048_001004,э,ي,1.0,1.0,1
train-00004-of-00048_001005,ол кезде мен жұтты болғанмын,ugizimin yaktubaгomin,1.0,0.9642857142857143,5
train-00004-of-00048_001006,тиіп кетті ме сол содан кейін уже қатты болып кеттім мен,тиккетті ма со содан кен оже қаты окетті мен,0.8181818181818182,0.26785714285714285,11
train-00004-of-00048_001007,бұрын негізі адамдардың көңіліне қарап тұратынмын,бұрын негізгі адамдардың көңіліне қарап тұратынмын,0.16666666666666666,0.02040816326530612,6
train-00004-of-00048_001008,аха,هه,1.0,1.0,1
train-00004-of-00048_001009,көңілін ойлап тұратынмын,көңілн олaп tұraтыmын,1.0,0.3333333333333333,3
train-00004-of-00048_001010,ал қазір бұл маған бәрібір тисе терекке тимесе бұтаққа деп жүре беретін болғанмын да,ал қазір бұл маған бәрі тесетерекке тимесе бұтаққа деп жүре беретін болғанмында,0.35714285714285715,0.07142857142857142,14
train-00004-of-00048_001011,ал бұрын кәдімгідей адамдардың көңілін бірінші қоятынмын,ал бұрын кәдімгідей адамдардың көңілін бірінші қоятынмын,0.0,0.0,7
train-00004-of-00048_001012,қатты ойлайтынмын,қаتы ويلايتіم,1.0,0.7647058823529411,2
train-00004-of-00048_001013,ал қазір содан кейін өзімді бірінші қойып кеттім ғой сол еркеліктің бәрі қалғаннан кейін,ал қазір содан кейін өзімді бірінші ойып кеттім ғо сол еркеліктің бәрі қалғандан кейін,0.21428571428571427,0.03409090909090909,14
train-00004-of-00048_001014,сонымен кетті ғой тас жүрек болып кеттің бе,소행기또 다수리꼭부든말,1.0,0.9767441860465116,8
train-00004-of-00048_001015,жүкті кезінде қатты әсер етеді әсер етті сол ата әжемнің өмірде өткен,жөту кезінде қатты сеәсерет сол ата жеммама бірден өткен,0.5833333333333334,0.3333333333333333,12
train-00004-of-00048_001016,әрине психологиялық тұрғыда бәрібір де сондай,әрине психололо тұруда бәрібірде сондай,0.6666666666666666,0.17777777777777778,6
train-00004-of-00048_001017,қорғаныс,قورغانس,1.0,1.0,1
train-00004-of-00048_001018,табиғатына жат болғанмен солай жеңіл өмір сүреді кез,табиғатына жат болғанымен солай жеңіл өмір сүреді кесі,0.25,0.057692307692307696,8
train-00004-of-00048_001019,жүрегіңе енді ешкімді кіргізбейсің ғой,жүрегіненді ешкімді кіргізбейтсің ғо,0.8,0.13157894736842105,5
train-00004-of-00048_001020,жеңіл өмір сүресің қандай жағдай орын алса да,жеңіл өмір сүресің қандай жағдай орын алса да,0.0,0.0,8
train-00004-of-00048_001021,депрессияға кіріп өзіңді жоғалтып алу деген болмайды,депрессияға кіріп өзіңді жоғалтып алу деген болмайт,0.14285714285714285,0.038461538461538464,7
train-00004-of-00048_001022,ол жағынан үлкен плюс ал екінші жағынан әйел болғасын жерде бәрібір нәзік жанды болу керек қой,ол жағынан үлкен плюс ал екінші жағынан әйел болғасын жерде бәрібір нәзік жанды ол керек қо,0.125,0.031914893617021274,16
train-00004-of-00048_001023,бұл ютуб,,1.0,1.0,2
train-00004-of-00048_001024,иә ол енді әйелдің жаратылысы ғой,ya i aejaratosiko,1.0,0.9393939393939394,6
train-00004-of-00048_001025,бірақ мен сол әйелдің жаратылысын ысырып тастадым да тасжүректік дұрыс екен дедім,бірақ мен сол әйелдің жаратылысын ысырып тастадым да тас жүректіп дұрыс екен дедім,0.16666666666666666,0.024691358024691357,12
train-00004-of-00048_001026,тас жүректікті әбден қостым жүрегімнен ешкімді кіргізбеймін де,тас жүректікті әбден қостып жүрегіме ешкімді кіргездейнінда,0.5,0.12903225806451613,8
train-00004-of-00048_001027,жиырма сегізде сұрамай айта берейін,سل,1.0,1.0,5
train-00004-of-00048_001028,ржанчо,reranjo,1.0,1.1666666666666667,1
train-00004-of-00048_001029,қалай бір солай қабылдаймын,қалай бұрс ғой қабылдайм,0.75,0.25925925925925924,4
train-00004-of-00048_001030,ондай қиялдығым жоқ мен,onday қiyalдığımzme,1.0,0.9130434782608695,4
train-00004-of-00048_001031,өмірім қалай болып жатыр қалай бар солай қабылдаймын болды,өмірім қалай болып жатыр қалай бар солай қабылдайым бол,0.2222222222222222,0.06896551724137931,9
train-00004-of-00048_001032,ол нәрсе қатты мен бермеймін,nasi kat manbirmini,1.0,0.9285714285714286,5
train-00004-of-00048_001033,жұмыс істеп жүргізіп отыр,,1.0,1.0,4
train-00004-of-00048_001034,өзіндік қалыптастырып қалды,өзімді қалыптастап бол,1.0,0.3333333333333333,3
train-00004-of-00048_001035,бірақ енді жетпіс сексен пайызда көбісі ажырасып кетіватыр,бірақ енді жетпіс сексен пайызда көбісі ажырасып кеті атыр,0.25,0.017241379310344827,8
train-00004-of-00048_001036,қазір өзің білесің ғой айналада ажырасу слишком көп,қазір өзің білесіңғой айналада ажырасу сілшкім көп,0.375,0.0784313725490196,8
train-00004-of-00048_001037,қайсысынан сұрасаң да ажырасқан,қайсынан сұрасаң да ажырасқан,0.25,0.06451612903225806,4
train-00004-of-00048_001038,соның барлығы ерте тұрмыс құрғанның кесірінен сияқты қазір енді,соның барлығы ерте тұрмыс құрғаны кесірінен сияқты қазір енді,0.1111111111111111,0.031746031746031744,9
train-00004-of-00048_001039,заман басқау ғой сол заман талабына сай кішкене,заман басқау ғо сол заман талабына сай кішкене,0.125,0.02127659574468085,8
train-00004-of-00048_001040,өзіңді дамытып өзіңнің жағдайыңды жасап,өзіңді дамытып өзіңнің жағдайыңды жасап,0.0,0.0,5
train-00004-of-00048_001041,оссознаны тұрмысқа шығу керек те,а созыныны тұрмысқа шығу керекті,0.8,0.1875,5
train-00004-of-00048_001042,менің,嗯,1.0,1.0,1
train-00004-of-00048_001043,андай ойбай тек бәрі үйленіватыр жаңағыдай мен де үйлене саламын немесе бәрі тұрмыс құрыватыр мен де тұрмыс құра саламын деп шықпау керек,андай ойбай тек бәрі үйленіп атыр жаңадай менде үйлене саламы немесе бәрі тұрмыс құрып атыр мен де тұрмыс құра саламы деп шықпау керек,0.36363636363636365,0.06569343065693431,22
train-00004-of-00048_001044,өзіңнің адамың ол адами тұрғыдан саған сәйкес келеді ме екеуіңнің мінездерің сен ол адамды жақсы көресің бе әрі қарай өмір сүре аласың ба ол адам натурасы сен натурамен келеді ме соның барлығын біліп барып тұрмыс құрған дұрыс қазір,өзіңнің адамың ол адами тұрғыдан саған сәйкес келе ма екеуіңнің мінездерің сен ол адамды жақсы көресің ба әр қарай өмір сүре аласың ба ол адамы натурасы сен натураңмен келе ма соның барлығын біліп барып тұрмыс құрған дұрыс қазір,0.21052631578947367,0.04329004329004329,38
train-00004-of-00048_001045,ал бұрынғыда бұрынғыда,ал бұрынғы да бұрынғыда,0.6666666666666666,0.045454545454545456,3
train-00004-of-00048_001046,а,啊,1.0,1.0,1
train-00004-of-00048_001047,кімге күйеуге шықтың бітті,금기 기육의 쉽든 때,1.0,0.8846153846153846,4
train-00004-of-00048_001048,өлгенше сол үйде боласың деп сондай менталитет қалыптасқан ғой,өлгенше сол үйде боласын деп сондай менталитет қалыптасқан ғо,0.2222222222222222,0.03225806451612903,9
train-00004-of-00048_001049,ал қазіргі кезде ондай менталитет жоқ,ал қазіргі кезде ондай менталитет жоқ,0.0,0.0,6
train-00004-of-00048_001050,енді спорный вопрос мына жерде,это спорный вопрос на черте,0.6,0.26666666666666666,5
train-00004-of-00048_001051,бірақ енді бәрібір де,بіرaқ enدі بәرі بіrدі,1.0,0.6666666666666666,4
train-00004-of-00048_001052,енді бұрын мысалға сөздің ашығын айтайық,енді бұрын мысалға сөзінң ашығын айта яқ,0.5,0.1,6
train-00004-of-00048_001053,күйеулері налево направо кетіп қалса да,күйюлерін олево направа кетіп қалса да,0.5,0.15384615384615385,6
train-00004-of-00048_001054,әйелдері үндемей отыра берген ғо,әйелдер үндеме отыра берген ғо,0.4,0.0625,5
train-00004-of-00048_001055,ұят болады жұрттан ұят болады ертең ажырасып кетсем,ятпылат жұрттан ятпылат ертең ажырасып кетсем,0.5,0.23529411764705882,8
train-00004-of-00048_001056,а мен не деп айтады өсекке қаламын әке шешем жамандықты қаламын өйтемін бүйтемін деп бәрін ойлап кетеді ғой жертва болады да өзінің соңғы орынға қояды,мен не деп айтады өсекке қалам әкешем жамалаттығам үйтем бүйтемді бәрін ойлап кетеді ғо жертба болады та өзім соңғы орынға қояды,0.52,0.20666666666666667,25
train-00004-of-00048_001057,а енді адамға өмір бір ақ рет берілгесін,а енді адамға өмір бірақ лек берілгесін,0.375,0.075,8
train-00004-of-00048_001058,жұрттың көңілі үшін ананың сөзі мынаның сөзі демей өзіңнің қалауыңмен өмір сүрген дұрыс сияқты,жұрттың көңілі үшін ананың сөзі мынаның сөзі демей өзінің қалауыңін өмір сүрген дұрыс сиқы,0.21428571428571427,0.05319148936170213,14
train-00004-of-00048_001059,мен үшін иә өмір бір ақ өйтпесең 9 өмірің жоқ қой бітті ғой,келеншін ә өмір бірақ өтпеді сен тоғыз өмірім жоқ қо бітті ғо,0.7692307692307693,0.3220338983050847,13
train-00004-of-00048_001060,тегі әр,tik at,1.0,0.8571428571428571,2
train-00004-of-00048_001061,енді менің әлемде ондай жағдай болған,لd nd جdbln,1.0,0.9459459459459459,6
train-00004-of-00048_001062,бірақ шүкір әйтеуір ол жақсы таңдау жасады ғой иә менің әкем вообще андай ішімдікке неге жоқ жаман прогресске вообще жоқ,бірақ шікір айтеер ол жақсы таңдау жасады ғо мен әке вапишиандай ішімдікке негез жоқ жаман піргеі вапиши жоқ,0.55,0.25,20
train-00004-of-00048_001063,ол да анандай мүмкінбейтін шығар енді ерте шыққанына,лдаа бет шығар енді ерте шыққан,0.625,0.40384615384615385,8
train-00004-of-00048_001064,әрине енді айтып отырмын ол кезде менталитет сондай болды,әрине енді айтып отырма ол кезде менталитет сондай болды,0.1111111111111111,0.03508771929824561,9
train-00004-of-00048_001065,болды қалай бар не болса да жаңағы андай сөз бар ғой әке шешелер бұрыннан андай болған ғой қызын беретін кезде еті сендердікі сүйегі біздікі деп айтып кететін болған ғой,болды қалай бар не болса да жаңа андай сөз бар ғо әкесшілер бұрынандай болған ғо қызым беретін кезде еті сендердікі сүйегі біздікі деп айтып кететін боено,0.3448275862068966,0.11242603550295859,29
train-00004-of-00048_001066,сол сияқты олар сондай ортада өсіп қалғасын сондай тәрбиемен сондай менталитетпен өсіп қалғасын олар солай қабылдап не жағдай болса да бір бірінен ажырасқан жоқ ажыраған жоқ,сол сияқты олар сондай ортада өсіп қалғасын сондай тәрбиемен сондай менталитетпе өсіп қалғасын олар солай қабылдап не жағдай болса да бір бірінен ажырасқан о ажыраған жоқ,0.07692307692307693,0.017341040462427744,26
train-00004-of-00048_001067,а қазіргі кезде қиындықтар заттар болыватса мысалы адам ұнамай бастаса адам бір қателік жасаса сен өзің қаламасаң мен өзім сондай адаммын енді мен бұрынғы заманда болсам да да сондай болатын шығармын деп ойлаймын,а қазіргі кезде қиындықтар заттар болып атса мысалы адам ұнамай бастаса адам бір қателік жасаса сең өзін қаламаса мен өзім сондай адаммын енді мен бұрынғы заманда болсам да да сондай болатын шығармын деп ойлайм,0.18181818181818182,0.0330188679245283,33
train-00004-of-00048_001068,иә қырсықтық мінез ғой сол мен өзім қалаумен өмір сүріп қалғанда енді ол әркімнің өзінің таңдауы ғой өзі біледі ғой,қырсықтық мінез ғо сол мен өзім қалау мен өмір сіп қалғанд ендо әркімнің өзіні таңдау ғо өзі біледі ғо,0.6,0.13043478260869565,20
train-00004-of-00048_001069,бұрыс деп айта алмайды иә ерте шық кеш шық демейді ғой но мен өзім енді қазір енді басыма титып қалды енді бір емес енді екі рет басым тасқа барып соқтым ғой былай,ешдұрысадеп айта алмайды ерте шық кеш шық теймейді ғо мынау мен өзім енді қазір енді басыма тиду қаде бір емес енді екі рет басым тасқа барып соқтым ғо былай,0.3125,0.147239263803681,32
train-00004-of-00048_001070,сол себепті қыздарға айтарым кішкене ойланып дұрыстап саралап,сол себепті қыздарға айтарым кішкене ойланып дұрыстап саралап,0.0,0.0,8
train-00004-of-00048_001071,7 рет өлшеп бір рет кес дейді ғой,xit retuulsepret tistito,1.0,0.9393939393939394,8
train-00004-of-00048_001072,солай шыққан дұрыс сияқты өз өзіңді дамытып өзіңнің жағдайыңды жасап страховка дейміз ғой,солай шыққандұр сияқты өз өзіңді дамытып өзіңнің жағдайыңды жасап строховка дейміз ғо,0.3076923076923077,0.056179775280898875,13
train-00004-of-00048_001073,қазір көбісі той жасаватыр қыздар,قازر كوب صوج صودر وقزر,1.0,0.8787878787878788,5
train-00004-of-00048_001074,жас баламын,جасبولما,1.0,0.8181818181818182,2
train-00004-of-00048_001075,эмоциямен шығып кеттің иә массың деген сияқты ол кезде,жэмоциямен шығып кеттің емассыңдеенол кезде,0.6666666666666666,0.25925925925925924,9
train-00004-of-00048_001076,жиырма адамын жиырма бір жасымда күйеуге шықтым ғой,жиырма адамын жиырма бір жасымда кейі шықтым ғо,0.25,0.11764705882352941,8
train-00004-of-00048_001077,иә,那呀,1.0,1.0,1
train-00004-of-00048_001078,бақытты болашаққа деген сенім,бақытты болашаққа деген сені,0.25,0.034482758620689655,4
train-00004-of-00048_001079,алты айдың ішінде ғой мен негізі жүкті кезімде кетіп қалғанмын жүкті кезімде бірінші,алты айдың ішінде ғо мен негізі жүктік езімді кетіп қалғам жүктікезімде бірінші,0.46153846153846156,0.09523809523809523,13
train-00004-of-00048_001080,бірінші затым болды ғой жаңағыдай,бірінші затым болдығо жаңалықдай,0.6,0.12121212121212122,5
train-00004-of-00048_001081,развод деп айтсақ болады,razbutte wisakpat,1.0,0.9583333333333334,4
train-00004-of-00048_001082,өйткені бала кішкене,өйткені бала кішке,0.3333333333333333,0.1,3
train-00004-of-00048_001083,бірақ ол жерде ешкім кінәлі емес тікелей күюімен байланысты барлығы да,бірақ ол жерде ешкім кінәл емес тікелей күйеуіммен байланысты барлығы да,0.18181818181818182,0.07142857142857142,11
train-00004-of-00048_001084,ешқандай үшінші адам төртінші адам қатысы жоқ екеуміздің ажырасуымызға келісімізге да,ешқандай үшінші адам төртінші адам қатысы жоқ үйкеуміздің азырасуымызға керісімізге да,0.2727272727272727,0.047058823529411764,11
train-00004-of-00048_001085,екеулеріміздің арамызда ғана болды да,екеулеріміздің арамызда ғана болпты,0.4,0.13513513513513514,5
train-00004-of-00048_001086,сөйтіп кетіп қалғаннан кейін қайтадан тіл табыстық бірақ андай екен баяғы жартас бір жартас дейді ғой,жетіп кетіп қалғаннан кейін қайтадан тіл табыстық бірақ андай кен баяқ жартасып бір жартасы дейді ғо,0.375,0.09900990099009901,16
train-00004-of-00048_001087,сол қате болды да сол кезде кері барғанын,сол қате болыпта сол кезде кері барғаным,0.375,0.0975609756097561,8
train-00004-of-00048_001088,одан босандым сол жақта болдым,адан босандым сол жақта болдым,0.2,0.03333333333333333,5
train-00004-of-00048_001089,қызым қырқынан шыққаннан кейін қырық бесінші күні,қызым қырықтан чыққанданкен қырық бесінші күні,0.42857142857142855,0.16326530612244897,7
train-00004-of-00048_001090,әлі есімде қырық бесінші күні,علسمديبس نشكنا,1.0,0.9655172413793104,5
train-00004-of-00048_001091,ажырасып кеттім ғой үзілді кесілді болды дедім,azrasketuma zuldigistita bulode,1.0,0.9565217391304348,7
train-00004-of-00048_001092,енді оны аудиторияның барлығы біледі,енді оны аудиторияны барлығы білет,0.4,0.08333333333333333,5
train-00004-of-00048_001093,кезінде енді қол жұмса да,кезінде енді қол жұмысады,0.4,0.12,5
train-00004-of-00048_001094,бірінші жолдасым,бірінші жолдасым,0.0,0.0,2
train-00004-of-00048_001095,сол қол жұмсағанның кесірінен,со қол жұмсағанның кесірінен,0.25,0.034482758620689655,4
train-00004-of-00048_001096,енді мен ешқашан маған қол көтермеген ешкім,ел мен ешқашан маған қол көтермеген ешкім,0.14285714285714285,0.06976744186046512,7
train-00004-of-00048_001097,отбасыда әкелері мысалы қыздарын ұрып жатады ғой енді ол өтірік нәрсе емес қой,отбасыты әкелері мысал қыздарын ұрын жатады ғо ол өтірік нәрсеміз қо,0.6153846153846154,0.19230769230769232,13
train-00004-of-00048_001098,бірақ менің әкем ешқашан қол көтермеген менде мынандай болды,бірак мен аким ечкачан кол көтермеген мендем андай ол,0.8888888888888888,0.25,9
train-00004-of-00048_001099,міне әкем маған қол көтермегенде ол кім маған қол көтеретін,мені әкем маған қол көтермегенде ол кім маған қол көтеретін,0.1,0.03389830508474576,10
train-00004-of-00048_001100,және әкем де қатты ренжіп қалды менің бірінші жолдасыма бірақ қазір енді бала үшін арамыз жақсы бірінші жолдасыммен әлі де араласамыз дос болып жаңағыдай,және әкемде қатты риыншып қалд менің бірінші жолдасыма бірақ қазір енді бала үшін арамыз жақсы бірінші жолдасыммен әліде араласамыз дос болып жаңадай,0.2916666666666667,0.058823529411764705,24
train-00004-of-00048_001101,мен басынан қарсы болған жоқпын иә екеумізде конфликт болса да екеуміз енді жаңағыдай осындай айқай үлкен шу даумен ажырастық қой,мен басынан қарсы болған жоқпын ия үйкеумізде конфликт болса да үйкеуміз енді жаңағыдай осындай айқай үлкен шуы даумен ажырастық қо,0.25,0.05426356589147287,20
train-00004-of-00048_001102,сондай болса да,сондай болса да,0.0,0.0,3
train-00004-of-00048_001103,мен айттым мен бала үшін шешім қабылдай алмаймын дедім де,мен айттым мен бала үшін шешім қабылдай алмайм дедім да,0.2,0.05263157894736842,10
train-00004-of-00048_001104,екеуміз керістік пе оған баланың ешқандай да қатысы болмауы қажет,екеуіміз керістік па оған баланың ешқандайда қатысы болмауы қажет,0.4,0.046153846153846156,10
train-00004-of-00048_001105,баламды көремін араласамын десең мен ешқашан қарсы болмаймын,балаңды көремін араласамын десең мен ешқашан қарсы болмаймын,0.125,0.016666666666666666,8
train-00004-of-00048_001106,сен маған не істесең де қандай сөз айтсаң да қандай әрекет жасасаң да,сен маған не істесеңде қандай сөз айтсаң да қандай әрекет жасасаң да,0.15384615384615385,0.014492753623188406,13
train-00004-of-00048_001107,ол балаңа ешқандай да қатысы жоқ балаңды көре бер деймін қызына келіп тұрады араласамыз әлі күнге,ол балаңа ешқандайда қатыс жоқ балаңды көре бердем қызына келіп тұрады араласаңыз әлі күнгеде,0.4375,0.09278350515463918,16
train-00004-of-00048_001108,кетабыс,你就,1.0,1.0,1
train-00004-of-00048_001109,достық қарым қатынас мен ешқашан қызыма әкесін жамандамаймын,достық қарым қатнасы мен ешқашан қызыма әкесін жамандамайм,0.25,0.06666666666666667,8
train-00004-of-00048_001110,иә әрине ол сосын ертеңгі еркектерге жеккөріністік сезіммен өтеді де қыз баласы,әрине сосын эртеңге эркектерге жек көрініштік сезіммене сетта кызығ аласың,0.8333333333333334,0.3037974683544304,12
train-00004-of-00048_001111,қу,,1.0,1.0,1
train-00004-of-00048_001112,бұрды,رده,1.0,1.0,1
train-00004-of-00048_001113,бір жерде тағы бар ғой,lde taغbalba,1.0,0.9545454545454546,5
train-00004-of-00048_001114,енді бәрібір де таңдап тұрған саламыз блогерлік болғасын,енді бәрі бірде таңдап тұрған саламыз бұлогелік болғасын,0.375,0.07142857142857142,8
train-00004-of-00048_001115,сен айтсаң да айтпасаң да ол ақпарат сыртқа бәрібір де шығып кетеді,сен айтсаң да айтпасаң да ол ақпарат сыртқа бәрібірде шығып кетеді,0.16666666666666666,0.014925373134328358,12
train-00004-of-00048_001116,одан да өзің айта салған дұрыс сияқты,одан да өзің айта салған дұрыс сияқ,0.14285714285714285,0.05405405405405406,7
train-00004-of-00048_001117,сол үшін мен өзім айта салдым сол нәрсенің барлығын қандай дау болғаны да бірақ ертеңгі күні қызыммен отырып жеке сөйлесеміз,сол үшін мен өзім айта салдым сол нәрсенің барлығын қандай дау болғаны да бірақ ертеңгі күні қызыммен отырып жеке сөйлесеміз,0.0,0.0,20
train-00004-of-00048_001118,ол сөйлесе алатындай уже жасқа келген кезде түсіндіріп айтамыз,ол сөйлесе алатындай ож жасқа келген кезде түсіндіріп айтамыз,0.1111111111111111,0.03225806451612903,9
train-00004-of-00048_001119,бәрібір де ашумен біраз нәрселер айтылып қойылады,бәрі бірде ашумен біраз нәрселер айтылып қойылады,0.2857142857142857,0.04081632653061224,7
train-00004-of-00048_001120,ол уже қаншама уақыт өтіп кетті,ол өжі қаншама уақыт өтіп кетті,0.16666666666666666,0.06451612903225806,6
train-00004-of-00048_001121,маған жаңағыдай сол кезде жамандық жасағанмен сен үшін ол жақсы болып қалу қажет,маған жаңағыдай сол кезде жамандық жасағанмен сен үшін ол жақсы болып қалу қажет,0.0,0.0,13
train-00004-of-00048_001122,жаңағы енді ол бірінші жолдасыммен арадағы болған мәселе саған әсер етпеу керек ол әкелік қызметін атқарып жатыр сен әке есебінде қара менің көзіммен мен мысалы енді күйеуім есебінде қарадым ғой менің көзіммен ондай айтар едім иә тек әке ретінде қабылда деп менің қызым түсінеді деп ойлаймын мен негізі ашық сөйлесемін өзім қызыммен,жаңағы енді ол бірінші жолдасыммен арадағы болған мәселе саған әсер етпеу керек ол әкелі қызметін атқарып жатыр сен әке есебінде қара менің көзіммен мен мысал енді күйюім есебінде қарадым ғо менің көзіммен ондай йтар дім дек әке ретінде қабылдадымен қызым түсінеді деп ойлайм мен неміді ашықсөйлесем өзім қызыммен,0.28846153846153844,0.07228915662650602,52
train-00004-of-00048_001123,иә болды сен екінші жолдасыңда өйтіп тұрсың ғой да иә екінші жолдасында,ия болдым сен екінші жолдасымда итіп тұрсың ғо да екінші жолдасыд,0.5833333333333334,0.15492957746478872,12
train-00004-of-00048_001124,бала бар иә,تس,1.0,1.0,3
train-00004-of-00048_001125,ертең,ير,1.0,1.0,1
train-00004-of-00048_001126,ол кезде енді ол түсіндіру керек болады да себебі оның тарапынан айтылды ғой,ол кезде енді ол түсіндіру керек батта себебі оның тарапынан айтылды ғо,0.23076923076923078,0.09210526315789473,13
train-00004-of-00048_001127,баланы алдатып ұстауың керек еді деп ол айтты ғой,балан алдап тұстауым керек еті деп ол айтты ғо,0.5555555555555556,0.14285714285714285,9
train-00004-of-00048_001128,ол ертең мен,ол ертеңн,0.6666666666666666,0.25,3
train-00004-of-00048_001129,мысалы еркектің психолог,ана емтектің психоы,1.0,0.4166666666666667,3
train-00004-of-00048_001130,а не жемейді,aneجmi,1.0,1.0,3
train-00004-of-00048_001131,ер бала бол,жер бала болғын,0.6666666666666666,0.36363636363636365,3
train-00004-of-00048_001132,а ер бала болған соң енді дұрыс қабылдайды деп ойлаймын,әер бала болғансын ні дұрыс қабылдайт деп ойлайм,0.7,0.2,10
train-00004-of-00048_001133,қыз сияқты нәзік болмайды ғой енді ер адамның кішкене өзінің бір жаратылысы болады ғой,лар сезімі жоқыз сияқты нәзік болмайды ғо енді ер адамның кішкене өзінің бір жаратылысы болады ғой,0.2857142857142857,0.16279069767441862,14
train-00004-of-00048_001134,жоқ ондай болған негізі менің әкем ұл күткен ғой,жо бұндай болған негізі мен әкем ұл күткен ғо,0.4444444444444444,0.125,9
train-00004-of-00048_001135,а мен енді қыз болдым ғой енді тұңғышы қызбын,ме енді қыз болдым оні тоңғышы қызбын,0.5555555555555556,0.2,9
train-00004-of-00048_001136,мені ұл сияқты киіндірген мен кішкентай кезімдегі фотоларды көрсем ер баланың киетін спортивкасы кроссовкасы мен ол үшін ренжімеймін,мені ұл сияқты киіндірген мен кішкентай кезімдегі фотоларды көрсең кәм еынер баланың киетін спортивкасы кросовкасы мен ол үшін үренжімейм,0.2777777777777778,0.08333333333333333,18
train-00004-of-00048_001137,екеуін салыстыруға келмейді ғой сені ұл қылып кетті ғой сен қыз болдың бірақ сен қыз екеуіңді біліп тұрса да сенің үстіңе ер баланың киімін кигізіп қойып тұр,ендіұендіді ойлаша да сені ұл ғылып кітті ғо сен қыз болдың бірақ сен қыз екеніңді біліп тұрса да сенің үстіңе ер баланың киімін кигізіп қойып тұр,0.2962962962962963,0.1910828025477707,27
train-00004-of-00048_001138,жоқ енді сені андай әлі де мынау ер бала болса екен деп тұр ғой енді іштей сен оны біліп тұрсың ғой мысқа қарағанда,жоқ сені андай әл жана ер бала болса еткені деп тұр ғой енді ішінесе оны білтір фонтке қарағанда,0.4782608695652174,0.2956521739130435,23
train-00004-of-00048_001139,а ол маған бурный емес я думаю менің солай қабылдайды деп,ол маған ойна емес ядімой менің балдарымды солай қабылдайд деп,0.5454545454545454,0.40350877192982454,11
train-00004-of-00048_001140,айтсам ашық сөйлессем түсінеді деп ойлап жарайды,айтсам ашық сөйлестем түшінет де ойл,0.7142857142857143,0.3125,7
train-00004-of-00048_001141,бәлкім мысалы бала,бәлкім мысалы бала,0.0,0.0,3
train-00004-of-00048_001142,оны жариялады деген де бар ғой сен ол басқа адамдар негізі жариялап жүрген мен емеспін мен,оны жариялат дегенде бар ғо сен ол басқа адамдар негізі жариялап жүрген мен емес белен,0.375,0.1,16
train-00004-of-00048_001143,сөйтіп айтыпты ғой сізге деп,сөйдеп айтыпты ғой сізге деп,0.2,0.07142857142857142,5
train-00004-of-00048_001144,ол өзінің солай жеке айтқан видеолары былай тарап кетті да,ол өзінің сой жеке айтқан видеолары былай тарап кетті да,0.1,0.034482758620689655,10
train-00004-of-00048_001145,содан мен жауап беруім керек болды,sd 민저 필름그rp,1.0,0.9411764705882353,6
train-00004-of-00048_001146,мәжбүр болдым иә ол бәрібір де тұр ол өзі не істеп қойды так что ол менің тарапымнан деп айта алмаймын негізі ол маған айтқан біраз сөздері бар біраз нәрселері біраз видеолары жетеді менде бірақ ешқайсысына өйтіп жаңа жарияланған ертеңгі күні,мәжгүр болды мен ол бәрі бірде тұр ол өзі нестеп қойттыакүшті ол менің тарапымнан деп айта алмайм негізі ол маған айтқан біраз сөздері бар біраз нәрселеріжбірбз видеолары жетет мен де бірақ ешқайсыан өтіп жа жариялан ертеңгі күні,0.5,0.1322314049586777,40
train-00004-of-00048_001147,баламандай бір ішінен бір әкесіне деген реніш берсе де болмасын міне,баламандай бір ішінен бір әкесіне деген ренш өс болмасын,0.36363636363636365,0.19117647058823528,11
train-00004-of-00048_001148,шығар бәлкім,شغال بالكم,1.0,0.9166666666666666,2
train-00004-of-00048_001149,иә оның видеолары негізі көп шығып кетті өзі әлеуметтік желіге бірінші шығып кетті де оныкі,оның виделары негіз көп шық петті өзі әлеуметтік желеге бірінші шық петті да он к,0.7333333333333333,0.18681318681318682,15
train-00004-of-00048_001150,мен тек жаңағындай ажырастым деп жарияладым,мен тек жаңадай ажырыстым деп жарияладым,0.3333333333333333,0.09302325581395349,6
train-00004-of-00048_001151,болған,ب,1.0,1.0,1
train-00004-of-00048_001152,құрамшар,غم,1.0,1.0,1
train-00004-of-00048_001153,денгейді,,1.0,1.0,1
train-00004-of-00048_001154,мүмкін бірақ бала деген жауапкершілік,ібірақ бала деген жауапкершілік,0.4,0.16216216216216217,5
train-00004-of-00048_001155,бала деген жоқ,вaлa degеn ж,1.0,0.6428571428571429,3
train-00004-of-00048_001156,оны енді қазір мына ер адамдардың кесірінен негізі осындай ажырасу көптігі,онен рөю қазір мына ер адамдарның кесіріне негізі осындай ажырасу көптігі,0.36363636363636365,0.10810810810810811,11
train-00004-of-00048_001157,жауапкершілігі жоқ жұмыс жасамай отбасын қамтамасыз еткісі келмейді әлі де жас күніндегідей қыдырып жүре бергісі келеді оған біреу приказ беріп бүйт бүйт деп айтқанын қаламайды,жауапкершілік жоқ жұмыс жасамай отбасыны қамтамасы еткісі келмейді әлі де жас күндегіде қыдырып жүре бергісі келеді оған біреу приказ беріп үйтпейт деп айтқанын қаламайды,0.24,0.0625,25
train-00004-of-00048_001158,отбасылық өмірге дайын емес болып отбасы құратынын жамандау осы ер адамдардың егер де осознанно отбасы құрамын деп ер адам шешім қабылдаса,отбасылық өмірге дайын емес болып отбасы құратыны жаманда осы ер адамдардың егерде асозының отбасы құрамын деп ер адам шешім қабылдаса,0.23809523809523808,0.057971014492753624,21
train-00004-of-00048_001159,ол налево направо жүрмейді сол отбасы үшін жұмыс жасайды до конца ажыраспаудың әрекетін істер еді қазіргі ер адамдар жеңіл ойлайтын болып кеткен әрине барлығына топырақ шашпаймын бес саусақ бірдей емес жақсы ер азаматтар бар өзінің отбасына кәдімгідей бас көз болып отырған отағасы деген атқа сай болып отырған ер адамдар бар бар бірақ басым көпшілігі жеңіл ойлайды да,ол налево напырава жүрмейді сол отбасышы үсін жұмыс жасайды даканца ажыраспоудың әрекетін істереді қазіргі ер адамдар жеңіл ойлайтын боп өткені әрине барлығына топырақ шашпаймын бестаусақ бірдей емес жақсы ер азаматтар бар өзінің отбасына кәдімгідей бас көз болып отырған отағасы деген атқа сай болып отрқан ер адамдар бар бірақ басым көпшілігі жеңіл ойлайтты,0.2807017543859649,0.07608695652173914,57
train-00004-of-00048_001160,әйел ғой болды алып алдым үйде отырады бала шағаға қарайды жаңағыдай,әйел ғой болды алып алдым үйде отырат балашағаға қарай жаңағыдай,0.36363636363636365,0.07352941176470588,11
train-00004-of-00048_001161,әкет өзі қаңғып қыдырып кетіп қалады,әке өзі қаңғып қыдырып кетіп қалат,0.3333333333333333,0.08333333333333333,6
train-00004-of-00048_001162,а ол қазіргі әйелдерге ұнайды ма,ауыл қазіргі әйелдерге ұнай ма,0.5,0.125,6
train-00004-of-00048_001163,ұнамайды олар бұрынғы әкелерінен көрген жасағысы келеді да,ұнамайды олар бұрынғы әкелерінен көргені жасақысы келедті,0.5,0.10344827586206896,8
train-00004-of-00048_001164,бірақ бұрынғы әкелер сияқты болғысы келгенімен бұрынғы аналар сияқты қыздар жоқ та қазір,бірақ бұрынғы әкелер сияқты болғысы келгенімен бұрынғы аналар сияқты қыздар жоқ та қазір,0.0,0.0,13
train-00004-of-00048_001165,қазіргі қыздар,қазіргі қыздар,0.0,0.0,2
train-00004-of-00048_001166,бұрынғыдағыдай отбасым әке шешем не дейді анау мынау деген нәрселердің барлығын ысырып тастаған,бұрынғыдағыдай отбасымен әкешемне дейті анамнау деген нәрселердің барлығын ысырып тастаған,0.5384615384615384,0.10526315789473684,13
train-00004-of-00048_001167,өмір бір ақ рет беріледі мен қалғанда өмір сүруім керек дейді,өмір бірақ рет беріледі мен қалағандай өмір сүруім керек дейд,0.36363636363636365,0.06557377049180328,11
train-00004-of-00048_001168,бірақ енді әлі де кішкене бұрынғы менталитетпен отырған әйел адамдар да жоқ емес бар енді бірақ аз,бірақ енді әлде кішкене бұрынғы менталитетпен отырған әйел адамдарда жоқ емес бар енді бірақ аз,0.23529411764705882,0.030612244897959183,17
train-00004-of-00048_001169,осындай әйел адам өзімді таңдаймын мен өзім бақытсызбын мына еркек,осындай әйел адам өзімді таңдаймын мен өзім бақытсызбын мына еркек,0.0,0.0,10
train-00004-of-00048_001170,жаңағындай жүріп кетіватыр отбасын асырамай айтты тіпті даже бар ғой,жаңадай жіріп кетіп атыр отбасын асырамай ятыр тіпті дажы бар ғо,0.7,0.17647058823529413,10
train-00004-of-00048_001171,үйдің шаруасын бітіріп отқан бала шағаны бағып отырған тіпті асырап отырған әйелдерді деп ойлаймын,үйдің шаруасын бітіріп отқан балашағаны бағып отырған тіпті асырап отырған әйелдер деп бөлем,0.2857142857142857,0.09183673469387756,14
train-00004-of-00048_001172,аха,嗯嗯,1.0,1.0,1
train-00004-of-00048_001173,еркек просто ән жерде,иrكиك пrстanجirdi,1.0,0.8095238095238095,4
train-00004-of-00048_001174,куп,不,1.0,1.0,1
train-00004-of-00048_001175,просто күйеу ме күйеу есебінде бар өзің білесің ғой қаншама әйелдер мысалға кілең жағдайы бар әйелдерге жақындап кеткен ер ер азаматтар көп,проста күю ма күйеу есебіндеп бар өзін білесін ғо қаншама әйелдер мысалға кілең жағдайы бар әйелдерге жақындап кеткен ер азаматтар көп,0.36363636363636365,0.08633093525179857,22
train-00004-of-00048_001176,мен енді оны қазір,мiнеndn кaзр,1.0,0.6666666666666666,4
train-00004-of-00048_001177,астының барлығын ашып айтқым келмейді біраз адамның көңіліне тиіп кетуі мүмкін мына жерде,астының барлығын ашып айтқын келмейді біраз адамның көңіліне тикпейтуі мүмкін мына жерде,0.23076923076923078,0.056179775280898875,13
train-00004-of-00048_001178,бірақ енді солай әйелге көп сеніп алған да ер азаматтар,бірақ енді солай әйелге көп сеніп алғандай ер азаматтар,0.2,0.03636363636363636,10
train-00004-of-00048_001179,үйдің де шаруасын бітіру керек баланы да туу керек әке шешеге де қарау керек келіндік қызметті де атқару керек жұмысты да жасау керек ақшаны да табу керек,үйдіңде шаруасын бітіру керек баланытта туу керек әкесшеге де қарау керек келінгі қызметті де атқару керек жұмысты даштау керек ақшаныда табу керек,0.4074074074074074,0.08441558441558442,27
train-00004-of-00048_001180,солай қабылдап қалған көп ер адамдар,солай қабылдап қалған көбер адамдар,0.3333333333333333,0.05555555555555555,6
train-00004-of-00048_001181,және ашықтан ашық маған жазатын жігіттер де бар сөздің ашығы,және ашықтан ашық маған жазатын жігіттерде бар сөздің ашығы,0.2,0.016666666666666666,10
train-00004-of-00048_001182,қазір сондай бір прикол шықты ғой милфа дейді ме бірдеңе деп айтады екен ғой,тазір сондай бір прикол шықту милфа дима бір деңе деп айтады екен ғо,0.5,0.18421052631578946,14
train-00004-of-00048_001183,әйел қамтамасыз ететін болса анау просто тек жаңағыдай тип пай еркек те бір жері ғана еркек мынау еркекті,әйел қамтамас ететін болса анау просты тек жаңағыдай типпа еркекті бір жері ғана еркек наеркектіжәне саған кәдімгідей,0.5,0.3047619047619048,18
train-00004-of-00048_001184,ашықтан ашық жазады одан ұялып тұрған жоқ өзі еще,ашықтан ашық жазады одан ұялып тұрған жоқ өзешжо,0.2222222222222222,0.10204081632653061,9
train-00004-of-00048_001185,бұл сені шүкір,سنش,1.0,1.0,3
train-00004-of-00048_001186,жоқ қара не,저 k라이의,1.0,0.9090909090909091,3
train-00004-of-00048_001187,әдетсе,أدیتسین,1.0,1.1666666666666667,1
train-00004-of-00048_001188,сен ол адамды позор деді мүмкін бір күн тәубесіне келеді,чем ол адамды паз өртеті мүмкін бір күн тәубесіне келер,0.4,0.17857142857142858,10
train-00004-of-00048_001189,енді тәубесіне келер енді может андай мыстықпен қазіргі немен жасап қалған шығар,эн таубисине кейлериңд моштандый маскыкпен казирги неме жасып калганчат,1.0,0.375,12
train-00004-of-00048_001190,таңдауды біз жасаймыз әрине,قندود بالجصيم سريني,1.0,0.9259259259259259,4
train-00004-of-00048_001191,сәлеметсіздің өздерінің өздерінің өздері,,1.0,1.0,4
train-00004-of-00048_001192,екіншісіне былай болды ол сөзбен әдемі ұйықтатады да,екінші сіне былай болы ол сөзбен әдемі ұйықтататты,0.625,0.1346153846153846,8
train-00004-of-00048_001193,қатты ұйқатады енді ондай еркектер бар сөзбен ұйықтатқанда енді ойбай алдыңа парижді алып келеді ғой,қатти қызады енді ондай еркектер бар сөзбен ұйықтатқанда енді ойбай алдыңа парижд алып келеді ғол,0.26666666666666666,0.07,15
train-00004-of-00048_001194,ол бар,我玩,1.0,1.0,2
train-00004-of-00048_001195,мен болды түсіндім мен де жаңағыдай осындай өмірден өттім сен де бұндай өмірден енді ол да тоже ажырасқан ғой,мен болда түсіндім мен де жаңағыдай осындай өмірден өттім сен де бұндай өмірденд ол датожы ажырасқан ғо,0.3157894736842105,0.07339449541284404,19
train-00004-of-00048_001196,мен болды уже әрі қарай бүкіл балалығым бәрін тастаймын,мен болды оже әрі қарай бүкіл балалығын бәрін тастайын,0.3333333333333333,0.05454545454545454,9
train-00004-of-00048_001197,отбасы деп сөз берген ғой,отбасы деп сөз берген ғо,0.2,0.04,5
train-00004-of-00048_001198,енді жасы біразға келіп қалды енді,енді жасы біразға келіп қалды енді,0.0,0.0,6
train-00004-of-00048_001199,сөзінде тұратын шығар деп ойлайсың ғой басында барлығы әдемі әрине содан кейін қалды сол баяғы қыдырыс сол баяғы әуен,сөзіңде тұратын шығар деп ойлайсың ғо басында барлығы әдем әрине содан кейін қалды сол баяғы қыдырыс сол баяғы әуен,0.15789473684210525,0.02564102564102564,19
train-00004-of-00048_001200,енді сол сөзіне сеніп қалып тұрмын ғой,енді сол сөзіне сені қалып тұрым ғой,0.2857142857142857,0.07894736842105263,7
train-00004-of-00048_001201,төлемаңыздер,有家慢不起,1.0,1.0,1
train-00004-of-00048_001202,отбасыларыңызбен,басыларыңыз ен,2.0,0.1875,1
train-00004-of-00048_001203,меннен кейін тағы бір сіңілім болған иә,менегеін тағы бір сіңілі бұған я,0.7142857142857143,0.2564102564102564,7
train-00004-of-00048_001204,қайтыс болғаным,قتبوهن,1.0,1.0,2
train-00004-of-00048_001205,ол кезде біздер қалаға енді көшіп келіп жатырмыз енді мен ауылда өсіп қалған қызбын ғой,ол кезде біздер қалаға енді көшіп келіп жатырмыз ендімен ауылда өсіп қалғанғызбын ғо,0.3333333333333333,0.04597701149425287,15
train-00004-of-00048_001206,қалада пейсоход жолда көліктер көп жүреді ауылда көлік жүрмейді ғой иә,қалада пишехо жолда көліктер көп жүретін ауылда көлік жүрмейді ғо,0.36363636363636365,0.15714285714285714,11
train-00004-of-00048_001207,екеуміз жаңағыдай мен қолымда мусор мусор пакет бар мамам енді күнделікті далаға шығатын кезде мусор төкте мусор пакет ұстатып жіберді мусор пакет бар алдында гүл жаннат бар,екеуміз жаңа ғыдай мен қолымда мусыр мусыр пакет бар мааменді күнделікті далашығатын кезде мусыр төкте мусыр пакет сат жірет мусыр пакет бар алдында гүлжанат бар,0.5555555555555556,0.12138728323699421,27
train-00004-of-00048_001208,екеуміз подъезден осылай шығып келе жатамыз,екеуміз падезден осылай шықып келе жатамыз,0.3333333333333333,0.06976744186046512,6
train-00004-of-00048_001209,мен де кішкентаймын иә,مينلي كشكين تيمنيا,1.0,0.9545454545454546,4
train-00004-of-00048_001210,так,tak,1.0,1.0,1
train-00004-of-00048_001211,ол кезде менің жасым примерно 1 жеттіде ме сондай,ол кезде мен жасым премьеріні бір жетті де ма сондай,0.6666666666666666,0.22448979591836735,9
train-00004-of-00048_001212,аха,啊好,1.0,1.0,1
train-00004-of-00048_001213,жетіде ол төртте болатын ол кезде,жеті де ол төрт те болатын ол гезде,0.8333333333333334,0.09090909090909091,6
train-00004-of-00048_001214,7 жасымда ғой осылай өсіп жаңағыдай пакетті ұстап келе жатырмын гүлжан ата алдымда келе жатырған,жет жасымда ғо осылай өсіп жаңадай пакетті ұстап келе жатырмын гүлжанат алдымда келе жатырған,0.3333333333333333,0.08333333333333333,15
train-00004-of-00048_001215,бір уақытта жаңағы көрші қыз болған бізде сол көрші қыз ана мусорный бактың жанында тұрды да соған қарай жаңа соның атын атап жүгіріп баратады ғой,бір уақытта жаңағы көршығыз болған бізде сол көршіғыз ана мусырны бактың жанында тұртты соған қарай жа соның атын атап жүгіріп баратады ғо,0.36,0.10273972602739725,25
train-00004-of-00048_001216,тоқта деп мен айтып үлгермейм газель көз алдымда қақып кетеді сол сіңілімді,тоқта деп мен айтып үлгермейм газел көз алдымда қақып кететі сол сіңілімді,0.16666666666666666,0.02666666666666667,12
train-00004-of-00048_001217,үлкен кәдімгідей газель ғой,lken kan murikaselgo,1.0,0.9629629629629629,4
train-00004-of-00048_001218,иә менің көз алдымда қақып кетеді бірақ қақып кеткенмен ол қазір тоқтады ғой енді,ия менің көз алдымда қақып кететін бірақ қақып кеткенмен ол газел тоқтады ғой енді,0.21428571428571427,0.07407407407407407,14
train-00004-of-00048_001219,тоқтағанмен ол сіңілімнің үстінде ешқандай да жарақат қан ешнәрсе болған жоқ,тоқтағанмен ол сіңілімнің үстінде ешқандай да жарақат қан ішнәрсе болған жоқ,0.09090909090909091,0.013157894736842105,11
train-00004-of-00048_001220,сөйтсе ол қаншы тең кетіватқан екен біз білмедік те мен бірден мусорты ұстап сіңілімді көтеріп алып үйге кіремін,сөйтсеп ол қаныштең кетіп жатқан екенбіз білмейдік та мен бірде мусырт ыстап сіңілімді көтеріп алып үйге керем,0.6666666666666666,0.14285714285714285,18
train-00004-of-00048_001221,аха үйге кірем де жаңа мамам айтам осылай қағып кетті мамам қатты қабылдамайды,үйге кірем да жамам айтам осай қақып т маам қатты қабылдамайт,0.6923076923076923,0.2564102564102564,13
train-00004-of-00048_001222,енді қан жоқ дым жоқ қой жарақат жара ешнәрсе жоқ бірақ сіңілім деген жылаватыр енді енді іштен қан кетіватыр ауыртып отырған болды да иә содан больницаға апарайық дейді сонымен больницаға алып барады алып барғанда,енді қан жоқ дым жоқко жарақат жара иш нәрсе жоқ бірақ сіңілім деген жыла батыр енді нді іштен қан кет атыр алыт атырған бопта содан баницаға паряқ дейт се баницаға алып барат алып барғанда,0.5588235294117647,0.19626168224299065,34
train-00004-of-00048_001223,бірден реанимацияға түседі ғой реанимацияға түсіп бір сағатқа жетер жетпес өмірден өтіп кетті дейді,бірден реанимацияға түседі ғо реанимацияға түсіп бір сағатқа жетер жетпес өмірден өтіп кетті дейт,0.14285714285714285,0.030303030303030304,14
train-00004-of-00048_001224,ол анама үлкен соққы,ол анама үлкен соққолд,0.25,0.15,4
train-00004-of-00048_001225,енді жасып қалды ол кезде өзі,енді жасқоыл кезде өзі,0.5,0.27586206896551724,6
train-00004-of-00048_001226,оның үстіне жаңағыдай қалаға енді көшіп келіватыр енді адам боламыз үлкен арман мақсатпен келеді ғой адам,оның үстіне жаңағыдай қалаға енді көшіп келіп атыр енді адам боламыз үлкені арман мақсатпен келеді ғой адам,0.1875,0.02857142857142857,16
train-00004-of-00048_001227,бүкіл арман мақсатының барлығы алдында құлағандай болды да,бүкіл арма мақсатының барлығы алдында құла қандай болата,0.5,0.1206896551724138,8
train-00004-of-00048_001228,сол кезде енді мен әйел ретінде ана ретінде қазір түсінемін,сол кезде енді мен әйел ретінде ана ретінде қазір түсінем,0.1,0.03389830508474576,10
train-00004-of-00048_001229,ол кезде бірақ түсінген жоқпын ренжідім іштей анама деген андай өкпем ренішім қатты болды,ол кезде бірақ түсінген жоқпын ренжідім іште анама деген андай өкпем рендішім қатты болп,0.21428571428571427,0.0449438202247191,14
train-00004-of-00048_001230,қазір енді өзім ана болған соң түсінемін енді балаңнан иә мені кінәлағаны үшін,қазір енді өзім анауылғасын түсінемені баламнан аялуы деген өте ауыр иә мені кіналаған үшін,0.6153846153846154,0.44871794871794873,13
train-00004-of-00048_001231,енді ол ашумен айтып қалды деп ойлаймын эмоциямен ол кезде тіпті өзінің,енді ол ашумен айтып қалдып деп ойлайм эмоциямен ол кездесіпті өзінің,0.3333333333333333,0.07042253521126761,12
train-00004-of-00048_001232,есі креслі шыға сұлу болды ғой,иесі кіресілі шығасылы болды ғо,0.8333333333333334,0.23333333333333334,6
train-00004-of-00048_001233,үйде қаза болыватыр үлкен,үйде қаза болып атыр үлкен,0.5,0.08,4
train-00004-of-00048_001234,ол қыз еще өте қылықты болатын ол сіңілім,оғыз іші өте қылықты болатын ол сіңілім,0.375,0.14634146341463414,8
train-00004-of-00048_001235,андай қылықты пысық болады ғой андай бір тартып тұратын тәтті қыздар болады ғой сондай тәтті қыз болатын,андай қылқта пысық болады андай бір тартып тұратын тәтті қыздар болады сондай тәтті ғыз болатын,0.23529411764705882,0.10576923076923077,17
train-00004-of-00048_001236,сөйтіп одан да қара жердің қойынында сенің жатқаның артық еді деген сөздер айтылды,сөйтіп одан да қара жердің қойында сеніп жатқаның артық ет деген сөздер айтылды,0.23076923076923078,0.06097560975609756,13
train-00004-of-00048_001237,иә анамның тарапынан айтылды,я анамның тарапынан айтылды,0.25,0.07142857142857142,4
train-00004-of-00048_001238,оның барлығы енді сен дұрыстап қарамайсың ба сіңіліңе саған сені тапсырдым ғой деп ойлаймын,оның барлығы енді сен дұрстап қарамайсың басігілігіңе саған сені тапсырдым ғо деп ойлайм,0.35714285714285715,0.08791208791208792,14
train-00004-of-00048_001239,сол неде айтты деп ойлаймын да,сол неде айтты деп ойлайм да,0.16666666666666666,0.06666666666666667,6
train-00004-of-00048_001240,бір енді менің бір өлімімді қалады деп айта алмаймын әрине баласын қимайды ғой иә біразға дейін енді анам жібере алған жоқ,бір енді менің бір өлімінді қалад дп айталмай әриненаасын жерде я баласн қимайды ғой біраз ғадейін енді анам жібере алған жоқ,0.5238095238095238,0.22131147540983606,21
train-00004-of-00048_001241,баласын,بالس,1.0,1.0,1
train-00004-of-00048_001242,өте ауыр жас кезде ол баладан айырылып қалу деген,өте ауыр жас кезде ол баладан айырып қалу деген,0.1111111111111111,0.04081632653061224,9
train-00004-of-00048_001243,мен мысалы қазіргі елестете алмаймын мысалға,ме мысал қазір едестете алмай мысалға,0.8333333333333334,0.18181818181818182,6
train-00004-of-00048_001244,мен баламды жаңағыдай өзімді осындай неде мүлдем үйретіп жатырмын құдай сақтасын әрине,мен баламда жаңада өзімді осындай неде мүлде мейлесп жатырман құдай сақтасын әрине,0.4166666666666667,0.12790697674418605,12
train-00004-of-00048_001245,ол нәрсені қабылдау өте қиын деп ойлаймын қай қай ғана,ол нәрсені қабылдау өте қиын деп ойлаймын қайқай анағад,0.3,0.09259259259259259,10
train-00004-of-00048_001246,енді біраз жақтан мен ренжіп келдім ғой мен,енді біраз етанен ренчіп келдім ғой мен,0.375,0.13953488372093023,8
train-00004-of-00048_001247,сұлтты,,1.0,1.0,1
train-00004-of-00048_001248,иә иә осы берік ретте ана болғаннан кейін барып қана түсіндім де,иә ия осы бергіректі ана болғаннан кейін барып қана түсіндің да,0.4166666666666667,0.125,12
train-00004-of-00048_001249,неге өйдеп айтты менің негнам бар солай болу керек болып тұрған ғой иә не үшін мені кінәлады деген сияқты сұрақтар мазалады біраз,неге өй деп айтты мен негінан бар солай болу керек болып тұрған ғо я не үшін мені кінәлад деген сияқты сұрақтар мазалады біраз,0.3181818181818182,0.06976744186046512,22
train-00004-of-00048_001250,но ана болғаннан кейін мен уже түсіндім,но ана болғаннан кейін мен ожы түсіндім,0.14285714285714285,0.05128205128205128,7
train-00004-of-00048_001251,сол мен мен де солай ойладым да,мен де солай ойладым да,0.2857142857142857,0.25806451612903225,7
train-00004-of-00048_001252,және ең қызығы сол қабылдадым ғой солай анамды ол ауруым біразға дейін негізі жалғасып келген менде,және ең қызығы сол қабылдадым ғо солай адамды ол ауруын бір азғадейін негіз жалғасып келгенмен де,0.5,0.08080808080808081,16
train-00004-of-00048_001253,ол ауруды андай қаратамыз мұнда қаратамыз бірақ барлығы нормально дейді де но ол ауру өздігінен қайта қайта жаңағыдай соны кішкене тарқатып,ол ауруды андай қаратамыз мұнда қаратамыз бірақ барлығы нормалініз дейт та но ол ауру өздігінен қайта қайта жаңағыдай соны кішкене таррет,0.19047619047619047,0.07913669064748201,21
train-00004-of-00048_001254,ол оказывается аурудың 2 түрі де бар екен ғой психологиялық жағынан да болады екен адамда травма болса,ол оказывайтся аурудың екі түрде бар екен ғо психологиялық жағынан да болады екен адамда травма болса,0.29411764705882354,0.06862745098039216,17
train-00004-of-00048_001255,жаңағындай қатты көңілге алып қалған бір жағдай болатын болса ол ауру біразға дейін болады екен бірақ сол жаңағындай қалай мен қабылдадым,жаңдай қатты көңілге алып қалған бір жағдай болатын болса ол аура біраз қаден болады екен бірақ сол жаңағыдай қалай мен қабылдадым,0.23809523809523808,0.08029197080291971,21
train-00004-of-00048_001256,қалай мен жағдайын түсініп қазір мысалы ренжімеймін отпускке кеттім ғой уже мен отпускке кеткеннен кейін ол ауру да жоқ қой,қалаймен жағдайын түсініп қазір мысала ренжемеймі отпускат еттім ғо ужы мен атпускат еткеннен кейін ол ауруда жоқ қо,0.65,0.12195121951219512,20
train-00004-of-00048_001257,елмек сеніп психология ғой,жемек сенет психологияла,1.0,0.3076923076923077,4
train-00004-of-00048_001258,а ол қалай көрініс тапты оған,ауыл қабай көрініс таптыран,0.8333333333333334,0.20689655172413793,6
train-00004-of-00048_001259,иә мектептік шақта төртінші сыныптан басталды солай,мектептік шақта төртінші сынттан басталды солай,0.2857142857142857,0.09803921568627451,7
train-00004-of-00048_001260,и басында енді жоқ мектеп бітіргенге дейін андай қатты бір қуғым ауыра беретінмін де өз өзіме,басында енді жоқ мектеп бітіргенге дейін андай қатты бір қуғым аура беретін ді өз өзімен,0.3125,0.08602150537634409,16
train-00004-of-00048_001261,а вроде ол ауру негізі босанған әйелдерде болу қажет аурудан негізінде де босанған әйелдерде тұрмыс құрған келіншектерде болу қажет ауру ғой бірақ менде сол төртінші сыныптан басталды,вроде ол ауру негізі босанған әйелдерде болу қажет ауруда негізінде да босанған әйелдерде а тұрмыс құрған кеінчектер де болу қажет ауру ғо бірақ менде сол төртінші сыныптан басталды,0.25925925925925924,0.0546448087431694,27
train-00004-of-00048_001262,керегіңдер бардың ба,бедіңдер барды ма,1.0,0.3,3
train-00004-of-00048_001263,бірақ ана ауру мазалап тұр сөйтсек оның барлығы психологиядан болған екен ғой ол аурудың соңы мына мен оқуға түскен кезде алматыға университетке түскен кезде уже қатты жалғасып кетті ғой,бірақ ана ауру мазалап тұр сөйттек оның барлығы психологиядан болған екен ғо ол аурудың соңы мынамен оқуға түскен кезде алматыға университетке түскен кезде оже қатты жалғасып кетті ғо,0.20689655172413793,0.026881720430107527,29
train-00004-of-00048_001264,уже маған судорогы беріп бастады енді ұзақ уақыттан бері психологиялық сол травмада жүрген болып тұрмын ғой судорогы беріп бастады талып құлайтын болдым сабақтың үстінде құлап қаламын жаңағындай дірілдейм судорог ұстайды сондай нәрселер болып кетті,ошы маған судірге беріп бастады енді ұзақ уақыттан бері психологиялық сол травмада жүрген болып тұрм ғо судірге беріп бастады талып құлайтын болдым сабақтың үстінде құлап қалам жаңадай дірілдейм судіркі ұстайты сондай нәрселер болып кетті,0.2647058823529412,0.0846774193548387,34
train-00004-of-00048_001265,давлением түсіп кетеді өлемін деп ойладым мен сол кезде,tablinim sukutet wulemni wula misogese,1.0,0.9272727272727272,9
train-00004-of-00048_001266,сөйтсем соның барлығы сол травманың кесірінен болған екен ғой,сөйтсем соның барлығы со трауманың гесіріне болған екен ғо,0.4444444444444444,0.08196721311475409,9
train-00004-of-00048_001267,екінші күні,很走,1.0,1.0,2
train-00004-of-00048_001268,жатқан,,1.0,1.0,1
train-00004-of-00048_001269,а анамның тарапынан ба,아안n는 t라p한말,1.0,0.9545454545454546,4
train-00004-of-00048_001270,білмеймін енді ол жағынан анамын қазір сөйлеспейміз ол жақ,білнеменд улжанан анам казр т сулеспемс олжа,1.0,0.39655172413793105,9
train-00004-of-00048_001271,ол бұрын өтіп кеткен нәрсе болғандықтан,бұрын өтіп кеткен нәрсе болғандықтан,0.16666666666666666,0.07692307692307693,6
train-00004-of-00048_001272,маған келіп көп нәрсені ашық айта алмайтын сияқты,маған келіп көп нәрсені ашық айта алмайд сияқты,0.125,0.061224489795918366,8
train-00004-of-00048_001273,қорқатын сияқты өзінің де ішінде бір,қорқатын сияқты өзінңде ішінде бір,0.3333333333333333,0.05555555555555555,6
train-00004-of-00048_001274,әттеген ай дегені бар сияқты анамның да,әттеген ай дегені бар сияқты анамныңда,0.2857142857142857,0.02564102564102564,7
train-00004-of-00048_001275,бірақ енді ашықтықке келіп маған айтпайды оның барлығын,бирак энди ашы тике келип маган айтпайт унун барлыга,1.125,0.3090909090909091,8
train-00004-of-00048_001276,иә мен де айтпаймын мен өзім негізі былай әңгімеге ашық адам болғаным мен ішкі жан дүниемде жабық адаммын ішкі жан дүниемде сырларымды ешкімге ашпаймын негізі,я менде айтпейм мен өзім негізі былай әңгімеге ашық адам болғанмен ішкі жан дүниемде жабық адамын ішкі жан дүниемде сырларымда ешкімде ашпаймы негізі,0.4,0.08227848101265822,25
train-00004-of-00048_001277,иә сол кездерде мен қайта қайта жаңағы ауылға кетіп қалатынмын,ә сол кездерде мен қайта айтта жаңағы ауылға кетіп қалатымын,0.3,0.06451612903225806,10
train-00004-of-00048_001278,ата әжеме да,أكجيميدة,1.0,1.0,3
train-00004-of-00048_001279,ата әжемнің қасында көп болатынмын,ата жемнің қасында көп болатынмын,0.2,0.029411764705882353,5
train-00004-of-00048_001280,а мен тұрмай ақ қояйыншы аналармен мен сендермен тұра берейінші деп кәдімгідей ата әжеме жылағаным да бар,мен тұрмаяқ қойыншы аналар менмен сендермен тұра берейіншы деп кәдімгіде ата жеме жылағанымда бар,0.6470588235294118,0.11428571428571428,17
train-00004-of-00048_001281,қашып кетемін айтпай кетіп қаламын,қашып кетем айтпай кетіп қаламы,0.4,0.08823529411764706,5
train-00004-of-00048_001282,газельгеменен 580 теңге әлі есімде 580 теңгісін беремін газельгеменен ауылға кетіп қаламын,газелге менем беш жуз сексентенги алесiмде без сексентигсин берем газелге менемде алға кетип qылым,1.1666666666666667,0.5444444444444444,12
train-00004-of-00048_001283,үйдегілер білмейді мені таппай қалады қайтпаймын барғым келмейді уже,үйдегілер білмейті мен таптай қалады қайтпайм барғым келмейді оже,0.5555555555555556,0.08823529411764706,9
train-00004-of-00048_001284,жаңа енді ол кезде енді,专应独个进的,1.0,1.0,5
train-00004-of-00048_001285,қаза болыватыр ғой енді үйде,қаза болып атыр ғой енді үйде,0.4,0.07142857142857142,5
train-00004-of-00048_001286,қаза болыватыр анамның андай сөзі болды деген сияқты ол кезде маған қабылдау кішкене 7 жасар қызға енді қабылдау қиын болды сол үшін қайта қайта ауылға кетіп қалатынмын,қаза болыпатыр анамның андай сөзі болып деген сияқты ол кезде маған қабылдау кішкене жет жасар қызға енді қабылдау қиын болпы сол үшін қайта қайта ауылға кетіп қалатынмын,0.14814814814814814,0.041666666666666664,27
train-00004-of-00048_001287,ата әжемнің жанында,ата жемнің жанында,0.3333333333333333,0.05263157894736842,3
train-00004-of-00048_001288,көп болғанды қалайтынмын,көп болғанды қалайтымын,0.3333333333333333,0.041666666666666664,3
train-00004-of-00048_001289,жоқ ашық айтқан жоқ,жоқ ашық айтқанқ,0.5,0.15789473684210525,4
train-00004-of-00048_001290,білмеймін бір моменті болмай жүрген сияқты,білмен бір моменті болмай жүрген сияқт,0.3333333333333333,0.09523809523809523,6
train-00004-of-00048_001291,мән бермейтін де сияқтымын ба мен қатты оған бір сөйлесу керек ау деп әлі қабылдамаған сияқтымын өзім,мән бермейтінде сияқтым ба мен қатты оған бір сөйлесу керек ау деп әлі қабылдамаған сибөзі,0.29411764705882354,0.1188118811881188,17
train-00004-of-00048_001292,иә ол да бірінші рет ана болып тұр ғой,ол да бірінші жет ана олып тұрғо,0.5555555555555556,0.18421052631578946,9
train-00004-of-00048_001293,былай енді сөйлесеміз ғой қатты енді ашық емес,былай енді сөйлесеміз ғой қатты енді ашық емес,0.0,0.0,8
train-00004-of-00048_001294,жаңағы,在,1.0,1.0,1
train-00004-of-00048_001295,үңілі,मiलe,1.0,1.0,1
train-00004-of-00048_001296,құрбы сияқты сөйлесеміз негізі иә ана мен қызына қарағанда құрбы сияқты сөйлесеміз,құрбы сияқты сөйлесеміз негізі ә ана мен қызына қарағанда құрбы сияқты сөйлесеміз,0.08333333333333333,0.012195121951219513,12
train-00004-of-00048_001297,ешкімге төгілмеймін мен ешкімге айтпаймын,иш кімге төгелмеймен ишкіме етпеймен,1.0,0.3170731707317073,5
train-00004-of-00048_001298,өзім ішімде өзім шешуім керек өзімде қалу керек болды,өзім ішімде өзім шешуім керек өзімде қалу керек болды,0.0,0.0,9
train-00004-of-00048_001299,әкеме вообще айтпаймын,aكimiwafi شhي tm,1.0,0.9545454545454546,3
train-00004-of-00048_001300,нөл әкем екеумізде қатты бір андай арада әңгіме де жоқ,нөл әкем екеубізде қатты бірғандай арада әңгемеде жоқ,0.5,0.07407407407407407,10
train-00004-of-00048_001301,иә иә менің әкеге деген махаббатым қатты,я я мен әкеге дегі махаббатым қатты,0.5714285714285714,0.2,7
train-00004-of-00048_001302,әкеме ананы алып берсем екен мынаны үйтсем екен бүйтсем екен әкемді қуантсам екен деген махаббатым қатты,әкем ән аналып бірсем екен мінана үйтсем екен бүйтсем екен әкемді қуантсам екен деген махаббатым қатты,0.3125,0.07692307692307693,16
train-00004-of-00048_001303,бірақ қыз ретінде енді әкем деген қалай айтсам болады қатты бір андай не адам емес те эмоцияға жақын адам емес те баяғының адамдары сол ғой,бірақ қыз ретінде енді әкемідеген қалайтсам бо қатты бірандай не адам емес та эмоцияға жақын адам емес та баяғының адамдары сол ғо,0.4,0.08633093525179857,25
train-00004-of-00048_001304,жылы сөзді көп айтпайды қатты ашылмайды өзін кішкене алыстан алшақтан ұстайды ғой,жылы сөзді көп айтпайды қатты ашылмайды өзің кішкене алыстан алшақтан ұстайды ғо,0.16666666666666666,0.024691358024691357,12
train-00004-of-00048_001305,әкеммен де өйтіп қатты әңгіме етпейді екенбіз,aكn minde wt qat أngli pedi cems,1.0,0.8888888888888888,7
train-00004-of-00048_001306,жоқ машинаға отырам да машинаға отырам да,жоқ машинаға отырамда машинаға отырамда,0.5714285714285714,0.04878048780487805,7
train-00004-of-00048_001307,музыка қосып қоямын да болды сонымен шығара саламын иә иә иә андай подругаға барып айтып қазір біреуге бірдеңе айтуға қорқасың,музыка қосып қоямда бұл сомен шығара сала яни се өзіңе өзі ғана шыарасың я я андай падругаға барып айтып казі біреуге бірдең айтуға орқасын құрсын бәрісі құрсынәлсздг,1.0,0.5714285714285714,20
train-00004-of-00048_001308,иә құрсын бәлестен аулақ дейсің ғой өз өзіңмен ғана проблема болса бір жаман не болып қалыватса,а құрсын бәлесінен аулақ дейсің ғо өз өзіммен ғана проблема болса бір жаман не оқ қалып атса,0.4375,0.12631578947368421,16
train-00004-of-00048_001309,көлікке барамын да музыкам бақытты болып сол жерде,көлікке барамда музыкан бақыртып қойп сол жерде,0.625,0.18,8
train-00004-of-00048_001310,бүкіл нәрсені сырымды өз өзімнің аттары,бүкіл нәрсенің сырынды өз өзіме ақтарым,0.6666666666666666,0.1794871794871795,6
train-00004-of-00048_001311,бүткен ақтық та,bitkina,1.0,1.0,3
train-00004-of-00048_001312,иә кішкентай кезінде иә жетінші сыныптың кезінде ғой,кішкентай кезінде я жетінші сыныптың кезінде ғо,0.375,0.11538461538461539,8
train-00004-of-00048_001313,бір,ber,1.0,1.0,1
train-00004-of-00048_001314,тумаласымыз туысымыз,tuğmalasımız tuğusımız,1.0,1.05,2
train-00004-of-00048_001315,бәріміз енді ауылда жаңағыдай садақа болады той томалақ болады сол кезде бәріміз жиналамыз ғой,бәріміз енді ауылда жаңадай садаққа болад той томалақ болады сөгезде бәріміз жиналамыз ғо,0.42857142857142855,0.09574468085106383,14
train-00004-of-00048_001316,бәрі күшті көлікпен келеді жаңағы тумалыстардың барлығы,бәрі күшті көлікпен керетжеңар тумаластардын барлығы,0.42857142857142855,0.16363636363636364,7
train-00004-of-00048_001317,күшті көліктен түсіп кетеді бізде енді ескі көлік болды,кішті көліктен түсіп қайтады бізде енді ескі көлік болды,0.2222222222222222,0.10909090909090909,9
train-00004-of-00048_001318,өйткені бір есігі дұрыс жабылмайды сол жерден жел гулит,үйто біресігі дұрыс жабылмайт сол жерден желгулид,0.6666666666666666,0.18181818181818182,9
train-00004-of-00048_001319,кондиционер жоқ жаңағыдай пеші дұрыс істемейтін сондай бір ескі көлік болған,кондиционер жоқ жаңадай пише дұрыс стемейтін сондай бір ескі угілік болған,0.36363636363636365,0.10526315789473684,11
train-00004-of-00048_001320,сол кезде ең ескі көліктен менің әкем түсіп келе жатыр да,сол кезде ең ескі көліктен менің әкемі түсіп келе жатырта,0.2727272727272727,0.05263157894736842,11
train-00004-of-00048_001321,сол бәріміз түсіп келе жатырмыз ғой енді отбасымызбен келе жатырқ қой,сол бәріміз түсіп келе жатырмыз ғой енді отбасымызбен келе жатырққо,0.18181818181818182,0.028985507246376812,11
