sample_id,reference,hypothesis,wer,cer,n_words
train-00000-of-00048_000000,и ассалаумағалейкүм достар сіздермен дэйлин и карчи достар бүгін біз бедварста дуэли карчи иә дуэли,ү ассауым алекім дұстап ісіздармен дейлин икарши дұстар бөгінбіз бедварста дуелде карче ә дуелде,0.9333333333333333,0.26262626262626265,15
train-00000-of-00048_000001,сырғанақ жасайтын боламыз иә сіз бола,сырғаннақ жосайтын болмыз ә сіз бон,0.8333333333333334,0.16216216216216217,6
train-00000-of-00048_000002,шеллиннің видеосынан көрген боларсыздар мен бірақ бұны,шалзейнің видеосынан көбген бұлап жыттарын мен бірақ бона,0.7142857142857143,0.2777777777777778,7
train-00000-of-00048_000003,бұрында челсидан көрмей тұрып істегенмін вообще шынымды айтам,банда шал зийдан көрмей тров сеген мәше шындайтан,1.0,0.4262295081967213,8
train-00000-of-00048_000004,давайте достар видео бастамастан барын лайкымызды басамыз каналға тіркеліп,далете досар видео бастам мастамыр мылайқымызды бастамыз каналға тір келіп,0.8888888888888888,0.21621621621621623,9
train-00000-of-00048_000005,комментария қалдырып кетейік достар,комментария қалдыр кетек достар,0.5,0.11428571428571428,4
train-00000-of-00048_000006,давайте ендеше қазір,daوatinش kazr,1.0,0.95,3
train-00000-of-00048_000007,видеоға тиіссіз 5 секундтың ішінде лайктарыңызды басталамын бұл видео өте күшті,видеоға тисиз бес секундтың ішінде лектарыңыз басуан бұл видео өте кіштоп,0.45454545454545453,0.22784810126582278,11
train-00000-of-00048_000008,осы видеоға давайте 25 лайк и келесі видео шығатын болады,осы видеоға дауатте жиырма бес лайт и келесі видео шығатын болады,0.4,0.22807017543859648,10
train-00000-of-00048_000009,и так достар ендеше біз видеомызға кеттік,i tak to sem jenšije bez vídeom zlakit,1.1428571428571428,0.8780487804878049,7
train-00000-of-00048_000010,ит өксіп кәпчемдікке біз бетбапсымызға кірдік,î tek bisir karçimnekî bez bedvabsimza kerdek,1.1666666666666667,0.9555555555555556,6
train-00000-of-00048_000011,бұл дуэль достар біз қазір сырғанақ жасайтын боламыз,бұл дуйел достар біз қазір сырғанағ жасайтын боламыз,0.25,0.07692307692307693,8
train-00000-of-00048_000012,иә достар сұрғанақты өте оңай,ядасып сұрған ақты өте оңай,0.6,0.27586206896551724,5
train-00000-of-00048_000013,жасал,ressol,1.0,1.2,1
train-00000-of-00048_000014,ей мен мына пацанға пока чтоға тимеймін дей тұрмын достар,е мен мына патсанға пакаштоға тимдей тырын бостыр,0.8,0.2807017543859649,10
train-00000-of-00048_000015,білемін бедбап істе тиім болмайды,білен бедвапсті тим болмай,1.0,0.2727272727272727,5
train-00000-of-00048_000016,әне сұрап жатырмын мен оған тиімдердің барып түсе солай,әне сырап жатты мелған темдедін плапше сонылайт,0.8888888888888888,0.41818181818181815,9
train-00000-of-00048_000017,иии достар біз қазір сырғанақ жасаймыз кешегі шелсидің видеосындағыдай,и застар біз казіп сырғанағ жасаймыз кешегі шелзенің видеосындағыдай,0.5555555555555556,0.14285714285714285,9
train-00000-of-00048_000018,капче осындай жасайырын үлкен үлкен қылып,капче осындай жасай ырын үлкен үлкен құлып,0.5,0.04878048780487805,6
train-00000-of-00048_000019,осыған дейін жасаймыз достар короче,осыған дейін жасаймызысыр карче,0.6,0.2,5
train-00000-of-00048_000020,всё,شوب,1.0,1.0,1
train-00000-of-00048_000021,қазір біз тағы да зат жинап алуымыз керек,казірбіз тағы да зат жийнабалымыз керек,0.5,0.14634146341463414,8
train-00000-of-00048_000022,ресурс осындай блог алам жетеді деген ойдам и потом да фига деген,ресурс осындай бог алам жететтегін ойдам и патом тафилга деген,0.5,0.15384615384615385,12
train-00000-of-00048_000023,затталып тастаймыз короче,zatapstaimskarči,1.0,1.0,3
train-00000-of-00048_000024,бірақ бұл аз дафига емес ей карче біз шашса едіңіз,леснца бірақ бұ аз дафига емес екапче біз жашлай діві,0.6,0.34,10
train-00000-of-00048_000025,жасай берейік,رصيبرك,1.0,1.0,2
train-00000-of-00048_000026,игорь чепсеу нағыз жетіп қалдық уже,икорчевсонан жетік падығуже,1.0,0.42857142857142855,6
train-00000-of-00048_000027,науытик,nawutik,1.0,1.0,1
train-00000-of-00048_000028,кішкентай сияқты болып тұр,кішкен тайсияқ тоыптың,1.0,0.34615384615384615,4
train-00000-of-00048_000029,вио майын ашық деген отырып болды достар видеоға лайкымызды басаңыз тегін лайкты басаңыз,елмайнашіктена тырып от бұсар видеоға айкымыз басамыз тегін лайкты басамыз,0.7692307692307693,0.29545454545454547,13
train-00000-of-00048_000030,қазірінше біз бұл айына көтеріле берейік,cazrîncebezboin cutirle biric,1.0,0.95,6
train-00000-of-00048_000031,осы жетеді короче,ოსჟითეтგარჩე,1.0,0.9411764705882353,3
train-00000-of-00048_000032,өте үлкен боп кетті,wutelkebuk,1.0,1.0,4
train-00000-of-00048_000033,клищкіл,كليش كم,2.0,1.0,1
train-00000-of-00048_000034,неке енді осыған,니ik 인d 오s간,1.0,0.875,3
train-00000-of-00048_000035,біз лестница қойып шығамыз,бызлесым с цэгъуипщыгъамс,1.0,0.7307692307692307,4
train-00000-of-00048_000036,и біздің карточка сырғанағымыз шеллзидікінен де үлкен болып кетті қараңыздар,ей біздің капче сырғанн ағымыз шыл жедікіненді ілкем бөк кетті қараңызыр,0.9,0.3026315789473684,10
train-00000-of-00048_000037,шеллзидің видеосында бұлар бірақ өңкі менікінен кішкентай,шелзийдің видеосында бар бырағы үңкі менкінен кішкентай,0.7142857142857143,0.15789473684210525,7
train-00000-of-00048_000038,и кообще все без уса илгеть допусти верить,يكarcيفso بas وصa lكittبstيvriك,1.0,0.9285714285714286,8
train-00000-of-00048_000039,бізде тіпті мынау лестницамыз аз болып қалды,бізде тіпты нау лесінтсамыз азбоқ қалды,0.7142857142857143,0.22727272727272727,7
train-00000-of-00048_000040,біз мынаны өте көп деватыр едік өте аз болып қалып қайтты,біз мана өте көп театрін өте азбы қылып қайта,0.6363636363636364,0.2982456140350877,11
train-00000-of-00048_000041,мынау полностью жетпейді 48 лестницаның өзі,ал полын үстеу жетпейт қырық сегіз лесінсағың өзі,1.1666666666666667,0.5813953488372093,6
train-00000-of-00048_000042,икатчи біз тағы да үлесімді саламыз нәрседен толтырып,икарчең біз тағы да лесінді саламыз нашен толтырып,0.375,0.18867924528301888,8
train-00000-of-00048_000043,енді точно жетеді деген ойдамын,инда точно житят тенуйдам,0.8,0.41935483870967744,5
train-00000-of-00048_000044,почти 3 стак,паки үш ұстак,1.0,0.5,3
train-00000-of-00048_000045,бұл өте көп жаңа,бол өтек көп жаңың,0.75,0.25,4
train-00000-of-00048_000046,қырық сегіз жеткен маған бір шетіне енді нәшікке,қырық сегір жеткен наған біршетіне енді нәшітке,0.625,0.08333333333333333,8
train-00000-of-00048_000047,үш сағынын істеймін менің сиялаймын,щsаkнестi мi стeлоmо,1.0,0.7428571428571429,5
train-00000-of-00048_000048,өте күшті зат кеттік ау мен аңғарыңыздар өте күшті сіздер де істесеңіздер болады көп ше,өте күшті зат кептіг алнаңғараңызырдасар өте күшті сіздер де се сеңіздер бұлат капче,0.5333333333333333,0.2413793103448276,15
train-00000-of-00048_000049,өте өте күшті зат карточек,оте оте күшті зат кавче,0.6,0.23076923076923078,5
train-00000-of-00048_000050,қазір біз енді закупаться еттіп аламыз өзімізге мынандай 4 зауытты алып алайық,казбізенді жакпацейтіп аламыз өзімізге нандайы төрп солтық алып алай,0.75,0.34615384615384615,12
train-00000-of-00048_000051,рио болсын,reo boлsun,1.0,0.8,2
train-00000-of-00048_000052,енді болып аламыз,енді болы галамыс,0.6666666666666666,0.17647058823529413,3
train-00000-of-00048_000053,киркі аламыз жоқ киркі айымыз мынадайға жетеді деп,киркі аламыз жоқ киркаймыз нандайға жетет тек,0.625,0.2,8
train-00000-of-00048_000054,ештеңеге сыймайды да ғой,иштеңе семайттағы,1.0,0.5,4
train-00000-of-00048_000055,и біз нормально дегенде осындай бір мидж аламыз,и біз наманыденде осындай бір мет жаламыз,0.5,0.2553191489361702,8
train-00000-of-00048_000056,всё,喜,1.0,1.0,1
train-00000-of-00048_000057,и енді тағы да,и инді тағды,0.75,0.2857142857142857,4
train-00000-of-00048_000058,не алсақ болады,يوصقوت,1.0,1.0,3
train-00000-of-00048_000059,достар видеоға лайкымызды бастаймыз,tus vيdeo aliكms basms,1.0,0.9142857142857143,4
train-00000-of-00048_000060,мен жасалдым мінекей сырғанақты нан қараңыздар қандай үлкен,мен жасалын некте сұрған ақты наңғараңзыр қандай үлкен,0.625,0.23728813559322035,8
train-00000-of-00048_000061,ей біздің противник уже бізге келді міне оған тим деп қойған бірақ,и біздің противник уже бізге келді ме оған тим де қойған бірақ,0.25,0.07575757575757576,12
train-00000-of-00048_000062,сонда да ол бізге келатыр чотан неге екенін,сұнда да ол бізге килатр чотан негеекен,0.5,0.13953488372093023,8
train-00000-of-00048_000063,қазір мен оны изиге айыптасаймын деген ойдамын,казірме оны ижегі айырып тайымдегін ойдам,0.8571428571428571,0.3695652173913043,7
train-00000-of-00048_000064,и ол бізге сүттен келатыр короче,и ол бізге үсттең гелатр карчы,0.5,0.25,6
train-00000-of-00048_000065,газ сұрай мен тил деп,ka srimentide,1.0,0.9523809523809523,5
train-00000-of-00048_000066,осындай бір бізде постройка шықты,осындай әйбір бізде пастрикі шықты,0.4,0.18181818181818182,5
train-00000-of-00048_000067,не дейді,не дейді,0.0,0.0,2
train-00000-of-00048_000068,шерский деп платить нетті,шерсти дел та неттин,1.0,0.44,4
train-00000-of-00048_000069,керек емес и как же все достар мына қараңыздар,терег емес икарчи все достар менан қараңыздыр,0.6666666666666666,0.21739130434782608,9
train-00000-of-00048_000070,өте күшті зат шықты бізде,өтте күшті жат шықты бізде,0.4,0.08,5
train-00000-of-00048_000071,казинал бізге атака жасап кетіп жүрмесе,казиннал бізге атака жасақ пету жүммесе,0.6666666666666666,0.15384615384615385,6
train-00000-of-00048_000072,казинше біз тағы да бір рет сырғанап жіберейік,казенше біз тағы да біре сырғанап жере,0.5,0.1956521739130435,8
train-00000-of-00048_000073,біз осындай үлкен площадка жасаймыз картиже,біз осында үлкем плашәткі жасаймыз карше,0.6666666666666666,0.23255813953488372,6
train-00000-of-00048_000074,қазір төрт блоктан қоямыз өстіп карте осындай осындай,кәзцөрт блыктан қоямыз өстіп картше осындай осындай,0.5,0.1509433962264151,8
train-00000-of-00048_000075,имники,يmikي,1.0,1.0,1
train-00000-of-00048_000076,өте күштен шықты деген ойдамын менің затым,өте күшті шықты деген ойдамн меңізатым,0.5714285714285714,0.14285714285714285,7
train-00000-of-00048_000077,достар сол үшін лайық болсам мінекей мен үлкен зат жасадым кәдімгідей,достар солүшын алайты басан жнете меңін үлкеін зат жасадым кәдімгідей,0.6363636363636364,0.21739130434782608,11
train-00000-of-00048_000078,мінекей көріп тұрған боларсыздар міне осыны скринин етіп,некей көрп тырған болап сыздар мен осын іскірен етіп,1.0,0.25,8
train-00000-of-00048_000079,привьюға қоятын болам кароче мінекей өте күшті шықты,вевиюға қоятын боламн кабчем некей өте күшті шықты,0.5,0.17307692307692307,8
train-00000-of-00048_000080,қазір біз бетеміз оның астына трамплинді қойып жүреміз,қазір біз бетеміміз оның асына трамплинді қою жереміз,0.5,0.12962962962962962,8
train-00000-of-00048_000081,ии оғуш кетсуі керек көбінесе,i oškesu krek gч,1.0,0.896551724137931,5
train-00000-of-00048_000082,трамплинг өкпөек короче,трамп иң лык поек карче,1.6666666666666667,0.391304347826087,3
train-00000-of-00048_000083,и біз нәштен,и біз наштен,0.3333333333333333,0.08333333333333333,3
train-00000-of-00048_000084,нан аламыз,nanaوams,1.0,1.0,2
train-00000-of-00048_000085,давай анау бізге келатыр что то,далайтус анал бізге килатрып чота,0.8333333333333334,0.3548387096774194,6
train-00000-of-00048_000086,е о достар жасап кеттім аңғараңыздар все достар біз оған атака жасаймыз өте әдемі шықты көрдіңіздер ме,еұлдысап жасакпеттін аңғыраңызыр селдысып бізұған атака жасаймыз өте әдем шықты көріңізде ма,0.7647058823529411,0.24509803921568626,17
train-00000-of-00048_000087,түсіп келатты да ұшып кетті анау деген,түск белаттыда ұшық бетт анал деген,0.8571428571428571,0.21052631578947367,7
train-00000-of-00048_000088,өте күшті кетті кәдімгідей скоростпен шығып кетті,өте күштігітканіңіде скоспен шыкпетті,0.8571428571428571,0.3673469387755102,7
train-00000-of-00048_000089,и біз бұған өйтіп бетейік бетейік,ий біз боған өтіп бетик бетик,0.8333333333333334,0.2727272727272727,6
train-00000-of-00048_000090,еу мая достар мынау мені ұрватыр қуатып мынау деген сол үшін өзіңді ұрам белгілі енді мен сені аямайтын болам,еумаэдусторнау мен ұруатыр қуатынау деген сол үшін өзімді ұран бергел еінді мен сені аямайтын боламын,0.6842105263157895,0.2018348623853211,19
train-00000-of-00048_000091,ең бірі,,1.0,1.0,2
train-00000-of-00048_000092,мәссаған,مسغا,1.0,1.0,1
train-00000-of-00048_000093,ей мен өзім тұрған түнға бүкп етіп жүрмесем,e me wisn tramting li upbiti bemissin,1.0,0.8837209302325582,8
train-00000-of-00048_000094,йо май о мініп кетуге сәл қалдым достар көрдіңіздер ме,о майо мүнккеттугі салқ алдым достары көбіріңізде ма,0.9,0.3148148148148148,10
train-00000-of-00048_000095,мініп кетсем өте жаман болатын еді мына пацанчикті біз бекістей бастаймыз и біз оны қазір тағы да өлтіріп тастаймыз все,мүнкпетсең өте жаман болатын ет на патсан шікті біз бетпісей астаймыз ей біз оны казі тағы да өлтіп ұстаймыз со,0.65,0.23529411764705882,20
train-00000-of-00048_000096,әәәәә сен ешқайда шықпайсың,сенешқайда шықпайсың,0.75,0.25925925925925924,4
train-00000-of-00048_000097,йо майын достар мынау шығып кетті окей біз оны қайттандырамыз,yo maye dusarnausiqwi toke bizon qattan rams,1.0,0.9180327868852459,10
train-00000-of-00048_000098,и внашытке тағы қойып тастаймыз и все,ивнаштка тақой псемс ивсё,1.0,0.4594594594594595,7
train-00000-of-00048_000099,патсаң сен енді ешқайда шыға алмайсың үстін жауып қойық түсіп өзіміз үңгіп кетіп жүреміз,пацан сейінді ешғайда шығалмай сені үстін жауып қойықтысді өзіміз үңікпет жүреміз,0.7142857142857143,0.26136363636363635,14
train-00000-of-00048_000100,әйтпесе и бізгі мына пацаны мына шеттен ұра бастаймыз бұл деген өзінше,eтпісе ийбіz бuнa паtсaнdынa шeтте рaбастамыz бu деген өлінше,0.9166666666666666,0.38571428571428573,12
train-00000-of-00048_000101,кашан де болады,kashan deبolaت,1.0,1.0,3
train-00000-of-00048_000102,сол үшін біз оны ұра бастаймыз,solšini bezlon ralastaims,1.0,0.9333333333333333,6
train-00000-of-00048_000103,и биткуэнск кавчи,ი ბითყვეან სგავჩი,1.0,0.9411764705882353,3
train-00000-of-00048_000104,өле тұрсың пока что,өлетұмсын пакашты,1.0,0.3684210526315789,4
train-00000-of-00048_000105,достар біз короче бүйтеміз мынандай екінші жұмысын садақ аламыз,дыстар біз картше биттеміз нандай екінші өремізін садақ аламыз,0.5555555555555556,0.2222222222222222,9
train-00000-of-00048_000106,и мынаның басынан бүйтіп ата бастайыз бұл зефрикстің,и мұнаның басынан ата бастайы бол здефрикстің,0.625,0.21153846153846154,8
train-00000-of-00048_000107,өте кереметтей ресурс багы,өти керемити ресурс пагы,0.75,0.23076923076923078,4
train-00000-of-00048_000108,и біз бұнын бүйтіп жібереміз да өтірік астына трамплин қойып жібереміз короче,и біз бұлыны жеремізда өтірік астына трuмплин ой жүреміз карче,0.6666666666666666,0.2597402597402597,12
train-00000-of-00048_000109,всё,行,1.0,1.0,1
train-00000-of-00048_000110,иін алып шығып кетті достар и біз оны ұра бастаймыз,и налшықпетті достар и біз он ралыс темes,0.7,0.37254901960784315,10
train-00000-of-00048_000111,қазір біз нашарке трамплинымызды аламыз и на пацанчикты өлтіреміз,қазірбіз нәшітке трамплинімізді ағыламыз и на патсантшікпе өлтреміс,0.7777777777777778,0.27692307692307694,9
train-00000-of-00048_000112,трамплин қойып қоямыз давай,trampiyingo koyanusdawai,1.0,0.9629629629629629,4
train-00000-of-00048_000113,достар әдемі кетті мынаған қараңыздар,yоhуд сар әдем кеттін аңғыраңызы,1.0,0.5135135135135135,5
train-00000-of-00048_000114,өте әдемі троллик мифсті ме келіп түсті короче,өтадем тролник минкстымегельптүсті коручы,1.0,0.32608695652173914,8
train-00000-of-00048_000115,енді шығатын болсаң осы трамплинді басасың,енді шығатын мұсаң осы трамплинді басасың,0.16666666666666666,0.07142857142857142,6
train-00000-of-00048_000116,елемеңсердің бұрықтық атып өлтірісіп,еле менсетің бұрыстык атып өлтіресп,1.0,0.2222222222222222,4
train-00000-of-00048_000117,кемге,فيلقيل,1.0,1.2,1
train-00000-of-00048_000118,все достар мен атып өлтірсам и бұны біз жалпыстаймыз пока что өле тұрсын,сеодусам мен атп өл тырсан үйі боны бит жалпыстаймыз пакашту өле тұрсын,0.7692307692307693,0.2638888888888889,13
train-00000-of-00048_000119,өлмесе өте жаман болады мен үш алмалы қойдың барыншы,өлмесе өте жаман баты мен үш алмалық қойын тарытшы,0.4444444444444444,0.15384615384615385,9
train-00000-of-00048_000120,шаума өте көп,shawma wuti kop,1.0,1.0,3
train-00000-of-00048_000121,белгелек қайда барыптысың,дергеле қайда бартусың,0.6666666666666666,0.24,3
train-00000-of-00048_000122,қазір осы біз мынаны жөндеп жаууымыз керек мына брәчкамызды,каздысырбізнан жөн деп жауылымыз келік інан бірәтшкамізді,1.0,0.3898305084745763,9
train-00000-of-00048_000123,әйтпесе қысылыватыр ау деймін,әйтпісеқысыл атырал дейм,1.0,0.27586206896551724,4
train-00000-of-00048_000124,и біз сені қазір әдемі қылып жауып береміз қорықпа,ий біз сені казір әдеми қалып жалып бергеміз қортпа,0.7777777777777778,0.16,9
train-00000-of-00048_000125,ей біз оны ұра бастаймыз бізді іскең кеткенбіз енді,ей біз оны ралыстаймыз бізді іскен тетшемісе енді,0.4444444444444444,0.21568627450980393,9
train-00000-of-00048_000126,и біз наштке бетеміз короче,i біz нeшткe бiтем сkавчe,1.0,0.4444444444444444,5
train-00000-of-00048_000127,жағын жауамыз бүйтеміз капче бұны өтірік жіберіватқандай болайық,а жағын жаламыз бектеміз капше бұын өтірік жібеп атқандай болайп,1.0,0.203125,8
train-00000-of-00048_000128,все мына жағын сындырамыз и ей ей ей ей пацан пацан пацан аямаймын сені өйткенің үшін,все на жағын сындырамыз иепацн пацан пацан аямаймен сен өйіткені үшін,0.625,0.2235294117647059,16
train-00000-of-00048_000129,все өзіңнен көр,шел өзіңнен көр,0.3333333333333333,0.2,3
train-00000-of-00048_000130,мен сені аямаймын,мен сені аяммаймы,0.3333333333333333,0.11764705882352941,3
train-00000-of-00048_000131,очень все уже дайындап отыр,hacifyo aro zaayindua,1.0,0.9259259259259259,5
train-00000-of-00048_000132,зат бар,ዛጥባር,1.0,1.0,2
train-00000-of-00048_000133,иә майдусан ол мені скринт етіп жепсіз иә,ел май дұсырнао мен скрен тетчевсе,1.0,0.5365853658536586,8
train-00000-of-00048_000134,өте өте өте жаман болады карточье біз оны луппе ата бастаймыз,өте өте өте жаман болады картше біз оны ұлпме атауыс таймс,0.36363636363636365,0.19672131147540983,11
train-00000-of-00048_000135,бүйтеміз бүйтеміз и ол бізге келатыр біз оны скит ет жүреміз и все он умер біз оны бүйтіп жалпыстаймыз осы үшін мен оны аямаймын короче,бетеміз бетеміз и ол бізге килатр біз оны скинт етжереміз ивсе он умер біз оны беті жалпыстаймыз осы үшін мен оны аямайм карутше,0.44,0.14074074074074075,25
train-00000-of-00048_000136,жерге батсаң сен енді ешқайда да шыға алмайтын боласың,белге поцан сененді ешқайдадашыға аумайтын боласын,1.0,0.2222222222222222,9
train-00000-of-00048_000137,мұның байы,nugbaye,1.0,1.0,2
train-00000-of-00048_000138,багермін мен түсіндің бе багермін,բագերմինմեն ցնումգա բագերմին,1.0,0.9393939393939394,5
train-00000-of-00048_000139,мысыл,يه نسو,2.0,1.2,1
train-00000-of-00048_000140,сырынан қараңыздар мынау қалай шығып бара жатқанын,тысыбынаңқараңызы мынау қалай шықып бара жатқан,0.5714285714285714,0.22,7
train-00000-of-00048_000141,и біз оны топырып саймыз все,i бizona tuporaпsimesyo,1.0,0.8571428571428571,6
train-00000-of-00048_000142,қаласың кароче достар ромеона әдемі,қаласың карше дұсыр мелін әдемі,0.6,0.2857142857142857,5
train-00000-of-00048_000143,жап жегіңді түр түсініп тұрған боларсыздар,жап жегімі тіркаше тынп тырған болапсыздар,0.8333333333333334,0.30952380952380953,6
train-00000-of-00048_000144,все братышка покойся смирно дейм ба не дейм все корче душа біз бетеміз и нәрсе йомайно қашып баратыр ғой,все пратешка такойсесмерн ден банеден се капче дусар бізбетеміс и нашке ёмайно қаш пара турал,0.8947368421052632,0.33653846153846156,19
train-00000-of-00048_000145,бамп,بامب,1.0,1.0,1
train-00000-of-00048_000146,өте әдемі достар короче нәшті на пацанчик,وتعديم دوstr kaرci نaشتي نa pasaنç,1.0,0.8780487804878049,7
train-00000-of-00048_000147,бос әкіметті бізде,осы әкпетті бізде,0.6666666666666666,0.2222222222222222,3
train-00000-of-00048_000148,и ол закупицейткісі келген біз оған закупицейтуге шанс бермейміз,i закупи сайт кs кiлgiн bзoaн закуписайtоe шанс перме,0.8888888888888888,0.484375,9
train-00000-of-00048_000149,біз оны садақпай атпастаймыз короче,dzon sadaقme atpstaimskarce,1.0,0.9428571428571428,5
train-00000-of-00048_000150,қаш қаш қаш молодец,قsقشقs مaدis,1.0,0.9473684210526315,4
train-00000-of-00048_000151,имэн үй өмбай,你为于用吗呀,1.0,1.0,3
train-00000-of-00048_000152,қаш дегенім ғой капчаныстар мынау қашып кетті бізде,қашты қоппыңа қаш деген ғокапшедұсыр мнау қашы петті бізде,1.0,0.5294117647058824,8
train-00000-of-00048_000153,ей бергіл сені мен еш қасырында сол үшін аямаймын,е бергіл сенімен еш қашаында сол үшін аямайм,0.5555555555555556,0.14285714285714285,9
train-00000-of-00048_000154,мәс ағам,ماسغا,1.0,1.0,2
train-00000-of-00048_000155,енді қайт менің базама кірмейтін боласың пә тәмішкені трэмплиін қойып қоямын,ендіғайты мен базама кірмейтін боласың пәтәмүшкенін трәмп лейм қойып қоям,0.6363636363636364,0.19736842105263158,11
train-00000-of-00048_000156,мұнайшылықке мінген де шығасың,мына штке міңген де шасын,1.0,0.3333333333333333,4
train-00000-of-00048_000157,мына іштен қашқанда ұшасың,мұнаштен қашқанда ұшасын,0.75,0.15384615384615385,4
train-00000-of-00048_000158,түсінің ба иә,s नबa,1.0,0.9230769230769231,3
train-00000-of-00048_000159,іштен қашқанда ұшасың,нәштен қашқанда ұшасың,0.3333333333333333,0.09523809523809523,3
train-00000-of-00048_000160,иии сосын,이어은,1.0,1.0,2
train-00000-of-00048_000161,мәссаған достар мынау полк алып алыпты өзінше,мәсаған бісамнау палкалопту өзінше,0.8571428571428571,0.35555555555555557,7
train-00000-of-00048_000162,и біз оны былай атап бастаймыз и все вергиль сол үшін сен аямаймын сен менде,и біз оны блай атавас таймс и все вергель сол үшін месен аямаймсен менде,0.4666666666666667,0.17105263157894737,15
train-00000-of-00048_000163,что то ұмытып кеттің ау деймін ботинки бар келін,чoтa uмыткетіnaудiм батiн кі баркен,1.0,0.5,9
train-00000-of-00048_000164,белгіс жайы сен енді ешқашанда,беблишайы сенеді еш қашанда,1.0,0.3,5
train-00000-of-00048_000165,жаттық емессің давай қаша ғой қаша,жатқомесін далай қаша ғой қашы,0.6666666666666666,0.23529411764705882,6
train-00000-of-00048_000166,өтірік қашып кетті ой,وتب قش بوي,1.0,0.9047619047619048,4
train-00000-of-00048_000167,давайте болса біз оны комбоға алып көрейік,далайте бса бزон ком боғ ал кори,1.0,0.38095238095238093,7
train-00000-of-00048_000168,ну басик та,nu baskte,1.0,0.9090909090909091,3
train-00000-of-00048_000169,давай қашып кет,دوقشك بت,1.0,0.9333333333333333,3
train-00000-of-00048_000170,біз он бой бой ура бастаймыз все изи,bizon baiboj rabasta imis sio izi,1.0,0.8888888888888888,8
train-00000-of-00048_000171,уламай дейді білмеймін неге екенін уламай деп жатыр давай қаш молодец красавчик давай давай бас бас бас,ұламайдет білмей ман негекен ұламайдеп жатыр дауай қаш мала дес красав дауай далай бас бас бас,0.7647058823529411,0.22330097087378642,17
train-00000-of-00048_000172,қш,خش,1.0,1.0,1
train-00000-of-00048_000173,қаш молодец қаш жүрсең басың істемейді ме жырынды екен ғой ол,қаш маладеш қаш жүрсен басым істемеймі жынды кен ғоналы,0.8181818181818182,0.26229508196721313,11
train-00000-of-00048_000174,біз оны топорымен өлтіреміз кәзір,bzon tapлerni utrenus gaзr,1.0,0.8787878787878788,5
train-00000-of-00048_000175,так уже әдемі тиетін шығар достар давайте лайкомызды бастаймыз,tep иredim titncer dуsрdавaйте lаikms basoms,1.0,0.8064516129032258,9
train-00000-of-00048_000176,біз қазір оның кроватьін сындырғанымыз короче,казе бум краватель сандрансковче,1.0,0.5555555555555556,6
train-00000-of-00048_000177,и потом келіп сұранысқа барайын десем бірде уже,ий патын келісұрамытқа барайын десен бірзеужі,0.875,0.2553191489361702,8
train-00000-of-00048_000178,он екі банк үй достар мынау шығып кетті бізде өте күшті от деген ойда мінекей біздің,ониклан идусторнау шық бетті бізде өте күштолттегін ойдан мінеке біздің,0.8125,0.30952380952380953,16
train-00000-of-00048_000179,постройкамыз достар кешке нормальный видео шығады короче,пастройканыж дустар кешке нормальны видео шығат каруче,0.7142857142857143,0.16071428571428573,7
train-00000-of-00048_000180,соны күттің мен қазір скрин жасап алайын,соны күтің мен казы скренжаса болайн,0.7142857142857143,0.25,7
train-00000-of-00048_000181,и все достар кешке нормально видео шығады достар күттің кароче,евсео дустарып кешке нормальне видеошығат дустарп күтін карлычы,0.9,0.27419354838709675,10
train-00000-of-00048_000182,кешке шығаратын боламын и давайте осы видеоға,кешке шығаратын боланын и далайте осы үйдеғы,0.42857142857142855,0.13333333333333333,7
train-00000-of-00048_000183,жиырма бес лайчынан каналға тіркелеміз давайте енді видео біткен соң,жиырма бес ғайк жинан каналғы тіріп келеміз далайт енді вюдияу бөткенсың,0.9,0.2647058823529412,10
train-00000-of-00048_000184,комментімізді қалдырып кетеміз достар,поментімызды қалдық бетеміз ста,1.0,0.2972972972972973,4
train-00000-of-00048_000185,видеолыға лайкқымызды бастамыз дәу екен бақа бақа чоқ,vido likms basams dauetien pakapaka čel,1.0,0.9056603773584906,8
train-00000-of-00048_000186,баршаңызға сәлем менің есімім мая болат жасым он екіде шымкент қаласынан келіп отырмын,басшанызға сәлейм менімгесімі мая болат жасым өнегіде шімкен қаласынан келіп отырмын,0.5384615384615384,0.12790697674418605,13
train-00000-of-00048_000187,кішкентай кезімнен бастап әнді қатты жақсы көремін теледидарды қосып қойып балапан телеарнасын қойып сонымен бірге өлең айтатынмын,ішкентай кезімнен бастап әнді ғатты жақсы көремін теледидарды қосып қойып балапан теле арнасын қойып сонмен бірге жөлен айтатын,0.4117647058823529,0.06923076923076923,17
train-00000-of-00048_000188,мен алғашқы сахнаға оршақ театрында шықтым ол кезде барлықтары ұялы телефондарын алып түсірді мен өзімді как будто жұлдыз сияқты сезініп кеттім сол кезде барып анама отбасыма қуанып айтып сол бірінші рет шықтым жұлдыз болып кеттім деп,мен алғашқы сахнаға қоршақ театрында шықтым ол кезде бәрліқтері ұялы телефондарын алып түсірді мен өзімді кабутта жылды сехт сезінп кеттім сол кезде барып анама отбасыма қуанов айтып сол біріншірет шықтым былдызмып кеттімді,0.3888888888888889,0.11965811965811966,36
train-00000-of-00048_000189,өскенде халқымыз сүйіп тыңдайтын әншісі болғым келеді әншіліктен бөлек модель болғым келеді қазіргі таңда фотоларға түсемін модельная школада,өскенде халқыныз сүйіптіндайтын іншісі боғын белед іншіліктемін бөлек модель боғын белед қазіргі танда фоталарға түсемін модельна шқолады,0.7222222222222222,0.14893617021276595,18
train-00000-of-00048_000190,армандарыма жету үшін,армандарма жед үшін,0.6666666666666666,0.14285714285714285,3
train-00000-of-00048_000191,көп еңбектенемін,كوب yين دt,1.5,0.9375,2
train-00000-of-00048_000192,көрмей таңдау кезеңмен өтсем,көрмей тандау кезенмен мөттем,0.75,0.14285714285714285,4
train-00000-of-00048_000193,әнші боламын деген арманыма бір қадам жақындаймын,әнші боламын деген арманыма бір қадам шахнәни,0.14285714285714285,0.1836734693877551,7
train-00000-of-00048_000194,көбінесе адамдар дауысымды маржан нарапбаеваға ұқсатады 4 дәліңгер де бұрылса маржан нарапбаеваға қарайды деп,кобнесы адамбар дауысымды маржан арапаеваға сатат төрт дәлемберде орылса маржан арапаеваға райтемі,0.7857142857142857,0.27522935779816515,14
train-00000-of-00048_000195,ішкі тисігің төтесің,شктесвм подесм,1.0,0.7,3
train-00000-of-00048_000196,біздің отбасы өте үлкен үйде 6 ағайындымыз атам мен әжемді қосқанда үйде 10 адам тұрамыз,біздің отбасы өтелкен үйде алта ағайындымыз ата мен әжемді қосқанда үйде он адам тұрамыз,0.3333333333333333,0.10227272727272728,15
train-00000-of-00048_000197,маған үйде жалғыз қалған ұнамайды өйткені ішім пысады дегендей нелерімді сағынамын ата анам бір жаққа кететін болса іні сіңлілерімді маған қалдырып кетеді соларға бас көз болып қарап отырамын,маған идея жалғыз қалған намайды өткенім ішін пысады дегендей інелерімд сағынам пата аннан бір жақа кететін болса інсінелелерімде маған қалдірп кете ді соларға бас көзі болып қарап отырам,0.5714285714285714,0.14136125654450263,28
train-00000-of-00048_000198,сөйтіп жүргенім келіп тұр,,1.0,1.0,4
train-00000-of-00048_000199,сәттілік тағыңырмай аз,سكتانميا,1.0,1.0,3
train-00000-of-00048_000200,майпа,,1.0,1.0,1
train-00000-of-00048_000201,біздің қатысушыларымыз сахнада ән айтумен бөлек өздерінің образына да ерекше көңіл бөлген сияқты сәлем,біздің қатсыушыларымыз сахнада ән айтуімен гөлек өздерінің обыр жнада ерекше көңіл бөлген сияқты сәлем,0.35714285714285715,0.08823529411764706,14
train-00000-of-00048_000202,есімің кім менің есімім майя қандай әдемісің майя рақмет майя қазір сахнада түсірінбей жақсылап өзің ойлағаннан да жоғары деңгейде әніңді шырқа,есмааққандай әдемсің мамайя қазір сахнада түсүрімби жақсылап өзім ойлағананда жоғары деңгейде әнімді шырқа,0.7142857142857143,0.3076923076923077,21
train-00000-of-00048_000203,келесіздік қой,اسtق,1.0,1.0,2
train-00000-of-00048_000204,қызымызды қолдағалы келіп отырмыз анасы келу керек еді дегенмен де майя көпбалалы отбасыдан шыққандықтан анасы балалардан шығармай қалды,қызымызды қолдағалы келук отырмыз анасы келу керек еді дегенменде мая көп балалып отбасдан шыққандықтан анасы балалардың шаңмай қалды,0.4444444444444444,0.08823529411764706,18
train-00000-of-00048_000205,ай яғы әтелік лейміз,آيا هتلكليمز,1.0,0.95,4
train-00000-of-00048_000206,ал майя қызыма сәттілік жолы болсын жолы ашық болсын,алмая қызма сәттілік жолы болсын жолы ашық болсын,0.3333333333333333,0.057692307692307696,9
train-00000-of-00048_000207,той,喂,1.0,1.0,1
train-00000-of-00048_000208,арманыма жеттім ғой,арманама жетім ой,1.0,0.15789473684210525,3
train-00000-of-00048_000209,әдемі жатақханада тұратын болдым,әдема жета ханада тұратын болдым,0.75,0.09375,4
train-00000-of-00048_000210,ал енді кірейін,al in the creen,1.3333333333333333,0.9333333333333333,3
train-00000-of-00048_000211,сенематсыз ба,tlomasba,1.0,1.0,2
train-00000-of-00048_000212,а құнамаға жүрмә,아 죄다맞으만,1.0,0.9375,3
train-00000-of-00048_000213,осы жерге тұруға келдіңіз бе иә,мас жүрге тұрыған келіңіз бе я,0.8333333333333334,0.2903225806451613,6
train-00000-of-00048_000214,бұл жатақхана бұл платный жатақхана,бул жатахана бул платний жатахана,1.0,0.14285714285714285,5
train-00000-of-00048_000215,бұл жерде көбінесе балаларының қыздары жатады балаларының қыздары ұлдары балалары жатады,бұл жерде көгінесе байяларының қызары байяларның қызары аудары балалары жатады,0.6363636363636364,0.19318181818181818,11
train-00000-of-00048_000216,кейбіреулері өз білімдерімен түсіп жатады,кебіреулері өз білімдерімен түсіп жатады,0.2,0.024390243902439025,5
train-00000-of-00048_000217,жақсы сіз қалай келдіңіз,жақсы сіз қалай келіңіз,0.25,0.041666666666666664,4
train-00000-of-00048_000218,жақсы көрініп тұр,جخصة كөرمتر,1.0,0.8823529411764706,3
train-00000-of-00048_000219,қазір енді сізге бос жатақхана палатасын айтып берейін,казіринді сізге босшытақана палатасын әтжерен,0.75,0.2777777777777778,8
train-00000-of-00048_000220,а бір жатақхана болса екен былай түсіп жүре берсеңіз сол бөлмеге кіре беріңіз,абір жыта хана бос екен білай түзу жүре берсеңіз сол бөлмеге кіреберіңіз,0.6153846153846154,0.12987012987012986,13
train-00000-of-00048_000221,жарайды рақмет,جرد رخميت,1.0,0.9285714285714286,2
train-00000-of-00048_000222,қош келдіңіз рақмет,қошкеліңіz рahмeт,1.0,0.3157894736842105,3
train-00000-of-00048_000223,сәлем қыздар,سلеم قىزار,1.0,0.8333333333333334,2
train-00000-of-00048_000224,о сәлем сен жаңадан келдің бе,о сәлем се жаңадан келін ба,0.5,0.13793103448275862,6
train-00000-of-00048_000225,иә,姨呀,1.0,1.0,1
train-00000-of-00048_000226,кім жаңадан келді,kümjandan gildi,1.0,0.9411764705882353,3
train-00000-of-00048_000227,сәлем,سليم,1.0,1.0,1
train-00000-of-00048_000228,сәлем қош келдің,сөдеем қош келім,0.6666666666666666,0.3125,3
train-00000-of-00048_000229,рақмет,رaخمeد,1.0,1.0,1
train-00000-of-00048_000230,есімің кім,يeسiننgiم,1.0,1.0,2
train-00000-of-00048_000231,исым малия,اسمليا,1.0,1.0,2
train-00000-of-00048_000232,о әлия қош келдің,olea قoш keli,1.0,0.8235294117647058,4
train-00000-of-00048_000233,рақмет,رخميت,1.0,1.0,1
train-00000-of-00048_000234,хош келдің алия,وشكلنا ليا,1.0,0.9333333333333333,3
train-00000-of-00048_000235,иә,呀,1.0,1.0,1
train-00000-of-00048_000236,айтпақшы чемоданды ана жердегі шкафқа қоят,атташы чымаданда ана жердиге шкефка коят,0.8333333333333334,0.2619047619047619,6
train-00000-of-00048_000237,қазір қойып келейін онда,кәzір қойыp келеңыда,1.0,0.4166666666666667,4
train-00000-of-00048_000238,айтпайсыңдар ма жағынан қыз келеді деп,айтпайсын дарма жағдан қыз келек деп,0.6666666666666666,0.18421052631578946,6
train-00000-of-00048_000239,бұзақтан білем сүйгенді көріп тұр ғой,бұз ақтан білеміз сүйендік өтп тұр қой,1.0,0.24324324324324326,6
train-00000-of-00048_000240,а,啊,1.0,1.0,1
train-00000-of-00048_000241,танысып қой менің есімім элеонора айла деп айта бер,танспой меннесінің элянора ал деп әтабер,0.8888888888888888,0.3137254901960784,9
train-00000-of-00048_000242,ал мен несінмін әсел,ал мен несін мәсел,0.5,0.2,4
train-00000-of-00048_000243,ал менің есімім мия,مين يسممية,1.0,0.9473684210526315,4
train-00000-of-00048_000244,құм,嗯,1.0,1.0,1
train-00000-of-00048_000245,жақсы айтпақшы сен мына жерде қай төсек болсаң а мына үстіндегі төсек болса сен соған жатасың,жақсы әтпақшы сен нажерде қатөсек болсет міна істіндегі төсек блыс сен сауған жатасын,0.75,0.20430107526881722,16
train-00000-of-00048_000246,переда,ردا,1.0,1.0,1
train-00000-of-00048_000247,жарайды,جر,1.0,1.0,1
train-00000-of-00048_000248,и мен де барайыншы,يمindي برeش,1.0,0.9444444444444444,4
train-00000-of-00048_000249,иә мен де бәрі шешімсіз кетті,мидеваре шешіміз кетті,0.8333333333333334,0.3793103448275862,6
train-00000-of-00048_000250,жарайтыңдер,cereçindir,1.0,1.0,1
train-00000-of-00048_000251,мына бөлме біздің ваннамыз,muna bilne bizin vannamiz,1.0,0.8846153846153846,4
train-00000-of-00048_000252,мынау бөлме ортақ бөлме яғни ішінде тағы да 1 бөлме бар,mы bolmе ortaқ bolme ya ni sінде taғda bir bolme bar,1.0,0.7272727272727273,11
train-00000-of-00048_000253,яғни тағы да сондай палата мына жерде бәріміз бірге отыратын бөлме ғой,әне тағда сондай палаты нәжерде бәріміз бірге өтірадін бөлме ғой,0.5833333333333334,0.2,12
train-00000-of-00048_000254,мына жерде болса біздің заттарымыз тұрады сен осы жерге сала ма чемоданды,нәжерде болса біздің заттарын ұстұрады сен ошеге салы маче мадамды,0.75,0.2465753424657534,12
train-00000-of-00048_000255,иә,呀,1.0,1.0,1
train-00000-of-00048_000256,айтпақшы қорықпа сенің затың ауырланбайды бұл жерде камера бар,әйтақшықу арқ па сензатының ұрланбайды бұл жеде камера бар,0.6666666666666666,0.27419354838709675,9
train-00000-of-00048_000257,мүмә,是,1.0,1.0,1
train-00000-of-00048_000258,енді саған екінші нені көрсетей иә жарайды,ен саған некінші нені көрстегеә жәреді,0.7142857142857143,0.2619047619047619,7
train-00000-of-00048_000259,аха,嗯 ห,2.0,1.0,1
train-00000-of-00048_000260,өй қыздар келдіңдер ме,ой қыздар телімдермі,0.75,0.2727272727272727,4
train-00000-of-00048_000261,ойбай сендерге тағы да жаңадан қыз келген ба,ой ба сендерге тағы да жаңадан қыз келген ба,0.25,0.045454545454545456,8
train-00000-of-00048_000262,иә келді не болыпты,ya kелді не bолыпты,0.75,0.21052631578947367,4
train-00000-of-00048_000263,мүм,,1.0,1.0,1
train-00000-of-00048_000264,мынау қызғачкар егеміз,mna okыza чikariekem boy,1.3333333333333333,1.0454545454545454,3
train-00000-of-00048_000265,сабақта беске оқитын сияқты ғой иә,сабақта беске оқитін сияқтғо ya,0.6666666666666666,0.17647058823529413,6
train-00000-of-00048_000266,оқитын шығар,وغيد نشر,1.0,0.9166666666666666,2
train-00000-of-00048_000267,бәсе ауылдан келгенсің ау деме,бәсе ауылдан келген сынау деме,0.4,0.13333333333333333,5
train-00000-of-00048_000268,иә ауылдан келдім,ya uldan geldi,1.0,0.8823529411764706,3
train-00000-of-00048_000269,киіміңнен ақ білін тұр колхозница,кейіміннең ақ білін түр кал хозница,0.8,0.21212121212121213,5
train-00000-of-00048_000270,ей түн тарып сөйлеп ол біздің досымыз,эйт үм тарып сөйле ол бізін досымыз,0.5714285714285714,0.1891891891891892,7
train-00000-of-00048_000271,и что не боп та,ешто не болыпты,0.8,0.4666666666666667,5
train-00000-of-00048_000272,сенің подушкаларыңның бәрі колхозыңды салар сияқты ғой біреуі негр біреуі очкарик,сенің падушкаларының бәрі кахозмы салар сияқтығой біреу нигр біревачкари,0.7272727272727273,0.18518518518518517,11
train-00000-of-00048_000273,не айтып тұрсың сені ей қыздар қойнында не болды не ұрысып жатсыңдар,не әйтып тұрсын сені қызар қойында невол невірсіп жатсыңдар,0.75,0.22058823529411764,12
train-00000-of-00048_000274,жоқ мынаны айтам менің құрбыларым да мазақтап жатыр қойыңдар ұрыспаңдар,жоқ нан айтағын мүнен құрбыларында мазақтап жатыр бойындар рспандар,0.7,0.22535211267605634,10
train-00000-of-00048_000275,эй не болып жатыр мұнда,не болып жатыр мынді,0.4,0.21739130434782608,5
train-00000-of-00048_000276,өй сәл емес пе директор хан,вәсәлемесбі директорқаны,1.0,0.37037037037037035,6
train-00000-of-00048_000277,сөйлеймес бидиет ханым,سليماسودية لخمم,1.0,0.9545454545454546,3
train-00000-of-00048_000278,не болып жатыр мұнда,не об жатор мында,0.75,0.3,4
train-00000-of-00048_000279,қыздар ұрысып қалыпты өзара,қызар ұсып қалып та өз ара,1.5,0.2222222222222222,4
train-00000-of-00048_000280,ұрыспаңдар бұл сендерге ұрысатын жер емес бөлмелеріңе барыңдар,орспандар бұл сінерге орсатын жер емес бөлмелеріңе барындар,0.5,0.12903225806451613,8
train-00000-of-00048_000281,неге тұрсыңдар балалар,nedirsüner bänler,1.0,0.9545454545454546,3
train-00000-of-00048_000282,сен енді бұған мән бермей олар енді кішкене өздерінше болып келеді енді байдың қыздары болғаннан кейін,сененді болғаннан бермен олар енді кішкене өздерінше болып келед ені байдың ғызар болғаннан кейін,0.5,0.11764705882352941,16
train-00000-of-00048_000283,иә тілекті,ياشت,1.0,1.0,2
train-00000-of-00048_000284,сені мазақтағаны үшін де ренжіме,сені мазақтаған үшінде ренжіме,0.6,0.0625,5
train-00000-of-00048_000285,иә ренжімеймін ғой,يارجمينغ,1.0,1.0,3
train-00000-of-00048_000286,жақсы қарын ашқан шарказы әлі де уақытты болып қапты,жақсы қарынашқан шарказі әбет уақыты болып қапты,0.6666666666666666,0.15384615384615385,9
train-00000-of-00048_000287,жаратымдар,жeречiндер,1.0,0.6,1
train-00000-of-00048_000288,жанында отырған үңшеңшіктері ғон,жанда отырған үңшен кішіктері ғон,0.75,0.1875,4
train-00000-of-00048_000289,эй не деп отырсың сен,еу не де отсын сен,0.6,0.2857142857142857,5
train-00000-of-00048_000290,үндемей бір бәле деп отырсыңыз сыбырлап,үндемей бір бәле де отсыңыз сыбырлап,0.3333333333333333,0.07692307692307693,6
train-00000-of-00048_000291,сыбырлап жатқан жоқпын ғой мен,сыбырлау отқан жоқын ғоймен,1.0,0.16666666666666666,5
train-00000-of-00048_000292,а так что боксқа қатысқанмын мен,әтакішті бокысқа қатысқаны мен,0.8333333333333334,0.25,6
train-00000-of-00048_000293,не деп отырсың сен тыныш отыр сен,неде отсын сен түншотыр сен,0.7142857142857143,0.24242424242424243,7
train-00000-of-00048_000294,сен оған мән берме олар сондай ғой баяғыдан бері сондай олар,сен огаман бермей оолар сондай кой баягыдам бери сондай олар,0.6363636363636364,0.16666666666666666,11
train-00000-of-00048_000295,баяғыдан бері солай ұрысып келе жатырмыз,баяғдан бере солай ұрсып келе жатырмыз,0.5,0.075,6
train-00000-of-00048_000296,иә просто олар ақшадан басқа адамды көрмейді ғой,дия проста олар ақшыдан басқа адамды көрмеді ол,0.625,0.14583333333333334,8
train-00000-of-00048_000297,көздері соқыр боп қалған десеңдерші иә сондай,көздері соқырбопқаған десеңдер иә сондай,0.5714285714285714,0.1111111111111111,7
train-00000-of-00048_000298,білмейм бір бәле деп отыр ғой заманда,бөлмен бір бәле деп отыр ғазы мыңдап,0.42857142857142855,0.2972972972972973,7
train-00000-of-00048_000299,ешкім зыбыңдап отырған жоқ,ешкіміз біңдап отырған жоқ,0.5,0.11538461538461539,4
train-00000-of-00048_000300,қойшы шын ба,قوششمبا,1.0,1.0,3
train-00000-of-00048_000301,қыздар шай ішіп болсын деп кеттік,қыزашәш بосынәр кеттік,0.8333333333333334,0.48484848484848486,6
train-00000-of-00048_000302,на,嗯哪,1.0,1.0,1
train-00000-of-00048_000303,жындылармен бір бір бөлмеде қалғым келмейді бір минутта қалғым келмейді,жынылармемін біребір білмелде қағылдым келмейді бір меніпті қалдым келмеді,0.8,0.2112676056338028,10
train-00000-of-00048_000304,жайлайды,ش لدا,2.0,1.0,1
train-00000-of-00048_000305,кеттің ауылдайлар,кеттен ауылбайлар,1.0,0.17647058823529413,2
train-00000-of-00048_000306,келсем,кезем,1.0,0.3333333333333333,1
train-00000-of-00048_000307,элья осы сендер неге ұрсасыңдар,эля осы сендер неге ұртсасындар,0.4,0.0967741935483871,5
train-00000-of-00048_000308,себебі олармен мен бұрында дос болғанмын,себебі олар мен мен бұрында дұс болғанмын,0.5,0.05,6
train-00000-of-00048_000309,сосын,سس,1.0,1.0,1
train-00000-of-00048_000310,сосын мен олармен дос болмаймын шештім,сосын мен олармен дісболмайым шештім,0.3333333333333333,0.10526315789473684,6
train-00000-of-00048_000311,сосын барып осы ақызаймен дос болып шештім,сосын барып боса қызаң мен дос болшы ештім,0.7142857142857143,0.19047619047619047,7
train-00000-of-00048_000312,сол үшін олар мені көре алмайды,sol şn olar meni ko ralmaydы,1.0,0.8387096774193549,6
train-00000-of-00048_000313,ал не үшін өзіңмен дос бола алмадың,aniвšedolamentas polmaden,1.0,0.9714285714285714,7
train-00000-of-00048_000314,себебі олар өте жаман қыздар,себебі олар өте жамаңыздар,0.4,0.10714285714285714,5
train-00000-of-00048_000315,үм,嗯嗯,1.0,1.0,1
train-00000-of-00048_000316,қыздар,زاك,1.0,1.0,1
train-00000-of-00048_000317,иә ханым,يا خنم,1.0,0.875,2
train-00000-of-00048_000318,кешке таман,кишке таман,0.5,0.09090909090909091,2
train-00000-of-00048_000319,бізде осы ашылуына орай,бізде осы ашылоғына орай,0.25,0.08695652173913043,4
train-00000-of-00048_000320,дискотека болады сендерді сояққа шақырайын деп едім,дискотека болады сеннерді сұяқы шақырайын деп едім,0.2857142857142857,0.0784313725490196,7
train-00000-of-00048_000321,жақсы жарайды,жақсыз жaреді,1.0,0.38461538461538464,2
train-00000-of-00048_000322,аға күтемісің деді,hakcemisi nedi,1.0,0.9444444444444444,3
train-00000-of-00048_000323,урә,ورا,1.0,1.0,1
train-00000-of-00048_000324,не үшін қуанып жатсың,一身qنjt,1.0,1.0,4
train-00000-of-00048_000325,білесің бе ол кешке осы директордың баласы келеді ол вообще сұлу сондай ше осы жатақханадағы барлық қыздар ұнатады прямо краш қой,тілесін ба ол кешке осы директорның баласы келеді ол іпше сұлу сындайше осы жатаханадағы барлық қызарнатады пірм краш ғой,0.5238095238095238,0.14728682170542637,21
train-00000-of-00048_000326,сол ма не үшін,солма мейшін,1.0,0.2857142857142857,4
train-00000-of-00048_000327,ммм,,1.0,1.0,1
train-00000-of-00048_000328,ол потому что он бой ұзын әдемі сондай күшті түрі әдемі күші көп сондай күшті жігіт,ол потомоштауын бойызын әдемі сона күшті түр әдемі күші көп сонда кішті жігіт,0.5625,0.1566265060240964,16
train-00000-of-00048_000329,иә біздің бәрімізге сол жуынбайды,ә біздім бәрімізге сол жығындайты,0.6,0.18181818181818182,5
train-00000-of-00048_000330,мммм түсінікті,sikten,1.0,1.0,2
train-00000-of-00048_000331,эт бар шөп,et parشe,1.0,0.9,3
train-00000-of-00048_000332,бүгін кешке сұру үшін дайындалу керек қой,бүгін кешке сыру үшін дайындалыл керек қой,0.2857142857142857,0.07317073170731707,7
train-00000-of-00048_000333,иә айтпақшы бірақ,يعدفخشبرك,1.0,1.0,3
train-00000-of-00048_000334,мына ұйықтап жатыр ғой вообще,на йохтабраторғой бепше,1.0,0.5172413793103449,5
train-00000-of-00048_000335,вообще уайымы жоқ,وي بفشواي مجوق,1.0,0.9411764705882353,3
train-00000-of-00048_000336,иә,إي,1.0,1.0,1
train-00000-of-00048_000337,бәрібір іздейсіз,باربرsش,1.0,1.0,2
train-00000-of-00048_000338,бүгін кешке сол директордың баласын сындырып алуым керек,бүгін кешке сол директордың баласы ме сымдірып алыым керек,0.5,0.10714285714285714,8
train-00000-of-00048_000339,күшті удачи рақмет,kishti dachi rahmet,1.0,0.9444444444444444,3
train-00000-of-00048_000340,қыздар нәрсе осындай,ozany seosna,1.0,0.95,3
train-00000-of-00048_000341,мен кітап оқыватырмын қорқынышты,men kitab wahotirmin қo rnishdi,1.25,0.875,4
train-00000-of-00048_000342,қыздар,زار,1.0,1.0,1
train-00000-of-00048_000343,ой сәлеметсіз бе,وسليمتسب,1.0,1.0,3
train-00000-of-00048_000344,аха,ه,1.0,1.0,1
train-00000-of-00048_000345,қыздар айтпақшы сендерге жаңалығым бар кешке таман бізде дискотека болады соған сендер шақырып отырмыз,қыздар әйтпақшы сендерге жаңалың бар кешке тамаізде дискотека болады соған сендері шақырып отырмыз,0.35714285714285715,0.0784313725490196,14
train-00000-of-00048_000346,жақсы жақсы барамыз,жақсы жақсы барамыз,0.0,0.0,3
train-00000-of-00048_000347,қыздар сол үшін а мен қатты қуанып тұрмын не үшін как мына обычная дискотека ғой,қыздар сұлшіна мен қатты қуаныптырмын не үшін кадгаубешненисика текіні ғой,0.6,0.3125,15
train-00000-of-00048_000348,жоқ ол жерде директордың красавчик баласы болады ғой соны короче сындырып алуым керек обязательно сындырып алу керек,жоқ ол жерде директорының кросавчик баласы болады ғой соны корочи сындырып алым керек обизательне сындырп алы керек,0.4117647058823529,0.07758620689655173,17
train-00000-of-00048_000349,сол үшін мен киім таңдауым керек,сол үшін мен кейім таңдауым керек,0.16666666666666666,0.0625,6
train-00000-of-00048_000350,иә айтпақшы ол директордың баласы прямо красавчик қой ма күші көп прямо,ә айтбақшы ол директордің баласы пірәм крассавчик қой мәкүші көк пірәм,0.75,0.18309859154929578,12
train-00000-of-00048_000351,иә,ya,1.0,1.0,1
train-00000-of-00048_000352,сол үшін оны сындырып алу керек,сол үшін оны сындырбалу керек,0.3333333333333333,0.0967741935483871,6
train-00000-of-00048_000353,оның үстіне ол үше бай жігіт қой,олар онүсіне ол үше бай жігіт қой,0.2857142857142857,0.1875,7
train-00000-of-00048_000354,мен прям красавица боп барам шашымды жайып,мен прям крас сависа боп парам жашымды жайып,0.5714285714285714,0.11904761904761904,7
train-00000-of-00048_000355,ниакшт,някшт,1.0,0.3333333333333333,1
train-00000-of-00048_000356,сендерге бәрібір сияқты ғой күшті күшті деп отыра бересіңдер,сендерге бәрібір сияқтой күшті күшідеп отыра вересіндер,0.5555555555555556,0.11666666666666667,9
train-00000-of-00048_000357,не болса шашын жайып қойсаң,нیs шшiн rп kوس,1.0,0.7037037037037037,5
train-00000-of-00048_000358,иә рақмет,ي رحميت,1.0,0.8888888888888888,2
train-00000-of-00048_000359,кәп қай киімді кисем екен,a қaydiымде кесем екен,0.8,0.44,5
train-00000-of-00048_000360,ол осы киімді киейін,oskimdkin,1.0,1.0,4
train-00000-of-00048_000361,сен ғана киім киініп жүрсің,сенғыны кем енежесін,1.0,0.5185185185185185,5
train-00000-of-00048_000362,а мен мына киімді,a min nakimdi,1.0,0.8823529411764706,4
train-00000-of-00048_000363,өлесі ма,pn soमa,1.0,1.0,2
train-00000-of-00048_000364,туф не киім мынау,тuв niкimнa,1.0,0.7647058823529411,4
train-00000-of-00048_000365,ужас сенің осыдан кейін точно колхозыңда сөйлейді ғой,у жүз сен осәнгеін тошна хахознседеді ой,1.0,0.49056603773584906,8
train-00000-of-00048_000366,қазір мен саған киім беремін,kaz misan kin birin,1.0,0.8928571428571429,5
train-00000-of-00048_000367,о мына киім бар екен бүгінге осы киімге кие тұр мен саған бере тұрайын,о мына кейінбәр екен бүгінге осы кеімге киетұр менсаған берет тұрай,0.6428571428571429,0.15714285714285714,14
train-00000-of-00048_000368,уи,wي,1.0,1.0,1
train-00000-of-00048_000369,бұл тым ашық емес па,بuدi ارشىق emiسbi,1.0,0.95,5
train-00000-of-00048_000370,ішім көрініп тұр ғой,isim gurn tirgой,1.0,0.8,4
train-00000-of-00048_000371,не болыпты қазір бәрі сана киеді,не bудто кaзiт beрснe гедe,0.8333333333333334,0.59375,6
train-00000-of-00048_000372,так жақсы болды,тaк жақсы болды,0.3333333333333333,0.06666666666666667,3
train-00000-of-00048_000373,мен оның орнына апарып қоя салайын,мын орна пар коо сылайын,1.0,0.4117647058823529,6
train-00000-of-00048_000374,на в очке не очке чеше сосай,навочки нечки щищисасат,1.0,0.4642857142857143,7
train-00000-of-00048_000375,көзін көрмей қалады,وزم كون م غودة,1.3333333333333333,0.8947368421052632,3
train-00000-of-00048_000376,міне ин,menayen,1.0,1.0,2
train-00000-of-00048_000377,тәкең сені бояндыру керек кел,такен сені буяндыру керек кел,0.4,0.10344827586206896,5
train-00000-of-00048_000378,так не бар мұнда,тәк не бармында,0.75,0.1875,4
train-00000-of-00048_000379,міне енді крассовицалыққа алдым енді сен дискотекаға колхозница болып бармайтын шығарсың ол жерде билейсің,мене еңді красовецалық қалдын үнсенің дискатикағ колхозниса болып барматін шарсың ол жерді белийсің,0.8571428571428571,0.2358490566037736,14
train-00000-of-00048_000380,сегодня на красотка болып қалдың,се ені кросотка болып қалдың,0.6,0.25,5
train-00000-of-00048_000381,стейін стейін үлкіл реп,sn sten t rik,1.0,0.8695652173913043,4
train-00000-of-00048_000382,өте көп көп көп көп,,1.0,1.0,5
train-00000-of-00048_000383,лақниет,لخميات,1.0,1.0,1
train-00000-of-00048_000384,бірақ та көзім жөндеп көрмей тұр,бірақ та көзім жөне көрмей тір,0.3333333333333333,0.09375,6
train-00000-of-00048_000385,қорықпа мен саған бәрін жол көрсетемін ғой,қорықпа исан бәрін жо өрстем қойт,0.7142857142857143,0.30952380952380953,7
train-00000-of-00048_000386,ухм,嗯,1.0,1.0,1
train-00000-of-00048_000387,все қыздардаймыз ба,se qizadaymiz ba,1.0,0.8947368421052632,3
train-00000-of-00048_000388,иә кеттік онда,ya kettigonda,1.0,0.9285714285714286,3
train-00000-of-00048_000389,вау қандай күшті иә қыздар,vav qaday kustu ya qızar,1.0,0.8461538461538461,5
train-00000-of-00048_000390,қыздар ана жерге ғашықты олар барып жайғаса беріңдер,қыzaрaнa жigeастuғаr бarпcағыza бeriнjeк,1.0,0.6923076923076923,8
train-00000-of-00048_000391,иә,呀,1.0,1.0,1
train-00000-of-00048_000392,насар,ماسع,1.0,1.0,1
train-00000-of-00048_000393,керемет қылып жасапты иә,كنقاgرستية,1.0,1.0,4
train-00000-of-00048_000394,бақшы әне қыздар,таҡшы әне күҙҙар,0.6666666666666666,0.375,3
train-00000-of-00048_000395,деректорының жанындағы оның баласы,дертүрін жандағы оның баласы,0.5,0.23529411764705882,4
train-00000-of-00048_000396,қарындаш прямо күшті ғой иә,қarandar bіram kүsti goya,1.0,0.8148148148148148,5
train-00000-of-00048_000397,иә демекен,يعدي ميكن,1.0,1.0,2
train-00000-of-00048_000398,мүмкінші емес,ocmes,1.0,1.0,2
train-00000-of-00048_000399,мә мені ұнатып қалған шығар иә,ما من نطبة نشرية,1.0,0.9,6
train-00000-of-00048_000400,ммм,嗯嗯,1.0,1.0,1
train-00000-of-00048_000401,мен олай ойламаймын,нiлle mайmы,1.0,0.6842105263157895,3
train-00000-of-00048_000402,менің атым қалды деп ойлаймын,iненнатpaл dеbрemе,1.0,0.7931034482758621,5
train-00000-of-00048_000403,қалайсыңдар,қайсындар,1.0,0.2727272727272727,1
train-00000-of-00048_000404,вау қандай күшті,вал кандай күштө,1.0,0.1875,3
train-00000-of-00048_000405,сол күні керемет қауым жасартты,солға келемет қалып жасапты,1.0,0.3225806451612903,5
train-00000-of-00048_000406,ой мыналар келіп қойыпты ғой,ой налар келіп қойыпты ғойп,0.4,0.10714285714285714,5
train-00000-of-00048_000407,мәссаған ана қоңыр шашты көк,мәстанына ҡоңшашты күк,1.0,0.35714285714285715,5
train-00000-of-00048_000408,а киімдегі қыз қандай әдемі,кейімдеге қыз қандай әдемі,0.4,0.18518518518518517,5
train-00000-of-00048_000409,что то ол баласы аңғарапты ғой,жата ол баласаын карапты кой,0.8333333333333334,0.36666666666666664,6
train-00000-of-00048_000410,қандай болады,қандай болы,0.5,0.15384615384615385,2
train-00000-of-00048_000411,мен айтқан бала әні директордың жанында тұр ғой,мен айтқан баланы директорын жанда тұр ғой,0.5,0.14893617021276595,8
train-00000-of-00048_000412,сұлулла,سا了,1.0,1.0,1
train-00000-of-00048_000413,үм,嗯,1.0,1.0,1
train-00000-of-00048_000414,мынау дискотека қашан басталады,мынау диско тека қашан басо,0.75,0.22580645161290322,4
train-00000-of-00048_000415,қазір басталып қалатын шығар,كزلبسبقا نجر,1.0,0.9642857142857143,4
train-00000-of-00048_000416,иә бастай билейк,يا بس بليك,1.0,0.875,3
train-00000-of-00048_000417,ал қыздар барлықтарың келгенің үшін үлкен рақмет,ал қыздар барлықтарың келген үшін үлкенді рахмет,0.42857142857142855,0.10416666666666667,7
train-00000-of-00048_000418,ендеше біздің бүгінгі дискотекамыз басталсын,елдеше біздің бүгінге дискодекамыз басталсын,0.6,0.06818181818181818,5
train-00000-of-00048_000419,ал енді билеймін десеңдер ортаға шығыңдар,ал енде бели миндесиңдер уртага шыымдар,0.8333333333333334,0.2682926829268293,6
train-00000-of-00048_000420,музыка ауыстырыңдар,музыка ыстырндар,0.5,0.21052631578947367,2
train-00000-of-00048_000421,менің сәлем,وحنيش,1.0,1.0,2
train-00000-of-00048_000422,аха,ه,1.0,1.0,1
train-00000-of-00048_000423,кимдер дүниелікі бар,ولي جنيركزار,1.0,0.95,3
train-00000-of-00048_000424,кімдеймін бұл жоқ негізі үнемі,كي اللقني لزن,1.0,0.9333333333333333,5
train-00000-of-00048_000425,соңғы кесіп билегіңдер келді,ама кетпік белегүнде зелде,1.0,0.5,4
train-00000-of-00048_000426,ксро заманында,kesero zamananda,1.0,1.0714285714285714,2
train-00000-of-00048_000427,тәрбиеге аса үлкен мән берілген өйткені ол идеологиямен байланысты болады,тәрбиеге асына үлкенмәнін берілген неткен ол идеологиямен байланысты болады,0.4,0.1095890410958904,10
train-00000-of-00048_000428,бірінші класқа келген бала октябрёнок,бірінші класқа келген бала актибренік,0.2,0.10810810810810811,5
train-00000-of-00048_000429,кейін төртінші класта пионер жетінші класта комсомол кете береді осының бәрі мына баланың сана сезімін интернационалдық бағытта жаңағыдай,кейін төртінші гыласты пионер жетінші гласты комсомол кете берет осының бәйрі мына баланың сана сезімін интернационалдық бағытта жаңадай,0.2777777777777778,0.072992700729927,18
train-00000-of-00048_000430,ксро шыл азаматтықта тәрбиелеуге бағытталған бүгін бізде,кресорошыл азаматтықта тәрбиелеуге бағытталған бүгін бізде,0.2857142857142857,0.07142857142857142,7
train-00000-of-00048_000431,тәрбие үзік үзік жүріп жатыр,terbiye üzü üzük cürubcatır,1.0,0.9285714285714286,5
train-00000-of-00048_000432,мен бір мәселені айтайын,мен бір мәселен айтан,0.5,0.125,4
train-00000-of-00048_000433,баяғыда дәстүрлі қоғамда қазақтың дәстүрлі қоғамда тәрбие барлық жерде бірдей болатын батыста шығыста оңтүстікте солтүстікте тойды айтады ғой тастай батып судайсың деп келіндерге,баяғыда дәстүрлік қоғамды қазақтың дәстүрлік қоғамды тәрбие бәріліқ жерде бірдей болатын батыстар шығыстар оңтүстікте солтүстікте тойда айтады ой тастай батыл судайсың деп келіндерге,0.43478260869565216,0.06741573033707865,23
train-00000-of-00048_000434,тілек айтып жатады неге ол тастай батып содай сіңеді,тілегі айт жатат неге ол тастай баты судай сіңеті,0.6666666666666666,0.17307692307692307,9
train-00000-of-00048_000435,ол барған жерінде адамдардың түрлері басқа болуы мүмкін,ол барған жерінде адамдардың түрлері басқа болу мүмкін,0.125,0.01818181818181818,8
train-00000-of-00048_000436,бірақ,بر,1.0,1.0,1
train-00000-of-00048_000437,шаруашылығы,شرو是لغ,1.0,1.0,1
train-00000-of-00048_000438,күнделікті тірлігі,күнделікті тірлігі,0.0,0.0,2
train-00000-of-00048_000439,рухани ұстанымдары,руханий станымдары,1.0,0.1111111111111111,2
train-00000-of-00048_000440,тәрбиесі бәрі бірдей,tربs بeر بiردي,1.0,0.9,3
train-00000-of-00048_000441,мүмүм,嗯嗯,1.0,1.0,1
train-00000-of-00048_000442,ал бүгін бізде не қараңызшы,ал бүгін бізден е қараңіш,0.6,0.18518518518518517,5
train-00000-of-00048_000443,бізде,بіزد,1.0,0.8,1
train-00000-of-00048_000444,батыс шығыс демей ақ қой бір үйдің балалары 2 түрлі,батыш жығ істемеқ қойын бір үйдің балалары екі түрлі,0.6,0.27450980392156865,10
train-00000-of-00048_000445,ұстаны да ұстайды,ستاندار ستا,1.0,0.9411764705882353,3
train-00000-of-00048_000446,қазақ жастарының ішінде,қазақ жастарының ішінде,0.0,0.0,3
train-00000-of-00048_000447,вахабит те бар салафит те бар кришнаит те бар біздің проблемамыз сол,вақабитте бар салафитта бар кришнәйтта бар біздің проблемамыз сол,0.5,0.11764705882352941,12
train-00000-of-00048_000448,біз осы идеологиялық,fis osi ideologia,1.0,0.9,3
train-00000-of-00048_000449,тұрғыдағы мәселен,тۇрғыдағ мәсилىн,1.0,0.23529411764705882,2
train-00000-of-00048_000450,уысымыздан шығарып алдық,мусымыздан шығарып алды,0.6666666666666666,0.125,3
train-00000-of-00048_000451,идеологиялық тәрбие мәселелерін,идеологиялық тәрбие мәселелерін,0.0,0.0,3
train-00000-of-00048_000452,жоспарлы жүйелі түрде орындалу керек бағыт бағдарды дұрыс беру керек жақсы дегенде,жоспарлы жүйелі түрде орындалы керек бағыт бағдарды дұрыс беру керек жақсы дегенде,0.08333333333333333,0.012195121951219513,12
train-00000-of-00048_000453,жаман деген не,жаман дегенден,0.6666666666666666,0.21428571428571427,3
train-00000-of-00048_000454,не тәрбие,نیتاربے,1.0,1.0,2
train-00000-of-00048_000455,үйден басталу керек сосын балабақша алдымен үйден,үйден бастолу керек сосын бала бақшы алдымен үйден,0.42857142857142855,0.061224489795918366,7
train-00000-of-00048_000456,ата анасының жүрісіне қарап бала оны қабылдайды,ата анасының жүрісіне қара бала оныс қабылдайты,0.42857142857142855,0.06382978723404255,7
train-00000-of-00048_000457,үйде күнде ұрыс күнде керіс болып жатса сол мінезді қабылдайды,үйде күнде рыс күнде керіс боп жатса сол мінезді қабылдайт,0.3,0.08064516129032258,10
train-00000-of-00048_000458,соғыспай тұра алмайтын бала болып шығады,соғыспай тұр алмайтын бала бопшыат,0.5,0.175,6
train-00000-of-00048_000459,ал иманы бар отбасында жылы сөз,ал иманы бар отбасында жылы сөз,0.0,0.0,6
train-00000-of-00048_000460,ұлағатты,罗غت,1.0,1.0,1
train-00000-of-00048_000461,сөздер айтылып жатса,سöزدער աیtلıم ժաց,1.0,0.9,3
train-00000-of-00048_000462,өз ісімен көрсетіліп жатса,اسمين كورسيت البجسة,1.0,0.9615384615384616,4
train-00000-of-00048_000463,ол баланың бойына сіңбей қоймайды тәрбиені қолдан ұрыстан шығаруға болмайды,ол баланың бойына сіңбей қоймайды тәрбиені қолдан уыстан шығаруға болмайды,0.1,0.02666666666666667,10
train-00000-of-00048_000464,ол не үшін керек әсіресе мына тарихи санадағы тарихи жадыны ашу үшін керек бір екіншіден,ол не үшін керек әсілешемде тарихи санадағы тарихи жадыны ашу үшін керек бір екіншіден,0.13333333333333333,0.06818181818181818,15
train-00000-of-00048_000465,сол білімді алған бала,сол білімді алғана бала,0.25,0.045454545454545456,4
train-00000-of-00048_000466,өз халқыменен,өз халқы менен,1.0,0.07692307692307693,2
train-00000-of-00048_000467,тарихи тағдырластықты сезіну керек ол ертең мемлекеттің тетігін ұстайтын,тарихи тағдырластықты сезіну кереп ол ертең мемлекеттің тетігі нұстайтын,0.3333333333333333,0.041666666666666664,9
train-00000-of-00048_000468,азамат болады ма қай жерде отырса да,азамат боламы қай жерде отыса да,0.42857142857142855,0.1388888888888889,7
train-00000-of-00048_000469,өзі міне жақсылық істеуге бағытталуы керек,өзіміне жақсылық істеуге бағытталу керек,0.5,0.047619047619047616,6
train-00000-of-00048_000470,абай айтады ғой адамзаттың бәрін сүй деп,абаятаду адам заттың бәріні сүйдіп,1.0,0.325,7
train-00000-of-00048_000471,ол адамзаттың бәрін сүюде алдымен өзінің бауырына,ол адамзаттың бәрін сүйіді алды мен өзін бауырына,0.5714285714285714,0.12244897959183673,7
train-00000-of-00048_000472,үлкендерге,үлкендерге,0.0,0.0,1
train-00000-of-00048_000473,құрмет көрсетуден үйрену керек біз идеологиялық майданда жеңіліп жатырмыз мәселе қайда,күрмет көрсетуден юйрену керек біз идеологиялық майданды жеңіліп жатырмыз мәселеқайдан,0.45454545454545453,0.06976744186046512,11
train-00000-of-00048_000474,спаншоу емес қазақи мультфильмдерді қою керек,спанжо емес қазақи мүлтилимдерді қол керек,0.5,0.15555555555555556,6
train-00000-of-00048_000475,жасөспірім буынымыз дейді,жәсөспірін буынымыз дид,0.6666666666666666,0.2,3
train-00000-of-00048_000476,бүлдіршіндері бір,бүлдөрсн dерiмiz,1.0,0.5882352941176471,2
train-00000-of-00048_000477,қырғызша сөйлеуді қойып қазақша сөйлеп жатыр дейді ойбай неге,қырғысша сөйлеуді ғойып қазақша сөйлеп жатыр дет обей неде,0.5555555555555556,0.13114754098360656,9
train-00000-of-00048_000478,шеше қырғызстанда балапан каналы,шеше қырғызстанда балапан каналы,0.0,0.0,4
train-00000-of-00048_000479,көрсетіледі екен сол қырғыз балалар отырып алып соны көріп тілдері қазақша шығып жатыр қызық,көрсетілед екен сол қырғыз ұпалар отырбап соны көріп тілдері қазақша шығып жатыр қызық,0.2857142857142857,0.09782608695652174,14
train-00000-of-00048_000480,біздің бүгін ең ұтылған дүниеміз батыс әлеміне,біздің бүлгін ең отылған дүниеміз батыс әлеміне,0.2857142857142857,0.043478260869565216,7
train-00000-of-00048_000481,мүмүм,嗯嗯,1.0,1.0,1
train-00000-of-00048_000482,қисық үйретіп жатыр,kisik yuynetib jatir,1.0,0.9473684210526315,3
train-00000-of-00048_000483,өзің үшін өмір сүр деген қағида пайда болды жастарда,өзің үшін өмір сүр деген қағида пайда болды жастады,0.1111111111111111,0.038461538461538464,9
train-00000-of-00048_000484,өзің үшін өмір сүр өзіңді ғана сүй,өзің үшінемісі өзіңді ғана сүйіп,0.5714285714285714,0.23529411764705882,7
train-00000-of-00048_000485,сен басты жер бетіндегі адамсың,сен басты жербетіндегі адамсың,0.4,0.03225806451612903,5
train-00000-of-00048_000486,ал қашанға дейін өзі үшін өмір сүреді адам,ал қашанға дейін өзі түшін өмір сур етадам,0.375,0.14285714285714285,8
train-00000-of-00048_000487,өзің үшін өмір сүру деген сөз өз құлқыңның құлы бол деген сөз,өзің ішін өмір сүру деген сөз ол құлқының құлы бол деген сөз,0.25,0.06557377049180328,12
train-00000-of-00048_000488,қазақ ешқашан өзі үшін өмір сүрмеген дүние малы үшін өмір сүрмеген ұрпақ үшін өмір сүрген міне басты мәселе ол ұрпақ,қазақ ешқашан өз үшін өмір сүрмеген дүнье мал үшін өмір стүрмеген ұртпақ үшін өмір сүрген міне бастын мәселе ол ртпақ,0.35,0.06896551724137931,20
train-00000-of-00048_000489,жақсы ұрпақ қалды да жақсы өнер үйретіп кетті мәселе қайда заман өзгеруіменен салт дәстүрде өзгереді,жақсы ұртпақ қалды да жақсы өнер үйретіп кет мәселеқайда заман өзгерр менен салттастырде өзгереті,0.5333333333333333,0.11,15
train-00000-of-00048_000490,салт дәстүрдің озығы бар тозығы бар,салт дастердің озығы бар тозығы бар,0.16666666666666666,0.05714285714285714,6
train-00000-of-00048_000491,тозығы қайсы,托是غ爱次,1.0,1.0,2
train-00000-of-00048_000492,қазақты іріктетін,қазақты іртетін,0.5,0.11764705882352941,2
train-00000-of-00048_000493,дастыңдар,dstlር,1.0,1.0,1
train-00000-of-00048_000494,рушылдық топшылдық жікшілдік деген нәрсе оны патша өкіметі жақсы пайдаланды осыны соны мына,рушылдық топшылдық жікшілдік деген нәрсе соны патша өкіметі жақсы пайдаланды оым сонымна,0.3076923076923077,0.06593406593406594,13
train-00000-of-00048_000495,мекемтас мырзахметов айтып кетті ғой деймін бір хабарда игельстром деген генерал губернатор болған сол қазақтарға қарсы сексеуіл саясатын пайдалануды ұсынды,мекемтасмызахмет ваткетті ғойден бір хабарда игел стром деген генерал губернатор болған сол қазақтарға қарсы сексеуль саясатын пайдауалануду ұсынды,0.5,0.11538461538461539,20
train-00000-of-00048_000496,қазақ сексеуіл сияқты дейді балтамен шапсаң өзіңе ұршып түседі дейді,қазақ сексеуөл сияқты дейті балта мен шапсаң өзіңе ыршып түсеттейт,0.7,0.14705882352941177,10
train-00000-of-00048_000497,шексеуілді қалай жарады,чексеелді қалай жады,0.6666666666666666,0.21739130434782608,3
train-00000-of-00048_000498,бір біріне ұрып жатады,бір бірне ұрып жара,0.5,0.18181818181818182,4
train-00000-of-00048_000499,біз қазаққа сондай саясат қолдануымыз керек деп міне,біз қазаққа сондай саясат қолдануымыз керек деп ме,0.125,0.038461538461538464,8
train-00000-of-00048_000500,кешегі болысқа езнойға сайлау жүрген кезде сол қазақтардың арасына жік салған,кешегі болысқа езнойға сайлау жүрген кезде қазақтардың арасына жик салған,0.18181818181818182,0.06493506493506493,11
train-00000-of-00048_000501,оны кейін совет өкіметі де қолданды бүгін біз әрқилымыз әртүрлі біреу батысшыл біреу шығысшыл,оны кейін совет өкметі де қолданды бүгін біз әрқилымыз әртүрлі біреу батыш жыл біреу шығыш жыл,0.35714285714285715,0.07526881720430108,14
train-00000-of-00048_000502,біреу әртүрлі діндерді ұстайды ағымдарды ұстайды осыларды міне бір,біреу әртілі діндерді ұстайды бағымдарды ұстайды осыларды мінеі,0.4444444444444444,0.09090909090909091,9
train-00000-of-00048_000503,басын қосатын не болуы мүмкін бір ортақ бір құндылық болу керек қой ол кім болсаң ол бол бірақ сен өзің,басын қосатын не болуы мүмкін бір ортақ бір құндылық болуы керек қ кім болсаң ол бол бірақ сен өзім,0.2,0.06796116504854369,20
train-00000-of-00048_000504,халқымененен өз халқыңменен,халқы менен ез халықым менен,1.6666666666666667,0.25925925925925924,3
train-00000-of-00048_000505,жаңа біз айтып кеткен тарихи тағдырластықты ортақ тарихи тағдырластықты сезілуің керек,жаңа біз айтып кеткен тарихи тағдырластықты ортақ тарихи тағдырластықты сенізінімін керек,0.09090909090909091,0.06976744186046512,11
train-00000-of-00048_000506,осы жерде міне тағы да айтамын көркем әдебиет пен тарих пәнінің рөлі деген қандай,о шерде міне тағыда айтам көкем әдебиетпен тарихпанның рөлі деген қандай,0.7142857142857143,0.14814814814814814,14
train-00000-of-00048_000507,славы,莱ว,1.0,1.0,1
train-00000-of-00048_000508,мына,不的,1.0,1.0,1
train-00000-of-00048_000509,соңғы уақытқа дейін,سوڭغا واقت قىدىن,1.0,0.8947368421052632,3
train-00000-of-00048_000510,біздің тарихымыз,بزن تاليخ نص,1.5,0.9375,2
train-00000-of-00048_000511,европоцентристік көзқарас,европа центристік көзқадасы,1.5,0.16,2
train-00000-of-00048_000512,концепциясыменен бағаланды көшпенділерде,концепциясы менин багаландын көш пендилерде,1.6666666666666667,0.15,3
train-00000-of-00048_000513,мәдениет болу мүмкін емес,مادنيeت بوو منكن ىمiس,1.0,0.88,4
train-00000-of-00048_000514,мемлекет болуы мүмкін емес,мемлекет болуу мүмкін емес,0.25,0.038461538461538464,4
train-00000-of-00048_000515,керек десеңіз,керектесеңіз,1.0,0.15384615384615385,2
train-00000-of-00048_000516,тарихы да жоқ деген сияқты,他خ的时غ这给س,1.0,1.0,5
train-00000-of-00048_000517,застывшая цивилизация где то какая то гибер,застывшая цивилизация депку эт кебер,0.7142857142857143,0.3023255813953488,7
train-00000-of-00048_000518,еуропалық тарихшылар қатып қалған,eوروpوم تاريخشلار qت qvن,1.0,0.9090909090909091,4
train-00000-of-00048_000519,мың тоғыз жүз тоқсан бесінші,мың тоғы жү тоқсан бесинши жылы,0.8,0.32142857142857145,5
train-00000-of-00048_000520,отан тарихының оқытудың концепциясы жасалды сол концепцияда сол кездің өзінде айтылды қазақстан тарихы дүниежүзілік тарихи процестердің құрамдас бөлігі иә бізде мына сыртқы әлемге өз әсерімізді тигізді соларменен жаңағыдай үйлесімде өмір сүрдік деген сияқты концепция ұстанымдары қабылданды,отан тарихыдың оқытудың концепция сиязасалды сол концепцияда сол кездің өзінде айтылды қазақстан тарихы дүние жүрлік тарихи процестердің құрамдас бөлігі біздесыртқы әлемге өз әсерімізді тигізді солар менен жаңадай үйлесімде өмір сүрдік деген сияқты концепция сұтанымдары қабылданды,0.3611111111111111,0.07586206896551724,36
train-00000-of-00048_000521,ал енді мына мемлекеттілік туралы айтқанда,ал енді мна мемлекеттілік туралы айтқанда,0.16666666666666666,0.023809523809523808,6
train-00000-of-00048_000522,біз мына кейінгі дамыған орта ғасырлық европаның мемлекеттілігінің қалпына аламыз да басқа елдерге кигізіп көреміз,біз мына кейінгі дамыған ортақасырлық еуропаның мемлекеттілігінің қалпын аламыз да басқа елдерге кигізіп көреміз,0.26666666666666666,0.03508771929824561,15
train-00000-of-00048_000523,бізге киік десек бізге сыймайды,бізге кейік десек бізге симайт,0.4,0.1935483870967742,5
train-00000-of-00048_000524,европаның қалпына біз сыймаймыз,еуропаның қалпына біз семаймыз,0.5,0.0967741935483871,4
train-00000-of-00048_000525,неге дейсіздер ғой,неге десідер кө,0.6666666666666666,0.2777777777777778,3
train-00000-of-00048_000526,олар мәдениетті дүниені мына,oлar mәdеnиетtі dүnиenі,1.0,0.5714285714285714,4
train-00000-of-00048_000527,тек материалдық құндылықтардың есебінен бүгін басым ғой сондай түсінік соны материалдық құндылықтарменен өлшеу қабылданған,тек материалдық құндылықтарыдың есебінен бгін басым ғой сонд соны материалдық құндылықтары менен өлсеуі хабылдандан,0.5714285714285714,0.14754098360655737,14
train-00000-of-00048_000528,ал рухани дүние екінші жақта қалып қояды,ал рухани дүние екінші жақтықалып қояты,0.42857142857142855,0.075,7
train-00000-of-00048_000529,мемлекет деген не,мемлекет дегенде,0.6666666666666666,0.11764705882352941,3
train-00000-of-00048_000530,мемлекет деген басшысы болу керек жері болу керек территориясы иә басқару аппараты болу керек әскері болу керек тағы тағылар,мемлекет деген басысы болуы керек жері болуы керек территориясия басқару апараты болу керек әскері болу керек тағытағылар,0.42105263157894735,0.06451612903225806,19
train-00000-of-00048_000531,осыны алады да біздің ортағасырлық не ежелгі тайпаларымызға ерте дәуір мемлекеттеріне кигізіп келеді,осын алатта біздің ортақасырлық нежелгі тайпаларымызға ерте дәуір мемлекеттеріне кигізіп көрет,0.5384615384615384,0.12,13
train-00000-of-00048_000532,сөйтті,起,1.0,1.0,1
train-00000-of-00048_000533,былай қарасаң сыймайды бізге,лайғарасын симайт бізге,0.75,0.35714285714285715,4
train-00000-of-00048_000534,әйтпесе олар кең болса,әйтпесе олар кең болсып,0.25,0.09090909090909091,4
train-00000-of-00048_000535,басып пастайтын еді ғой сыймайды,баспстать нето симать,1.0,0.5625,5
train-00000-of-00048_000536,салық жүйесі болды ма болды,салық жүйесі болды ма болды,0.0,0.0,5
train-00000-of-00048_000537,мне,من,1.0,1.0,1
train-00000-of-00048_000538,геродоттың өзі,grad ottmz,1.0,1.0,2
train-00000-of-00048_000539,патшалардың өзі даридің өзі айтады сахтадан салық алып отырғанын ол патша қалтасынан шығарып жатқан жоқ қой ол салық халыққа түседі деген сөз мәселе қайда,патшалардың өзі даридің өзі айтады сақтардан салық алы отырғаны ол патша халтасынан шығарып жатқан жоқ қой ол салық халыққа түсектеден сөз мәселе қада,0.2916666666666667,0.07142857142857142,24
train-00000-of-00048_000540,жазуы жоқ ел мемлекет құра алмайды дейді,жазуы жоқ ел мемлекет құра алмайт дейд,0.2857142857142857,0.075,7
train-00000-of-00048_000541,құдай қашып тұр міне есік қорығанда алтын адамның жанында 26 әрпі жазылған тостаған тұр,құдай ғаштурна есік қорғанда алтын адамның жанында жиырма алты әрпіз жазылған тосаған тұр,0.5714285714285714,0.26436781609195403,14
train-00000-of-00048_000542,табылыпты күміс тостаған жазу бар деген сөз жазу не үшін керек реестр жасау үшін дүние мүлікті есепке алу үшін керек,табылыпты күміс тостаған жазу бар деген сөз жазу не үшін керек реестр жасау үшін керекк дүние мүлікті есепке алу үшін керек,0.05,0.0603448275862069,20
train-00000-of-00048_000543,яғни әскер енді жетеді жердің өзінің иелері бар иә шекарасы бар ол кезде оған жоқ деуге болмайды,сағыне әскер ені жете жер жердің өзін иелері бар ия шегарасы бар ол кезде олған жоқтеуге болмайт,0.6470588235294118,0.1875,17
train-00000-of-00048_000544,осылар келіп кейін мына,oслar келiپ كېيiн,1.0,0.6521739130434783,4
train-00000-of-00048_000545,кейінгі дәурелерге өтті сабақтастықпенен,кейінгі дәуірлерге өттін сабақтастықпенем,0.75,0.1,4
train-00000-of-00048_000546,европада,европада,0.0,0.0,1
train-00000-of-00048_000547,біздің заманымыздың бесінші ғасырында мына,біздіңзаман өзның бесінші ғасырында,0.6,0.23809523809523808,5
train-00000-of-00048_000548,шығыс жақтан ғұн деген ел жүріп өтеді бірнеше ғасыр жылжып отырып оңтүстік орыс даласыменен шығыс европаға барады,шығыс шақтан ғұнын деген л жүрік өтет бірнеше ғасыр жылжып отырп оңтүстік орыс таласы менен шығыс европаға барат,0.5294117647058824,0.10619469026548672,17
train-00000-of-00048_000549,еділ патша бастаған атақты атила дейді ғой,еріл патша бастаған атақтатила дидіған,0.7142857142857143,0.19047619047619047,7
train-00000-of-00048_000550,хмхм,,1.0,1.0,1
train-00000-of-00048_000551,сол барған кезде,сол барған кезде,0.0,0.0,3
train-00000-of-00048_000552,бір қызығы,بالقزغة,1.0,1.0,2
train-00000-of-00048_000553,рим империясын құлатады,римин пересы лaтa,1.0,0.5217391304347826,3
train-00000-of-00048_000554,енді бүкіл дүниежүзілік тарихта гүлденіп тұрған рим империясын құлатты варварлар деп қояды,енді бүкіл дүниежізлік тарихты гөлденіп тұрған рим империясын құлатты варборлар деп қоят,0.4166666666666667,0.08888888888888889,12
train-00000-of-00048_000555,ол гүлденіп тұрған рим империясы емес ол тозығы жеткен уже сегізінші жыл бойы өмір сүріп келе жатқан тозығы жеткен империя неге тозығы жеткен өйткені бұлар әлі құл еленушілік дәуірде отыр,ол гүлденіп тұрған рим империясы емес ол тозығы жеткен жа сегіз жыл бой өмірсүрік келе жатқан тозығы жеткен империя неге тозығы жеткен үйткені бұлар әлі құл еленешілік дәуір деп отыр,0.3,0.06951871657754011,30
train-00000-of-00048_000556,өндіруші күштердің дамуын тежеп отыр мәселе қайда,өндіруші күштердің дамуынын теждеп отыр мәселеқейда,0.5714285714285714,0.10204081632653061,7
train-00000-of-00048_000557,еділ патша барып еді рим империясы құлап еді не болды,еріл патша барвет ремимперияс құлавет не болт,0.8,0.2830188679245283,10
train-00000-of-00048_000558,европада жаңа мемлекеттер пайда болды,еуропада жаңа мемлекеттер пайда бол,0.4,0.08108108108108109,5
train-00000-of-00048_000559,франктер француздардың атасы,frank tar franc zal manatasy,1.6666666666666667,1.0,3
train-00000-of-00048_000560,жаңа қоғамда формация пайда болды феодализм деген ал сол феодализм жаңағы үлестік жер үлесіне байланысты жасалған жүйе,жаңа қоғамдық формация пайда болт феадализм деген ал сол феадализм ж үлестік жер үлестіне байланысты жасалған жүйе,0.35294117647058826,0.1016949152542373,17
train-00000-of-00048_000561,кімдерден қабылданды дейсіздер ғой,кімдеден қабылданды дестеро,0.75,0.23529411764705882,4
train-00000-of-00048_000562,тұтқындардың үлес бөлу жүйесі,қомдадың үлес бөлу жүйесі,0.25,0.20689655172413793,4
train-00000-of-00048_000563,жер үлесінен,چیرولسنن,1.0,1.0,2
train-00000-of-00048_000564,біз,去,1.0,1.0,1
train-00000-of-00048_000565,кім кімге мемлекет жасап берді деген әңгіме,кім кімген мемлекет жасаптерді деген әңмен,0.5714285714285714,0.13953488372093023,7
train-00000-of-00048_000566,күн түсіп,吃,1.0,1.0,2
train-00000-of-00048_000567,жазуларында,jazularnda,1.0,1.0,1
train-00000-of-00048_000568,хмхм,,1.0,1.0,1
train-00000-of-00048_000569,4 тарап жау еді дейді,fört tarab cavyodı dit,1.0,1.0,5
train-00000-of-00048_000570,төрт тараппен алыстым күндіз отырған жоқпын түнде ұйықтаған жоқпын осы аш жалаңаш халықты қалай бақытты қыламын деген сияқты,төрт тараппен алыстын күндіз отырған жоқ пын түнде ұйықтаған жоқпын осы жалаңаш халықты қалай бақытты қылам деген сияқтып,0.3333333333333333,0.06451612903225806,18
train-00000-of-00048_000571,төбе сол не төрт тарабын жеңеді екен басы бардың басын изертеді аяғы бардың тізесін бүктіреді,түбе сол міне төрт тарабын жеңед екен басы бардың басын идертеті аяғыбардың тізесін бүктіреті,0.4666666666666667,0.08602150537634409,15
train-00000-of-00048_000572,жұрттың бәрін қырып ұстаған жоқпын дейді жауларды қырып қуырып шыжғырып құлдыққа сатып жүрген жоқпын дейді,жүрттің бәрін қырып тұстаған жоқ піндейді жауларды қырып қуырып шыжғырып құлдыққа сатып жерген жоқ піндейді,0.4666666666666667,0.09433962264150944,15
train-00000-of-00048_000573,бәрін бейбітшілікке көндірдім деген не керемет сөз,бәрін бебітшілікке көндірдім деген не кереметсіз,0.42857142857142855,0.06,7
train-00000-of-00048_000574,мұхым,嗯嗯,1.0,1.0,1
train-00000-of-00048_000575,сыртқы жауларын жаулап алғанда бейбітшілікке көндірдім ұлыс бердім дейді ұлыс бердім деген сөз мемлекет бердім,сыртты жауларын жаула ағанда бейбілшілікке көндірдім ұлыс бердім деді ұлыс бердім деген сөс мемлекет бердімде,0.4666666666666667,0.07272727272727272,15
train-00000-of-00048_000576,иә аш халықты топ еттім жалаңаш халықты жаңағы көк киімді еттім бір керемет сөз бар түркілердің таты да таты ұстайтын болды тат деген құл,иаш халықты тоқ еттім жалаң аш халықты ж көк киімдіеттім бір керемет сөз бір түркілердің таты да таты ұстайтын болды де тат деген құл,0.4166666666666667,0.10218978102189781,24
train-00000-of-00048_000577,түркілердің құлдарының өзі құл ұстайтын болған дәрежеге жеткеніміз ал ең басты көрсеткіш міне сол кездегі түркі мемлекеттілігінің айбынды тарихының жаңағындай бүкіл әлемге әсер,түркілердің құлдарының өзі құлтұстайтын болғаны дәрежеге жеткеніз ал ең басты көрсеткііш міде сол кездер түркі мемлекеттілігінің айбынды тарихының жаңадай бүкіл әлемге,0.391304347826087,0.09090909090909091,23
train-00000-of-00048_000578,өзінің әсерін тигізгені,өзінің әсерін тигізгені,0.0,0.0,3
train-00000-of-00048_000579,басты роль ойнағаны,bast rol o ñagana,1.3333333333333333,0.8947368421052632,3
train-00000-of-00048_000580,түрік қағандарының жерлеуіне,тұрт қағандарының жерлеуіне,0.3333333333333333,0.10714285714285714,3
train-00000-of-00048_000581,патшалар келеді өздері,paçalar gele dözdüyr,1.0,0.9545454545454546,3
train-00000-of-00048_000582,византияның патшасы келеді өзі,dizantanın patşası gereti mözü,1.0,0.9333333333333333,4
train-00000-of-00048_000583,иранның падишасы тибеттің патшасы мына жерде,иранның падишасы тибеттің падишасы нәжерде,0.5,0.13636363636363635,6
train-00000-of-00048_000584,бұзын бұл,,1.0,1.0,2
train-00000-of-00048_000585,мінекей мәселе қайда сол кезде халықаралық тіл қандай болды деген әңгіме туады,мінекке мәселеқайда сол кезде халықаралық кілғандай болды деген әңбе тұлады,0.5833333333333334,0.14102564102564102,12
train-00000-of-00048_000586,мәселе қайда бізде бүгін біреу қинап ағылшынша оқы деп жатыр ма,мәселеғайда бізді бүгін біреу қина бағылшынша оқы депіп жатыр ма,0.5454545454545454,0.1111111111111111,11
train-00000-of-00048_000587,желкілеп жатқан жоқ ешкім қазір ағылшынды адам өз ішін оқиды,жеркелеп жатқан жокишкім казир агылшынды адам өзүшүн окийт,0.8,0.23333333333333334,10
train-00000-of-00048_000588,сол заманда алып империя,сол заманда алыбимперя,0.5,0.125,4
train-00000-of-00048_000589,тілін оқымай гөр,тىلىн وқۇماي گөر,1.0,0.625,3
train-00000-of-00048_000590,бүкіл саудагерлер түрікше сөйлейтін,мүкіл саудагерлі түркші сөйлейтін,0.75,0.14285714285714285,4
train-00000-of-00048_000591,елшілер келеді,желшілер келет,1.0,0.21428571428571427,2
train-00000-of-00048_000592,олар да түрікше біліп үйреніп қайтады мәселе қайда оған 1 дәлел мына 14 ғасырда,олар ды түркші біліп үйреніп қайта мәселеғайда оған бір дәлел мына он төртінші ғасырда,0.5714285714285714,0.26582278481012656,14
train-00000-of-00048_000593,қыздар,呃嗯,1.0,1.0,1
train-00000-of-00048_000594,польша имеет чехословакияда,bolsha met chigaslovakada,1.0,0.9259259259259259,3
train-00000-of-00048_000595,домовой книгалар табылған былайша айтқанда,дамавой книгалар табылған лайш айтқанда,0.4,0.11904761904761904,5
train-00000-of-00048_000596,бір үйдің бюджетін жасап жатқан дүние ғой ақша қайда кетіп жатыр қайда қойып жатыр,күрүйдің бюджетін жасап жатқан дүниеғы ақша қайда кетіп жа қайда қоып жатыр,0.42857142857142855,0.12195121951219512,14
train-00000-of-00048_000597,соның бәрі тіптіше қыпшақша жазылған мәселе қайда,соның бәрі тіптше қыпшақша жазылған мәселеғайді,0.42857142857142855,0.08163265306122448,7
train-00000-of-00048_000598,мүм,嗯,1.0,1.0,1
train-00000-of-00048_000599,финансовый документ,finance وي documento,1.5,1.0,2
train-00000-of-00048_000600,былайша қарасаң,وشغ的s,1.0,1.0,2
train-00000-of-00048_000601,қыпшақшақша жазылған,بشاخشاجازلغن,1.0,1.0,2
train-00000-of-00048_000602,вот осыдан біле беріңіз біздің тарихымызды,отосыдан білеберіңіз біздің тарихымызы ки,1.0,0.16666666666666666,6
train-00000-of-00048_000603,кезінде өз тарихымызды өзіміз оқи алмадық қой жабаһарлы аруын ерудің сөзі бар,сезінде өз тарихмізді өзіміз оқия алмадыққы жауақарлару нерудың сөзі бар,0.6666666666666666,0.19480519480519481,12
train-00000-of-00048_000604,отар елінің тарихы неге нанымсыз сондай бір сүйкімсіз болады,отар елдің тарихы неге нанымсыз сондай бір сүйкімтсіз болат,0.3333333333333333,0.08333333333333333,9
train-00000-of-00048_000605,өйткені оны жазатын,үйткен оны жазатын,0.3333333333333333,0.10526315789473684,3
train-00000-of-00048_000606,сол ойымнан әлі таймаймын біз қазір мына қазақстан алтын орданың мұрагері дейді сөз жоқ мұрагері бірақ біз жалғыз емеспіз ғой мәселе қайда иә біз басқаларға қимаймыз,сол ойымнан әлі таймаймы біз қазірна қазақстан алтын орланың мұрагер дейді сөз жоқ мұрагер бірақ біз жалғыз емеспіз ғой мәселеқайда жанағаңызе өріп отыр ә біз басқаларға қимаймыз,0.4230769230769231,0.17575757575757575,26
train-00000-of-00048_000607,өзіміз ғана болғымыз олай тарих жасалмайды біз одан жеңілеміз,өзіміз ғана болғымыз кел олай тарих жасалмайты біз одан жеңілеміз,0.2222222222222222,0.08196721311475409,9
train-00000-of-00048_000608,міне қырым татарларды,міне кірым татарларды,0.3333333333333333,0.09523809523809523,3
train-00000-of-00048_000609,бас құртады,باشخور تدت,1.0,1.0,2
train-00000-of-00048_000610,мына қазан татарларды тағы басқа халқылар алтын орданың,қазан татарларда тағы басқа халықлар алтын орданым,0.5,0.16363636363636364,8
train-00000-of-00048_000611,өкілдері өкілдері иә ұрпақтары біз бірігуіміз керек осы жерде міне алтын орданың міне тарихын зерттеуде бір бірімізбенен мәселен бұл бір үлкен идеологияға айналуы мүмкін бе әрине мына қазір түрксой деген пайда болды ғой түрік халықтарының мына мәдени құндылықтарының ортақтастығы иә неге соның жобасын да жасамау,өкілдеріөкілдері ұрпақтары біз бірігуіміз керек осы шерді міне алтын орданың міне тарихын зерттеуде бір біріміз бенен мәселербір үлкен иологияқы айналуы мүмкін ба әлине на қазып түрк шой деген пайда болды ма түрк халыптарының м мәдини кұндылықтарының ортақтастығы неге соның жобасында жасамау,0.5333333333333333,0.125,45
train-00000-of-00048_000612,біз өзіміз тек,biz özümiz tik,1.0,0.8571428571428571,3
train-00000-of-00048_000613,ешкімді менсінбей қалғанын қоспай осы алтын орда тарихын өзімізге ғана еншілеп алсақ біз одан жеңбейміз мәселе қайда өйткені ол кезде міне,түшкімді менсінбей қалғаның қоспай осы алтын орда тарихын өзімізге ғана еншіле олсақ біз одан жеңбейміз мәселеғайда өйткен ол кезде міне,0.3333333333333333,0.057971014492753624,21
train-00000-of-00048_000614,мына алтын орда ыдырап жатқан кезде ноғайлы заманы болды,алтын орда ыдырап жатқан кезде ноғайлы заманы болды,0.1111111111111111,0.08928571428571429,9
train-00000-of-00048_000615,біз бәріміз ноғайлы аталды жүрген кезіміз,біз бәріміз ноғайла ат алдын жүрген кезіміз,0.5,0.07317073170731707,6
train-00000-of-00048_000616,ақорданың тайпалары қырғыздар башқұрттар татарлар қырым татарлар тағы басқалар,ағы орданның тайыпалары қырғыздар башқырттар татарлар қырым татарлар тағы басқалар,0.4444444444444444,0.07692307692307693,9
train-00000-of-00048_000617,ноғайдың күшейген кезі ғой ноғайлы заманы біз ноғайлы болдық,ноғайдың күшейгең кез ғой ұт ноғайлы заманы біз ноғайлы болдық,0.3333333333333333,0.08333333333333333,9
train-00000-of-00048_000618,шоқан уәлихановтың сөзі бар ғой,шоқан волиханыстың сөзі барқо,0.6,0.22580645161290322,5
train-00000-of-00048_000619,ноғай мен қазақ ағайынды халық дейді,ноғаймен қазақ ағайынды халық дет,0.5,0.1111111111111111,6
train-00000-of-00048_000620,хмхм,嗯,1.0,1.0,1
train-00000-of-00048_000621,бір тоқсаныншы жылдардың қай жылдары еді санкт петербургтің үш жүз жылдығы болатын болып жас алаштан бір мақала оқығанмын,бір тоқсаныш жылдардың қайжылдар ет сант петербурттың үші жылдығы болатын боп жасалаштан бір мақала оқағам,0.6666666666666666,0.1652892561983471,18
train-00000-of-00048_000622,мынау қайдан бір музыкант,н оғайдың бир музыкант,0.75,0.36,4
train-00000-of-00048_000623,профессор алматыға қазақстанға келіпті не үшін келді десе,профессор алматыға қазақстанға кепті не үшін келді десе,0.125,0.03508771929824561,8
train-00000-of-00048_000624,санкт петербургтің 300 жылдығына арналған,сан питерборттың үші жылдығыны арналған,0.8,0.24390243902439024,5
train-00000-of-00048_000625,халық ұлттардың қойылымдары болады концерттері болады біз де бір үлкен оркестр жасадық,халық ұлттардың қойылымдары болады концерттер болады бізде бір үлкен оркестр жасадық,0.25,0.023255813953488372,12
train-00000-of-00048_000626,қобызда ойнау дәстүрін жоғалтыватқыз дейді,қобызда ойнау дәстірін жоғалытыбап пыз дейті,0.8,0.16666666666666666,5
train-00000-of-00048_000627,соны бізге 3 4 айға келіп осында үйреніп кеткен,соны бізге үш төрт айғакел осында реленіп кеткен,0.5555555555555556,0.2553191489361702,9
train-00000-of-00048_000628,көрдіңіз бе,كoرnnزب,1.0,1.0,2
train-00000-of-00048_000629,осы ке,,1.0,1.0,2
train-00000-of-00048_000630,қана түркілердің мәдениеті неге ортақ жан жақты шыққан жері бір,қана түркілердің нәдениетінеге ортақ жанжақты шыққан жері бір,0.4,0.047619047619047616,10
train-00000-of-00048_000631,хмхмхм,,1.0,1.0,1
train-00000-of-00048_000632,жан жаққа тарайды ғой жан жаққа бірақ,жanjаqа тараيды ғо жanjаqа бирақ,1.0,0.40540540540540543,7
train-00000-of-00048_000633,ортақ мәдениетті сақтап қалған,ортақ мәдениеті сақтап қалған,0.25,0.03333333333333333,4
train-00000-of-00048_000634,мүмүм,,1.0,1.0,1
train-00000-of-00048_000635,ал жалпы көшпенділердің мына,ал жалпы көшпенділердің мі,0.25,0.10714285714285714,4
train-00000-of-00048_000636,қазақтардың,азақтaдың,1.0,0.2727272727272727,1
train-00000-of-00048_000637,этникалық процестері мына біздің антрополог ақсақалымыз,этникалық процесстері мн біздің антрополога ақсақалмыз,0.6666666666666666,0.09090909090909091,6
train-00000-of-00048_000638,исмағулов оразах смағулович,ისმაგულов ორაზახ სმაგულშ,1.0,0.8518518518518519,3
train-00000-of-00048_000639,45 ғасыр болды дейді қазақ халқын қалыптаса бастаған,крықпес ғасыр болып кет қазақ халықының қалыптаса бастаған,0.5,0.3076923076923077,8
train-00000-of-00048_000640,сол ана қола дәуіріне кетеді,сол ана қола дәуіріне кетіп,0.2,0.10714285714285714,5
train-00000-of-00048_000641,ботай мәдениетіне барып тіреледі салт атты мәдениеттің пайда болуы,бұтай мәдениетіне барптірелет салтатты мәдениеттің пайда болу,0.6666666666666666,0.10606060606060606,9
train-00000-of-00048_000642,неге сол кезде өйткені сол заманда,неге сол кезде үйткен сол заманда,0.16666666666666666,0.058823529411764705,6
train-00000-of-00048_000643,ортақ шаруашылық мәдени тип қалыптасады бәрі бірдей киім асынған бірдей бір тілде сөйлеген дүниетанымы бір қару жарағы бірдей ішетін асы бірдей болғандықтан ғасырлар өткеннен кейін бір ерекшеліктерменен,ортақ шаруашылық мәдени тип қалыптасат бәрі бірдей кейін басынған бірдей бір тілде сөйлеген дүние танымы бір қару жарағы бірдей шетін асы бірдей болғандықтан ғасырлар өткенденкейін бір ерекшекліктерменен,0.3333333333333333,0.054455445544554455,27
train-00000-of-00048_000644,бірақ көп,brakcup,1.0,1.0,2
train-00000-of-00048_000645,ажырасқан жоқ,ажасқан жок,1.0,0.23076923076923078,2
train-00000-of-00048_000646,бір қалыпты бір,برغات بر,1.0,0.9333333333333333,3
train-00000-of-00048_000647,тағысын тағы ел,发生大غ爷,1.0,1.0,3
train-00000-of-00048_000648,мысалдар бар ма мына новый дәуірі,мысалдар бармы мына ноғай дәуірі,0.5,0.12121212121212122,6
train-00000-of-00048_000649,алтын орданың ыдырау дәуірі ғой алтын орда ыдырау дәуірінде,алтын ордан ыдырау дәуірі ғой алтын ордан ыдырау дәуірінде,0.2222222222222222,0.05084745762711865,9
train-00000-of-00048_000650,чингизиттік идеология құлдырайды,шеңгезеттік идеология құлдырайт,0.6666666666666666,0.21875,3
train-00000-of-00048_000651,чингизизм идеологиясы бұрын алтын ұрық,сенгезизім идиологяс бұрын алтын ұрық,0.4,0.18421052631578946,5
train-00000-of-00048_000652,бүкіл мемлекеттегі,бүкіл мемлекеттегі,0.0,0.0,2
train-00000-of-00048_000653,мал мүлік солардың меншігінде,мал мүлік солардың меншігінде,0.0,0.0,4
train-00000-of-00048_000654,солар жаңағындай енді,嗯所拉是这样的一的,1.0,1.0,3
train-00000-of-00048_000655,мемлекет басында тек шыңғыстың ұрпақтары тұру керек деген әңгіме болды,мемлекет басында тек шыңғыстың ұрпақтары тұру керек деген әңіме болды,0.1,0.014285714285714285,10
train-00000-of-00048_000656,жаңағы бердібегіңіз бар ғой,жә берді бегіңіз борғой,1.0,0.2962962962962963,4
train-00000-of-00048_000657,нар мойыны бердібек те кесілді деген сөз,nаrmoinı bеrdіbектекesimdi,1.0,0.775,7
train-00000-of-00048_000658,неге,你个,1.0,1.0,1
train-00000-of-00048_000659,батыйдың ұрпағы соған кеп тірелгенде тоқтап қалады,батидың ұрпағы соған кеп тірелгенде тоқтап қалаты,0.2857142857142857,0.06,7
train-00000-of-00048_000660,бұл өзінің тағын,فزنم تاقن,1.0,0.9375,3
train-00000-of-00048_000661,ағайын туысқандарынан қызғанып айналадағы бүкіл туыстарын өлтіріп тастайды ғой,ағайын туысқандарынан қызғанып айналадағы пүгіл туыстарын өлтіріп ыздайды ғой,0.2222222222222222,0.07692307692307693,9
train-00000-of-00048_000662,бесіктегі балаға дейін,فسکتک بلغدین,1.0,0.9545454545454546,3
train-00000-of-00048_000663,мүмкін,嗯嗯,1.0,1.0,1
train-00000-of-00048_000664,ал енді өзінің жасы кеп қалған кезде,ал енді өзінің жасы кеп қаған кезде,0.14285714285714285,0.027777777777777776,7
train-00000-of-00048_000665,ұрпақ жоқ,رpغج,1.0,1.0,2
train-00000-of-00048_000666,қалмаған,қалмаған,0.0,0.0,1
train-00000-of-00048_000667,ал осындай дүниелер көп жерлерде болып отырды,ал осындай дүниялер көп жірлер де болып отырды,0.42857142857142855,0.06666666666666667,7
train-00000-of-00048_000668,жергілікті билеуші,жергілікті билеуші,0.0,0.0,2
train-00000-of-00048_000669,тайпалардың басшылары билікті өз қолына ала бастады,тайпалардың басшылары бийлікті еш қолын ала бастат,0.5714285714285714,0.11764705882352941,7
train-00000-of-00048_000670,шыңғыс тұқымдарын әлгі қуыршақ ретінде пайдалана бастады сондай міне,шыңғыс тұқымдарым әлгі қуш ақ ретінде пайлалана баста сондай міне,0.5555555555555556,0.10294117647058823,9
train-00000-of-00048_000671,ноғай ордасы да сондай ноғай,ноғай ордасыда сондай ноғайылы,0.6,0.14285714285714285,5
train-00000-of-00048_000672,өзінің атынан өзі патша бола алмайды бірақ өзінің атынан,өзінің атынан өз патша боланат піра өзінің атынан,0.4444444444444444,0.17857142857142858,9
train-00000-of-00048_000673,едігелер мысалы,еdiгелеr mısaл,1.0,0.5333333333333333,2
train-00000-of-00048_000674,билік тұстайды,بيلك تسطيد,1.0,0.9285714285714286,2
train-00000-of-00048_000675,мына жетісуда қолатшы дулат тайпасының билеушісі,ына жетісуда қолатшы долат тайпасының билеушісі,0.3333333333333333,0.041666666666666664,6
train-00000-of-00048_000676,өзі жетісуда моғолстан мемлекетін құрған кезде ол да қуыршақ хандарды пайдаланады былайша айтқан солардың мемлекеттерінде,өзді жетісуда маголстан мемлекетін құрған кезе олда қуырша қандарды пайдаланат былайш айтқан жасы олардың мемлекеттерінде,0.7333333333333333,0.11570247933884298,15
train-00000-of-00048_000677,и делу вес,ideologias,1.0,1.0,3
train-00000-of-00048_000678,күзеліске ұшырайды,kizinstosret,1.0,1.0,2
train-00000-of-00048_000679,жергілікті тайпалар көтеріледі,жерікті тайпалар көртерлеп,0.6666666666666666,0.23333333333333334,3
train-00000-of-00048_000680,ал сол,好错,1.0,1.0,2
train-00000-of-00048_000681,шыңғыс тұқымдары кімде сақталып қалды,шыңғыс тұқымдар кімде сақта алып қалды,0.6,0.08108108108108109,5
train-00000-of-00048_000682,ақордада сақталып қалды міне,ақордада сақтаалып қалтымнен,0.75,0.17857142857142858,4
train-00000-of-00048_000683,бөкейханов бекер айтпайды,ووکي خانыف بеكېرايت پت,1.3333333333333333,0.92,3
train-00000-of-00048_000684,біз дейді біз дегені шыңғыс тұқымдары қазақ халқына борыштармыз деп жай айтқан жоқ сондай сөз бар міне сол соларда сақталып қалып отыр мәселе қайда,біздек біздегені шыңғыстұқындар қазақ халқына борыштарымыздек жай айтқан жоқ сондай сөзі бар міне соларда сақталып қалып отыр мәселеқайда,0.5,0.11564625850340136,24
train-00000-of-00048_000685,ал я думал,好演都我,1.0,1.0,3
train-00000-of-00048_000686,шыңғыс тұқымдары дәстүр бойынша сол мемлекеттіліктің,шыңғыз тұқымдары дәстүр бойынша сол мемлекеттіліктің,0.16666666666666666,0.019230769230769232,6
train-00000-of-00048_000687,бір шыңғыс тұқымының айналасында,бір шыңғыз тұқымның айналасында,0.5,0.0625,4
train-00000-of-00048_000688,ұлттың халықтың ұюы ол заңды процесс,ұлттың халқтың юы ол заңда процес,0.6666666666666666,0.1111111111111111,6
train-00000-of-00048_000689,хмхмхм,,1.0,1.0,1
train-00000-of-00048_000690,ал мына,هومنا,1.0,1.0,2
train-00000-of-00048_000691,сондықтан да көп жағдайда көрші елдерге төтеп бере алғандығы сол қазақ халқының жойылып кетпей еріп кетпей еш жерде әрине ол кезеңде де хандар талай шайқасқа өзінің басын тағдырын тіккен қазақ хандығы үшін бір қазақ хандығының уақытша әлсірейтін кезі,сондықтан да көп жағдайда көрсі елдерге төтеп бер алғандығы сол қазақ халқының жойлып кей еріп кетпей ішжерде әнине ол кезеңдер де қандар талай сайқасқа өзінің басын тағдырын тіккен қазақхандығ үшін бір қасымқаннан кейінгі бір кезең бар қазақхандығының уақытшы әлсілейтін кезі,0.5263157894736842,0.2,38
train-00000-of-00048_000692,сол кезде мысалы тоғым хандар бір билік бірнеше хан болған соның ішінде тоғым хан шығыс түркістанның билеушілерімен соғысып жатқанда,сол кезде мысал тоғымхандар бр билік бірнеше хам болған соның кішіне тоғымхан мағолстан мағол шығыс түркстандың билеушілерінен солысып жатқанда,0.631578947368421,0.19696969696969696,19
train-00000-of-00048_000693,өзі 9 баласыменен,өзі тоғыз баласы менен,1.0,0.35294117647058826,3
train-00000-of-00048_000694,шәйіт болатын,شدبوت,1.0,1.0,2
train-00000-of-00048_000695,сол жерде мұхаммед хайдар дулати жазады,soл jade muhamid haydaduлatijaza,1.0,0.8717948717948718,6
train-00000-of-00048_000696,соғым ханнан кейін сұлтандардың,тоымканнан кейн султандарын,1.0,0.25806451612903225,4
train-00000-of-00048_000697,жалаулары да қалмапты бәрі,жالاуلاردа قالماقتы بەر,1.0,0.7692307692307693,4
train-00000-of-00048_000698,олжа болып кеткен деп,ئولجا بۇپ كېتكىندىپ,1.0,0.9523809523809523,4
train-00000-of-00048_000699,иә осындай қиын жағдайлар бар бұл жерде тағы ал енді мына олардың сақталмауы,не осындай қиын жағдайлар бар бұ жере ағал енді на олардың сақта алмайғы,0.6153846153846154,0.17105263157894737,13
train-00000-of-00048_000700,россия империясы сол баяғы шауып өтті ғой,рәсе империяс сол баяғ шауып өтті ғой,0.42857142857142855,0.14634146341463414,7
train-00000-of-00048_000701,россия империясының өзі ол бөтен адам емес ол да алтын орданың мұрагері,расси империясының өзі ол бөтен адам емесолда алқын орнаны мурагеері,0.5833333333333334,0.1267605633802817,12
train-00000-of-00048_000702,сондықтан аналар соншама бір,ن سoنmبr,1.0,0.9642857142857143,4
train-00000-of-00048_000703,тікелей байланыс бар бұрын шыңғыс ұрпақтары ақсүйек,келей балляныспар бұрынна шыңғы жұрпақтар ақшыйек,1.0,0.2549019607843137,7
train-00000-of-00048_000704,сұлтандар ақсүйек ақсүйектерден ғана жаңағыдай сұлтандардың ішінен ғана хан сайланады бірақ бара бара он сегізінші ғасырда уже мына ресей өкіметінің ықпалыменен ақсүйектің түсінігі кеңейеді,сұлтандар ақ сүек ақ сүйектерден ғана сұлтандардың ашінең ғана хан сайланат бірақ бара бара он сезізінші ғасырда ж ресей өкіметінің ықпалы менен ақ сүйектің түсінігі кеңе еті,0.6666666666666666,0.15343915343915343,24
train-00000-of-00048_000705,дін,نن,1.0,1.0,1
train-00000-of-00048_000706,басшылардың иелері,басыларды ниелер,1.0,0.2222222222222222,2
train-00000-of-00048_000707,аха қожалар,破少来,1.0,1.0,2
train-00000-of-00048_000708,ааааа,,1.0,1.0,1
train-00000-of-00048_000709,мазмундық жағына әсер етеді ме,аزمұндық жаغнәىزетем,1.0,0.5333333333333333,5
train-00000-of-00048_000710,беделі бар билігі бар адамдарды енді ақсүйекке жатқыза келеді сол кезде мәселе бәрі сосын,беделиб түшүнбедели бар бийлиги бар адамдарды нжақ сүекке жатқыза беретслл өздге мәселе брсосун,0.7142857142857143,0.4044943820224719,14
train-00000-of-00048_000711,қожам қожам деп сөйлейді кез келген орыстың писарь офицері келсе байқайсыздар сөздерінен әлі жерде не қаратпа сөздерін маған мынандай бір мәселе,қожамын қожам деп сөйлейт кез келген орыстың писали оффицері кесе байқайстар сөздеріне нәлжерде қаратпа сөздерін маға мынандай бір мселе,0.5714285714285714,0.1388888888888889,21
train-00000-of-00048_000712,сәйгес келді,شيكسكل,1.0,1.0,2
train-00000-of-00048_000713,кішігірім әңгімелер жазатынбыз баяғыда иә,шегірі әңгімелер жазатынбыз баяғда я,0.6,0.17073170731707318,5
train-00000-of-00048_000714,әсіресе мына қысқа әңгімелер деген конкурс болған қазақ әдебиетіне сонда біраз әңгіме жазып,әсәсемні қысқа әңмеллер деген конкурс болған қазақ әдебет де сонда біраз әңме жазып,0.46153846153846156,0.15384615384615385,13
train-00000-of-00048_000715,енді қолдан келмейді емес келеді бірақ,мен қолынан келмейді емес келет бірақ,0.5,0.18421052631578946,6
train-00000-of-00048_000716,сапа жағы қалай болады енді мен қалай тарихты таңдадым енді жазушының үйінде білесіздер кітап,сапа жағы қалай болады енді мен қалай тарихты таңдадымен жазушынның үйінде білестер кітат,0.35714285714285715,0.08602150537634409,14
train-00000-of-00048_000717,бір қабырға кітап тұрады сені,бір қабырға кітап туратседа,0.4,0.20689655172413793,5
train-00000-of-00048_000718,сол ес білгелі,sол еs pілгелі,1.0,0.21428571428571427,3
train-00000-of-00048_000719,ең ауыр жуан кітаптар астында тұрады ғой,ең ауыр жуған кітаптар асты да тұрады ла,0.5714285714285714,0.125,7
train-00000-of-00048_000720,сонда ең ауыр жуған кітаптар қазақ советі энциклопедиясы,сондағ ең ауыр жуан кітапті қазақ собет инсиклепедес,0.625,0.21428571428571427,8
train-00000-of-00048_000721,иә бірінші тұрат,е бірінші тұрат,0.3333333333333333,0.125,3
train-00000-of-00048_000722,әрең алып шығасың,اري پشغاس,1.0,0.9411764705882353,3
train-00000-of-00048_000723,форумдар әлгі адамның денелері жатқан,орымдар әлгіадам денелері жатқан,0.6,0.16216216216216217,5
train-00000-of-00048_000724,соған қызыға бастады мен басында археолог боламын дегенмін,соған қызғабасад мен б асында архиолык болам дедім,0.875,0.25862068965517243,8
train-00000-of-00048_000725,иә содан енді тарихи,يe sodad ntariخn,1.0,0.9,4
train-00000-of-00048_000726,тарих факультетіне түскеннен кейін,tarihy faculti ne tusken denginy,1.25,0.9705882352941176,4
train-00000-of-00048_000727,енді ес білдік кішкене мына,يند يسبلككني,1.0,0.9629629629629629,5
train-00000-of-00048_000728,қазақстан тарихына ауып кетті,қaзaқسsتaن تaريخنi aوpك,1.0,0.8620689655172413,4
train-00000-of-00048_000729,мен,嗯,1.0,1.0,1
train-00000-of-00048_000730,біз енді тоқсаныншы жылы аяқтадық қой,сен тохсан ылаяхтаткы,1.0,0.5945945945945946,6
train-00000-of-00048_000731,оған дейін міне әкеміз біраз материал жинап,оған дейін не әкеміз біраз материал жинап,0.14285714285714285,0.046511627906976744,7
train-00000-of-00048_000732,қазақ қытайға роман ғой,казаккытай карындкасра,1.0,0.6521739130434783,4
train-00000-of-00048_000733,әкеміз ол кезде,aكemiz ol gerde,1.0,0.8666666666666667,3
train-00000-of-00048_000734,тағдыр деген тағдыр тағдыр иә тағдырды жазып жатқан,тағдыр дегенғдыр тағдыр е тағдырдыг арзжатқан,0.75,0.21568627450980393,8
train-00000-of-00048_000735,цифр,接谢,1.0,1.0,1
train-00000-of-00048_000736,арасында соған байланысты мақалалар шығып қояды газет беттерінде оны оқимыз,арасында солған байланысты мақалалар шығып қоят газетпеттерінде оны оқиымыз,0.5,0.08,10
train-00000-of-00048_000737,сосын диплом қорғайтын кезде,сосін диплом қорғайтын кезде,0.25,0.03571428571428571,4
train-00000-of-00048_000738,тарасам,他的سم,1.0,1.0,1
train-00000-of-00048_000739,тағдыр жазады,子,1.0,1.0,2
train-00000-of-00048_000740,хмхм,,1.0,1.0,1
train-00000-of-00048_000741,қазақ қытай,قزقتي,1.0,1.0,2
train-00000-of-00048_000742,цинь империясының арасында қарым қатынастардың,сенимпериясының арасында қарым қатынастардың,0.4,0.08695652173913043,5
train-00000-of-00048_000743,ектом,ይክቱም,1.0,1.0,1
train-00000-of-00048_000744,хафизаның шығарған,хафизаның шығарған,0.0,0.0,2
train-00000-of-00048_000745,документтер жинағы бар екен оны келіп ақтарамын ішінде бір қызық мәліметтер табылады,документтер жинағы бар екен оныге бақытарамы ішінде бір қызық мәліметтер табылат,0.3333333333333333,0.11904761904761904,12
train-00000-of-00048_000746,қытайдың қазақстанға қалай жорық жасағаны,қытайдың қазақстанға қалай жорық жаса ғаны,0.4,0.024390243902439025,5
train-00000-of-00048_000747,абылайлар қалай төтеп бергені,аблайлар қалай төтеп бергени,0.5,0.06896551724137931,4
train-00000-of-00048_000748,олардың хаттары бір бірімен,олардың хаттары бірмелмен,0.5,0.18518518518518517,4
train-00000-of-00048_000749,алф,好,1.0,1.0,1
train-00000-of-00048_000750,шын та көмектес,شط كمسيف,1.0,0.9333333333333333,3
train-00000-of-00048_000751,сен диплом алдың ба жоқ әлі десең міне,тен диплома алдыңба жоқ әлдесім міне,0.75,0.18421052631578946,8
train-00000-of-00048_000752,қазақты дайындым,خساع,1.0,1.0,2
train-00000-of-00048_000753,басқа тұрған жоқпын соны алдың ал енді,баскатырғажы соналдығ ал енді,0.7142857142857143,0.3157894736842105,7
train-00000-of-00048_000754,зерттелмеген дүние болатын иә вот құдайға шүкір сол кезде хафизаның екі томдық деректер жинағы шықты сонымен әйтеуір,сет телмеген дүние болатын ия құдайға үшкір сол кезде хафизаның екі томдық деректер жинағы шықты сонымен әйтер,0.35294117647058826,0.10344827586206896,17
train-00000-of-00048_000755,аха,a,1.0,1.0,1
train-00000-of-00048_000756,бір жыл оң жолымызды танып шоқан уәлиханов атындағы тарих және этнология институтында істегенмін,бір жыл ес оң солымызды танып шоқан валиханфатындағы тәрих және етнология инстутында істегем,0.6153846153846154,0.16666666666666666,13
train-00000-of-00048_000757,кірдім лаборант болып,كiردim لاvارaنت pыp,1.0,0.8571428571428571,3
train-00000-of-00048_000758,ол кезде қандай адамдар тұлғалар отырды,о кезде қандай адамдар туғалар отырды,0.3333333333333333,0.07692307692307693,6
train-00000-of-00048_000759,марат сабитович мұқанов,مرات سبيطش مقانس,1.0,0.9130434782608695,3
train-00000-of-00048_000760,халел арғымбаев тағы басқа енді манаш ағаларымыздың тірі кезі көп корифейлер тарихтың жаңағы белді белді ғалымдар солардың қасында жүрудің өзі қандай,халеларғын бар тағы басқа манашағаларымыздың тірі кезі көп карифелер тарихтың жағы белді белді ғалымдары солардың қасында жүредің өзі қандай,0.42857142857142855,0.11409395973154363,21
train-00000-of-00048_000761,сол бір күні,sон біرginі,1.0,0.5833333333333334,3
train-00000-of-00048_000762,тақырып таңдау керек болды оған дейін біраз экспедицияларға барып қайттық,тақырып таңдауы керек болт оған дейін біраз экспедицияларға барып қайты,0.3,0.0684931506849315,10
train-00000-of-00048_000763,этно,تنا,1.0,1.0,1
train-00000-of-00048_000764,әлеуметтік,ەلمتك,1.0,1.0,1
train-00000-of-00048_000765,зерттеулер,зет теулер,2.0,0.2,1
train-00000-of-00048_000766,осындай бір тақырып ұсынып отыр,وسن برتاقرب سنوطر,1.0,0.9354838709677419,5
train-00000-of-00048_000767,түнгі,东的,1.0,1.0,1
train-00000-of-00048_000768,мәселелермен байланысты,مسل لر من بدانس,2.0,0.9565217391304348,2
train-00000-of-00048_000769,қаратты,فلات,1.0,1.0,1
train-00000-of-00048_000770,бұл уақыт жақта,وaqchata,1.0,1.0,3
train-00000-of-00048_000771,сен неге қазақтардың,сенеге қазақтадың,1.0,0.15,3
train-00000-of-00048_000772,әскерисін алмайсың деді,әсكېدىсىн الмаيсын دе,1.0,0.5217391304347826,3
train-00000-of-00048_000773,мүмүм,嗯嗯,1.0,1.0,1
train-00000-of-00048_000774,енді былай біліп жүрміз ғой зерттеп,ен булай білеп жүрмыз ғо жертип,1.0,0.2571428571428571,6
train-00000-of-00048_000775,жарайды алайын деп сөйтсем,ج来到了时心,1.0,1.0,4
train-00000-of-00048_000776,бұл мен тоқсан екінші тоқсан үшінші жылдары қабанбайда жазып жатқан кез екен ғой,бұл мен тоқсан екінші тоқсан үшінші жылдары қабамбайда жазп жетқан кезекен бу,0.46153846153846156,0.0875,13
train-00000-of-00048_000777,сол шайқастардың ішінде жүріп жаңағындай хан кенесін деп отырады,со шайқастардың ішінде жер жаны хаңкенесінде отырад,0.7777777777777778,0.25,9
train-00000-of-00048_000778,қалекеңмен де жеңілдес болып жүреді жаңағыдай,кабиекеңмене жерең лесбол жүрет жады,1.0,0.4444444444444444,6
train-00000-of-00048_000779,қиялды,қاлынdа,1.0,1.0,1
train-00000-of-00048_000780,шыңыздар соны,نبرسون,1.0,1.0,2
train-00000-of-00048_000781,алдық әйтеуір түбі қорғап шықтық,алдық әйте түбік орғап шықты,0.8,0.1875,5
train-00000-of-00048_000782,менде,منج,1.0,1.0,1
train-00000-of-00048_000783,сыбыр,بر,1.0,1.0,1
train-00000-of-00048_000784,кейде тарихшылардың мына дерегі жетпей жатыр,сейдеп тарихшылардың на дерегі жетпей жетір,0.5,0.13636363636363635,6
train-00000-of-00048_000785,сонда жазушылардың міне миссиясы қандай,шонда жазушылардың уне миссиясығанды,0.8,0.1794871794871795,5
train-00000-of-00048_000786,сол дерегі жетпеген,сол дерегі жетпеген,0.0,0.0,3
train-00000-of-00048_000787,ақтаңдап болып тұрған жерлерде бұлар,актаңдап бол боп турган жерлерди былар,1.2,0.2222222222222222,5
train-00000-of-00048_000788,халық ауыз әдебиетіндегі мәселелермен тарихи жыраулардағы мәселенің қисынымен осылай болуы керек дейді,халық ауыз әдебиетіндегі мәселермен тарихи жираулардар мәселемен қисынмен осылай болуы керек тейді,0.4166666666666667,0.09803921568627451,12
train-00000-of-00048_000789,оны мен көрдім кезінде мына,оны мен көрдім кезімде міна,0.4,0.07407407407407407,5
train-00000-of-00048_000790,әкеміз тарихи жырларды біраз оқыды ғой әсіресе мына дарабозды жазатын кезде,әкеміз тарих жырлар біраз оқыды ғой әсресемна дарабозды жазатым кезде,0.45454545454545453,0.09333333333333334,11
train-00000-of-00048_000791,көп жерлерде мына кітапты аяқтағанда,көп жерлерде міна кітапты аяқтағанда,0.2,0.027777777777777776,5
train-00000-of-00048_000792,отыратын ойладым,وترات ول,1.0,0.9375,2
train-00000-of-00048_000793,аванбай,aوb,1.0,1.0,1
train-00000-of-00048_000794,немен ауруы мүмкін,меменауру мумкін,1.0,0.2222222222222222,3
train-00000-of-00048_000795,сол кездегі енді ауырып жатып қалады ғой,сол кезд екенде ауырып жатып қалады ғой,0.2857142857142857,0.125,7
train-00000-of-00048_000796,аха,,1.0,1.0,1
train-00000-of-00048_000797,өмірінің ақырында,өmірінің ақырынda,1.0,0.17647058823529413,2
train-00000-of-00048_000798,тисынменен,кесінменен,1.0,0.3,1
train-00000-of-00048_000799,мұз жастанып қар жамылған адам немен ауруы мүмкін бүйрек қуық деген сияқты үлкен ақсақалдардың ауруы,мыз жастан қаржамылған адам немен ауру кін бюуде қууқ деген сыяқты үлкен ақсақалдардың ауруы,0.6,0.14,15
train-00000-of-00048_000800,сөйтіп келтіргенде кемпір жырлардан шығыпты сол мәселе мәселе қайда көрдіңіздер ме,шүйтіп келтіргенде кейм бір жырлардан шығыпты сол мәселе мәселеғайда көрніңіздема,0.6363636363636364,0.13414634146341464,11
train-00000-of-00048_000801,жүк түскен ғой сонда жүк түскен,独ッコごんし,1.0,1.0,6
train-00000-of-00048_000802,жаңа айттық қой,جنتقن,1.0,1.0,3
train-00000-of-00048_000803,адамның,عدمن,1.0,1.0,1
train-00000-of-00048_000804,ұлттық санасын көкірегін оятатын осы 2 нәрсе,ұлттық санасын көкірегін оэтатын осы екінәсен,0.42857142857142855,0.13636363636363635,7
train-00000-of-00048_000805,тарихпенен,تاريخ فنن,2.0,1.0,1
train-00000-of-00048_000806,әдебиет,أدبيت,1.0,1.0,1
train-00000-of-00048_000807,қалған пәндерге ештеңе демеймін,қалған пәндергі іштен кедемейм,0.75,0.25806451612903225,4
train-00000-of-00048_000808,сол бірақ сауаттылық,бол бірақ сауаттылы,0.6666666666666666,0.1,3
train-00000-of-00048_000809,компьютер,cامpيوتر,1.0,1.0,1
train-00000-of-00048_000810,білген адам,білген адам,0.0,0.0,2
train-00000-of-00048_000811,ол сауатты адам болып саналады,o saۋattы аdam bop sanalı,1.0,0.8,5
train-00000-of-00048_000812,математиканың формуласын білетін адам сауатты адам болып саналады,математиканың формуласыны білетін адам сауатты адам бы сан алады,0.5,0.07692307692307693,8
train-00000-of-00048_000813,грамотность дейді ғой сауаттылық,gرامت نا ستيدوسوت,1.0,0.9375,4
train-00000-of-00048_000814,ал баяғыда оқыған азамат көзі ашық азамат көкірегі бояу азамат деп кімдерді айтатын сол тарих пеннен әдебиетті білетін адамдарды айтатын,ал баяғда оқыған азамат көзі ашығы азамат көкірегі ояу азамат деп кімдерді айтатын сол тарихпейнен әдебиетті білетін адамдарды айтатын,0.25,0.04411764705882353,20
train-00000-of-00048_000815,ұлттық рухты міне оятатын солар әкемнің бір сөзі болатын ана алғашқы рухани жаңғыру бағдарламасы бойынша іс шаралар іске асып жатқанда бір ақ сөз айтқан рухани жаңғыру кітап оқудан басталу керек деп,ұлттық рухты оятатын солар әкемнің бір сөзі болатын ан аялғашқы рухани жаңғыру бағдарламасы бойынша шаралар іске әсып жатқанда бірақ сөз айтқан рухани жаңғыру кітаб оқудан басталуы керектеп,0.3548387096774194,0.08080808080808081,31
train-00000-of-00048_000816,сонда міне жиырмасыншы жылы есімде болса жиырмасыншы қазанда,сонда міне жиырмасыншы жылы есімде болса жиырмасыншы қазанда,0.0,0.0,8
train-00000-of-00048_000817,қасым жомарт кемелұлы тоқаев,قاسم جمر كميل لتقيف,1.0,0.8928571428571429,4
train-00000-of-00048_000818,біз жаңалықтарда осы ұсынысты айтты ғой,бір жаңалықтады осу сыныст айттығон,1.0,0.20512820512820512,6
train-00000-of-00048_000819,мектеп бағдарламасына кітап оқуды қайтару керек дейді мектепке кітап оқу бағдарламасын қайтару керек кітап оқу деген не ол адамның ой санасының кеңеюі,мектеп бағдарламасына кітаб оқуды қайтару керек мектепке кітаб оқу бағдарламасыны қайтуе қайтару керек кітаб оқу дегене ол адамның ойы санасыны кеңеуі,0.5,0.14666666666666667,22
train-00000-of-00048_000820,тіл мына қазір мен сабақ беріп жүрмін ғой қасымда тұрған студентті естімей қаламын кейде жалпылама солай,тіл на қазір мен сабақ беріп жүрім ғой қасымда тұрған студент естімей қаламкейде жалпылама солай,0.3125,0.08653846153846154,16
train-00000-of-00048_000821,мына тик токтың заманы телефонға үңіліп,натик тоқтың заманы телефонға өңіліп,0.6666666666666666,0.1282051282051282,6
train-00000-of-00048_000822,дауыстан шықпайды екен,далывтаршқ паيдекін,1.0,0.45454545454545453,3
train-00000-of-00048_000823,сендер мынаны естіп отырсыңдар ма деймін жоқ дейді,сендеді манын есті оты сындырма дем жоқ дет,0.875,0.32,8
train-00000-of-00048_000824,айналайын дауысыңды шығаршы дауыстары шықпайды үндеместердің заманы соған келді мен оларға не міндетті түрде кітап оқытатын тапсырма беріп қоямын соның ішінде маған жазбаша жібересің жазбашасы бар ауызшасы бар,айналайын даусының шығарші тауыстар шықпай үндеместердің заманысоған келдік мен оларғане міндеттістерде кітап оқытатын тапсырма беріп қоям соның ішінде маған а жібережазбашасы бар ауышшасы бар,0.5714285714285714,0.1291866028708134,28
train-00000-of-00048_000825,әр оқыған кітабыңнан үш үзінді эпизод дейді ғой өзіңе ұнаған дауыстап мәнерлеп оқып бер,әр оққан кітабыңнен үш үзінді эпизод дейді өзіңе онаған даустап мәнерле оқып бер,0.42857142857142855,0.11494252873563218,14
train-00000-of-00048_000826,тарихқа ол не үшін қатысы бар,тaرىخى qa oلnى ۈچۈn qatىs bor,1.0,0.8620689655172413,6
train-00000-of-00048_000827,өзіне ұнаған эпизод өзінің көңілінде дүниесінде түйсігінде қалатын нәрсе,өзіне ұнаған эписод өзінің көңілінде дүниесінде түйсігіде қалаты нәрсе,0.3333333333333333,0.041666666666666664,9
train-00000-of-00048_000828,мәселе содан,مسلسودا,1.0,1.0,2
train-00000-of-00048_000829,жазушылардың жалпы миссиясы,jaduslardın jalpı messyası,1.0,0.9259259259259259,3
train-00000-of-00048_000830,қоғамды ағарту ғой,қоғамды ағартуғы,0.6666666666666666,0.16666666666666666,3
train-00000-of-00048_000831,біз тарихшылар кейде бара алмаған жерлерге жазушылар барып жатады,біз тарихшылар кейде баралмаған жерлерге жазушылар барып жататы,0.3333333333333333,0.046153846153846156,9
train-00000-of-00048_000832,біз аяқ баспайтын тақырыптарға кейде жазушылар барып жатады солар авангардта мұз жарғысы сияқты келе жатады ғой ал кейінгі мына тарихшыларға басқа,біз аяқ баспайтын тақырыптарға келе жазушылар барып жатар солар авангартта мұз жарғы сияқты келе жатады ғой ал кеңгі мына тарихшыларға басқа,0.23809523809523808,0.0684931506849315,21
train-00000-of-00048_000833,қоғамдық ғылымдар өкілдеріне ой салатын дүниелер қалдырып кететін,қоғамдық ғылындар өкілдеріне ой салатын дүниелер қалдырып кеті мысалшымын,0.375,0.18461538461538463,8
train-00000-of-00048_000834,енді социализм жалпы тарихта емес бүкіл мәдени өмірге ғылыми өмірге салаға кері әсерін тигізді,енді сос реализм жалпы тарихқа емес бүкіл мәдени өмірге ғылыми өмірге салаға керәсерін тигізді,0.35714285714285715,0.07446808510638298,14
train-00000-of-00048_000835,бір абай жолын алып қарайықшы,бір абай жолыналып қарехш,0.6,0.20689655172413793,5
train-00000-of-00048_000836,ол талай рет талданған дүние талданған дүние абай жолы шықпайтын еді егер сол жерге социалистік реализм элементтерін қоспаса құнанбайды жаңағыдай озбыр феодал ретінде көрсетпесе,орталай рет талданған дүнилданған дүние абай жол шықпайтіне ді егер сол жерде социалистік реализм элементтерін қоспаса құнанбайды жады озбір фиядал ретінде көрсетпесе,0.4583333333333333,0.11299435028248588,24
train-00000-of-00048_000837,ана янушкевичтер айтады ғой ана антикалық,на янүшке үчлері айтады ғой ана антикалык,0.6666666666666666,0.17073170731707318,6
train-00000-of-00048_000838,философтар ойшылдар құнанбайдың бәтеңкесінің бауын байлауға жарамайды деп сондай баға берген құнанбайдың өзі,философтар ойшылдар құнанбайдың бәтенкесінің бауын байлауға жарамайт теп сондай баға берген құнанбайдым,0.38461538461538464,0.08333333333333333,13
train-00000-of-00048_000839,өскенбайұлына,өсكен ба اлна,3.0,0.38461538461538464,1
train-00000-of-00048_000840,ал енді оны социалистік реализмге икем деуге тура келді ал енді ғылымда социалистік реализм дегенде,ал енді оны социалистік реализмге екемідеуге тура келді ал енді ғылымда социалистік реализм дегенде,0.13333333333333333,0.020202020202020204,15
train-00000-of-00048_000841,а сосиси тарих,أسس اتاريخ,1.0,1.0,3
train-00000-of-00048_000842,қоғамдық билікте қоғамдық ғылымдағы социалисттік,қоғамдық биліктеқоғамдық ғылымдағы социалистік,0.6,0.041666666666666664,5
train-00000-of-00048_000843,бәрін міне тап күресі тұрғысынан көрсету,бәріміне тап көресі тұрғысынан көрсету,0.5,0.075,6
train-00000-of-00048_000844,қазақ халқы,خزا خالق,1.0,0.9090909090909091,2
train-00000-of-00048_000845,өз жаңағыдай үстем тап өкілдерінен,өз жағдай үстемтап өкілдерінен,0.6,0.11764705882352941,5
train-00000-of-00048_000846,таяқ жеп қанауға ұшырап,таяқ же қанауға ошурап,0.5,0.13043478260869565,4
train-00000-of-00048_000847,ол ресейге қолын созды деген сияқты сондай нәрселерге жаңағындай,бұл рәсеге қолым созды деген сияқты сондай нәрселерге жады,0.4444444444444444,0.1875,9
train-00000-of-00048_000848,негіздеу үшін керек болды,негіздеу үшін керек болжесез,0.25,0.2,4
train-00000-of-00048_000849,өз еркімен келді деген концепция қайдан шығады иә социалистік реализм бәрін бүкіл,өзеркімен гелді деген концепция қайдан шығары я социалистік реализм бәрін бүкіл,0.4166666666666667,0.06172839506172839,12
train-00000-of-00048_000850,дүниетанымды бір нәрсе арқылы дәлелдеу,дүния танымды бір нәрсе арқылы дәлелдеу,0.4,0.05263157894736842,5
train-00000-of-00048_000851,байлар жаман,baylar zaman,1.0,0.9166666666666666,2
train-00000-of-00048_000852,кедейлер жақсы иә,келейлер жақсы,0.6666666666666666,0.23529411764705882,3
train-00000-of-00048_000853,байлар жаман болатын үстем тап,байлар жаман болатына үстем тап,0.2,0.03333333333333333,5
train-00000-of-00048_000854,олардың қисық әлгі саясаты қолында билік қолында билік озбырлығы озбырлық,олардың кисі қәлгі сайсыынба билік олында билік озбырлығыозбырлық,0.7,0.1917808219178082,10
train-00000-of-00048_000855,мысалы бір ауылда отыр иә 50 үй,мысалы бір ауылда отыр я елуй,0.42857142857142855,0.1935483870967742,7
train-00000-of-00048_000856,солар кімдер туыстар ғой а мына қазақтың ауылы бәрі жеті атасына дейін бөлінбеген туыстары,солар кімдер уыстар ғой а мынай қазақтың олды бәрі жеті атасына өлінбеген туыстар,0.42857142857142855,0.15555555555555556,14
train-00000-of-00048_000857,қалайша сен өз ағайыңды бауырыңды аштан қатырасың,қалайша сені өз ағайыңды бауырыңды аштан қатырасым,0.2857142857142857,0.04081632653061224,7
train-00000-of-00048_000858,сенің аулыңда бір бауырың аштан қатты деген соң бітті абыройың айрандай төгіледі солай басқалардың алдында еш,сениң алыңда бір бауырың аштан қатты деген соң бітті абройың айырандай төгілет соой басқалардың алында эш,0.5,0.09174311926605505,16
train-00000-of-00048_000859,мүмүм,嗯,1.0,1.0,1
train-00000-of-00048_000860,өзің де қара бет боп жүресің,өzinde karabet pobrusm,1.0,0.8928571428571429,6
train-00000-of-00048_000861,мынандай бір мысал келтірейін,нандай бір мысал келтірейді,0.5,0.13793103448275862,4
train-00000-of-00048_000862,бізді баяғыда тарихта оқытқан кезде оқулықта мынандай нәрсе болған,бізді баяғда тарихта оқытқан кезде оқулықтамын андай нәрсе болған,0.3333333333333333,0.045454545454545456,9
train-00000-of-00048_000863,шыңғыс хан өз империясының өлімінің үрейменен ұстап отырды,шыңғысқан өз импезиясынің өлімнің рей менен ұстап отырды,0.75,0.1206896551724138,8
train-00000-of-00048_000864,мысалы дейді де бәріміз оны оқыдық,мысалы дейтті мыса,0.8333333333333334,0.6176470588235294,6
train-00000-of-00048_000865,он адам дейді он адамның біреуі опасыздық жасап кетсе бүкіл оның басы шабылады екен,он адам дейт он адамның біреу опасыздық жасап кетсеп бүкіл онның басы шағылады екен,0.35714285714285715,0.07228915662650602,14
train-00000-of-00048_000866,жүз адамның ішінде бір ондық опасыздық жасап шегініп кетсе бүкіл жүздік қырылады екен сөйтіп кете береді мыңға дейін он мыңға дейін,жүзі адамның ішінде бір ондық опасыздық жасап шегініп кетсе бүгіл жүздік қырылады екен сүтіп кете беретін мыңға дейін он мыңға дейін,0.19047619047619047,0.04580152671755725,21
train-00000-of-00048_000867,әділетті ме дейді,حድ ልትመዲት,1.0,0.9411764705882353,3
train-00000-of-00048_000868,мен кейін білдім әділетті екен,мен кейім білі мәділетті екен,0.6,0.13333333333333333,5
train-00000-of-00048_000869,мына он адамыңыз кім,мына онда да мыңыскім,0.75,0.25,4
train-00000-of-00048_000870,бұл совет әскері емес қой 15 республикада жан жақтан келіп,бул совет әскер эмес кой 1н бес республикадан жаны жактан келип,1.0,0.22413793103448276,10
train-00000-of-00048_000871,армияда қызмет етіп түнде бір бірінің тұмсығын бұзатын,әрмәді қызмет еті сүнде бір бірінің тұмсығын бұзатын,0.375,0.1111111111111111,8
train-00000-of-00048_000872,қырық қырау емес,ققراويمس,1.0,1.0,3
train-00000-of-00048_000873,етене бір үйдің балалары,етене бір үйдің балалар,0.25,0.041666666666666664,4
train-00000-of-00048_000874,бір үйдің балалары,бір үдің баллары,0.6666666666666666,0.1111111111111111,3
train-00000-of-00048_000875,әкесі ағайындар қалай біреу опасыздық жасап кетеді,әкесі ағайындар қалай біреу опастық жасап кетеді,0.14285714285714285,0.06,7
train-00000-of-00048_000876,ондай факт орын алса,on de factorn alse,1.0,0.9,4
train-00000-of-00048_000877,ымыраға келді сөз байласты деген сөз мәселе сол 100 адамды өзі 7 атаға дейін қыз алыспайтын ағайын туыс бауыр,ымырақ әкелді сөз байласты деген сөз мәселе сол жүз адамды өз жет атаға дейін қыз алыспайтын ағайын тұлыс бауыр,0.3157894736842105,0.11009174311926606,19
train-00000-of-00048_000878,жүзін,,1.0,1.0,1
train-00000-of-00048_000879,көлеңді қалай сатып кетесің,өлеңді қалай сатып кетесім нағ,0.75,0.2222222222222222,4
train-00000-of-00048_000880,бұны алғашқы айтқан әкем бірақ кейінгі кезде мына,ұны алғашқа айтқан әкем бірақ кейінгі кезде мн,0.375,0.08163265306122448,8
train-00000-of-00048_000881,қазақтың тоймен асымен алысып кеткендер көбейді өте шығын көп тағы басқа нәрсе көп бірақ жарайды ол қарапайымдау болсын бірақ ас дегеніне той дегеніне,қазақтың тойымен асымен алысып кеткендер көбейді өте шығың көп тағы басқаннәсе көп бірақ жарайт ол қарапайымдау болсын бірақ ас дегенне той дегенде,0.30434782608695654,0.06,23
train-00000-of-00048_000882,дәм деген не мәселе қайда,дәм дегенне мәселеғәді,0.8,0.24,5
train-00000-of-00048_000883,біреу асты дәмді тойды келіп біреулер тамақ ішіп кетті деп ойлайды,біреу асты дәімді тойдып кұр келіп жөлер тамақшіп кетті деп ойлайт,0.6363636363636364,0.22727272727272727,11
train-00000-of-00048_000884,ол батысшылдық дүние көзқарас орысшылдық көзқарас,бұл батыс жылдық дүние көзқараз орыс жылдық көз қараз,1.3333333333333333,0.1836734693877551,6
train-00000-of-00048_000885,қазақта дастархан деген ол сенің қатынасыңды жақындат жақындастырады киелі дүние ғой киелі дүние қастерлі дүние тойдың үстінде құдалықта,қажақта дастархан деген ол сенің қатынасымды қжақында сыраты иелі дүние о иелі дүние қаштерлі дүние тойдың үстінде құдалықта,0.4444444444444444,0.1323529411764706,18
train-00000-of-00048_000886,сіз құйрық бауыр жемейінше құда құдағи атанбайсыз мәселе қайда,сіз қүйрік бауыр же меінше құда құдаға атанбайсы мәселеқеды,0.7777777777777778,0.1774193548387097,9
train-00000-of-00048_000887,кішкентай туғаннан бастап,кішкентай туғаннамын бастап,0.3333333333333333,0.08,3
train-00000-of-00048_000888,қазақ баласын азаматын өңше міне ас той осындай дастархан,қазақ баласын азаматын өңше міне ас той осындай бастарқан,0.1111111111111111,0.03508771929824561,9
train-00000-of-00048_000889,бірге жүріп келе жатады бесікке бөлу,бірге жүріп келе жатат пескке бөйле,0.5,0.16666666666666666,6
train-00000-of-00048_000890,үлкендер келеді шапандарын жабады бата береді былайша айтқанда бүгінгі сөзбенен жолын ашады,үлкендер келет шапандарын жабат бесіне бата берет блайша айтқанда бүгінгі сөзменен жолын ашат,0.5833333333333334,0.17582417582417584,12
train-00000-of-00048_000891,қандай той не болмаса үлкендерден бата алу тілек алу жолыңды аштыру,қандай той не болмаса үлкендердің баталу тлегалу жолыңдаштыру,0.6363636363636364,0.13432835820895522,11
train-00000-of-00048_000892,сәлем бергеннің өзі бар жолыңды аштыртады баяғыда қазақтар сол астың үстінде,сәлем бергеннің өзі бар жолыңдаштыртатыі баяғда қазақтан сол астың үсінде,0.45454545454545453,0.09210526315789473,11
train-00000-of-00048_000893,әйгілі батырларына ағайындарына,әйгілі батырларына ағайындарыны,0.3333333333333333,0.03225806451612903,3
train-00000-of-00048_000894,күй арнайды жыр арнайды сол құлақта қалып қояды құйма құлақтарда ол кейінге айтылып жатады ұрпақтан ұрпаққа жетіп жатады тоқсаныншы жылдары,күй арнайыт жыр арнайыт жол кылакта калп коят кыймагылактарды ол кейинге айтылып жатат урпактан урпакка жетип жатат токсанчы жылдары,0.75,0.2517985611510791,20
train-00000-of-00048_000895,коммунисттік идеология құлады ғой,тамистік идеология құлады ғой,0.25,0.18181818181818182,4
train-00000-of-00048_000896,соның орны не басты,соның орны не басты,0.0,0.0,4
train-00000-of-00048_000897,әрбір аудандағы облыста өзінің ата бабаларына әулиелеріне ас бере бастады мәселе қайда а сол тарихи жадыммен байланысты дүние,әрбір ауданда облыста өзінің ата бабаларына әулелеріне асып бере бастады мәселеқайда а сол тарихи жадынмен байланысты дүние,0.3333333333333333,0.056,18
train-00000-of-00048_000898,идеологиялық,igeologia,1.0,1.0,1
train-00000-of-00048_000899,кетік бос қалды ғой оны бір нәрсемен толтыру керек мәселе қайда оны қазақтың,кетік бос қалды ғой оны бір нәрсе мен толтыру керек мәселеқайді оны қазақтың,0.3076923076923077,0.039473684210526314,13
train-00000-of-00048_000900,дүниетанымменен салт дәстүрмен толтырмасаң ол басқа келімсектердің,дүния танын менен салықтастырмен толтырмасаң ол басқа келімсектердің,0.5714285714285714,0.13636363636363635,7
train-00000-of-00048_000901,дүниетанымменен түсінікті құлдық санадан арылу керек,дүние таны менен түнікті құлдық санадан арылу керек,0.6666666666666666,0.07692307692307693,6
train-00000-of-00048_000902,мәселе қайда біз әлі,مسئلي غيدى بز الى,1.0,0.85,4
train-00000-of-00048_000903,отыз жыл өтсе де сол миымыздың,оттыз жыл өтсе де сол миіміздің,0.3333333333333333,0.13333333333333333,6
train-00000-of-00048_000904,тоң болып басып жатқан бір,тوң بо басыپ жатقан бىр,1.0,0.3076923076923077,5
train-00000-of-00048_000905,нәрсе бар жібімей тұрған құлдық сана дейді оны,нәрсе бар жібімей тұрған құлдық сана дейдн,0.25,0.08695652173913043,8
train-00000-of-00048_000906,өз тіліменен өз тарихымен алысып жатқан жер бетінде бір халық болса ол біз бір мысалы айтайын 2016 жылдан 2022 жылға дейін қазақстан тарихы бағдарламасы қысқарып,өзтлменн өз тарихмен алысып жатқан жербетінде бір халық болса ол біз бір мысала йтен екі мың он алтыншы жылдан екі мың жиырма екінші жылға дейін қазақстан тарихы бағдарламасы қысқарып,0.6,0.2919254658385093,25
train-00000-of-00048_000907,қысқарған,кыскарган,1.0,0.3333333333333333,1
train-00000-of-00048_000908,біз тарихты жоғарғы оқу орындарының студенттеріне жиырмасыншы ғасырдың басынан бастап өткіздік,біз тарихты жоғарғы оқу орындарының студенттеріне жиырмасыншы ғасырдың басынан бастапы өткізді,0.18181818181818182,0.02127659574468085,11
train-00000-of-00048_000909,құдайға шүкір ол кезде алаш азаматтары бар неге солай болды білесіз бе,құдай қашкер ол кезде алаш азаматтар бар неге солай болды білес ба,0.4166666666666667,0.12857142857142856,12
train-00000-of-00048_000910,тоқсаныншы жылдардың аяғында мынандай мәселе көтеріле бастады,тоқсанышы жылдардың аяғына мынандай мәселе көтерлі бастаты,0.5714285714285714,0.08196721311475409,7
train-00000-of-00048_000911,егер біздің тарихи жоғары оқу орны,егес біздің талиобару оқу орынышы,0.6666666666666666,0.3235294117647059,6
train-00000-of-00048_000912,соны айтамын егер мектепте оқылады сол жетеді дейді ғой,сон айтам егер мектепте оқылады сол жетет дейді ғо,0.4444444444444444,0.10909090909090909,9
train-00000-of-00048_000913,сол он үшінші жылы,сол он үшін шыжылды,0.5,0.2222222222222222,4
train-00000-of-00048_000914,қазақстан тарихының бағдарламасы қысқаратын болды қазақстан тарихының,қазақстан тарихының бағдарламасы қысқаратын болды қазақстан тарихның,0.14285714285714285,0.014492753623188406,7
train-00000-of-00048_000915,кредитті қысқаратын болды бірақ құдайға шүкір он үшінші жылы,кредиті қысқаратын болды бірақ құдай ғашқыр он үшінші жылды,0.4444444444444444,0.11666666666666667,9
train-00000-of-00048_000916,мемлекеттік хатшы мұрат тажин,мемлекеттіқ қатшы мұраттажын,1.0,0.13793103448275862,4
train-00000-of-00048_000917,оны орнына келтірді народ в потоке истории халық тарих толқынында деген бағдарлама қабылданды қазақстан тарихы қайта дұрыстап оқылатын болды бірақ үш ақ жыл,оны орнна келтіді народв потоки история халық тарих толқында деген бағдарлама қабылданды қазақстан тарих қайта дұрстаб оқылатын болды бірақ үш ақ жыл,0.391304347826087,0.0641025641025641,23
train-00000-of-00048_000918,содан міне алты жыл бойы біз,содан мен алты жыл бойы біз,0.16666666666666666,0.07142857142857142,6
train-00000-of-00048_000919,қысқа тарихты оқып шықтық жиырмасыншы ғасырдан бастап а оның арасында алтын орданың,қысқа тарихты оқып шықтық жиырматыншы ғасырдан бастап а оның арасында алтын орданың,0.08333333333333333,0.012048192771084338,12
train-00000-of-00048_000920,жеті жүз елу жылдығы оның арасында әл фарабидің бір мың бір жүз бірнеше жылдығы абайдың жылдығы оның бәрі жоғары оқу бағдарламасынан тыс қалып жатыр баяғыда совет өкіметінде осы біз сабақ беріп жүргенде осы басқа тарихшы емес факультеттерге сабақ бергенде қазақстан тарихы екі семестр оқытылған қазір сіз он бес аптада шауып өтесіз тас ғасырынан бүг,жетз елу жылдығы оның арасында әлфарабидің бір мың бір жү бүзеке жылдығы абайдың жылдығы оның бәрі жоғар оқу бағдарламасынан тысқалып жатыр баяғда совет өкібетінде осы біз сабақ беру жүргенде басқа тарихшы емес факультеттерге сабақ бергенде қазақстан тарих екі семестр оқытылған қазі сіз он бес аптада шауып өтес тасқасырынан бүгінгі күнге дейін бала не оғат не қабылдай тағатты көпету керек ол идеология мен байланысты дүние,0.6111111111111112,0.3467048710601719,54
train-00000-of-00048_000921,оны біз өзіміздің сана сезімімен құндылықтарымызбен толтырмасақ ол шеттен қағылып келіп жатыр келіп жатыр келіп жатыр,оны біз өзіміздің сана сеңізден құндылықтарымызбен толтырмаса ол шеттен қаз ағылып кеп жатыр кеп жатыр кеп жатыр,0.4375,0.11965811965811966,16
train-00000-of-00048_000922,ұлы,我子,1.0,1.0,1
train-00000-of-00048_000923,аль фараби,الفرابي,1.0,1.0,2
train-00000-of-00048_000924,тәрбиесіз берілген білім,тәрбиесіз берілген білім,0.0,0.0,3
train-00000-of-00048_000925,адамзаттың хас жауы дейді,адамзаттың хасжауы дейді,0.5,0.04,4
train-00000-of-00048_000926,өзіңіз,有兄,1.0,1.0,1
train-00000-of-00048_000927,біраз жылдары осы,біріс жылдары осы,0.3333333333333333,0.11764705882352941,3
train-00000-of-00048_000928,білім саласында қызмет етіп келе жатсыз,білім саласында қызмет етіп кел жатыс,0.3333333333333333,0.07692307692307693,6
train-00000-of-00048_000929,әрине біліммен жаңағы біздің қозғап отырған,әрине біліммен жәнағы біздің қозға отырған,0.3333333333333333,0.06976744186046512,6
train-00000-of-00048_000930,па,,1.0,1.0,1
train-00000-of-00048_000931,ұлттық құндылықтар яғни тәрбие,ұлттық құндылықтар яғни тәрбие,0.0,0.0,4
train-00000-of-00048_000932,мәселесі,مسيلeس,1.0,1.0,1
train-00000-of-00048_000933,бүгінгі таңда сол берілген біліммен,бүгінгі таңда сол берілген біліммен,0.0,0.0,5
train-00000-of-00048_000934,сол оқу орындарында біздің жастар тәрбиені сол жоғары деңгейде бірге алып келе жатыр ма,сол оқу орындарында біздің жастар тәрбиені сол жоғары деңгейде бірге алып келе жатыр ма,0.0,0.0,14
train-00000-of-00048_000935,жоқ олқылықтар бар ма,жоқ олқылықтар бар ма,0.0,0.0,4
train-00000-of-00048_000936,олар и келді,boere kenina,1.0,1.0,3
train-00000-of-00048_000937,енді біз бірте бірте жанағындай тәрбие мәнін,енді біз бірте бірте жәнағындай тәрбием мәнін,0.2857142857142857,0.045454545454545456,7
train-00000-of-00048_000938,кәдімгідей қоғам,кдгで қғ,1.0,0.625,2
train-00000-of-00048_000939,оның сыртында мемлекеттің,он сыртында мемлекеттің,0.3333333333333333,0.08,3
train-00000-of-00048_000940,негізгі,你个子个,1.0,1.0,1
train-00000-of-00048_000941,саясаты стратегиялық бағыты соған келе жатқан сияқтымыз дәл осы тұрғыда мемлекеттіктің пайда болуы ол саяси құрылымдардың пайда болуымен тікелей байланысты ма,саясаты стратегиялық бағыты соған келі жатқан сияқтымыз дәл осы тұрғыда мемлекеттіктің пайда болуы ол саяси құрылымдардың пайда болуымен тікелей байланысты ма,0.047619047619047616,0.006329113924050633,21
train-00000-of-00048_000942,яғни не яғни біз қазіргі осы мына отыз жылда қалыптасып келе жатқан мемлекетті айтып отырмыз ал мүмкін қазақи тұрғыда қазақтың болмысы жайлы айтып келген кезде қазақтың мемлекеттігі,ни не яғни біз казіргі осы мына отыз жылдағы қалттасып кер жатқан мемлекетті айтып отырмыз ал мүмкін қазақки тұрғыда қазақтың болмысы жәйлы айтыпкегін кезде қазақтың мемлекеттігі,0.3333333333333333,0.07734806629834254,27
train-00000-of-00048_000943,сол,叔,1.0,1.0,1
train-00000-of-00048_000944,ертерек ғасырларда,ертерік қасырларда,1.0,0.1111111111111111,2
train-00000-of-00048_000945,мемлекет дәстүр мемлекет мәдениет мемлекет саясат тіпті экономика бүгін нарықты айтып жатырмыз осының төңірегінде,мемлекет дәстүр мемлекет мәдениет мемлекет саясат тіпті экономика бүгін марықты айтып жатырмыз осын төңіругінде,0.21428571428571427,0.035398230088495575,14
train-00000-of-00048_000946,жаңағы біз айтып отырған тәрбиелік,жанақ біз айтып отырған тәрбиелі,0.4,0.11764705882352941,5
train-00000-of-00048_000947,ұлттық,урты,1.0,0.6666666666666666,1
train-00000-of-00048_000948,құндылықтар,قоنлыктар,1.0,0.5454545454545454,1
train-00000-of-00048_000949,мәселесі,مәسиليسى,1.0,0.875,1
train-00000-of-00048_000950,бірге алып жүру керек сияқты өзіңіз де айтып кеттіңіз жаңа,бірге алып жүру керек сияқты өзіңізді айтык беттіңіз жәна,0.5,0.10344827586206896,10
train-00000-of-00048_000951,құдайғы құрал,来会装,1.0,1.0,2
train-00000-of-00048_000952,иә,你呀,1.0,1.0,1
train-00000-of-00048_000953,сондайық,送ديل,1.0,1.0,1
train-00000-of-00048_000954,көрсетті деген сөз мәселе,تمل,1.0,1.0,4
train-00000-of-00048_000955,аха,嗯嗯,1.0,1.0,1
train-00000-of-00048_000956,мектептерінде,,1.0,1.0,1
train-00000-of-00048_000957,бүгінсіз,,1.0,1.0,1
train-00000-of-00048_000958,хмхм,嗯嗯,1.0,1.0,1
train-00000-of-00048_000959,қазақтыңыз,,1.0,1.0,1
train-00000-of-00048_000960,сіз мынандай бір сөз айтыпсыз,сіз мынандай бір сөз айтыпсыз,0.0,0.0,5
train-00000-of-00048_000961,алтын орда мұрагері,алт мурда мұрагері,0.6666666666666666,0.21052631578947367,3
train-00000-of-00048_000962,деген атақққа таласудың қажеттілігі жоқ,деген атаққа таласодың қажеттілгі жоқ,0.6,0.07692307692307693,5
train-00000-of-00048_000963,керісінше,керсінше,1.0,0.1111111111111111,1
train-00000-of-00048_000964,қайта ұлттарды айрандай ұйытып мұны бір негізгі тарихи факт ретінде пайдалану керек деп,қайта ұлттарды айрандай ұйтіп бұны бір негізгі тарихи факт ретін де пайдалану керекде,0.46153846153846156,0.06896551724137931,13
train-00000-of-00048_000965,жаңағы әңгімеңіздемеу керек,janakagng min semorbobo,1.0,1.0,3
train-00000-of-00048_000966,иә,,1.0,1.0,1
train-00000-of-00048_000967,аха,,1.0,1.0,1
train-00000-of-00048_000968,жүріп жүр,,1.0,1.0,2
train-00000-of-00048_000969,мен мынандай мәселеге жай мысал ретінде келтіріп кетейін енді мына музыка саласының маманы болғандықтан мәселен мына болат сарыбаевтың жинаған аспаптары кәдімгідей енді ол қыруар жұмыс қой білесіз,мен мынандай мәселеген жәй мысалы ретінде келдірік кетейін енді мына музыка саласының маманы болғандықтан мәселең мына болат сарбаевтың жинаған аспаптары кәдіңді енді л қыруар жұмыс қой білесіз,0.2962962962962963,0.0663265306122449,27
train-00000-of-00048_000970,мысалы оның ішінде бүкіл түркітілдес халықтардың аспаптары бар,мысалы оның ішінде бүкі түркі түлдес халықтардың аспаптарын бәр,0.625,0.08064516129032258,8
train-00000-of-00048_000971,ал енді оның бәрін қайта жаңғырту деген бір халықтың бір мәдениеттің төңірегінде жасау мүмкін емес ал енді қарап көріңізші мынандай мәселені сол қорай,ал енді оның бәрін қайта жаңғырту деген бір халықтың бір мәдениеттің төңіругінде жасау мүмкін емес ал енді қарап көрміш сынандай мәселені сол қорай,0.13043478260869565,0.04,23
train-00000-of-00048_000972,яғни біздің жаңағы ол мына башқұрттардың домбырасы сияқты,яғни біздің жәнан ол мына башқұрттардың домырас сияқты,0.25,0.10526315789473684,8
train-00000-of-00048_000973,кешегі жетіген анау саха елінде кәдімгідей ол да сол қазақтың домбырасы сияқты көмеймен айтатын дәстүрді соған қосып айтады мәселен домбыралардың түр түрлері,кешегі жетіген анау саһа елінде кәдіңгудей олда сол қазақты домыра сияқты көмемен айтатын дастүруды соған қосып айтат мәселең домыралардын түртүрлері,0.5909090909090909,0.11464968152866242,22
train-00000-of-00048_000974,қобыздың түр түрлері яғни түркі тілдес халықтар олар келіскен жоқ,қобыздың түртірлері яғни түркі тілдес халықтарлолар келіскен жоқ,0.4,0.046153846153846156,10
train-00000-of-00048_000975,түркі тілдес халықтар осы кереметтей біздің рухани дүниемізді,түркі тілдес халықтар осы кереметтей біздің рухани дүниемізді,0.0,0.0,8
train-00000-of-00048_000976,бір бір бөліп алып сол дәстүрді сақтап қалу мәселесі,бірбөліп алып сол дәстүрді сақтапқалуы мәселес,0.6666666666666666,0.15384615384615385,9
train-00000-of-00048_000977,мысалы ол музыка саласында айтып отырмын,мысал ол музыка саласында айты отырым тек,0.6666666666666666,0.175,6
train-00000-of-00048_000978,енді алтын орда ыдырағаннан кейін қазан ноғай ордасы тағысын тағы иә пайда бола бастады мәселен,діние бір тілденді алтын орда адырағандан кейін қазан ноғай ордасы тағасын тағы ия пайда бола бастады мәселең,0.4666666666666667,0.2,15
train-00000-of-00048_000979,бірақ бүгінгі таңда,бірақ бүгінгі таныда,0.3333333333333333,0.10526315789473684,3
train-00000-of-00048_000980,өзінің құндылықтарын сақтап мемлекет ретінде бүгін,өзінің құндылықтарын сақтап мемлекет ретінде бүгін,0.0,0.0,6
train-00000-of-00048_000981,жеке егемен,жеке егемен,0.0,0.0,2
train-00000-of-00048_000982,орталық оты,ورطبب,1.0,1.0,2
train-00000-of-00048_000983,мәселе,مسئل,1.0,1.0,1
train-00000-of-00048_000984,бұл жерде қандай ой айтасыз неге жаңағы айтып отырған ордалар жаңағы айтып отырған халықтар өзінің мемлекеттігін сақтай алмады мүмкін жаңағы осының басында айтып кеткен мемлекетті қалыптастыру қағидалары,бұ жерде қандай ою айтас неге жанағ айтып отырған ордалар жанағ айтып отырған халықтар өзінің мемлекеттігін сақтай алмады мүмкін жанаы осынң басында айтып еткен мемлекеттік қалыптастыру қағидалары,0.3333333333333333,0.06403940886699508,27
train-00000-of-00048_000985,кішкене шет қалды ма,ішкене шет қалды ма,0.25,0.05,4
train-00000-of-00048_000986,және емес басқа бір,елне емесі басқабыр,1.0,0.2631578947368421,4
train-00000-of-00048_000987,иә иә,就是业意,1.0,1.0,2
train-00000-of-00048_000988,негізі әсел,,1.0,1.0,2
train-00000-of-00048_000989,болды ал,我再道,1.0,1.0,2
train-00000-of-00048_000990,білеміз соны,بلمسس,1.0,1.0,2
train-00000-of-00048_000991,бесіп кетпегені де сол гумилевтің теориясында да бұл айтылып кетеді ғой бір мәселені анықтап кетсек сол жаңа сен кездестеп отырсың ғой ақсүйек деген түсінікпен байланысы бар ма,бесіп кетпегені де сол болу гөмелевтің теорясында да бола айтылып кетеді бай бір мәселені анықтак кетсек сол жана сеңгезете осыз ғой ақ сүйіктегін түсінікпен байланыс бар ма,0.48148148148148145,0.17045454545454544,27
train-00000-of-00048_000992,ха ха,,1.0,1.0,2
train-00000-of-00048_000993,мәселен,,1.0,1.0,1
train-00000-of-00048_000994,келеді сол кезде мәселе,غر صبز مشد,1.0,0.9130434782608695,4
train-00000-of-00048_000995,сіз тарихшысыз,зақсіз тарихшісіз,1.0,0.35714285714285715,2
train-00000-of-00048_000996,әкеңіз халық жазушы мәселен мамандықты таңдауда әкеңіздің әсері болған екен,әкеңіз қалық жарыш мәселең мамандықты таңдауда әкеңіздің әсері болған екен,0.3,0.06666666666666667,10
train-00000-of-00048_000997,тікелей және жоқ енді мына жерде мынандай дүние тууы мүмкін неге жазушы емес неге тарихшы,түкелей жан жок енде мына жүрде мынанды дүние туу мүмкін неге жазушы емес неге тарихш,0.5333333333333333,0.11235955056179775,15
train-00000-of-00048_000998,талабыңыз әкеңіздің ойымен сәйкес келді,талабыңыз әкеңіздің ойымен сәйкес келдім,0.2,0.02564102564102564,5
train-00000-of-00048_000999,е,,1.0,1.0,1
train-00000-of-00048_001000,қорымда,قورمبا,1.0,1.0,1
train-00000-of-00048_001001,тарих факультетіне түстіңіз оқыдыңыз,тарих факультетіне түстіңіз оқыдыңыз,0.0,0.0,4
train-00000-of-00048_001002,әрине соны тәмамдап келе жатқан сәтте,әрие сон тәمәمдаپ кележатқан сәтте,0.8333333333333334,0.1891891891891892,6
train-00000-of-00048_001003,диплом жазу керек болды,диплом жазуу керек болт,0.5,0.13043478260869565,4
train-00000-of-00048_001004,сол кезде тағы да,со көзде тағы да,0.5,0.11764705882352941,4
train-00000-of-00048_001005,әкеңіздің бір ықпалы болған екен тақырып таңдауда,әкеңіздің бір ықпалы болған екен тақырт таңдауда,0.14285714285714285,0.04081632653061224,7
train-00000-of-00048_001006,мысал үшін,嫂叔,1.0,1.0,2
train-00000-of-00048_001007,қарапаттас,арпаттас,1.0,0.2,1
train-00000-of-00048_001008,капкасына болен сүрәмін,tasna bol srama,1.0,0.9130434782608695,3
train-00000-of-00048_001009,тағдыр тағдыр,غغ,1.0,1.0,2
train-00000-of-00048_001010,посуданья,s等你,1.0,1.0,1
train-00000-of-00048_001011,өте маңызды рөл атқаратын мына тарих пен әдебиет дедіңіз,өте маңыздірөл атқаратын мына тарихыкпен әдебиеттедіңіз,0.6666666666666666,0.10714285714285714,9
train-00000-of-00048_001012,иә міндетті түрде тарих пен әдебиет,е міндеттітірді тарихпен әдебиеті,1.0,0.2,6
train-00000-of-00048_001013,ееее,,1.0,1.0,1
train-00000-of-00048_001014,сіз,سس,1.0,1.0,1
train-00000-of-00048_001015,тарихшы маман ретінде,тарихшы маман ретінде,0.0,0.0,3
train-00000-of-00048_001016,ғылыми зерттеулеріңізде,ғылыми зерттеулеріңізде,0.0,0.0,2
train-00000-of-00048_001017,әдебиетке сүйенетін мәселелер болады ма әдебиет енді көркем ол енді көркем саласы ғой енді негізінде керісінше әдебиеттің тарихқа қаншалықты әсер етуі мүмкін тікелей әсер,әдебиетке сүйенетін мәселелер бола ма әдебиет енді кө енді көркем саласы ғой енді негізінде керісінше әдебиеттің әдебиеттің тарихқа қаншалық тәсер етуі мүмкін тікелеер,0.3333333333333333,0.1588235294117647,24
train-00000-of-00048_001018,иә сенет,ياسن,1.0,1.0,2
train-00000-of-00048_001019,мүмүм,,1.0,1.0,1
train-00000-of-00048_001020,бұл жерде,ي,1.0,1.0,2
train-00000-of-00048_001021,одақтың кезінде,ұдақтың кезінде,0.5,0.06666666666666667,2
train-00000-of-00048_001022,соцреализм,сoц реалiزм,2.0,0.4,1
train-00000-of-00048_001023,әдебиеті қаншалықты тарихқа,әдебиеті қаншалықты тарихқа,0.0,0.0,3
train-00000-of-00048_001024,кері әсер етті,керәсере,1.0,0.42857142857142855,3
train-00000-of-00048_001025,татасына дейін,تاسن,1.0,1.0,2
train-00000-of-00048_001026,бәріміз оны оқы,什么做弄,1.0,1.0,3
train-00000-of-00048_001027,кесінді,케이은들,1.0,1.0,1
train-00000-of-00048_001028,түрде жасалатын дүние бөлен тұр,рде жасалатын доне бөлең турб,0.8,0.22580645161290322,5
train-00000-of-00048_001029,шыңқыр соңай,圣不差و,1.0,1.0,2
train-00000-of-00048_001030,бірде сіз айтыпсыз,بrديsd يtبss,1.0,0.9444444444444444,3
train-00000-of-00048_001031,ас беру адамға ескерткіш қоюмен бірдей,ас беру адамға ескерткіш қоюымен бірдей,0.16666666666666666,0.02631578947368421,6
train-00000-of-00048_001032,деп,د,1.0,1.0,1
train-00000-of-00048_001033,бұл тарихшының айтқан сөзі ме жоқ қоғамдағы жай азаматтың айтқан сөзі ме,бұл тарихшының айтқан сөзі мі жоқ қоғамдағы жа азаматтың айтқан сөз мі,0.3333333333333333,0.05555555555555555,12
train-00000-of-00048_001034,середіне,سيل دنيا,2.0,1.0,1
train-00000-of-00048_001035,құдайғи атанбайсыз мерседе қайда,удағы ятамбаы мәседеқ еді,1.0,0.46875,4
train-00000-of-00048_001036,хмхмхмхм,,1.0,1.0,1
train-00000-of-00048_001037,бүгінгі сара сөз бағдарламасына келгеніңізге,бүгінгі сара сөз бағдаралмасына келгенңізге,0.4,0.06818181818181818,5
train-00000-of-00048_001038,үлкен алғыс сізге айтып отырған,үлкен алғыз сізге айтып отырған,0.2,0.03225806451612903,5
train-00000-of-00048_001039,үлкен мәселелердің бәрі,үлкен мәселлердің бәрі,0.3333333333333333,0.043478260869565216,3
train-00000-of-00048_001040,жүзеге асып,جزг аسып,1.0,0.5454545454545454,2
train-00000-of-00048_001041,халқымыз өркендей берсін,халқымыз үркендей берсін,0.3333333333333333,0.041666666666666664,3
train-00000-of-00048_001042,құрметті көрермен,құрметті көрермен,0.0,0.0,2
train-00000-of-00048_001043,бүгін біз тарих ғылымдарының кандидаты шоқан уәлиханов атындағы тарих және этнология институтының жетекші ғылыми қызметкері қазақ британ техникалық университетінің қауымдастырған профессоры,бүгін біз тарих ғылымдарының кандидаты шохан уалиханов атындағы тарих және этнология институтының жетекші ғылыми қызметкері қазақ британ техникалық университетінің қауымдастыралған профессоры,0.14285714285714285,0.021164021164021163,21
train-00000-of-00048_001044,жұмаділ арман қабдешұлымен сұхбаттастық,жұмаділ арман қадде жұлымен сұқпаттастық,0.75,0.1282051282051282,4
train-00000-of-00048_001045,келесі кездескенше қош сау болыңыздар,келесі кездескенше хош сол болңыздар,0.6,0.10810810810810811,5
train-00000-of-00048_001046,болдым,د,1.0,1.0,1
train-00000-of-00048_001047,десе енді тамағымызды жиыта кете берейікші,сесезенді тамағымыз үжеікта кедепелекші,1.0,0.3333333333333333,6
train-00000-of-00048_001048,уже уақыт өтіп баратыр ғой,us waqto tpaatroy,1.0,0.9230769230769231,5
train-00000-of-00048_001049,иә иә,يايا,1.0,1.0,2
train-00000-of-00048_001050,ай,喂,1.0,1.0,1
train-00000-of-00048_001051,жарасын тамақтары қандай адамды маған қатынады,داراسنتaمقبار قaنادامن مغان aكنادا,1.0,0.9347826086956522,6
train-00000-of-00048_001052,маған да надо,mағанdаn аdам,1.0,0.6153846153846154,3
train-00000-of-00048_001053,көбаймен елдіңіздіңізді,oban min eradisanmir,1.5,0.9565217391304348,2
train-00000-of-00048_001054,білмейм тәжім,dlmi dajo,1.0,0.9230769230769231,2
train-00000-of-00048_001055,жарат болды кеттік қалған астары қалай берсінші менің наяқтан шықтым деп тұр,жерат болды кетті қаған астар қала берсін ше мен наяқтан шықтынгеп тұр,0.8333333333333334,0.15789473684210525,12
train-00000-of-00048_001056,жарайды шықсақ шығайық мен әлде алмай қалай жаңа,жарайты чыксакшыкаяк менындямаы болыйжаңа,1.0,0.4375,8
train-00000-of-00048_001057,жоқ тамақтан балдық енді кеттік болды,tariqdan valdiq yanda kettib bo ldi,1.0,0.9459459459459459,6
train-00000-of-00048_001058,зачан алып кетейік,zažačana obketi,1.0,0.9444444444444444,3
train-00000-of-00048_001059,болды кетті түндер,болды кетті түндегер,0.3333333333333333,0.1111111111111111,3
train-00000-of-00048_001060,қалды біз ештеңе істеген жоқпыз,oldib biz uchinkizcegin coqbiz,1.0,0.9032258064516129,5
train-00000-of-00048_001061,біз жаңа тамақ ішкен ақырамызды туладық,biz jana tamaqshiken ahramizi to ladib,1.0,0.9230769230769231,6
train-00000-of-00048_001062,білемін бірақ та сіздер қай жақта тұрасыздар не,білеміл бірақта сіздер қайжақта тұрасұздәріне,0.875,0.1276595744680851,8
train-00000-of-00048_001063,не қандай жұмыс жасайсыздар сіз не істерсіздер,не қандай жұмыс асаседар сезіне стер сітер,0.5714285714285714,0.21739130434782608,7
train-00000-of-00048_001064,әтінің әңгімес қайдар,حتى نلناسخيد,1.0,0.9523809523809523,3
train-00000-of-00048_001065,маған керек болып тұр сіздер қашып кеткен сияқтысыздар дедімдер үйінен,маған келеп боптұр сіздер қашық пестен сяқшы дәрсетіндер үйіннен,0.8,0.2857142857142857,10
train-00000-of-00048_001066,иәм,,1.0,1.0,1
train-00000-of-00048_001067,жоқ құтқарқан жоқ қашқан жоқпыз не үшін қашуымыз керек,жоқ ұлқа көн жоқ қашқан жоқпыз ешынға жомыз кереп,0.6666666666666666,0.2777777777777778,9
train-00000-of-00048_001068,солғой,所ي,1.0,1.0,1
train-00000-of-00048_001069,өсімдіктерің құсар көкпар пәніміздің,mis bite sar kupal panitin,1.25,0.9166666666666666,4
train-00000-of-00048_001070,сначит беттер қызарып кетсе онда сіздер өтірік айтып тұрсыздар сіздер осы,снаси петтер қызарып кетсе онында сіздері өтіркайтп тұрыстар сіздер осы,0.6363636363636364,0.1643835616438356,11
train-00000-of-00048_001071,жетімдер үйінен қашып кеткенсіздер мен қазір сіздерді поли анандай сол жетімдер үйінің бастығына яғни директорына алып барамын сосын директор сендерді,жетімдер үйнен қаш кеткенсіздер мен қазір сіздерді полианандай сол жетімдер үйінең бастығына яғни директорын алып барамын сосын директор сендерді,0.3,0.04,20
train-00000-of-00048_001072,әнә әм,هنا,1.0,1.0,2
train-00000-of-00048_001073,мұғалімдердің бастығына әкеп береді ал сосын ол сіздерсіздер ме сіздер еместер ме айтып береді,мұғандардың бастығына кеп береді ал сосын олс сіздер сіздерма сереңе серматып береді,0.5714285714285714,0.22340425531914893,14
train-00000-of-00048_001074,жоқ біз біз емеспіз деп тұрыңыз ғой не үшін айта бересіздер,жоқ біз біздеменс біздеп тұрыңызғон үшін айта бересіздер,0.5454545454545454,0.15254237288135594,11
train-00000-of-00048_001075,сол ғой біз бізше басқа жақтың адамдарымыз,со ғой біз баше басқа жақтың адамдарыңыз,0.42857142857142855,0.09523809523809523,7
train-00000-of-00048_001076,иә иә,爷爷,1.0,1.0,2
train-00000-of-00048_001077,болда,不的,1.0,1.0,1
train-00000-of-00048_001078,тетер енді,机姐人的,1.0,1.0,2
train-00000-of-00048_001079,негізі атқан жоқпыз ғой,같한 적구고い,1.0,0.9565217391304348,4
train-00000-of-00048_001080,өтірік сылтауларыңызды айтпай қойыңыздар мен қазір жуандаймын,өтірік сұлтоуларыңыз әйтпей қолыңыздармен қазіре суандаймын,0.8571428571428571,0.16393442622950818,7
train-00000-of-00048_001081,сәлеметсіз бе сәлеметсіз бе біздің бөлімшеге келіп кетесіздер ме біз тапқан сияқтымыз сол адамдар ма дәлелдеп кетіңіз,сәлеметсізбе сәлеметсізебіре бізнің бөлімшеге келіп кетестерме біз тапқан зақтыңыз сол адамдар ма дәлелеп кетіңіз,0.5294117647058824,0.11965811965811966,17
train-00000-of-00048_001082,лунара ханым сосын айжан ханым одан кейін директор сөйлегіңіз келіңіздер,лунараханым жосын айжал ныханым оданген директор жөлеріңіз келіңізе,0.9,0.19444444444444445,10
train-00000-of-00048_001083,аха,اخا,1.0,1.0,1
train-00000-of-00048_001084,саворус,这不是,1.0,1.0,1
train-00000-of-00048_001085,енді қазір көреміз сендерсіңдер ме сендер емессіңдер ме и біз келдік,енді қазір көрем сенер сінерме сінер еме сінерме тебіз келдік,0.7272727272727273,0.22058823529411764,11
train-00000-of-00048_001086,так мынау мынау аяжан кауса мержан жаннат не істерсіңдер сендердің барлықтарың,тақ мынау аяжан кауса мержан жанатын естер үсіндер сеңдердін барлықтарың,0.5454545454545454,0.20512820512820512,11
train-00000-of-00048_001087,ужас вообще сендер не үшін қашасыңдар ол сендерді бағып жатыр ғой сендер болсаңдар қашып кетіңдер,ужысвірше сендер не ушін қашасындар ол сенжерді баға бра тұрға сынер озындар қашып кетіндер,0.7333333333333333,0.26804123711340205,15
train-00000-of-00048_001088,жоқ доғарамыз доғарамыз біз қазір студияға баруымыз керекпіз кім не істейді кім не қылады соның барлығын сол студияда шешетін боламыз сәлеметсіздер ме құрметті соттанушылар және сотшылар,жоқдоғарамыз доғарамыз біз қазір сужағабаруымыз керек біз комнесида комнеклада соның барлығын созуы жада шешетін боламыз сәлемет сізер мен құрметті соттанышлар ене сотшылар,0.6923076923076923,0.1989247311827957,26
train-00000-of-00048_001089,біз бүгінгі тақырыпта осы жетімдер үйіндегі 4 бала яғни мержан жанат,біз бүгінгі тақырыпта осы жетіндер үйіндегі тұрт бала яғни мержан жанат,0.18181818181818182,0.07352941176470588,11
train-00000-of-00048_001090,өткен өзім,,1.0,1.0,2
train-00000-of-00048_001091,ал бірінші бізде бірінші жақ ол кезде жетімдер үйінің өзіне қайтадан бару немесе апазыларына,ал бірінші бізде бірінші жағұлбізде жетіндері үйімің өзіне қайтадан бару немесе апазыларына,0.35714285714285715,0.09782608695652174,14
train-00000-of-00048_001092,пароль,巴路,1.0,1.0,1
train-00000-of-00048_001093,бірінші бізде жетімдер үйінің бастығы сөйлесін,бірінші бізде жетінде ренің бастығы сөлесін,0.5,0.13043478260869565,6
train-00000-of-00048_001094,сөйтіп отырмын ғой,,1.0,1.0,3
train-00000-of-00048_001095,сезіндер үйіндегі балалар маған өткізілуі керек себебі,жетімдер өндегі балар маған үткізілу керек себебі,0.5714285714285714,0.18518518518518517,7
train-00000-of-00048_001096,мен оларға қарай аламын апа апа бір өзі қарай қарап үлгермай қалады,мен оларға қарайламың апа бір өзі қара бөлгерімай қалады,0.5,0.23880597014925373,12
train-00000-of-00048_001097,ал мен үлгере аламын мен және де менің көмекші мұғалімдерім де оларға көмектеседі,ал мен үгер аламын мен жәні де менің көмекші мұғанымдерім де орға көмектеседі,0.3076923076923077,0.08641975308641975,13
train-00000-of-00048_001098,сол үшін ол біз жаққа тұру керек если олар маған көшетін болса онда біз таңертең күнде каша мен акуша емес,сол үшін ол біз жаққа тұру керек дестей олар маған көшетін болса онда біз тәңіртем күнде каша мен ақуша емес,0.15,0.07547169811320754,20
train-00000-of-00048_001099,ойкаша мен сүт емес басқаша бір басқаша күшті сыймақтар беретін боламыз,ойкаша мен түтемес баскаша бир баскаша күштү самактал беретин боламыз,0.7272727272727273,0.15492957746478872,11
train-00000-of-00048_001100,шығығым,他好,1.0,1.0,1
train-00000-of-00048_001101,енді бізде келесі кезекте,енді бізде келесі кезекте,0.0,0.0,4
train-00000-of-00048_001102,апа,apa,1.0,1.0,1
train-00000-of-00048_001103,бұтқын бағала көріп жүр,تكل بعله كرشي,1.0,0.9130434782608695,4
train-00000-of-00048_001104,осыны айтатыныңыз,o sim aytatmamiz,1.5,0.9411764705882353,2
train-00000-of-00048_001105,біз таңдау таңдарысуымыз керекпіз,біз таңдау расоымыз керекбіз,0.5,0.24242424242424243,4
train-00000-of-00048_001106,ең бастысы сіздердің сөйлегендеріңіз емес,ең бастысы сіздердің сөйлегендеріңіз емес,0.0,0.0,5
train-00000-of-00048_001107,ал бірінші бізде кәусан сөйлессін,ал бірінші бізде кәусәр сөйлесін,0.4,0.09090909090909091,5
train-00000-of-00048_001108,эм,嗯,1.0,1.0,1
train-00000-of-00048_001109,мені,min,1.0,1.0,1
train-00000-of-00048_001110,не істе не сөйлеуім керекпін,nis ci ni surum gerek tan,1.2,0.9285714285714286,5
train-00000-of-00048_001111,сен кімді таңдайсың,지행 큼드 당다있습,1.0,0.8947368421052632,3
train-00000-of-00048_001112,мен де апаны таңдаймын,мен жапан таңдаймын,0.5,0.18181818181818182,4
train-00000-of-00048_001113,құлттың,,1.0,1.0,1
train-00000-of-00048_001114,не үшін барлықтарын мені таңдамайсыңдар,не ушін балықтарын мен таңдамайсымдар,0.8,0.10256410256410256,5
train-00000-of-00048_001115,мен де күшсіз беремін ғой бізде бізде де күшті тамақтар беріледі немене немене немене маған тәнәмесіңдер,мен де күштіз берем ғой бізде бізде деп түшту тамақтар беріледі неміне неміне емемаған танауесінер,0.5625,0.16346153846153846,16
train-00000-of-00048_001116,туғармыз доғармыз,доғарыңыз доғарыңыз,1.0,0.35294117647058826,2
train-00000-of-00048_001117,балалалардың таңдауы,балаларҙың тәңындауы,1.0,0.3,2
train-00000-of-00048_001118,әжей болатын болса,عجيبواتبوسا,1.0,1.0,3
train-00000-of-00048_001119,мұнда,ونضع,1.0,1.0,1
train-00000-of-00048_001120,сіздердің барлықтарыңыз әженің үйінде тұрасыздар,сизердин балыктарыңız әженидедрастаr,1.0,0.4583333333333333,5
train-00000-of-00048_001121,ал әже сіз өзіңіз қайда тұрасыз,ал әжесиз өзз кайда турасыз,0.8333333333333334,0.22580645161290322,6
train-00000-of-00048_001122,баянника доктор трамп,paennikradoktotram,1.0,1.0,3
train-00000-of-00048_001123,шәрек,是ر,1.0,1.0,1
train-00000-of-00048_001124,біз оны сосын көрерміз,desono sos no corerose,1.0,0.9545454545454546,4
train-00000-of-00048_001125,бірақ та,برغت,1.0,1.0,2
train-00000-of-00048_001126,балалалардың айтуы бойынша,балалардың айтуу боюнша,1.0,0.19230769230769232,3
train-00000-of-00048_001127,өздерінің үйлері бар екен,өz yerdiң ilerі bar eken,1.25,0.76,4
train-00000-of-00048_001128,ол үйде обычный төртеуі тұрады төртеуі өмір сүреді және ол,ол үйде абычни төрт иі тұрады төрт юлі өмірі сүреті жәнеде ол,0.8,0.20689655172413793,10
train-00000-of-00048_001129,барлығына жетерлік үй,بعار الغناج تلكي,1.0,0.9523809523809523,3
train-00000-of-00048_001130,олардың өздерінің зарплатасы бар екен кішкентай болып алып,олардың өздерінің зарпына тасып әр кен кішкентайы болуп алып,0.75,0.15517241379310345,8
train-00000-of-00048_001131,еще олар апамен тұрай деватыр,еще рапаметрайтеватор,0.8,0.3448275862068966,5
train-00000-of-00048_001132,сөйлейді,,1.0,1.0,1
train-00000-of-00048_001133,жақсы,شخص,1.0,1.0,1
train-00000-of-00048_001134,енді мен қазір апаның үйіне барармын,енді мен қазір апалыңе bарарым,0.5,0.25,6
train-00000-of-00048_001135,одан кейін апануи сіздерге жарамды болса онда сіздерді толықтай әжемім,одан кейім апануе сіздерге жарамды болса онда сіздерді толықтай әженім,0.3,0.04285714285714286,10
train-00000-of-00048_001136,үйіне от тігетін боламыз,үе өттікетін боламыз,0.75,0.25,4
train-00000-of-00048_001137,ал егер,ал эгер,0.5,0.14285714285714285,2
train-00000-of-00048_001138,жағдайы жетпей сендерді баға алмаса,жағдайы жетпе сендерді баға алмаса,0.2,0.02857142857142857,5
train-00000-of-00048_001139,онда біз,وندا بس,1.0,0.875,2
train-00000-of-00048_001140,жетімдер үйіне өткізетін боламыз,жекін жеруіне өткілетін боларбыз,1.0,0.3125,4
train-00000-of-00048_001141,бүгінгіңіздің өзіңіздің өзіңіздің өзіңізді,อ,1.0,1.0,4
train-00000-of-00048_001142,сот шешімі әлі қабылданған жоқ өйткені біз әлжірейін көруіміз керекпіз,сот шешімі әлі қабылтанған жоқ үйткені біз әжерен көріміздереміз,0.5,0.15714285714285714,10
train-00000-of-00048_001143,енді кет әзірлейін бе,eнді кет әжри,0.75,0.5238095238095238,4
train-00000-of-00048_001144,осы менің үйім,osumenin iyem,1.0,0.9285714285714286,3
train-00000-of-00048_001145,мінеки менің үйім көрсеңіздер болады,міне кий менің үйім көрсеңіздер болады,0.4,0.05555555555555555,5
train-00000-of-00048_001146,ники,نكي,1.0,1.0,1
train-00000-of-00048_001147,бұл үйде кім кімдер тұрады сізден басқа,бұл еде күм кімгер тұрады сізен басқа,0.5714285714285714,0.1282051282051282,7
train-00000-of-00048_001148,менің үйімде менің шалым қара тұрады басқа менің екеуміз ғана тұрамыз бұл үйде,менің емде беріл шалмғара тұрат басқа менің екеміз қара тұрабыз қойде,0.7692307692307693,0.2564102564102564,13
train-00000-of-00048_001149,онда не үшін сізде төрт төсе төрт төсек мынаяқта біреуі мынаяқта екеуі анаяқта бір төсек ол жаққа екі адам жазады төрт төсек не үшін жатыр,он дане үшін сізде төрт төсеп наяқта біреуі наяқта екеу анаяқта бір төсеп олдаға екі аламзды төрт төсет не үшінжітұр,0.64,0.2318840579710145,25
train-00000-of-00048_001150,ой екі адамды тозерте салып екеуің жатамыз мына екеуін біз артық алып қойғанбыз ол тағы да біреулерді тұрғызамыз ба деп,әни гекі адам тожеретте шалам екеуім атамыз мына екеуін кізі арты алып болғанмыз отағы да біреулер тұрғыжамызба деп,0.75,0.2184873949579832,20
train-00000-of-00048_001151,ал жарайды,عجرد,1.0,1.0,2
train-00000-of-00048_001152,онда төрт адамды,kunda turtazandi,1.0,1.0,3
train-00000-of-00048_001153,4 адамдық төсек бар,4ört aamık tocak var,1.0,0.8947368421052632,4
train-00000-of-00048_001154,алтаусыздар сонда қалған екеулер қайдар айтады,ал таусыздар сонда қалған негеер қайдар атап,0.6666666666666666,0.17391304347826086,6
train-00000-of-00048_001155,жерге төсек салып беремін ғой соған жайсыз салады не бопты,жерге төшік салп берем қол жоған жаса саат кеопты,0.9,0.29310344827586204,10
train-00000-of-00048_001156,жарайды,这来,1.0,1.0,1
train-00000-of-00048_001157,сіздер келісесіздер ме жерге төсек салуға екі адамдарыңыз,сіздер келсе стер ме жеріге түзе солға екі адамдарыңыз,0.625,0.19298245614035087,8
train-00000-of-00048_001158,иә иә келісемін,ya ya келсемін,1.0,0.3333333333333333,3
train-00000-of-00048_001159,жарайды,جاري,1.0,1.0,1
train-00000-of-00048_001160,онда сіздер осы үйде тұрсаңыздар,onda sizder o shiga tursanivzal,1.0,0.90625,5
train-00000-of-00048_001161,шешілді,shishindi,1.0,1.2857142857142858,1
train-00000-of-00048_001162,бізде жетімдер үйіндегі төрт бала яғни мержан жанат кәусар аяжан бізде,бізде жетінде ендегі төрт бала яғни мержаң жанат кәусәр аяржан бізде,0.45454545454545453,0.11428571428571428,11
train-00000-of-00048_001163,апанның университеті болды,а панан инивүллитэн булдай,1.3333333333333333,0.5384615384615384,3
train-00000-of-00048_001164,бәрібір де олар сіздей емес апаны таңдады,бәрбірде оларысізде емес апан таңдады,0.7142857142857143,0.12195121951219512,7
train-00000-of-00048_001165,ал апам үйі келе ме екен,алапа үйе келен мекен,1.0,0.25,6
train-00000-of-00048_001166,ал балалар сіздер қуаныштысыздар ма,ал балар сер қуаныштыстарма,0.8,0.2571428571428571,5
train-00000-of-00048_001167,әрине мен қатты қуаныштымын мен де қуаныштымын онда өздеріңіздің үйлеріңізге заттарыңызды жинап апаның үйіне өтіңіздер,әринеме қатті қуаныштымын менде қуаныштымын онда өздеріңіздің желері міңде заттарыңызды жинап апалы үйне өтіңіздер,0.6,0.11016949152542373,15
train-00000-of-00048_001168,аха жарайды,أخاجردم,1.0,1.0,2
train-00000-of-00048_001169,құрады,吧,1.0,1.0,1
train-00000-of-00048_001170,инде,隐的,1.0,1.0,1
train-00000-of-00048_001171,ал орындарыңыздан тұрып тарқай берсеңіздер болады ал балалар сендерге менің қолыма өткендердің аты ма иә иә қатынады мен қатты қуанышты болып тұрмын мен де қуанышты болып тұрмын,ал орындары өзан тұрып тарқай берсеңіздер болады ал балалардың сендерге менің қолма өткендерінана я я қатынады менқаты қанышты оптырмын менде уғанышты оптырмын,0.7037037037037037,0.192090395480226,27
train-00000-of-00048_001172,ал ана үйлеріне жаттайын деп алыңдар ма,аларна елгер не заттаын жалдындар ма,0.8571428571428571,0.358974358974359,7
train-00000-of-00048_001173,иә біз жаңа алып алғанбыз жолдар,ya biz janga aғoғamz joldar,1.0,0.84375,6
train-00000-of-00048_001174,ал шалым есігін ашсын,ал шалымы ескі наштын,0.75,0.2857142857142857,4
train-00000-of-00048_001175,біздің,,1.0,1.0,1
train-00000-of-00048_001176,бұл сен бе кемпірім иә иә мен ғой,бұл сен дакем бірім ә ә мен ғой,0.5,0.21212121212121213,8
train-00000-of-00048_001177,жаңа жұмыс істеп жүргізді,,1.0,1.0,4
train-00000-of-00048_001178,сол мінекей мен өзіммен бірге балаларды алып келдім,со міне кеп бен өзімен бірге бағыларды ап келдім,0.875,0.17647058823529413,8
train-00000-of-00048_001179,ойбай бұл тағы қандай ойлар,оба бұл таққанда лоғар,0.8,0.3333333333333333,5
train-00000-of-00048_001180,мәссаған мынаның барлығы біздің үйде тұра ма,aсsаған мiнаны барлығы біз меде тұрaмa,0.8571428571428571,0.29545454545454547,7
train-00000-of-00048_001181,иә күнтақ балаңа,ә көтаҡ палағы,1.0,0.4375,3
train-00000-of-00048_001182,біздің үйде то есть тұра берсін біздің үйде білетіндерсіңдер иә,бizңүде toйtira bеrsiн бizңүdе biletiн тerindәri,1.0,0.746031746031746,10
train-00000-of-00048_001183,иә иә білеміз ғой,يايامليمزغي,1.0,1.0,4
train-00000-of-00048_001184,ой қырмайсың ба балақай не үшін тұрсың әәәә,ой көмесмe балақай неші тұрсы a,0.75,0.4186046511627907,8
train-00000-of-00048_001185,бақыт бірге көңіл көтеріпті,бақыт бірге көңіл көтеріпті,0.0,0.0,4
train-00000-of-00048_001186,әә,,1.0,1.0,1
train-00000-of-00048_001187,үлкен өзгеріс болады аяқ асты басталады қайғы қылыш жөндейді,мүлкен өзгеіс болап аяқасты басталан қайқы қылыш жүлдей,0.8888888888888888,0.2,9
train-00000-of-00048_001188,кездескен бас домалайды сәуірдің ортасында айтылады айтылғанда оның нүктесі ойлады әрі қарай бәрі жақсы болады мынау сол кезде ағайынға келгенде өздеріңізге сол мен былай елді шулатпаймын деп ақырын айтқан үлкен өзгеріс болады аяқ асты басталады ешкім күтпеген жердің арты үлкен дауға айналады,кез дескен бастамалайт сәбірдің ортасында айтлат айтоолғанда онумүктесі койлат ар карай бәрі жаксы болат мына сол бизде ағайында келгенде өздериңизге сол мен былай елді шулатпайын деп ақырын айткам үлкөн үзгерс болат аяқасты басталат ишкім күтпеген жердең авты үлкөн тауку айналат,0.7380952380952381,0.17406143344709898,42
train-00000-of-00048_001189,бұл айғайдың арты ақпанға жетеді,бұлайғайдың аф ақпанға жетет,0.8,0.1875,5
train-00000-of-00048_001190,наурызда ғана шешімін табады,نول لقنشيش متبط,1.0,0.9285714285714286,4
train-00000-of-00048_001191,сәуірдің ортасында ай толады ай толғанда оның нүктесі қойылады ары қарай бәрі жақсы болады болашақтың бәрін 1 алла біледі,сәуірдің ортасында айтолат айтолғанда бұның мүктесі қойла ар қарай бәрі жақсы болад бұл ашақтың бәрін біралға білеп,0.7368421052631579,0.1652892561983471,19
train-00000-of-00048_001192,алла қаласа өзінің айттым ғой жаңағы сүйген құлдары әулиенің әруақ арқылы аянын береді,алда қаласа өзінің айттымы жаңа сүйген құлдары әуледің әріпақ арқыл аянын береті,0.6153846153846154,0.1511627906976744,13
train-00000-of-00048_001193,егер халықтың ниеті түзу болса,要卡了ق你的ز我是,1.0,1.0,5
train-00000-of-00048_001194,міне кезінде айтылды бабалар түсіп үлгеріп аян бергенде мына коронавирустың билетін ұнайды деп үлкен ескерту болды,менен кезинде айтылды бабалар түсіггерп аям белгенде мына коронавивстың илетінын айтты үлкен ескертуі болду,0.75,0.21052631578947367,16
train-00000-of-00048_001195,мазақтап мені талай жерге сөз апарып жаңағы осылай мінім сахабалдар мені жаңағы аллахқа серік қосушы ширық деген жаңағы әлбақ жоқ сүйеу қурап қалған деп,мазақтақ мені тала жерге сөз апбар жаңа осыламенем сахалылар мені жаңа аллаққа серық босушы ширық деген жаңа ариалық жоқ сүе бурақтаған де,0.7083333333333334,0.23026315789473684,24
train-00000-of-00048_001196,жаңа көпсөздер айтты,جملكسزريت,1.0,1.0,3
train-00000-of-00048_001197,мен тек қана дәнекерім дедім әбігерім дедім,من تقنقنكل وليمنك,1.0,0.9534883720930233,7
train-00000-of-00048_001198,әулие бабамыз асан қайғы,وب们是上海的,1.0,1.0,4
train-00000-of-00048_001199,айтады ғой,来干,1.0,1.0,2
train-00000-of-00048_001200,қонысыңды жамандама қуыма ұр тұтады халқыңды жамандама,ق你ج慢的哭我走好你ج慢的,1.0,1.0,7
train-00000-of-00048_001201,әрбір қысыр,还是我不事,1.0,1.0,2
train-00000-of-00048_001202,әулиенің аяны ол алланың белгісі думалаған қан құсады дейді бабалар бізге ана жақтан ескерту береді естерің біз жиыңдар дейді соны елесек жақсы болар еді өйткені баяғы ата бабамыз қазақ ата бабамыз осыны елеп ескеріп әруаққа сыйлап өткен деп,әуленің аяны ол алларнын белгесі дұрмалалан қаңқұсақкен бабалар бізге ана жақтанн естергі берер естеріміз жиындардей соны елесек жақсы болар ет үлкенін баяғ ат қазамыз қазақ ата даламыз осыны еле ескеріп әаққ әруақта силап өткендір,0.6578947368421053,0.21991701244813278,38
train-00000-of-00048_001203,қазір жаңағы мына жаңағы жат діни ағымдар жаңағы бүгінгі ұйымның біз басынан,кабир жаңага мына жаңаы жаттыниябындар жаңаба бұрунды үюннің баатынман атер,0.9166666666666666,0.47368421052631576,12
train-00000-of-00048_001204,әруағынан тарихынан ажыратуы жағынан өте қатты көп жұмыс істеді,әруағынан тарихынан ажырату жамынан бөтеқ төкөп жұмыс теді,0.6666666666666666,0.15873015873015872,9
train-00000-of-00048_001205,сол себептен жаңағы қиындау болды қазір жаңағы жерде,сол селеттен жаңага кыйымдал болду казир жаңаа жерде,0.75,0.2692307692307692,8
train-00000-of-00048_001206,айғақ жоқ сүйегі ұрап қалған оның бәрі шүйіріп аллахқа серік қосылшы деген жағдай алла сақтасын аллаға серік ешкім қоса алмайды,айуақ жоық сүйе урап қаған оның бәрі шеіріп аллаққа серіп қосылшу деңені алла сақтасын аллаға серіп күшкім қосалмайт,0.75,0.2047244094488189,20
train-00000-of-00048_001207,алла жалғыз,阿我了枪子,1.0,1.0,2
train-00000-of-00048_001208,белгісін береді тек қана өзінің сүйікті құлдарына солар деп жеткізеді,белгісін берет тет қана өзмің сүк туғулдарыны солаттеп жеткизет,0.8,0.2753623188405797,10
train-00000-of-00048_001209,че уверен,去我月点,1.0,1.0,2
train-00000-of-00048_001210,мен сындыршы ауылыңды,面村的少我的,1.0,1.0,3
train-00000-of-00048_001211,құпт,ctypaj pokkosmpakas,2.0,4.75,1
train-00000-of-00048_001212,эй чоу олай емес брат негізі боксерлер да көшеде нормально төбелесіп қойды ғой эй чоу иә менің ана боксер братаным бар ғой,чо ола эмес брат негиз баксерларды көшеле нормал түлис койлу ч мен ана баксер блатанын барго,0.9090909090909091,0.36885245901639346,22
train-00000-of-00048_001213,кәдімгідей өзін район ұшып атады ол,هذ لوزن رين شوتض,1.0,0.9142857142857143,6
train-00000-of-00048_001214,әзіктер,يزي كن,2.0,1.0,1
train-00000-of-00048_001215,боксер анау боксер мынауды үйреніңдерші,baksır ana baksırunadüyürümgir,1.0,0.9487179487179487,5
train-00000-of-00048_001216,мені меңдейтін боксторларды борестер сындырған,мені мен дейтін баксорларды борестр сындырған,0.8,0.10869565217391304,5
train-00000-of-00048_001217,есімдер,,1.0,1.0,1
train-00000-of-00048_001218,жаңағы,,1.0,1.0,1
train-00000-of-00048_001219,сөйтіп отырады,,1.0,1.0,2
train-00000-of-00048_001220,все они дерски дерски дерски дерски тачки немецки деньги немецки сучки известны,nidersi desi dersi dersi ttin mesti gengini mesni suctzesni,1.0,0.8987341772151899,12
train-00000-of-00048_001221,тағы,,1.0,1.0,1
train-00000-of-00048_001222,әлің апарат әңгіліңіздер,همبراهوفلس,1.0,1.0,3
train-00000-of-00048_001223,құдай қалай,妈快了,1.0,1.0,2
train-00000-of-00048_001224,иә кеше сен қашан келесің көмекке сағатты айтып кеттіңдер ме,يكي شان ك كمساندنا,1.0,0.95,10
train-00000-of-00048_001225,ал жансаяның каналына қош келдіңіздер жансаяның қадамына,ал жансаяның каналына қош келіміздер жансаяның қадамына,0.14285714285714285,0.03571428571428571,7
train-00000-of-00048_001226,құт тілеп өздеріңіздің ізгі ықыластарыңызды білдіре кетсеңіздер көп сұрадыңыздар мен ой сәл өсіңкіре өскеннен кейін ашасың канал деп жүрген едім,құт тілеп өзеріңіздің іс ізгі ықластарыңызды білдірек етсеңіздер көп сұрадыңыздар мен ой сәл өсінкіре өскенекен ашасын канал деп жүргенетім,0.55,0.1111111111111111,20
train-00000-of-00048_001227,жансая сіздердің комментарияларыңызды оқып алып,上在谢界的c面大电做我花,1.0,1.0,5
train-00000-of-00048_001228,мама деп екі айдан бері миымды жеп сонымен бүгін каналын ашып отыр ма,ма ма деп бек айдам бері мүйнемде жеп сонымен бүгін каналын ашып отырма,0.5384615384615384,0.14492753623188406,13
train-00000-of-00048_001229,әсіріңіздер маған,ttmtmn,1.0,1.0,2
train-00000-of-00048_001230,құт тілеймін өзім анасы ретінде бастаған ісің оң болсын және де діттеген мақсатыңа арманыңа жете бер,құт пілемін өзім анасы ретінде бастаған ісің оңоң болсың жәнеде діктеген мақсатына арманыңа жетеле,0.5625,0.11,16
train-00000-of-00048_001231,бірінші күні әкеліп келген,ckmkprn,1.0,1.0,4
train-00000-of-00048_001232,бізге көмектесіп жібер,فسقا كوم tاسب جبير,1.3333333333333333,0.9090909090909091,3
train-00000-of-00048_001233,бүгін кешкі автоматты,كيشك أصقة م,1.0,0.9047619047619048,3
train-00000-of-00048_001234,содан кейін манты жеп болғаннан кейін прогулкиге барып қайтайық иә,vendanke mantege pomagen prabokije war deren,1.0,0.9242424242424242,10
train-00000-of-00048_001235,давай паркке барып айтайын президентский паркке барып айтамыз үйдің жанындағы әкеміздің қолы тиіп жатса теңізге баруымыз мүмкін,партте барқайта пралу президентски пағырт деп батпайтамыз үйден жаныдатыр әкемізін қолу киіп жатсақ еңізге бабыымыз мүкін,1.0,0.3228346456692913,17
train-00000-of-00048_001236,ал қыздар тамақтан соң кешкі прогулкаға шықты жансай аяла қолдарын көтеріп қойыңдар,ал кыздар тамактан соң кешки прогулкага шыкты жанса аяла олдарын көтер коюндар,0.75,0.1566265060240964,12
train-00000-of-00048_001237,жабылысы ашытты,пробылс ашты,1.0,0.4666666666666667,2
train-00000-of-00048_001238,үйдің қасындағы,үйдің қасындағы,0.0,0.0,2
train-00000-of-00048_001239,не маяк,你م,1.0,1.0,2
train-00000-of-00048_001240,ал достар өздеріңіздің қолдауларыңызбен көп сұрауларыңызбен жансая өзіне канал ашып жатып қолдап,алдостар өздеріңіздің қолдауларыңызбен көп сұрауларыңызбен жансая өзіне канал ашып жатыр ғолдап,0.3333333333333333,0.03125,12
train-00000-of-00048_001241,басқан қадамына құт тілеп комментарийге жақсы ізгі тілектеріңізді тілеп қойыңыздар,басқан қадамына құт тілеп комментаригя жақсы ізгі тектеріңізді тілеп қоймыздар,0.3,0.07317073170731707,10
train-00000-of-00048_001242,жансая,جانسية,1.0,1.0,1
train-00000-of-00048_001243,бисмиллях деп өз каналын ашып жатыр,бес милияқ деп өз каналын ашып жатыр,0.3333333333333333,0.11428571428571428,6
train-00000-of-00048_001244,қалай болса да мен бәрібір ұтамын деп жатыр жансая екеуміз,қалай босы дамен бәрбір ұтамым де жатыр жанса екеміз,0.8,0.13793103448275862,10
train-00000-of-00048_001245,достарымыз жансая екеуміз спорластық,на бостарзанся феміз скорлассы,1.0,0.4444444444444444,4
train-00000-of-00048_001246,бір видеомен,برفيديوميل,1.0,1.0,2
train-00000-of-00048_001247,сен он мың подписщик жинаса әрі қарай ютуб каналыңды сөйлесесің де келіп жатырмын да а бұл уверенно менің достарым мені қолдайды мен оның да кісіге әшейін ағаш екенмін дейді,сен онмың каккісе жинаса әрі қарайт епі каналыды сіз ізесінді кейе жатырмынді абұл жеріні менің достары мені қолдайп мені онмыакісеге сенағыс екені биді,0.8275862068965517,0.3236994219653179,29
train-00000-of-00048_001248,көрейік,كري,1.0,1.0,1
train-00000-of-00048_001249,ал достар,عو بالصر,1.0,0.8888888888888888,2
train-00000-of-00048_001250,көреміз алда жайлап жүрдік үйрене десең деп айналысып жатырмыз,пурем салда сeля күрдік үренересінде рарсызлартырмыz,1.0,0.45161290322580644,9
train-00000-of-00048_001251,қолдау сіздерден ал қызық қызық контент жансаядан болады,қолдау сіздерден ал қызық қызық кәмтек ғансай адам болады,0.375,0.16071428571428573,8
train-00000-of-00048_001252,жансаялардың көрермендері келіп суретке түсіп жатыр кішкентай ғана біздің ханшайымдар танып,жансаялардың көрермендері келім сүркетсуп жатыр кишкентай ғана біздің ханшайында таныт,0.5454545454545454,0.12087912087912088,11
train-00000-of-00048_001253,караңғыда,karankta,1.0,1.0,1
train-00000-of-00048_001254,хо хо хо хо,,1.0,1.0,4
train-00000-of-00048_001255,әй еректер кішкентай ғана,еректер кішкен тайғана,0.75,0.2,4
train-00000-of-00048_001256,есімің кім сен тәтті қыздың,еس مىңكім сен тәттىғыلدің,0.8,0.4444444444444444,5
train-00000-of-00048_001257,аха,,1.0,1.0,1
train-00000-of-00048_001258,айзере сенікі,iseria seneke,1.0,0.9230769230769231,2
train-00000-of-00048_001259,мәдина айзере деген сұлу қыздар бізде міне,мадина әйзере деген сұлықыздаргізде міне,0.7142857142857143,0.14285714285714285,7
train-00000-of-00048_001260,міне жансая сендерге арнап видео түсіреді енді,міне жансая синдерге арнап юдет сірет енді,0.42857142857142855,0.17391304347826086,7
train-00000-of-00048_001261,елжан сәттілік,iжanы setلiك,1.0,0.9285714285714286,2
train-00000-of-00048_001262,анау жатыр ма жалпы мақұра жап жасыл әдемі апарып,ұнаржатырма чалпа мократ жап жасылай демапар,0.8888888888888888,0.3469387755102041,9
train-00000-of-00048_001263,иә роликтерімді алып келеміз,a rojideida broik erinde alp kelemis sa,1.75,1.3214285714285714,4
train-00000-of-00048_001264,сол үлкен роликтерің өздеріңе ұнамай жүр ау иә аяқтарыңа қатты дауға,сол өлкені роликтерің өзідерің ұнамай жырақ я аяқтараған хаты даға,0.7272727272727273,0.22058823529411764,11
train-00000-of-00048_001265,ыңғайсыз емес па,аңғайсыз эмес па,0.6666666666666666,0.125,3
train-00000-of-00048_001266,иә ана балтырлары дауыртпай ма,я ана балтырлары зауыртпаймы,0.6,0.16666666666666666,5
train-00000-of-00048_001267,онда джазға басқа роликке заказ береміз ғой иә,ондай жазга баска рултпе саказ беремзо ен,1.0,0.32608695652173914,8
train-00000-of-00048_001268,сіз жасайын көңілдеріңізді көтеріп жүр ме,zaz pomiler mzkdet jurma,1.0,0.926829268292683,6
train-00000-of-00048_001269,бақ,爸,1.0,1.0,1
train-00000-of-00048_001270,кеттің,别د,1.0,1.0,1
train-00000-of-00048_001271,құдаймын,,1.0,1.0,1
train-00000-of-00048_001272,не істейсің мысалы қалай істемейді ғой кете аласың ба,مدل,1.0,1.0,9
train-00000-of-00048_001273,құдай қалай қалай қалай,,1.0,1.0,4
train-00000-of-00048_001274,сөйтіп тұрмын,,1.0,1.0,2
train-00000-of-00048_001275,сөйтіп отырмын,,1.0,1.0,2
train-00000-of-00048_001276,премьерке,لميحكي,1.0,1.0,1
train-00000-of-00048_001277,жаңағы жаңағы,,1.0,1.0,2
train-00000-of-00048_001278,барамыз,bara,1.0,1.0,1
train-00000-of-00048_001279,сая қазір распаковка жасаймын деп тұр әкесіне көшіп тұрмыз әкесі,казді расбаковка жасайымын деп тр акесінің күчітірмыз әкезі,0.9,0.296875,10
train-00000-of-00048_001280,бұл бұл бұл бұл,,1.0,1.0,4
train-00000-of-00048_001281,ааааа,a,1.0,1.0,1
train-00000-of-00048_001282,сізде екі ұстаған қарайтын еді деп қалаңыздар тұр ма,кезде екістан қарайтынеттеп қанызда тұрға,1.0,0.3269230769230769,9
train-00000-of-00048_001283,түсіріватырсың ба,سروفرسمة,1.0,1.0,2
train-00000-of-00048_001284,бізде қазір жақсы өзі жасар иә,za ka jansa oze jasara,1.0,0.8666666666666667,6
train-00000-of-00048_001285,қазақсыздар мен ұлттың,رسعن م,1.0,0.9545454545454546,3
train-00000-of-00048_001286,несінің төңселлаға түскіресе,fti den sيlla srيta,1.3333333333333333,0.9285714285714286,3
train-00000-of-00048_001287,иә әліпт,e ألب,1.0,0.875,2
train-00000-of-00048_001288,хмэхмэхмэхмэх,,1.0,1.0,1
train-00000-of-00048_001289,әуескә,وس,1.0,1.0,1
train-00000-of-00048_001290,сәлем сәлем достар жансайынның бәрі де қызық анасына қош келдіңдердостар бүгін бізде блог жүргізейін деп жатырмын достар білесіздер ме мен осы каналды мамаға аштыру үшін маманың артында екі ай жүрдім ғой мама мама каналымды ашып беріңізші пожалуйста плис плис деп достар бұл сіздерге екі ағай ма емес бұл маған прям екі жыл өткендей болды ғой екі ай мама сосын ашып берді достар енді жансая мен бәрі де қызық арнасына қош келдіңіз,сәйем сәйем достар жансайымен бәрде қызық анасына қошкеліндер достар бүгінбізде влог жүргізеңдеп жатым достар білесіздер мамен озы каналды мамаға аштыру үшін маманың артына екі ай жүрдім ғой мама мама каналды ашыпбеліншіп қажалұста плес плес деп достар бұл сіздерге екі ағайма емес ол маған пірәм екі жұл өткендей болды ғой екі ай мама сасын ашыпберді достар енді жансайымен бәрде қызық анасына қошкеліне,0.5352112676056338,0.1325581395348837,71
train-00000-of-00048_001291,достар менің алғашқы басқан қадамыма құтты деп қойыңыздаршы достар менің осы арнамды 10 мың подписчикке жеткізіп тастаңыздаршы ал достар неге мен 10 мың подписчикке жеткізіп тастаңыздаршы деп отыр деп ойлайсыздар өйткені біздің мамам екеуіміз спорластық бұл каналды ашпай тұрып мама айтады осы бір таныстыру блогтан сен егерде 10 мың подписчик жинап тастасаң әрі қарай каналды ж ал егер де осы бір видеодан 10 мың подписчик жиналмаса,достар менің алғашқы басқан қадам мақұт тілеп қойңыздаршы достар менің осы арнамдыон мың пәтпешікке жеткізіп тастаңыздаршы ал достар неге менң он мың пәтпешікке жеткізіп тастаңыздаршы деп отыр де ойлайсызтар өйткені біз мама мекеміз спорластық бұл каналдашпай тұрып мама айтат осы бір таныстыру вұлыктан сенегерде он мың пәтпешік жинап тастасаң арқара каналды жүргізе беруге рұқсат дейді ал иегерде осы бір видеодан онмың пәтпешікі жүне алмаса,0.5303030303030303,0.22170900692840648,66
train-00000-of-00048_001292,ары қарай каналды өшіріп тастайды достар өтінемін тез тез маған оны подпиське жеткізіп тастадыңыз,ар қара каналды өшір тастайтуыстару өтіне кестез маға оның патпишке жеткізіп тастаныз,0.8571428571428571,0.25773195876288657,14
train-00000-of-00048_001293,біз әке екеуіміз осындай әдемі сағаттілдік ма әдемі менің ливаныма әдемі болып тұр иә достар,біз әкекеміз осындай әдемі саға тілдік мәдемі мен ливан мәдемі боп тұрия достар,0.7333333333333333,0.17391304347826086,15
train-00000-of-00048_001294,прям күшті ұйқасып тұр ал енді мамалар ана жақта манты жасап жатыр біз әке екеуміз осыны істедік мұхаммедтерге қарадым,пірем күшті й қасып тұр ал енді мамалараны жақтаманты жасап жаттык біз әкекеміз осын істедік мұхаммедтерге қарады,0.631578947368421,0.11864406779661017,19
train-00000-of-00048_001295,мама мантын түйіватсыздар ма,mamا man t جivat sdrma,1.25,0.9285714285714286,4
train-00000-of-00048_001296,елпыны,يفن,1.0,1.0,1
train-00000-of-00048_001297,иә рақмет мен қазір қолымды жуып келіп мантыны жиып көмектесейін,иярахмет мен каз коомду жуп келеп мантына жүйп көмектесим,0.9,0.296875,10
train-00000-of-00048_001298,иә,你,1.0,1.0,1
train-00000-of-00048_001299,жаңағы жақырмын,لق,1.0,1.0,2
train-00000-of-00048_001300,иә мені қолдап қойыңыз,ina fola foini,1.0,0.9090909090909091,4
train-00000-of-00048_001301,жән,,1.0,1.0,1
train-00000-of-00048_001302,сәлем достар сіздер мені ауылдан сәлем арнасы арқылы танисыздар өз арнамдағы алғашқы блогымда өзім жайлы қысқаша мәлімет бере кетейін,сәлем достар сіздер мені аулдан сәлем арнасы арқытанисыздар өз анымдағы алғашқы влоғымда өзім жайлы қысқаша мәлімек берегетейін,0.42105263157894735,0.08270676691729323,19
train-00000-of-00048_001303,өздеріңіз танитын мен жансая жасым онда,өздеріңіз данитін мен жансая жасым онда,0.16666666666666666,0.05128205128205128,6
train-00000-of-00048_001304,менің сүйеп ішетін астарым манты,менің сүйеп ішетін астарым манты,0.0,0.0,5
train-00000-of-00048_001305,лаваш ромеон,лаваж рамион,1.0,0.25,2
train-00000-of-00048_001306,айта берсем таусылмайды менің сүйікті тістерім күлгін ақ қара жасыл көк,айта берсем таусылмайды менің сүйітті түстерім күлгін ақ қара жасыл көп,0.2727272727272727,0.04225352112676056,11
train-00000-of-00048_001307,сүйікті әншілерім жалпы мен қазақстанның барлық әншілерін қолдаймын,сүйктәншілерім жалпымен қазақстанның бәріғаншілерім қолдаймын,0.75,0.16417910447761194,8
train-00000-of-00048_001308,менің канал ашқаныма алғаш болып қуанып жүрген сіңілім аяла аяла екеуміз осы каналда сіздердің көңілдеріңізді көтеруге тырысамыз,менің каналашқанма алғаш бол қуанып жүрген сіңілім аяла аяла екеміз осы каналда сіздерін көңілдеріңізді көтеруге тырысамыз,0.29411764705882354,0.0546875,17
train-00000-of-00048_001309,ал достар бір аллаға сыйынып жаңа каналымда өз жұмысымды бастаймын,ал достар бір аллаға сийынып жаңак аналында өз жұмысынды бастаймын,0.4,0.07575757575757576,10
train-00000-of-00048_001310,маған тілеулес болып бастаған ісіме береке тілеп қойыңыздар рақмет достар сіздердің қолдауларыңызды қазірден бастап сезініп жатырмын,маған тілеулес болып бастаған үсіме белекетілеп қойыңыздар рахмет достар сіздердің қолдауларыңызды қазірден бастап сезініп жатырмын,0.25,0.030303030303030304,16
train-00000-of-00048_001311,ал достар үміттеріңізді ақтауға тырысамын,ал достар міттеріңізді ақтауға тырысамын,0.2,0.024390243902439025,5
train-00000-of-00048_001312,а достар,ادستار,1.0,1.0,2
train-00000-of-00048_001313,менің инстапарақшама да тіркеліп алыңыздар ютуб пен инстапарақшам екеуі де жансая еркінбекқызы тіркеліп алыңыздар,менің инстапарақшамада тіркеліп алыңыздар ютуб пен инстапарақшам екеуі дей жансая еркімбек қызы тіркеліп алыңыздар,0.35714285714285715,0.035398230088495575,14
train-00000-of-00048_001314,әлгімен,,1.0,1.0,1
train-00000-of-00048_001315,менде вообще күшті бір ролик алды авторы,دوشبشمور دكادا,1.0,0.975,7
train-00000-of-00048_001316,сөйтіп отырмын,来怎,1.0,1.0,2
train-00000-of-00048_001317,бірақ тыңдай кеттің ғой да мысалы жол жібереді,ر,1.0,1.0,8
train-00000-of-00048_001318,құдай қалай қалай қалай,,1.0,1.0,4
train-00000-of-00048_001319,айтыңыздыңыздыңыздыңыздыңыздыңыздыңыздығы,他给你个能能被哭破无心的一的别有分,1.0,1.0,1
train-00000-of-00048_001320,сөйтіп отырғанымыздың ба,,1.0,1.0,3
train-00000-of-00048_001321,жараса,,1.0,1.0,1
train-00001-of-00048_000000,достар біз үшін магнумға келді енді кешкі серуенімен әке мен мама айнала төртеуіміз магнум аралап жүрміз елмен бірге кәсеңіздер қатты ұстап алыңыздар,достар біз өзжі магнымға келді енді кешкі серуенмен әке мен мама аяла етөпшеміз мазнымаралапжүміз енменбірге кәшеңіздер қат түстабамыз ару,0.6363636363636364,0.2214765100671141,22
train-00001-of-00048_000001,сөйтіп жүрдіңіздердіңіздердіңіздерді,,1.0,1.0,2
train-00001-of-00048_000002,мамаға,妈妈干,1.0,1.0,1
train-00001-of-00048_000003,мама не смело тесно,妈妈你亲天万就,1.0,1.0,4
train-00001-of-00048_000004,не қатар мәселе менде бойыңызшы,nitna matelim nabwensa,1.0,0.9354838709677419,5
train-00001-of-00048_000005,жаңағы жаңағы жаңағы,تا,1.0,1.0,3
train-00001-of-00048_000006,мен ангелеме,بماميلما,1.0,1.0,2
train-00001-of-00048_000007,құдай,,1.0,1.0,1
train-00001-of-00048_000008,тап қараңдар прямаяқта осындай киімдер бар,сап қарандар амнияқта осындай кийімдер бар,0.6666666666666666,0.19047619047619047,6
train-00001-of-00048_000009,но не,那你,1.0,1.0,2
train-00001-of-00048_000010,суфель мен басқұрт сондай халықтың киімдері бар екен ананың киімдері бар екен,स फ र म बर कर च स द ई ख कत क ग ज र ब र क न ए आ म क ग ज र ब र क न,2.5833333333333335,0.8571428571428571,12
train-00001-of-00048_000011,давай осыларды алып ал,wоs dama оsа,1.0,0.8636363636363636,4
train-00001-of-00048_000012,а типа аиф,爸ي,1.0,1.0,3
train-00001-of-00048_000013,иә,,1.0,1.0,1
train-00001-of-00048_000014,ровыт,र वत,2.0,1.0,1
train-00001-of-00048_000015,моман маңғадан,مم نقر,1.0,0.9285714285714286,2
train-00001-of-00048_000016,мен ангельмін,مي انجلمن,1.0,0.9230769230769231,2
train-00001-of-00048_000017,иә иә нәрсеңіздер,no anna elva,1.0,0.9411764705882353,3
train-00001-of-00048_000018,иә,,1.0,1.0,1
train-00001-of-00048_000019,осы да бар,不سب了,1.0,1.0,3
train-00001-of-00048_000020,тө,,1.0,1.0,1
train-00001-of-00048_000021,ал аралап жүрмейді кішкентай болып біледі,ala da la jurmaiss ca tempope,1.0,0.926829268292683,6
train-00001-of-00048_000022,жоқ ескендеймін,先你,1.0,1.0,2
train-00001-of-00048_000023,айыр,阿爷一,1.0,1.0,1
train-00001-of-00048_000024,такима рет остау кәдімгі ата маңызды мягкий шөк,такی باла دوсتа ктiвاт نяхкищ,1.0,0.7446808510638298,8
train-00001-of-00048_000025,ес,,1.0,1.0,1
train-00001-of-00048_000026,құдай отырсыз,لود,1.0,1.0,2
train-00001-of-00048_000027,мә әдеп екен үше үйсіздер шыға ма,ماعزيمكن وش يسلي شرمع,1.0,0.9090909090909091,7
train-00001-of-00048_000028,ал достар міне продукт үйлерді алдық,әдемекеем алдостар міне продукті еді алдық,0.6666666666666666,0.4444444444444444,6
train-00001-of-00048_000029,әл данаға барамыз,әлдіанн аға барамыз,0.6666666666666666,0.23529411764705882,3
train-00001-of-00048_000030,кездері заты ма,فيطرزات ما,1.0,0.9333333333333333,3
train-00001-of-00048_000031,блогым жалғасуда,блогым жалға сұлда,1.0,0.1875,2
train-00001-of-00048_000032,және үйге продуктілерді алып келдік уже кеш болып кеткеннен соң қарбызды жемейміз азамды ішейтін болдық иә,және үйге продукцилері апты келдік жкеш жол теккемнен сон қарбысы жемемі адамды шетін болдақ я,0.8125,0.24528301886792453,16
train-00001-of-00048_000033,қар,好,1.0,1.0,1
train-00001-of-00048_000034,жақсы көп,还你分过你,1.0,1.0,2
train-00001-of-00048_000035,сөйтіп тұр,,1.0,1.0,2
train-00001-of-00048_000036,12636 теңге болды,өн ек мың алтышту отсалык теңгело,2.0,1.7058823529411764,3
train-00001-of-00048_000037,ассалаумағалейкүм қазақстан менің аты жөнім сырым сағат жасым он екіде нұр сұлтан қаласынан келдім,ассалам уағалейкім қазақстан менің аты жөнім сырым сағат жасым мон екіде нұсықтан қаласынан келдім,0.35714285714285715,0.09183673469387756,14
train-00001-of-00048_000038,мен өскенде әнші немесе дәстүрлі әнші боламын домбырада ойнай аламын отыз қырық сондай ән боламын домбырамен дәстүрлі ән өзіме қатты ұнайды,мен өскенде әншек немсе дәстірлән шолам домбырада ойнайялам отыз қырық сонда әнілен домбыраме дәстірлән өзіме қаттан айт,0.7142857142857143,0.2302158273381295,21
train-00001-of-00048_000039,отбасымызда 5 ағайындымыз 2 қарындасым 1 інім 1 ағам бар мен тағы інім болғанын қалаймын,отбасыңызда пес ағайындымыз екі қарындасын бір інім бір аған бар мен тағы інім болғанн қалай,0.6,0.2159090909090909,15
train-00001-of-00048_000040,қарындасым дәстүрлі әнге қарсы аталды аты айым алтыда маған қарап қызықты кейде қарындасымды дайындалдырамын домбыраға,қарындасым дәстірләнге қаза толды ата айым алты да маған қарап қызықты тийде қарындасымды дайындалдырам домбыраға,0.6,0.11864406779661017,15
train-00001-of-00048_000041,мен әннен басқа футболға қызығамын кейде поляға барып достарым ағам мен футбол ән емес егер вокал дәстүрлі ән болмаса сол футболист болғым келеді қазақтың футболын дамытқым келеді,мен әннен басқа футболға қызғам кеде поляға бары достарым ағам мен тболан еміз үгер вакал дәстірлән болмаса сол футболис боғым келет қазақтың футболың дамытқым келет,0.5555555555555556,0.12849162011173185,27
train-00001-of-00048_000042,мені осы ән әлеміне әкелген ол менің анам әкемде көмектескен әкем домбыра тартады кейде ән айтады қазақстан дауысы балалар жобасын жеңіп анам мен әкемнің үміттерін ақтағым келеді жеңілген сезім бар барлығы жеңесің алға деп қолдап отыр үйде,мені осы ән әлеміне әкелген ол менін анам әкемде көмектескен әкем домбара тардат түйде ән айтат қазақстан даусы балалар жобасын шеңіп ана мен әкемнің үміттерін ақтағым келеті чөңемгіден сезін бат бәрліғі жеңесің алға деп құлдап отар иді,0.43243243243243246,0.12133891213389121,37
train-00001-of-00048_000043,бұл менің ең алғашқы үлкен байқауым болғандықтан кішкене қобалжып тұр көрмей таңдау кезеңінен өтетініне сендім мен 2 тәлімдер бұрылады деп ойлаймын дастан оразбек маржан арапбаева ән айту бағыттарымыз ұқсайды сол себептен бұрылады деп ойлаймын,бұл менің ең алғашқы үлкен байқам болғандықтан кішкере қобалышы тұр көрмей таңдауы кезегінен өсетіне сенімдім меңлекітәлімлер бұрлатде олайм дастан оразбек марзан арапаевы ән айту бағыттарымыз құқсай солсе бұрлатте олайм,0.6176470588235294,0.20164609053497942,34
train-00001-of-00048_000044,сырым бұл алғашында дәстүрлі әнмен үйреніп жүр,сырымбұл алғашында дәс түрләнмен үйреніп жүр,0.5714285714285714,0.08695652173913043,7
train-00001-of-00048_000045,ал қазіргі уақытта менімен эстрадалық бағытта халық әндерінен сабақ алып жүр өте дарынды бала міндетті түрде жазылар алқасы бұрылады деп ойлаймын сенемін,ал қазіргі уақытта менмен рестовадұлқбағытта халығәндерінен сабақалып жүр өте дарымды бала міндетті түрде қазалар алқасы бырлат деп ойлаймын сенемін,0.45454545454545453,0.11764705882352941,22
train-00001-of-00048_000046,балама тек қана сәттілік тілеймін,аламатиққана ша тілік кілемін,1.0,0.30303030303030304,5
train-00001-of-00048_000047,жеңіс тілеймін тек қана алға,жеңілтілимін текқан алға,0.8,0.21428571428571427,5
train-00001-of-00048_000048,сізіңе әдемі костюм киіп біздің келесі қатысушыңыз келді сәлем сәлем өзіңнің ішкі сенімің қалай қорықпайсың ба кішкене қабылжу бар өз ойыңды жинақтап ең бастысы өз ойыңды жинақтап сахнаға шығуға ішкі сенімділік болу керек солай ғой иә менде сенің ойыңмен қосыламын сырым сахна сенікі ештеңеден қорықпыла келістік қ,бізіне әдемі кәстиуімің киіп біздің келесі қатысышыңыз келді сәлем сәлем өзіңінің ішкі сенімін қалай қорпқайынба ішкене қабал жулар өз ойымы жинақтап ең басы өз ойымды жинақтап сахнаға шоуға ішкі сенімділік болу керект соғай қойи өнде сенің ойыннен қосылам сұрым сахына сенікі іштеңгеден қорыпар келісқі қой и,0.5957446808510638,0.17197452229299362,47
train-00001-of-00048_000049,сахнаға,سم,1.0,1.0,1
train-00001-of-00048_000050,менің керемет оқырмандарым,менің кереме тохымандарым,0.6666666666666666,0.15384615384615385,3
train-00001-of-00048_000051,я на него,يرك يغو,1.0,0.8888888888888888,3
train-00001-of-00048_000052,бір күн болады бұл жай күн емес ол өте керемет өте өте керемет күн,бір кін бұлақ бұл жәй күн емес өте керемет өте өте керемет күн,0.2857142857142857,0.12121212121212122,14
train-00001-of-00048_000053,мен қазір ғана,من كازلغنا,1.0,0.9285714285714286,3
train-00001-of-00048_000054,апамның не алып келгенін сіздерге көрсететін боламын ал ендеше бастайық осындай бір пакет осындай капиталс келсе қазір енді осының бәрін сіздерге көрсететін боламын және осы пакет мүшінде не бар екенін көрсетейік,апа меня оп келгетнка сдере косететын боламн аише бастан бр пакет осна кацалс келсте хадеренда лосны барн седерге косететын болалос пакет ушни неварекен косетик,0.9354838709677419,0.3915094339622642,31
train-00001-of-00048_000055,бірінші ол бізде осындай мармелад,ta nicol due osne marimelas,1.0,0.9393939393939394,5
train-00001-of-00048_000056,екіншісі осындай әммемдеміз ой осындай тәртіп түседі міне менің інімдегенді сен менімен бірге айт,you can so whatn ty m m dems oy whatn it had sit menyo mening anin dike this ome member guys,1.5,0.9072164948453608,14
train-00001-of-00048_000057,ал біреуін таңдасыз осы маған айтсыз қайсысы не,al bron thang les sosmy hisne,1.0,0.8936170212765957,8
train-00001-of-00048_000058,айналайын,حسناليهمم,1.0,1.0,1
train-00001-of-00048_000059,оны алмаймын,أنا المان,1.0,0.9166666666666666,2
train-00001-of-00048_000060,түсінікті көріп отырмын,نعكلو,1.0,1.0,3
train-00001-of-00048_000061,ондай бір шоколад алсыз бір шоколад,نس بشكات عشبرشكات,1.0,0.9428571428571428,6
train-00001-of-00048_000062,меннан ішінде екеуі ғой,ننشليكب,1.0,1.0,4
train-00001-of-00048_000063,бұрынғы адамдар менің есімімім деді,bransana manmia sengunkata,1.0,0.9714285714285714,5
train-00001-of-00048_000064,қайсы керек саған мынау осындай сынекесі бар қазір қойып қояйық аха жаңағы екеуі бар екен айтпақшыдай мына екі сынекесінің ішіне осындай бөлініп қаламыз,сайсы керек сқаға мнау осында сіникес бар казқор қоыа аһ чынанш еке бар еке айпақслай міна есіникерсін шіне осында ек бөлін тағамс,0.8695652173913043,0.3355263157894737,23
train-00001-of-00048_000065,ішінде екі екіден және осындай альбини,şلiк кdеn رanoزnы علbени,1.0,0.7631578947368421,6
train-00001-of-00048_000066,осындай дебра,osna debra,1.0,0.9230769230769231,2
train-00001-of-00048_000067,жебрадан осындай екеуі,jebradan otli yi kir,1.3333333333333333,0.9090909090909091,3
train-00001-of-00048_000068,таң ба,大的,1.0,1.0,2
train-00001-of-00048_000069,әмәм дәмінген,اممدم,1.0,1.0,2
train-00001-of-00048_000070,туфимар твикк,totmaر tviك,1.0,0.9230769230769231,2
train-00001-of-00048_000071,сосын хақ дейді,都是他回,1.0,1.0,3
train-00001-of-00048_000072,жұмыр бұнынан да атып,umar bunanawata,1.0,0.9523809523809523,4
train-00001-of-00048_000073,той бокс дейді бұны білмеймін не екенін көреміз,дой бокс теді бұны бінемі некені күріміз,0.75,0.2553191489361702,8
train-00001-of-00048_000074,жаңа да осындай неге біраз жұмыс істей қалады,мын сағы дозын дебродинсыколот,1.0,0.7777777777777778,8
train-00001-of-00048_000075,сенеке сен екеуің,nikertenikew,1.0,1.0,3
train-00001-of-00048_000076,сын барын целый айтшы күн өстіп кеткен,سنبر ك صحطكو,1.0,0.9473684210526315,7
train-00001-of-00048_000077,тағы байқатпасыз төрт альбини тағы да,فبشتشتورك البني فغرة,1.0,0.9459459459459459,6
train-00001-of-00048_000078,сосын тоқтаңдар осындай білмеймін не екен тағы да тойбой деген тойбокс деген осындай,соқтандар осындай білем некен тағы да той бой деген той бокс деген осындай,0.6923076923076923,0.17857142857142858,13
train-00001-of-00048_000079,давайте осындай той бокстарды берші маған,دавайц оsne tой bоkstаврešmға,1.0,0.6341463414634146,6
train-00001-of-00048_000080,флэйвов сеннэт,صيبقتن,1.0,1.0,2
train-00001-of-00048_000081,болды осы үш той боксшысын біреуін таңдаймыз қайтын таңдайық осындай бір жасыл екі сары шайтын таңдаймыз жоқ біреуін ақтандай аш біреуін ашып көрейік,zar suratda sun boldi o si isht ko y boisin biriuni tangnaymiz paytni tanglayim o sina bir rasil yeki sari paytnanaymiz unjoq birivini ahtanda ash biriuni ashib ko ri,1.2608695652173914,1.0201342281879195,23
train-00001-of-00048_000082,неймәні,恋人了,1.0,1.0,1
train-00001-of-00048_000083,давай осыны ашып көреміз қазір ашып көреміз мына екеуін сосын көреміз,дабай осын ашып көреміз жасылын казір ашып көреміз на екеенонкөремз,0.7272727272727273,0.30434782608695654,11
train-00001-of-00048_000084,хат жақсы көреді,حرفصل,1.0,1.0,3
train-00001-of-00048_000085,иә менің сенім қатты жақсы көреді сол үшін де ашып көремін,я менің сыңнім қатырығы көрет сол үшінде ашып көрет,0.7272727272727273,0.27586206896551724,11
train-00001-of-00048_000086,иә енді бұл не екенін көрейік бірінші,ә енді бұл не кен корик бөріші нңз,0.7142857142857143,0.3783783783783784,7
train-00001-of-00048_000087,ауын сосын,أونسس,1.0,1.0,2
train-00001-of-00048_000088,өйткені мұнда біз енді бір дәмін тату керекпіз ғой,өйткені мұнда біз ене бір дәмі татуы берептіз қой,0.5555555555555556,0.16,9
train-00001-of-00048_000089,ооо мынау қараңыздар достар мынандай бірдеңе сосын тоқтар рахан мынау қараңыздар мына ішінде бірдеңе бар,о мнаң ғараңса тостар нандай бірдеңе сосынтұқтар яхам тұқтааңғараңса нан үшінде бірдеңе бар,0.8,0.3076923076923077,15
train-00001-of-00048_000090,давайте мына мынаны көрейік бірінші,لوت نعكوري كبر شاء,1.0,0.9142857142857143,5
train-00001-of-00048_000091,мынау какой то бір не мына сағыз осындай бір сағыз и какой то осындай,мына какойто бир не мна сағыз осындай бир сағыз и какойта осындай сумалики,0.6428571428571429,0.2318840579710145,14
train-00001-of-00048_000092,ал мынада бұны тоқтап бұны былай ашатынмын осындай да осы,ал мына да бұн тоқта бұн блашевмын осындайда осай,0.9,0.2631578947368421,10
train-00001-of-00048_000093,ашасын иті,阿啥斯一一者,1.0,1.0,2
train-00001-of-00048_000094,бір сыйлық бар достар мына мына жерде міне дым салынып тұрған жоқ иә достар қараңыз көрейік те енді келесіз де сонда осындай саласың түсіне аласың деп,бір сөйлі қпар достар мынәште міні дым саным тұрған жоқ иядастар қарең әлдекенез көректі енді келіізұсында осында саласын ыналасынкен,0.7692307692307693,0.37333333333333335,26
train-00001-of-00048_000095,бұл енді тұра тұрсын ал енді келесі бізде альбини альбиниді почувстветтердің де дәмін білетін шығарсыздар көрген шығарсыздар,бұл энтраторсін ал енді келесі бізде әлбене әлбенеді потукістердетәм білет шығарстарып көрген шығарштары,0.6470588235294118,0.3467741935483871,17
train-00001-of-00048_000096,игорь мынау твитс бұны да бүкілі біледі деп ойлаймын мен де білемін мысалы біз жегенбіз сондай иә мына зевра деген типі фильмдегенмін,үйгір мынал квитс бұны да бүкіліп әйтте ойлаймін мен де біләмін мсалы біз дегемі соңдайе мін зебіра дегенте бфірлібеген,0.7727272727272727,0.3308270676691729,22
train-00001-of-00048_000097,імілдеміз сникерсті енді жемеген адам жоқ шығар өйткені сникерс амиладский ортоманиладский дәл біз жек көргенбіз,іміндаміз сүне керсдейен жемеген әдам жоқшығат өтен сінекес анилатки отмалат кидада біз деп көргеміз,0.8666666666666667,0.33035714285714285,15
train-00001-of-00048_000098,біз бүкілдедік мынау бірақ той бокс деген деп көрмегенбіз сол той боксты көрдік біз енді не екенін той бокс деген ойыншық қорап деген сөз негізінен аударғанда,біз бүкіндедік нобырақ той бокс деген жеп көрмеген сол той бокстік төрдек түзенді не екенін той боксген ойыншық қорап деген күз негізінен аударғанда,0.46153846153846156,0.14556962025316456,26
train-00001-of-00048_000099,сондықтан да мен оны басқа нәрсе шығар деп ойлап қалдым,сондықтан да мен оны басқана шағаржа бойлап қалдымз,0.6,0.21818181818181817,10
train-00001-of-00048_000100,ұлыстар,dostar,1.0,1.0,1
train-00001-of-00048_000101,ол өтіп болды,ol un pol,1.0,0.8461538461538461,3
train-00001-of-00048_000102,өмін ауызында сағыртылды,ومن عوزم ساخدل,1.0,0.9166666666666666,3
train-00001-of-00048_000103,біздіңіздіңіздіңіздіңіздіңіздіңізді,,1.0,1.0,1
train-00001-of-00048_000104,той бокс деген сағыстырып,той бокс деген сағысберіп,0.25,0.12,4
train-00001-of-00048_000105,мен оны ашқанымды,ونا عشقا نمداب,1.0,0.9411764705882353,3
train-00001-of-00048_000106,өзімдікін ашқанымды қандай оң жақта түскенін мен,өзімдікін ашқанымды қандай оншық түзгенін мен,0.42857142857142855,0.16666666666666666,7
train-00001-of-00048_000107,тик ток қана тик токқа түскен тик токқа түсірген болатынмын,түктоқ әна тіктоқ қатіскен тіктоқ қатыстірген болаты мын,1.0,0.3220338983050847,10
train-00001-of-00048_000108,сол ссылка описанияда тұрады соған кіріп кетіңіздер каналыма,сол сылка описонента тұрады солан кірпкетіңіз детік тұрқаналма,0.75,0.2833333333333333,8
train-00001-of-00048_000109,қазір мұнда менде,қаҙыр мында менcе,1.0,0.23529411764705882,3
train-00001-of-00048_000110,көп тәттілер шәй бүкіл ішіп жатырмыз анда,көп тәтілер шәй бүкіл ішіп жатырмыз ғанда,0.2857142857142857,0.04878048780487805,7
train-00001-of-00048_000111,апам ішіп жатыр,منش مش عدرم,1.0,0.8666666666666667,3
train-00001-of-00048_000112,менің нелерім сендерің,менлерім сіндерім,1.0,0.3181818181818182,3
train-00001-of-00048_000113,қазір енді мен сіздерге қазір көрсететін болам,қазір енімесізерге қазір көрсе жетін бола,0.8571428571428571,0.17391304347826086,7
train-00001-of-00048_000114,кандай тұр,간달 도어,1.0,0.9,2
train-00001-of-00048_000115,қандай шоколадтар бірақ мен шоколадтардың кішкенесін жеп қойдым сол үшін де,қандай шыкалаттар бірақмен шыкалаттардың кішкенесінде қойдымсы үшінде,0.9090909090909091,0.18666666666666668,11
train-00001-of-00048_000116,құдай қалай қалай,,1.0,1.0,3
train-00001-of-00048_000117,кіреміз мұнда су ішу болып тұр себебі,кремі мында сусы болпқы себебі қазарынқ,1.0,0.5675675675675675,7
train-00001-of-00048_000118,өзінің кәдігі көшіп тұрдан соңынан кейін өзіңе келіп жатыр кәдіңіздер шыққан,сосын казір күн шұқтірда сонакеші ақасегері жатыр кадір сідер ұққан,1.0,0.5131578947368421,11
train-00001-of-00048_000119,енді,ي,1.0,1.0,1
train-00001-of-00048_000120,көңіл тұрған жоқ мен өзімнің ініммен және өзімнің айтсам болғандық тәсіліммен,comtranjox mn min danifas bon asamnaf,1.0,0.935064935064935,11
train-00001-of-00048_000121,сөйтіп жүрдіңіздерді,,1.0,1.0,2
train-00001-of-00048_000122,кетеді,接的,1.0,1.0,1
train-00001-of-00048_000123,сізде шыңқа судың жақындай мынау суға жақындағанда аяқтар,есідер шынқа сурын жақында налысуға жақыннағанда аяқнарікі,1.0,0.2807017543859649,8
train-00001-of-00048_000124,заждетінгі всем,在是怎ن个س,1.0,1.0,2
train-00001-of-00048_000125,өсіпті,سبدي,1.0,1.0,1
train-00001-of-00048_000126,сөйтіп отырсаңыздар,جس你س,1.0,1.0,2
train-00001-of-00048_000127,түсінікті,祖苏年呀,1.0,1.0,1
train-00001-of-00048_000128,шалп шалп етеді дауыстары,श प श प च परवस तर ह,2.0,0.88,4
train-00001-of-00048_000129,сөйтіп жүрген жүрген,,1.0,1.0,3
train-00001-of-00048_000130,күн,كني,1.0,1.0,1
train-00001-of-00048_000131,түсіре алмаймын өзім кімді,sl们怎cd,1.0,1.0,4
train-00001-of-00048_000132,нағыздың өзінің өзіңіздің өзіңіз,nei je nupt mer daks,1.25,0.90625,4
train-00001-of-00048_000133,қараңыздаршы ғана келіп еді,дқараңыздаршы әні керементе,1.0,0.4074074074074074,4
train-00001-of-00048_000134,а вот это кісі,ون,1.0,1.0,4
train-00001-of-00048_000135,сөйтіп жүрген жүрген,,1.0,1.0,3
train-00001-of-00048_000136,айта алмайыңыздар дейді вообще,этолмалсер тововще,1.0,0.6666666666666666,4
train-00001-of-00048_000137,сөйтіп жүрдіңіздер,,1.0,1.0,2
train-00001-of-00048_000138,біздің өздеріңіздер,,1.0,1.0,2
train-00001-of-00048_000139,мына жердегі қызықсыз,ناجللذف,1.0,1.0,3
train-00001-of-00048_000140,жақсы,س,1.0,1.0,1
train-00001-of-00048_000141,сөйтіп жүрген,,1.0,1.0,2
train-00001-of-00048_000142,қазір елдің түсінікті қалай ойнағанын тексертетін болады,қәті ренін сошырчық қала ойне қалны ктерса тіқтін бола,1.2857142857142858,0.5357142857142857,7
train-00001-of-00048_000143,но ондай лоткалар жараман лоткалар,nوda لو ورجرa مan دiو,1.0,0.9117647058823529,5
train-00001-of-00048_000144,қалайсыз,,1.0,1.0,1
train-00001-of-00048_000145,сөйтіп жүрген жүрген,,1.0,1.0,3
train-00001-of-00048_000146,салмай жатып біз ойнап алған болатынбыз ойнағанымызда далаға бір екі сағаттай болды біз негізі бұның алдында көп ойнадық осы видеоның орталарында да көп ойнадық бірақ біз оның бәрін сізге қалай түсіп тұратын оператор да жоқ дедік те сосын көрсете алмайдық сіздерге сондықтан да мен сіздермен қоштасау болыңыздар деймін себебі біздің видеомыз аяқталды және де мен үйге,алажт бі онабаға боладымызойнағанымыздадалаға бірек сағатта болды біз мнегізібының алдында көп ойнадық осы визоның орталарында да көп ойнадық бірақ ізоның бәрісілеге қала теріміз сірп тұратын операторда жоқдедікті сосын кошетармадық здере сон ұсада мен здқшсау болымыздадемін себебі бізің ақталды жәнедемен е келдім е вена лао ікнаматкеаыдсаолыз,0.75,0.33242506811989103,56
train-00001-of-00048_000147,сөйтіп отыр,,1.0,1.0,2
train-00001-of-00048_000148,бұйырлық,,1.0,1.0,1
train-00001-of-00048_000149,нәп,ن,1.0,1.0,1
train-00001-of-00048_000150,той бокс кит,توب,1.0,1.0,3
train-00001-of-00048_000151,самер,مر,1.0,1.0,1
train-00001-of-00048_000152,кәсіпкеніміз,,1.0,1.0,1
train-00001-of-00048_000153,тағы тағы да,看个的,1.0,1.0,3
train-00001-of-00048_000154,неймәлім,فينل,1.0,1.0,1
train-00001-of-00048_000155,давай вот на,来有个饭,1.0,1.0,3
train-00001-of-00048_000156,жақсы бұрын,طرا,1.0,1.0,2
train-00001-of-00048_000157,іл,,1.0,1.0,1
train-00001-of-00048_000158,менің қазір ашу көрейік жүр,sa ask rij,1.0,0.9259259259259259,5
train-00001-of-00048_000159,міне бір дыққа,مرطق,1.0,1.0,3
train-00001-of-00048_000160,көйтіп бір рәсім,هكويت بر,1.0,0.9375,3
train-00001-of-00048_000161,не,你,1.0,1.0,1
train-00001-of-00048_000162,сонда осындай саласың сосын алатын болса,س,1.0,1.0,6
train-00001-of-00048_000163,альбене,ألبn,1.0,1.0,1
train-00001-of-00048_000164,көрген шығарсыздар,كل بين شغال ستر,2.0,0.9444444444444444,2
train-00001-of-00048_000165,иглем,دهم,1.0,1.0,1
train-00001-of-00048_000166,сүт,,1.0,1.0,1
train-00001-of-00048_000167,ойнағанымызда да,ونغن ضد,1.0,0.9375,2
train-00001-of-00048_000168,әуелгіңізбен тұрақты,好我子,1.0,1.0,2
train-00001-of-00048_000169,жұқау сәтті дамын жағып отыр,木靠塞的当上了过,1.0,1.0,5
train-00001-of-00048_000170,құдай өлше бермей целый қалжыға,ناشزن цل قاسكر,1.0,0.9032258064516129,5
train-00001-of-00048_000171,айтып кетті айтып,سط,1.0,1.0,3
train-00001-of-00048_000172,қызымыз сәл ұялшақтау,قزم سل يالشخد,1.0,0.9047619047619048,3
train-00001-of-00048_000173,әйтпесе өте өнерлі,عبسيوتيونيرلا,1.0,1.0,3
train-00001-of-00048_000174,талантты жан жақты,талантты жан жахты,0.3333333333333333,0.05555555555555555,3
train-00001-of-00048_000175,көркемөнер мектебіне де барды,көркем өнер мектепне де барды,0.75,0.10344827586206896,4
train-00001-of-00048_000176,тіпті неше түрлі желделері де бар,тіпті неше түрлі жілделері де бар,0.16666666666666666,0.030303030303030304,6
train-00001-of-00048_000177,қайыржан кішкене сабыр еді,还始是菜不你这,1.0,1.0,4
train-00001-of-00048_000178,мен онымен бірдеңе болып жүргенін байқадым бірақ,ені мен бірдене бұл жүрген байқадым бірақ,0.7142857142857143,0.22916666666666666,7
train-00001-of-00048_000179,иә,你后,1.0,1.0,1
train-00001-of-00048_000180,нені айтып тұрсың,не найтып тұрсу,1.0,0.29411764705882354,3
train-00001-of-00048_000181,байқамадыңдар ма,قماتما,1.0,1.0,2
train-00001-of-00048_000182,күнде біртүрлі болып жүрді ғой,күнде біртірліво жүрдғу,0.8,0.3333333333333333,5
train-00001-of-00048_000183,апай мен шығара алмаймын,بمشخرم,1.0,1.0,4
train-00001-of-00048_000184,қалай шығаратынын білмеймін,قلش غرت بلمي,1.0,0.9259259259259259,3
train-00001-of-00048_000185,сәлем папа,فلم بر,1.0,0.9,2
train-00001-of-00048_000186,паплин бәрін түзең,فاب من برنسي,1.0,0.8888888888888888,3
train-00001-of-00048_000187,оның уақыты сексен бір,ونوكسبر,1.0,1.0,4
train-00001-of-00048_000188,менің,妹,1.0,1.0,1
train-00001-of-00048_000189,тұра берейін сен қайда қызым,traberi semada osm,1.0,0.9285714285714286,5
train-00001-of-00048_000190,сабақ оқу керек,саба око керек,0.6666666666666666,0.2,3
train-00001-of-00048_000191,бұдан нашар ешқашан тапсырмаған,不到哪شر是خ什طس,1.0,1.0,4
train-00001-of-00048_000192,тебе легко говорить сен енді тапсырмайсың ғой,интебелехко коваритенен ттап сырмайсымға,1.0,0.4,7
train-00001-of-00048_000193,папа қоймай жатыр,папа қойыңнай жатыр,0.3333333333333333,0.17647058823529413,3
train-00001-of-00048_000194,нормальный папа боп достарының алдында қызының миллион бал жинағанымен мақтанбақшы,нормальный папалп достарының алдында қызының миллион бал жинағанымен мақтамбағш,0.3,0.07317073170731707,10
train-00001-of-00048_000195,хақсы,,1.0,1.0,1
train-00001-of-00048_000196,кәсіп алары,كفس ممرد,1.0,0.9090909090909091,2
train-00001-of-00048_000197,рақмет,رخمس,1.0,1.0,1
train-00001-of-00048_000198,түсің еш пайдай кейіп тұрайын еді,t مespدeistoل,1.0,0.9696969696969697,6
train-00001-of-00048_000199,кстати,,1.0,1.0,1
train-00001-of-00048_000200,новинки қалай,翻品给好雷,1.0,1.0,2
train-00001-of-00048_000201,давай бездряк на этот раз хорошо,говай без дракнает страс ш,1.0,0.5,6
train-00001-of-00048_000202,найлайсы,vs,1.0,1.0,1
train-00001-of-00048_000203,сәке,سك,1.0,1.0,1
train-00001-of-00048_000204,а вот такая хорошая,повот такая хорошая,0.5,0.10526315789473684,4
train-00001-of-00048_000205,сырт кетсекші мені,سرك,1.0,1.0,3
train-00001-of-00048_000206,нет на этот,يا لتت,1.0,0.9090909090909091,3
train-00001-of-00048_000207,уху,,1.0,1.0,1
train-00001-of-00048_000208,мирняш,eraش,1.0,1.0,1
train-00001-of-00048_000209,нәнбасасы,ي بسس,2.0,1.0,1
train-00001-of-00048_000210,седан кешірші,谢在ك谢,1.0,1.0,2
train-00001-of-00048_000211,это последний кадр был оказан,это последи кдрはかじ,0.8,0.4827586206896552,5
train-00001-of-00048_000212,жаңасын сатып аламын деп үміт кете беремін,上غسس走了就就人,1.0,1.0,7
train-00001-of-00048_000213,түсің,吃,1.0,1.0,1
train-00001-of-00048_000214,ары қарай өзім бара берейін,арғара үзем араври,1.0,0.5185185185185185,5
train-00001-of-00048_000215,өзім іштемін,رزمشتم,1.0,1.0,2
train-00001-of-00048_000216,сұлттық,,1.0,1.0,1
train-00001-of-00048_000217,аз автор,فسفتر,1.0,1.0,2
train-00001-of-00048_000218,нет,你,1.0,1.0,1
train-00001-of-00048_000219,как мен беріңіздер,بمن برن,1.0,0.9444444444444444,3
train-00001-of-00048_000220,сексен алты,谢谢能的,1.0,1.0,2
train-00001-of-00048_000221,симпатечной,现白姐吃那,1.0,1.0,1
train-00001-of-00048_000222,өзімше какой то,زن شككت,1.0,0.9333333333333333,3
train-00001-of-00048_000223,мен он таңертең тудай тартқан келген көрдім,mion tayase tuta takami keyen kordi,1.0,0.8837209302325582,7
train-00001-of-00048_000224,біз бүкіл почкамызды сатсақ та оның машинасын сата аламаймыз,spko počkam sasaхta možna ssatlamams,1.0,0.9333333333333333,9
train-00001-of-00048_000225,кім ғойсаң,موسر,1.0,1.0,2
train-00001-of-00048_000226,жаңа жүргізіп жүргізіп жатырмыз,,1.0,1.0,4
train-00001-of-00048_000227,мен жеке өмірі,мен жете өмірі,0.3333333333333333,0.07142857142857142,3
train-00001-of-00048_000228,не твое дело,не твое дело,0.0,0.0,3
train-00001-of-00048_000229,тек малығының танысында,بك مومند,1.0,0.9565217391304348,3
train-00001-of-00048_000230,дә,دا,1.0,1.0,1
train-00001-of-00048_000231,сен мынандай мысалдарды шеше аласың ғой,шемні нандай мысалдар чеш аласың ой,0.8333333333333334,0.2564102564102564,6
train-00001-of-00048_000232,кім шығарады,كمش غرب,1.0,0.9166666666666666,2
train-00001-of-00048_000233,дәурен ағай,тринағай,1.0,0.45454545454545453,2
train-00001-of-00048_000234,сізге неше жас,سكيننشجاس,1.0,1.0,3
train-00001-of-00048_000235,300 что ли,trestastole,1.0,1.1,3
train-00001-of-00048_000236,интернетті ашып қараңыз,إنترنت تشبقرعنس,1.0,0.9565217391304348,3
train-00001-of-00048_000237,қазір миллион туториал бар,қазір миллион тутолял бар,0.25,0.11538461538461539,4
train-00001-of-00048_000238,любой индус 3 минуттың ішінде қалай атомный реакторды үйге құруға болатынын айтып бере алады,любой индус үш минтінішінде қалай атрны реакторды үйге құруға болатын айтып бере алады,0.35714285714285715,0.13043478260869565,14
train-00001-of-00048_000239,что творит новенький,ctbリno,1.0,1.0,3
train-00001-of-00048_000240,түсінікті,,1.0,1.0,1
train-00001-of-00048_000241,оншалықты екен деп ойламадым,光少了对给你这不什么的,1.0,1.0,4
train-00001-of-00048_000242,сөйтіп отырмын,有都没,1.0,1.0,2
train-00001-of-00048_000243,қыздар тағы біз не айтайын ба ана асын бұнан баян мен тимур ақыры жүріпті ғой,кындарда бүднәйдейын ба ана асын бынан баяммен теморақыр жіркті ғой,0.7333333333333333,0.3116883116883117,15
train-00001-of-00048_000244,да да асығыңыз,م,1.0,1.0,3
train-00001-of-00048_000245,біз кетті шын мейлі,يكتشي,1.0,1.0,4
train-00001-of-00048_000246,әәәәәәә,,1.0,1.0,1
train-00001-of-00048_000247,бош бош бош бош,不,1.0,1.0,4
train-00001-of-00048_000248,ана наукеңмен сөйлестің бе,أنا لجn كن سلستمبا,1.0,0.9230769230769231,4
train-00001-of-00048_000249,роди,رز,1.0,1.0,1
train-00001-of-00048_000250,малайдыңыздар ғой,,1.0,1.0,2
train-00001-of-00048_000251,сөйтіп тұр,,1.0,1.0,2
train-00001-of-00048_000252,сен маған айта бермейсің ана қызыңа бармайды ол қызың деп,てまらないしゃでちな のまらまいとくすんで,1.0,0.9824561403508771,10
train-00001-of-00048_000253,ол кісінің сабағын тұрғыда сен оған тым қаталсың,асазмала окшен саватдыза елв ктасы,1.0,0.7708333333333334,8
train-00001-of-00048_000254,а тағы бастадың ба мен өйтеуір оның болашағын алаңдайтынмын менен басқа біреу бар ма жоқ,бақтадыңда әөде оның бола тарна аландайы нене масқаппен бардарсо,0.9333333333333333,0.48863636363636365,15
train-00001-of-00048_000255,жоқ а өздерің айттыңдар ғой ешқандай дәлеліміз жоқ деп,я а өздерің айттындар ғой ешқандай дәлеліміз жоқ деп,0.2222222222222222,0.07407407407407407,9
train-00001-of-00048_000256,менің алтыдашты,نمطفة,1.0,1.0,2
train-00001-of-00048_000257,не саған мынау деп тұр ме саған,несан мынаудеп турмесяға,1.0,0.2903225806451613,7
train-00001-of-00048_000258,қандай сан тұр мына жерде айт деді,anda san turumnaжürdi aittiyez,1.0,0.8823529411764706,7
train-00001-of-00048_000259,86 емес,сеxсен алтимес,1.0,1.4285714285714286,2
train-00001-of-00048_000260,масқара бұл жүз қырықтан сексен алты,масқарабл жүз қырықтан сексен алты,0.3333333333333333,0.05555555555555555,6
train-00001-of-00048_000261,мен сеніне бүкіл репетиторларға 140 тан 86 алсын деп тасыдым ба а,мен сеніне бүкіл репетиторларға жүз қықтан сексен алт алысын деп тасыдым ба,0.5,0.2923076923076923,12
train-00001-of-00048_000262,не деп сабыр сақтайсыз,你这这我辈,1.0,1.0,4
train-00001-of-00048_000263,не деп сабыр сақтайсың айтшы не жетпейді бұл қызға,не деп сабырсақтай сыңач не жекпейді бұлғызға,0.6666666666666666,0.2,9
train-00001-of-00048_000264,не жетпейді саған,你是对子,1.0,1.0,3
train-00001-of-00048_000265,не жетпейді а көйлегің көп тамағың тоқ басыңда баспанаң бар,не жетпейді ар көлегін көп тамағың тоқ басында баспанаң ба,0.4,0.0847457627118644,10
train-00001-of-00048_000266,ал біз бұдан бір ғана зат талап еттік,aبلبuداn برغنا زاطаلابeتت,1.0,0.918918918918919,8
train-00001-of-00048_000267,дұрыс оқу,برسوقو,1.0,1.0,2
train-00001-of-00048_000268,қайда кеттің тәмелі,أيدايتنتمل,1.0,1.0,3
train-00001-of-00048_000269,кәдімесе рәмд,هتمسل,1.0,1.0,2
train-00001-of-00048_000270,дә мені,大边,1.0,1.0,2
train-00001-of-00048_000271,демеле,د明恋,1.0,1.0,1
train-00001-of-00048_000272,сен неге кетіп қаласың а,谁你一给拖老呢,1.0,1.0,5
train-00001-of-00048_000273,мен саған келіп жатқанда неге келіп қаласың деп еді саған,你咱可转的你有间快到经里面字,1.0,1.0,10
train-00001-of-00048_000274,сөйтіп тұр,快快打了,1.0,1.0,2
train-00001-of-00048_000275,мені түздейді мені,你的对这个,1.0,1.0,3
train-00001-of-00048_000276,тағығыңыздар көбірегеңіздер үрдіңдер,给你,1.0,1.0,3
train-00001-of-00048_000277,екінші мен сөйлеп жатқанда кетіп қалушы болма,你跟见命村了这看大进靠路车吗,1.0,1.0,7
train-00001-of-00048_000278,мен одан көп жасалатып отырмын ба мен оған дұрыс ол тізімде жатырмын,пауе менодан көп да саладын контырыма мену арду соптдесатызма,0.9166666666666666,0.5294117647058824,12
train-00001-of-00048_000279,сәлем асың дәмді болсын дегенің қайда,сәлем асымдәмді болсын деген оңғайды,0.6666666666666666,0.1891891891891892,6
train-00001-of-00048_000280,енді көресің,您贵对什,1.0,1.0,2
train-00001-of-00048_000281,адамдарын қалай өмір сүреді екен,адамдарын қалы өм сүрет екен,0.6,0.1875,5
train-00001-of-00048_000282,төбелеспегеніңде,тb리sp게nd,1.0,0.9375,1
train-00001-of-00048_000283,ол гадюшинде болмаса енді,ол кадүшүн теп болмасең,0.75,0.44,4
train-00001-of-00048_000284,тағы бір кассасыңды,다을것었습다,1.0,1.0,3
train-00001-of-00048_000285,банельницаға жатқызбақшысың ба,万你咱个家土子把生班,1.0,1.0,3
train-00001-of-00048_000286,мен ол жақта бәрін реттеп қойдым,мені олжақта бәрін ректак қойдым,0.6666666666666666,0.15625,6
train-00001-of-00048_000287,рақмет айтсоға,رخمطيصغ,1.0,1.0,2
train-00001-of-00048_000288,сен по ходу мені түсінбедің сен мен түсінбедің,先包后的敏什面吃,1.0,1.0,8
train-00001-of-00048_000289,вот мектепке барасың,وت म तп क بरس,1.6666666666666667,0.85,3
train-00001-of-00048_000290,енді тапсырасың,你的t不斯子,1.0,1.0,2
train-00001-of-00048_000291,мысын тапсырды,自己到下子,1.0,1.0,2
train-00001-of-00048_000292,университетке түсесің,uниверситет кетсесің,1.0,0.19047619047619047,2
train-00001-of-00048_000293,көңіл жатайтын жерге,刚这得地下给,1.0,1.0,3
train-00001-of-00048_000294,ал қалғанын,看还呢,1.0,1.0,2
train-00001-of-00048_000295,қалғанын көреміз,қалғаның көреміз,0.5,0.0625,2
train-00001-of-00048_000296,а оғанға дейін,地,1.0,1.0,3
train-00001-of-00048_000297,өзі болың өзіңе,你是伯论给子你,1.0,1.0,3
train-00001-of-00048_000298,жәпірдім,فيعبيردم,1.0,1.0,1
train-00001-of-00048_000299,көлік әпердім,哭日给对等,1.0,1.0,2
train-00001-of-00048_000300,ақшаң кастасарыңа 5 жылға жетеді,asnかsさrが bisがじで,1.0,0.96875,5
train-00001-of-00048_000301,так что мамаң алды менің,ممنلطمن,1.0,1.0,5
train-00001-of-00048_000302,імпаз,سبص,1.0,1.0,1
train-00001-of-00048_000303,айтпақшы,ps,1.0,1.0,1
train-00001-of-00048_000304,дамеле,زمل,1.0,1.0,1
train-00001-of-00048_000305,не дейді амелия немен мақтана бастады,дамели немен махтанавасн,0.8333333333333334,0.43243243243243246,6
train-00001-of-00048_000306,көп бала ғой,不了,1.0,1.0,3
train-00001-of-00048_000307,қыз мұраты кету,قصمرضكتو,1.0,1.0,3
train-00001-of-00048_000308,бастысы жақсы жігіт жолықса,бассы жаксы жүгит жолукса,1.0,0.25925925925925924,4
train-00001-of-00048_000309,бақытты болса болды емес,بختطمصب,1.0,1.0,4
train-00001-of-00048_000310,өзі де көріпті,وزد كرك,1.0,0.9285714285714286,3
train-00001-of-00048_000311,ренжіп қалды ма тамақ та жемеді,пеншіп қалдна тамақта жемеду,1.0,0.22580645161290322,6
train-00001-of-00048_000312,дәмелі,داميل,1.0,1.0,1
train-00001-of-00048_000313,бірінші күн қалай өтті,бір жүнші күнің қалақ детті,1.25,0.36363636363636365,4
train-00001-of-00048_000314,математикадан 5 деген жақсы баға ма,математикадан бестіген жақсы бағамы,0.6666666666666666,0.2,6
train-00001-of-00048_000315,мен сайттан қарадым ескі жүйемен есептегенде үшке де жетпейтін бала,мен сайттан қарадың ескі жүйемен есептігінде ішке де жетпейтін бала,0.3,0.05970149253731343,10
train-00001-of-00048_000316,сен өткен тоқсанда да солай айтқансың,сені өткен тоқсанды да сола айтқаныз,0.6666666666666666,0.13513513513513514,6
train-00001-of-00048_000317,бар сабағыңды оқы,баرсبаңdуق,1.0,0.7058823529411765,3
train-00001-of-00048_000318,мәке бір келісімге келсек осы айдың аяғына дейін келісімшартқа отырып мысалы да уақытынан бұрын өткізетін едік енді ол жерде тек құқықтық мәселелер ғана қалады ғой реттейтін болды,мәке бір келсімге келсекі осайдың аяғына дейін келсім шартқа отырып нысанлы да уақытынан бұрын өткіз етінедік менді ол жерде тек құқтық мәселелер ғана қалады ғой реттейтін болды,0.4074074074074074,0.07262569832402235,27
train-00001-of-00048_000319,нұртқарген,,1.0,1.0,1
train-00001-of-00048_000320,сосын мен бүгіндікі жұмыс туралы сөйлеспей ақ өкінішпін,осы мен бугүндеки чумустурал сөлеспекоч,0.875,0.45454545454545453,8
train-00001-of-00048_000321,эми тіпті,ت,1.0,1.0,2
train-00001-of-00048_000322,кәдімгі общеобразователь,кадынгабsе образоват,1.0,0.4583333333333333,2
train-00001-of-00048_000323,бұндай тұрғын не болады,被通你我,1.0,1.0,4
train-00001-of-00048_000324,бәке қазір жекеменшік мектептердің бәрі одни панды білесің,бәке қаз жеке менішік мектептеріің бер адний панти білесің,0.875,0.1896551724137931,8
train-00001-of-00048_000325,бұл мектепте мен өзім оқығам,бұл мектепте мен өзімі оққы,0.4,0.17857142857142858,5
train-00001-of-00048_000326,сондықтан,我跟,1.0,1.0,1
train-00001-of-00048_000327,балаларым да мен өткен жолмен өтсін деп,балаларында мен өткөн жол мен өтсүн деп,0.8571428571428571,0.1282051282051282,7
train-00001-of-00048_000328,әдейі сол мектепке беріп отырмын,هدي صومتبكبير بطرو,1.0,0.9375,5
train-00001-of-00048_000329,одан жаман болған жоқ анау үлкен ұл францияда оқиды,одан жаман болгон жок аны үлкөн ул францияда окыт,0.6666666666666666,0.21568627450980393,9
train-00001-of-00048_000330,университетке де өз күшімен түсті,университеткеде өз кішімен түсті,0.6,0.06060606060606061,5
train-00001-of-00048_000331,бізден бір тиын сұраған жоқ,بس دين برطين سرغنج,1.0,0.9259259259259259,5
train-00001-of-00048_000332,ол молодец екен,我م我的自己,1.0,1.0,3
train-00001-of-00048_000333,өзіме тартқан,وزمطرتقن,1.0,1.0,2
train-00001-of-00048_000334,сабағының нашарлап кеткені болмаса,сабағының нашарлақ еткені болмаса,0.5,0.058823529411764705,4
train-00001-of-00048_000335,мынау бт дағы алдын ала тестілеудің нәтижесіне,мұнауботудағы алдыналатестілеудің нәтижесіне,0.8571428571428571,0.13043478260869565,7
train-00001-of-00048_000336,көңіліміз толмай отыр,gömülümiz tolmayatır,1.0,0.9523809523809523,3
train-00001-of-00048_000337,оған ұбт не керек,وغنبتن يرك,1.0,0.9411764705882353,4
train-00001-of-00048_000338,шетелге оқа түсу үшін ол қажет емес керек мәке,четелгі оха сүдүшну хажетімес терек макен,1.0,0.3695652173913043,9
train-00001-of-00048_000339,міндетті түрде тапсыру керек,міндиттірде тапсыру көрек,0.75,0.17857142857142858,4
train-00001-of-00048_000340,ағасы сияқты осы қаладағы ең үздік түлектердің бірі болу керек,н ағасы сияқты осы қаладағы ең үздіктілектердің бұр бол берек,0.6,0.12903225806451613,10
train-00001-of-00048_000341,ең жоғарғы балл 140 тың 1 2 балл ғана жетпей қалды ғой ағасы,ең жоғарғы бал жүзқырықтың екі бал ғана жетпей қалду ағас,0.6923076923076923,0.31666666666666665,13
train-00001-of-00048_000342,сондықтан мен балаларым алдың қатарда болғанын қалаймын,ыктан мен балалар малдын катарда болган калайм,0.8571428571428571,0.2727272727272727,7
train-00001-of-00048_000343,ұстанымымы сондай,说到弄送的,1.0,1.0,2
train-00001-of-00048_000344,ой қош қайыр екен,ويكشقلكي,1.0,1.0,4
train-00001-of-00048_000345,иә сұлу болған жақсы ғой,ә сұлу болған жақсы ла,0.4,0.16666666666666666,5
train-00001-of-00048_000346,бірақ ақыл болмаса,бірақ ақыл болмаса,0.0,0.0,3
train-00001-of-00048_000347,сұлулыққа не пайда,干给拜的,1.0,1.0,3
train-00001-of-00048_000348,мен бұл қыздан ең биік нәтиже өттім,мен бұлғыздан ең биік нәтижевт,0.5714285714285714,0.2,7
train-00001-of-00048_000349,ештеңе жоқ оқысын,ешітеңі жоқ оқысын,0.3333333333333333,0.11764705882352941,3
train-00001-of-00048_000350,тамақтан ала бермәтті,مقت,1.0,1.0,3
train-00001-of-00048_000351,шерри,吹会,1.0,1.0,1
train-00001-of-00048_000352,қайырлы күн,قаيрлыгын,1.0,0.5454545454545454,2
train-00001-of-00048_000353,менің атым қырықбаев дәурен асқарұлы сіздердің іс бойынша тағайындалған инспектормын,менің атын қырықбаев дәурен асқарылу сіздердің ісі бойынша тағайндалғаніспектормын,0.5,0.09523809523809523,10
train-00001-of-00048_000354,сіздерді ескертпеп пе еді ме,сіздер дескірт пеппедіне,1.0,0.35714285714285715,5
train-00001-of-00048_000355,бір бірімізді құрметтеп сіздесейік жарай ма,бір біріміз құрмет теп сіз десек жарама,1.0,0.18604651162790697,6
train-00001-of-00048_000356,байқасам,白合生,1.0,1.0,1
train-00001-of-00048_000357,15 жылдың ішінде мектептің жағдай біраз нашарлапты,он бе жылдың ішінде мектептін жағдай быразына шаралапты,0.7142857142857143,0.2,7
train-00001-of-00048_000358,ұлттық бірыңғай тестілеу түлектердің білімін объективті бағалауға бағытталған нәтижесінде,ұлттық бірынға тестілеу түлектердің білімін объективді бағалауға бағыттылған нәтижесінде,0.3333333333333333,0.0449438202247191,9
train-00001-of-00048_000359,талапкерлерге жоғары оқу орындарынан мемлекет тарапынан,талапкерлерге жоғару оқы орындарынан мемлекет тарапынан,0.3333333333333333,0.03636363636363636,6
train-00001-of-00048_000360,грант бөлінеді,رطلن,1.0,1.0,2
train-00001-of-00048_000361,жыл сайын,جلصين,1.0,1.0,2
train-00001-of-00048_000362,мыңдаған бала,мыңдағаң бала,0.5,0.07692307692307693,2
train-00001-of-00048_000363,сол грант үшін,sgrs,1.0,1.0,3
train-00001-of-00048_000364,тестке дайындалады барын салып оқиды,тестке дайындалад барын салыб окит,0.6,0.1388888888888889,5
train-00001-of-00048_000365,ал мен бар күш жігерімді,алмен баркүшігерімді,1.0,0.16666666666666666,5
train-00001-of-00048_000366,осы гранттардың жүйені айналып өтпек болған бір топ бұзақыға бұйырмауын қадағалаймын,осы гранттардың жүйені айналып етпек болған бір топ бұз ақыға бұйырмаын қадақалайм,0.45454545454545453,0.07142857142857142,11
train-00001-of-00048_000367,оны әлі анықтаймыз,ونالانختيمس,1.0,1.0,3
train-00001-of-00048_000368,бірақ осы іске қатысы бар әрбір адам тиісті жазасын алады деп уәде беремін,бірақ ос іске қатыс бар әрбір адам тисті жазасына латтеп әде берім,0.6153846153846154,0.17567567567567569,13
train-00001-of-00048_000369,сыныптың жартысы кәмелет жасқа толған сондықтан,сынықтың жарысы камелет жасқа толған сондықтан,0.5,0.06382978723404255,6
train-00001-of-00048_000370,барлық қаталдықпен жауап бересің,барлық қадалықпен жауап бересінде,0.5,0.15625,4
train-00001-of-00048_000371,жұмылашы болса жазады,我什么那时过司的走,1.0,1.0,3
train-00001-of-00048_000372,мен балалармен өзім жеке сөйлесем деп едім,мен балалар мен өзім жеке сөйлесем деп едім,0.2857142857142857,0.023809523809523808,7
train-00001-of-00048_000373,және маған,谁你妈刚,1.0,1.0,2
train-00001-of-00048_000374,кен риқорния,听里过你的,1.0,1.0,2
train-00001-of-00048_000375,зидан қойды,zidangdu,1.0,1.0,2
train-00001-of-00048_000376,не дәл өзім,ني的لس,1.0,1.0,3
train-00001-of-00048_000377,айта берді,يتب,1.0,1.0,2
train-00001-of-00048_000378,әкесі ықпалды бизнесмен болған баланың соңғы тоқсанда,әкесі қбалды бизнісімен болған баланың соңы тоқсанда,0.42857142857142855,0.09433962264150944,7
train-00001-of-00048_000379,элиталық мектептен көшіп келген қалай болды,elitalk mektiptin kuşu bilgen kalay oldu,1.0,0.8837209302325582,6
train-00001-of-00048_000380,былесы ме,ولسم,1.0,1.0,2
train-00001-of-00048_000381,сен алысып келгеннен кейін,сенауысып келгенден кейін,0.75,0.11538461538461539,4
train-00001-of-00048_000382,аралық нәтиже күрделесіп кетті,аралық нәтиже күрдесіп ет,0.5,0.16666666666666666,4
train-00001-of-00048_000383,оған не себеп болды деп ойлайсың,буга эмесе бек болуп теп өлесің,1.0,0.53125,6
train-00001-of-00048_000384,солай болған күннің өзінде,所不问跟能跟身弟,1.0,1.0,4
train-00001-of-00048_000385,мүмкін сен олар жайлы бір жерден естіген шығарсың жоқ әлгі,мимкін сені ол ашайлі бір жердін истіген шығарысын жоғалбі,0.9,0.25862068965517243,10
train-00001-of-00048_000386,маған нан айтшы,مغنننتش,1.0,1.0,3
train-00001-of-00048_000387,не үшін,你有什么,1.0,1.0,2
train-00001-of-00048_000388,ең бастысы қалайша,应个是咖了水,1.0,1.0,3
train-00001-of-00048_000389,оқу үлгерімі төмен,охүль гөрмүт түмин,1.0,0.6111111111111112,3
train-00001-of-00048_000390,тәртібі нашар,ترتب النشار,1.0,1.0,2
train-00001-of-00048_000391,болашақта блогер болуды армандайтын адам,бұл ашақта бұлогер болдармандайтын адам,0.8,0.15,5
train-00001-of-00048_000392,бір тоқсанның ішінде,برتقصا م شندي,1.0,0.95,3
train-00001-of-00048_000393,оқуын жақсарту,وقونشخصرت,1.0,1.0,2
train-00001-of-00048_000394,ең жоғары балалық,انشغر بللق,1.0,0.9411764705882353,3
train-00001-of-00048_000395,түкке тұрмайтын патшандық намысыңды қойып барлық шындықты айтып беретін болсаң саған ештеңе болмайды деп уәде бер,түрке пірмайтын патсондық намысымдық қой барлық шынды қылайтып беретін болсаң сағанештеме лмайттек ладе бер,0.75,0.20353982300884957,16
train-00001-of-00048_000396,мен олардың бұны қалай істеп жүргенін білмеймін,мен олардың бұны қалай істеп жүрген білмейм,0.2857142857142857,0.0851063829787234,7
train-00001-of-00048_000397,білім деген,بلمدن,1.0,1.0,2
train-00001-of-00048_000398,мен сыныптағылармен араласпаймын,م سن تغل من ارلصبين,1.6666666666666667,0.9375,3
train-00001-of-00048_000399,не үшін екенін білесіз бе,nisniken blisve,1.0,0.96,5
train-00001-of-00048_000400,кинолары,给n个,1.0,1.0,1
train-00001-of-00048_000401,ай сәл кем,يسبكن,1.0,1.0,3
train-00001-of-00048_000402,жаңағы,上,1.0,1.0,1
train-00001-of-00048_000403,большая тұсында,我写不的,1.0,1.0,2
train-00001-of-00048_000404,бала өспеген,بلع وسبين,1.0,0.9166666666666666,2
train-00001-of-00048_000405,бірақ мен,pرaخمين,1.0,1.0,2
train-00001-of-00048_000406,өз балдарымды өзім жинам,күз болдардыңда дін жинам,0.75,0.375,4
train-00001-of-00048_000407,дәулен асқарұлы,دولن صخر,1.0,0.9333333333333333,2
train-00001-of-00048_000408,мен мектепке не үшін келемін,ميميكتبكنيشنل,1.0,1.0,5
train-00001-of-00048_000409,сабақ оқушы,擦把呼手,1.0,1.0,2
train-00001-of-00048_000410,басқасында менің шаруам жоқ,صنمشرن,1.0,1.0,4
train-00001-of-00048_000411,мысалы кедергі жастар бала болмай болашағымды өтейтін,aвon kidрiжestа бaла bоmaй bолaшаn ludiхнi,1.0,0.6792452830188679,7
train-00001-of-00048_000412,өсеңдерші шығайын,心的,1.0,1.0,2
train-00001-of-00048_000413,әбір,,1.0,1.0,1
train-00001-of-00048_000414,таң басқан парақтарда,安بس爸了茶,1.0,1.0,3
train-00001-of-00048_000415,сүлейтін екі сағат,虽的也个笑啊,1.0,1.0,3
train-00001-of-00048_000416,қасқырама жүрегі,قصراماشليدا,1.0,1.0,2
train-00001-of-00048_000417,шовтаннан,شتنا,1.0,1.0,1
train-00001-of-00048_000418,ең болмаса соңғы тоқсанда оянатын шығарсың,ең болмаса сонғы тоқсанда оянату шырарсыда,0.5,0.14285714285714285,6
train-00001-of-00048_000419,ол сені бағалаңа,我سنبض了ن,1.0,1.0,3
train-00001-of-00048_000420,сенсің маңгүл шалғаныма,เชสม งดเsาอางมา,1.0,0.9565217391304348,3
train-00001-of-00048_000421,солай ма,صلما,1.0,1.0,2
train-00001-of-00048_000422,жоң ә,找,1.0,1.0,2
train-00001-of-00048_000423,нұржамал ашубасарқызы,нұржамал ашыбасарғыза,0.5,0.14285714285714285,2
train-00001-of-00048_000424,заң бойынша бізде аптасына 3 сағат дене шынықтыру өту керек завтра дейін дұрыс айтады апай,заң бойюнша бізде аптасына үшсағат енес шынықтыр өту керек задырадин дұрс айта ды апай,0.6,0.15555555555555556,15
train-00001-of-00048_000425,показ адрадин,كانزغرادين,1.0,1.0,2
train-00001-of-00048_000426,құрметті сыныптастарым сүйікті мектебіңіздің алғашқы күнінің аяқталуымен шын жүректен құттықтаймын пока,құрметқасын тастарым сектін етебіміздің алғашқы күнгін аяқталуымен шүн жүректен қоттықтайман пака,0.7272727272727273,0.18446601941747573,11
train-00001-of-00048_000427,все хорошо ма жолашағың да ойлаймын,小还是吗如果小了么走来,1.0,1.0,6
train-00001-of-00048_000428,мам кешке,امكش,1.0,1.0,2
train-00001-of-00048_000429,иә,,1.0,1.0,1
train-00001-of-00048_000430,вообще сонда бізде заряженная машина болмаса біз сонда адам емеспіз ғой иә,отжетті сонда бізде зарияжны машына болмаса біз сонда адам емес біз ғойя,0.5,0.24324324324324326,12
train-00001-of-00048_000431,жай ғана второй сотпыз,じがなたいそす,1.0,1.0,4
train-00001-of-00048_000432,столпали уже,到办有水,1.0,1.0,2
train-00001-of-00048_000433,енді де енді де болды,对音对不,1.0,1.0,5
train-00001-of-00048_000434,ей жоқ айтыңдаршы сендер шаршамадыңдар ма,ежоқ айтындар сінне шашамадындар ма,0.8333333333333334,0.24390243902439024,6
train-00001-of-00048_000435,ааааа,ها,1.0,1.0,1
train-00001-of-00048_000436,жылдар бойы сайырайтын осы енді енді анау енді мынау енді дұрыстап тапсырыңдар осы сендердің болашақтарың болмайды,жылдар бойы сәйратін осы енті енті анау енті мнау ентін дұрста тапсырыңдар ол түстендердің болашақтарын болмайд,0.6875,0.16666666666666666,16
train-00001-of-00048_000437,күнде әр минут әр секунд сайын осылай миымызда кетті,kundi er minut er sikund san osay mıyımızda get,1.0,0.8653846153846154,9
train-00001-of-00048_000438,сол не болды,总你忘道,1.0,1.0,3
train-00001-of-00048_000439,зидан бәріміз шок болдық бірақ ел итіңді шығарды уже ма енді,зедан бәрімі шоқ болдық бірақ не ейтіндің шығарды жұна енті,0.7272727272727273,0.23333333333333334,11
train-00001-of-00048_000440,весь терминститут,ريسدرميس,1.0,1.0,2
train-00001-of-00048_000441,енді айыру керек,ينتم أرمر,1.0,0.9375,3
train-00001-of-00048_000442,апай,不,1.0,1.0,1
train-00001-of-00048_000443,ашулана бермеңізші,ашулаna бермеңшші,1.0,0.2222222222222222,2
train-00001-of-00048_000444,оданша басқа директорлардан үлгі алып бәрімізге бір бір квартирадан берсеңізші,оданша басқа директорлардан үлгі алып бәрімізге бірбір квартер адам берсеңіш,0.4,0.07692307692307693,10
train-00001-of-00048_000445,осы дұрыс ағай,ص درسا ك,1.0,0.8571428571428571,3
train-00001-of-00048_000446,егер хулигандарды тапсаңыз айтыңыз мен өзім сізге көмектесемін,егер хулигендар тапсаңыз айтыңыз мен өзімсізге көмексі,0.5,0.14516129032258066,8
train-00001-of-00048_000447,асқарұлы,اصقرو,1.0,1.0,1
train-00001-of-00048_000448,свиданиемыз поражник өтіватқан сияқты иә,сведанимспараднигутоткан сяхты,1.0,0.475,5
train-00001-of-00048_000449,кездеседіңіз,زد,1.0,1.0,1
train-00001-of-00048_000450,мен айтайын,您来这,1.0,1.0,2
train-00001-of-00048_000451,ұбт ны қалай тапсырған,بtнаклайtа فсроn,1.0,0.7272727272727273,4
train-00001-of-00048_000452,а,,1.0,1.0,1
train-00001-of-00048_000453,ол енді ұзақ әңгіме ғой,无问组三然你没会,1.0,1.0,5
train-00001-of-00048_000454,сізге ағай қаншалықты подробно айтайын,쓰기하의 간석받을 분내 되,1.0,0.9210526315789473,5
train-00001-of-00048_000455,қаласаңыз мен кішкене подругын айта аламын қаласаңыз нормально подругын айта аламын,қаласаңыз мен кішкене падырубын айталамы қаласаңыз нормальна падырубын айталам,0.6363636363636364,0.1686746987951807,11
train-00001-of-00048_000456,или или давайте прям,一定等我去,1.0,1.0,4
train-00001-of-00048_000457,өзіңе қалай ыңғайлайды,可是给看了应该的,1.0,1.0,3
train-00001-of-00048_000458,құнда,妈子,1.0,1.0,1
train-00001-of-00048_000459,он бір жыл бұрын менің әкем мектепке алып келді ғой сол кезден бастап айтайын иә,омыр жолбырмен нәкін ектіп капкады ой сол кезде масыпаті не,0.9333333333333333,0.4875,15
train-00001-of-00048_000460,оны қоя сал,م快s,1.0,1.0,3
train-00001-of-00048_000461,маған соңғы тоқсандарың қызық,маған соңғы тоқсындарын қыз,0.5,0.13793103448275862,4
train-00001-of-00048_000462,негізі өте қате жасап жатырмын,你子为再还这生死不事,1.0,1.0,5
train-00001-of-00048_000463,талай тірке ұзағың қалыватыр,他这够算个我,1.0,1.0,4
train-00001-of-00048_000464,скерсик,سكرسك,1.0,1.0,1
train-00001-of-00048_000465,а жарайды,姐来,1.0,1.0,2
train-00001-of-00048_000466,далада,你到了的,1.0,1.0,1
train-00001-of-00048_000467,әурайым,还有来,1.0,1.0,1
train-00001-of-00048_000468,апай тура пятиклашкаларға сөйлегенде болдыңыз ғой бізге,апай тура кетеклашкаларға сөйлегенде бұлдыңызығы бізге,0.42857142857142855,0.12727272727272726,7
train-00001-of-00048_000469,задрадзин,زدرادين,1.0,1.0,1
train-00001-of-00048_000470,ал сіз мен үшін уайымдамай қойыңыз апай мен бәрібір ұбт тапсырмаймын,а сізмен ішін уайнамай қаң запай мен бәрі бір опытық тапсырмай,1.0,0.29411764705882354,11
train-00001-of-00048_000471,апай қашанғы айтамын маған универ керек емес менің ағам баяғыда өзінің логистикалық компаниясында жұмысқа алған,абай қашанқайта маған универ керек емеңіс менің аған баяғ да өзінің логистикалык компаниясына жұмысқа алған,0.6,0.11711711711711711,15
train-00001-of-00048_000472,и айтпақшы егер сізге жеткізу керек болса,и айтпакша игер стиге жеткизү керек болса,0.5714285714285714,0.17073170731707318,7
train-00001-of-00048_000473,наверное білесіз қой,مالعنده الاسخر,1.0,0.95,3
train-00001-of-00048_000474,жарайды онда ойланайын иә,ج这顿的我两那一年,1.0,1.0,4
train-00001-of-00048_000475,кетермін,كترمن,1.0,1.0,1
train-00001-of-00048_000476,артта жазған сөзін қалар,қартта жазған сөзін қалар,0.25,0.041666666666666664,4
train-00001-of-00048_000477,что тама иә татау мықты ма иә,тета мaя тото мхtмоне,1.0,0.6896551724137931,7
train-00001-of-00048_000478,айттым ғой саған студенттегі тынымен асықпа деп менің қандай мажорик келді,әтіма сана студенттиктің мен асықпаға дет менне қандай мажорик келді,0.7272727272727273,0.2972972972972973,11
train-00001-of-00048_000479,түсіндің бе түсіндім түсіндім,孙明吧,1.0,1.0,4
train-00001-of-00048_000480,сол иә қызынбай қалады,走你怎没了,1.0,1.0,4
train-00001-of-00048_000481,сыймала алмай жүр ме,sемaламай zүрін,1.0,0.55,4
train-00001-of-00048_000482,сөйтсем мені кім алтайық деп,شتنكمالتيخ,1.0,1.0,5
train-00001-of-00048_000483,сақтауға үш жүрі қараша,сахтаға шфура харыша,1.0,0.391304347826087,4
train-00001-of-00048_000484,сабақта отырмын ғой абай,سبقطتواب,1.0,1.0,4
train-00001-of-00048_000485,мүмкін басқа есеп берерсіз апай мынау расымен де қиын екен,мүмкін басқа эсеп береш сапай мынау расымен де қиын екен,0.3,0.10344827586206896,10
train-00001-of-00048_000486,наконец то каникулдан бері күткен сабағым осы еді,наконетсы аникұлдан бер кіпкен сама ғымас ет,1.0,0.32653061224489793,8
train-00001-of-00048_000487,келмейміз ба,行那说,1.0,1.0,2
train-00001-of-00048_000488,че то новенький,ت那يك,1.0,1.0,3
train-00001-of-00048_000489,если баскетбол ойнаймын,سي بسك بي نم,1.3333333333333333,0.9130434782608695,3
train-00001-of-00048_000490,пилича,你那这,1.0,1.0,1
train-00001-of-00048_000491,формаң жалпы ма,فرمزك,1.0,1.0,3
train-00001-of-00048_000492,қосновиді де бар ғой бір күні сіңіртсе келеді,сnовجdвر ргn сңtك,1.0,0.8222222222222222,8
train-00001-of-00048_000493,кім өзіне көп алатын ше,通是这会我了钱,1.0,1.0,5
train-00001-of-00048_000494,еееее тоқтаңдар,e tخtand,1.0,0.9333333333333333,2
train-00001-of-00048_000495,кесте деп жазылып тұр ма,кестедер дішы деп жазылып тұрма,0.8,0.375,5
train-00001-of-00048_000496,значит дүше болады,怎是的是不,1.0,1.0,3
train-00001-of-00048_000497,бетімен кеткен,етімен еткел,1.0,0.21428571428571427,2
train-00001-of-00048_000498,тәрбиесіздер не болыпты сонша,тәрбие сіздер не боптысоншы,1.0,0.1724137931034483,4
train-00001-of-00048_000499,сіз өзіңіз емес былай айтқан тарих кабинетіне барыңыздар деп,сіз өзіңіз ебес п айтқан тарих кабинетіне барыңыздар деп,0.2222222222222222,0.1,9
train-00001-of-00048_000500,біз ойлап қалдық деші тарих кабинетінде болады деп солай емес,біз ойла қалтық деші тарих кобинетінде болат деп сала емес бар,0.6,0.18032786885245902,10
train-00001-of-00048_000501,ремонт жасап қойшы пожалуйста,monteesacois pajosta,1.0,0.9655172413793104,4
train-00001-of-00048_000502,не дейді ма балаңа,你这帮忘啊,1.0,1.0,4
train-00001-of-00048_000503,асаның ғой дейді асаның қайшы,حصصش,1.0,1.0,5
train-00001-of-00048_000504,мәссақшы,三吃,1.0,1.0,1
train-00001-of-00048_000505,что тамақтан шығып қалайсың,شت مسش يس,1.0,0.9259259259259259,4
train-00001-of-00048_000506,все вот бірақ необщительный сияқты ше,سو برط نعبشتلنس,1.0,0.9459459459459459,6
train-00001-of-00048_000507,не салам не алейкум,مي صلامني عليكم,1.0,0.8947368421052632,4
train-00001-of-00048_000508,давайте хотя бы на обращение обнимемся,doesy tew naпrysenia bnims,1.0,0.9210526315789473,6
train-00001-of-00048_000509,иә ну иә біздің көп алғанымыз,م不ب,1.0,1.0,6
train-00001-of-00048_000510,апайлар қарап не болды жылай бермес табындаватыр,апайлар харап не болды зылай вірмес тадындалар,0.5714285714285714,0.16666666666666666,7
train-00001-of-00048_000511,творец просто он непростой,вэтусмоне простой,1.0,0.5769230769230769,4
train-00001-of-00048_000512,лайва жазушы да,来يوجغ的,1.0,1.0,3
train-00001-of-00048_000513,жай жазбайды,这人子,1.0,1.0,2
train-00001-of-00048_000514,аңғайға,快好,1.0,1.0,1
train-00001-of-00048_000515,сіздің қолдауыңызды бағалаймыз апай рақмет,сіздің қолдағыңызда бағалаймыз апай рахмет,0.4,0.07142857142857142,5
train-00001-of-00048_000516,шөп шөп,是什么,1.0,1.0,2
train-00001-of-00048_000517,кәмелі тоқташы,بميلي ختش,1.0,0.9285714285714286,2
train-00001-of-00048_000518,қайдан сұрадым,回见,1.0,1.0,2
train-00001-of-00048_000519,саған жүзден дегенше,三两接天这给气,1.0,1.0,3
train-00001-of-00048_000520,шашап қалдым ғой,sasa kalmoy,1.0,0.9375,3
train-00001-of-00048_000521,аяғың кішкентай болса да тездеп жүр өткен иә,аяхын кішентай босапы тезе жүреткене,1.0,0.3181818181818182,8
train-00001-of-00048_000522,а что дамиле неге көңіл күйің жоқ,ачетамеле неге көңілкемізып,0.8571428571428571,0.42424242424242425,7
train-00001-of-00048_000523,жоқ айтасың оны жай ғана атсаңдар ғой,こ買いてそののじゃがなさんだろ,1.0,1.0,7
train-00001-of-00048_000524,сене тапсырма точно саған енді сен францияға кетесің,seye tapsırma saşim sanan yendesen franцaa getesi,1.0,0.8653846153846154,8
train-00001-of-00048_000525,олай болса,و来مس,1.0,1.0,2
train-00001-of-00048_000526,формаңды берсеңші ма құнадың,formang dubersispapengan,1.0,0.9642857142857143,4
train-00001-of-00048_000527,өсіп,سف,1.0,1.0,1
train-00001-of-00048_000528,неге шыдам или сен,你现在那个线,1.0,1.0,4
train-00001-of-00048_000529,просто так ойындаваться,رستكونوتز,1.0,1.0,3
train-00001-of-00048_000530,вот мен сенің орныңда болғанда бар ғой,бот мен сең орында болымда бар ғой,0.5714285714285714,0.21052631578947367,7
train-00001-of-00048_000531,менің атамнан менің далада гений деп атамыз,mとなmndngにじp,1.0,1.0,7
train-00001-of-00048_000532,мақтанып тұратын едім ал сен,わатmたатnе ау sеn,1.0,0.6785714285714286,5
train-00001-of-00048_000533,солай үшін тапсырайық,فشن تبسرس,1.0,0.9523809523809523,3
train-00001-of-00048_000534,жөл,就一,1.0,1.0,1
train-00001-of-00048_000535,кешегі болған жағдай бұл просто проверка,кешек болған жағдай бол крос провекка,0.6666666666666666,0.175,6
train-00001-of-00048_000536,негізі нормальный процесс,子ن慢个س,1.0,1.0,3
train-00001-of-00048_000537,лак обещаю без рак,أنش لزرك,1.0,0.9444444444444444,4
train-00001-of-00048_000538,түсінікті,,1.0,1.0,1
train-00001-of-00048_000539,жаңа сай,您们三,1.0,1.0,2
train-00001-of-00048_000540,аха,س,1.0,1.0,1
train-00001-of-00048_000541,сөйтіп шығып,其实喝去,1.0,1.0,2
train-00001-of-00048_000542,қарас қандай едің,رسقندن,1.0,1.0,3
train-00001-of-00048_000543,неге сөйтіп,مند سكر,1.0,0.9090909090909091,2
train-00001-of-00048_000544,ештеңе айтпайды келесі рет сұрайсыз,netiك كеlesغىsغىs,1.0,0.9428571428571428,5
train-00001-of-00048_000545,клитик,lrك,1.0,1.0,1
train-00001-of-00048_000546,келесі рет мен түсіретін кезде мен саған қайтарып беремін,келesрeтмен sүрeтiнgеzе мен san kaтaп кеrim,0.8888888888888888,0.5614035087719298,9
train-00001-of-00048_000547,бұл жерде,没就,1.0,1.0,2
train-00001-of-00048_000548,үйіңіздің әлі алыс тұр,üniجinel ast,1.0,0.9545454545454546,4
train-00001-of-00048_000549,айналамын,哥,1.0,1.0,1
train-00001-of-00048_000550,шайырлы,是,1.0,1.0,1
train-00001-of-00048_000551,мен өзім ата анамды тентектеп жүрсем,өзі матананду центектебижсем,1.0,0.4166666666666667,6
train-00001-of-00048_000552,или не болады,ي你و,1.0,1.0,3
train-00001-of-00048_000553,біз не істейміз сіз,人是,1.0,1.0,4
train-00001-of-00048_000554,әй не болмсыған,你我寸,1.0,1.0,3
train-00001-of-00048_000555,тартпай тұрсың,ر,1.0,1.0,2
train-00001-of-00048_000556,туар,ر,1.0,1.0,1
train-00001-of-00048_000557,инт жауыттарына қол жеткізе алатын адамдар көремін,енді жауақтарына қол жетіде алатын адамда,0.7142857142857143,0.32,7
train-00001-of-00048_000558,яғни нелері анау сабақтағы,你رنسبس,1.0,1.0,4
train-00001-of-00048_000559,түбет может,,1.0,1.0,2
train-00001-of-00048_000560,мазасын алмайсың олардың таң атпай өсек айтып,мағдасыта алмайсындалардың таңатпай остегәкр,1.0,0.37777777777777777,7
train-00001-of-00048_000561,план бұл,完,1.0,1.0,2
train-00001-of-00048_000562,сонда апай бұл теңдеуде иғ пен икс табу керек иә,сонды апай бұл теңдеуде егірікпен екістау керек,0.6,0.2916666666666667,10
train-00001-of-00048_000563,ары қарай қалай шешем,二喝起行,1.0,1.0,4
train-00001-of-00048_000564,бұл алтысына бірақ ой,بلاسناترالي,1.0,1.0,4
train-00001-of-00048_000565,шеше амады ма апай,吃什毛的吗贝,1.0,1.0,4
train-00001-of-00048_000566,блин апай маған неге 4 дамириге 5,білей напай мағаннеге төрт дамилиге бес,1.0,0.3939393939393939,7
train-00001-of-00048_000567,балдары әпшібасар қызы,fazarı apşi başlarqızı,1.0,1.0,3
train-00001-of-00048_000568,ой білмеймін үш төрт күн бұрын әлгі күн,شكتكك,1.0,1.0,8
train-00001-of-00048_000569,жүк,,1.0,1.0,1
train-00001-of-00048_000570,вот жоқ енді шығарып шығады,那觉就上,1.0,1.0,5
train-00001-of-00048_000571,мен ментальмен сөйлескенін естіп қалдым,min minter mеn sүlsken istepon,1.0,0.8974358974358975,5
train-00001-of-00048_000572,походу әкесі қысым жасаған пробнадан аз балалдың деп вот,паходу әкесі қысым жасаған провндудан азып алалдын деп от,0.5555555555555556,0.16071428571428573,9
train-00001-of-00048_000573,бөбек сен,س,1.0,1.0,2
train-00001-of-00048_000574,сөйтіп ба,,1.0,1.0,2
train-00001-of-00048_000575,тағы,,1.0,1.0,1
train-00001-of-00048_000576,менің үйленгенің ғой менің қалай үйленгенім,你你来个人مい你好,1.0,1.0,6
train-00001-of-00048_000577,сәлеметсіз бе,,1.0,1.0,2
train-00001-of-00048_000578,бетер сөйтпес,فبرف,1.0,1.0,2
train-00001-of-00048_000579,кәсіптіңіздер,,1.0,1.0,1
train-00001-of-00048_000580,оқу керек еді,爸,1.0,1.0,3
train-00001-of-00048_000581,сөйтіп жүрген,,1.0,1.0,2
train-00001-of-00048_000582,сөйтіп тұрғығы,你的后,1.0,1.0,2
train-00001-of-00048_000583,кәсіп тұр,呀是ف,1.0,1.0,2
train-00001-of-00048_000584,қалайығы,嘞,1.0,1.0,1
train-00001-of-00048_000585,жарат шауна,上的有分,1.0,1.0,2
train-00001-of-00048_000586,шая түлік мау,现只后了,1.0,1.0,3
train-00001-of-00048_000587,не жетпейді деп ол не жетпейді а,نشبسنشبيد,1.0,1.0,7
train-00001-of-00048_000588,бұған,,1.0,1.0,1
train-00001-of-00048_000589,иә,爷,1.0,1.0,1
train-00001-of-00048_000590,қалысыңыз ба,错,1.0,1.0,2
train-00001-of-00048_000591,сөйтіп жүрдіңіздерді,,1.0,1.0,2
train-00001-of-00048_000592,әй сендер бұны қайдан ойлап таптыңдар неге енді ғана айтып жатсыздар балаларға тестті қайта тапсырғызуға ешқандай құқықтарыңыз жоқ,шендер күні қайдан ойлап таптында неге ендіғаны айтып жатсыздар балаларға тесті қайта тапсырғызуға ешқандай құқтарыңыз жоқ,0.4444444444444444,0.1076923076923077,18
train-00001-of-00048_000593,біз бәріміз жиналып жалып жазамыз сендер,biz berimiz jinalıp jalıp razanmız sindir,1.0,0.9,6
train-00001-of-00048_000594,қара айш күй көп көп,ك,1.0,1.0,5
train-00001-of-00048_000595,келді ме әжеп,给买心,1.0,1.0,3
train-00001-of-00048_000596,маған өтті лақтыл,,1.0,1.0,3
train-00001-of-00048_000597,и жаңағы мысал,家了送,1.0,1.0,3
train-00001-of-00048_000598,ү,,1.0,1.0,1
train-00001-of-00048_000599,бірінші күні қалай өтті,بليس كن خليت,1.0,0.9130434782608695,4
train-00001-of-00048_000600,керемет жақсы бар,كرمت جخسvر,1.0,0.9411764705882353,3
train-00001-of-00048_000601,онан да бардасы,ومنضي ورس,1.0,0.9333333333333333,3
train-00001-of-00048_000602,ақша жіберді,خ是是边的,1.0,1.0,2
train-00001-of-00048_000603,сенен менің,سن م,1.0,0.9090909090909091,2
train-00001-of-00048_000604,қашан ба сөйлеспе,خشبسلسب,1.0,1.0,3
train-00001-of-00048_000605,жоқ болып қалды,جوب بلقل,1.0,0.9333333333333333,3
train-00001-of-00048_000606,сен өзіңді маған,س了م,1.0,1.0,3
train-00001-of-00048_000607,скрипкаға ойнап берші,س快在我你别顺,1.0,1.0,3
train-00001-of-00048_000608,көп болды ғой қолыңыз ұстамағаны,kөppыdga kol ustamagna,1.0,0.875,5
train-00001-of-00048_000609,қызығы,可他不云,1.0,1.0,1
train-00001-of-00048_000610,ас үйден шықпаймын,二岁这全欢你,1.0,1.0,3
train-00001-of-00048_000611,сонда да бір кішкене музыка тыңдауға болмайды ма,sondada bir kışkeri mozkatın davgaa bolmayma,1.0,0.9166666666666666,8
train-00001-of-00048_000612,хәәәәәәәәәәәәрім сол,cرمصل,1.0,1.0,2
train-00001-of-00048_000613,ойдай ғой,为那个,1.0,1.0,2
train-00001-of-00048_000614,венеге,为那个,1.0,1.0,1
train-00001-of-00048_000615,оны қыз бала екенін ұмытып қалған сияқты,قضيك مقتت,1.0,0.975,7
train-00001-of-00048_000616,құрметті қымбатты он бірінші б,құрметті қымбатты оң бірінші б,0.2,0.03333333333333333,5
train-00001-of-00048_000617,сендерді соңғы оқу тоқсанның басталуымен құттықтаймын,сендерді соңғы оқу тоқсанның басталуымен құт тұқтаймын,0.3333333333333333,0.03773584905660377,6
train-00001-of-00048_000618,1 2 айдан кейін сендердің өмірлерің күрт өзгереді,бір екі айдан кейін сендердің өмірлерін күр төзгерет,0.625,0.22448979591836735,8
train-00001-of-00048_000619,алда сендерді,алда сендерды,0.5,0.07692307692307693,2
train-00001-of-00048_000620,талай қызықтармен,талайкзыктармен,1.0,0.23529411764705882,2
train-00001-of-00048_000621,қуаныштар күтіп тұр,қуаныштар кітіптір,0.6666666666666666,0.15789473684210525,3
train-00001-of-00048_000622,мектепті бітіргеннен кейін жолдарында қиыншылықтар күтуі мүмкін,мектепті бітіргеннен кейін жолдарыңда қыыншылықтар күту мүмкін,0.42857142857142855,0.047619047619047616,7
train-00001-of-00048_000623,алайда сендердің барлықтарың,алайда сендердің барытарың,0.3333333333333333,0.07142857142857142,3
train-00001-of-00048_000624,оларға төзетіндер ме шын жүректен,оларға төзетіндеріме шынжжектен,0.8,0.12121212121212122,5
train-00001-of-00048_000625,кеңес,你,1.0,1.0,1
train-00001-of-00048_000626,иә,爷,1.0,1.0,1
train-00001-of-00048_000627,себебі кейбіреулерінің білімдерін бесінші сыныптың деңгейінде қалып қойған зидан,себебі кебрлерінің білімдерін бесінші сыныптың деңгейінде қалып қойған зидан,0.1111111111111111,0.05,9
train-00001-of-00048_000628,емт жақындап қалды балалар,еңті жақындапқалды алала,1.0,0.19230769230769232,4
train-00001-of-00048_000629,ал көрсеткіштерім тым нашар,ал көрсеткіштерім тұңнашар,0.5,0.1111111111111111,4
train-00001-of-00048_000630,не жармай шығыңыз ағады,нуже н шал зрб,1.0,0.782608695652174,4
train-00001-of-00048_000631,дәл қазір сол туралы сөйлесіп отырмыз,біздәл қабір сол туралы сөйлесі болтыр,0.6666666666666666,0.2702702702702703,6
train-00001-of-00048_000632,тарсымовтан,رسبت,1.0,1.0,1
train-00001-of-00048_000633,зидан,زيدا,1.0,1.0,1
train-00001-of-00048_000634,ойыңды өзгерткен жоқсың ба,ووزكنصم,1.0,1.0,4
train-00001-of-00048_000635,мүмкін тапсырасың а тестілеуді,võmkun tapsrаsыna test ludы,1.0,0.8666666666666667,4
train-00001-of-00048_000636,дұрыс арене,dросариnе,1.0,0.5454545454545454,2
train-00001-of-00048_000637,бірақ сонда да,bіraқ sondadi,1.0,0.7857142857142857,3
train-00001-of-00048_000638,ертең не боларын білмейсің ғой сен,ердең не боларың білмесің өсен,0.8333333333333334,0.20588235294117646,6
train-00001-of-00048_000639,сенің орныңда жоғарғы білім туралы ойланып көрер еді,сенің орыныңда жоғарғы білім туралы ойланып көререт,0.375,0.07692307692307693,8
train-00001-of-00048_000640,асанғойы,三过爷,1.0,1.0,1
train-00001-of-00048_000641,мүмкін өзің туралы айтарсың бізге танысамыз,мүмкін өзің туралай дарсыңізге тамысамыз,0.6666666666666666,0.16279069767441862,6
train-00001-of-00048_000642,жоқ қалауынша,只道考老红山,1.0,1.0,2
train-00001-of-00048_000643,онда бастаймыз иә,onda bassamize,1.0,0.9411764705882353,3
train-00001-of-00048_000644,ал балалар,албаллар,1.0,0.2,2
train-00001-of-00048_000645,сәттілік,ستلك,1.0,1.0,1
train-00001-of-00048_000646,зидам,زدم,1.0,1.0,1
train-00001-of-00048_000647,күрт телефонды,قكفند,1.0,1.0,2
train-00001-of-00048_000648,ая,阿燕,1.0,1.0,1
train-00001-of-00048_000649,тастанган кисе,都三点记思,1.0,1.0,2
train-00001-of-00048_000650,буғ,我,1.0,1.0,1
train-00001-of-00048_000651,сосын тест нәтижелері күнделікті енетіні туралы ұмытпаймыз,соснтеснатижелері кондиле кияне контурало мих плаймо,1.0,0.4482758620689655,7
train-00001-of-00048_000652,енді ешкімге де ескен,djеskin e лesk,1.0,0.8571428571428571,4
train-00001-of-00048_000653,бағалайығыңыздар,,1.0,1.0,1
train-00001-of-00048_000654,құрметті ата аналар,ونرتت نظ,1.0,0.9473684210526315,3
train-00001-of-00048_000655,сәл сауал таза беспредел солай ма,шальсавол таза биспредел солайма,0.8333333333333334,0.21212121212121213,6
train-00001-of-00048_000656,құрметті адамға тыныш тыныш,上ま方がし彼し,1.0,1.0,4
train-00001-of-00048_000657,расымен,رسمين,1.0,1.0,1
train-00001-of-00048_000658,талапкерлердің заңды бұзғанының ешбір дәлелі жоқ,talapkelerdiң zaңdı buzгanının yiş bir delildi,1.0,0.8958333333333334,6
train-00001-of-00048_000659,алайда,老一的,1.0,1.0,1
train-00001-of-00048_000660,бүткіл сынып,你困死,1.0,1.0,2
train-00001-of-00048_000661,жүз қырық балалы деп енді ол миға қонбайтын,жүз құрық болалды енді ол миға қонбайт,0.5,0.18604651162790697,8
train-00001-of-00048_000662,бұл енді шынын айтқанда,我能的身来看蛋,1.0,1.0,4
train-00001-of-00048_000663,тіпті мүмкін де емес,특들은큰드,1.0,1.0,4
train-00001-of-00048_000664,нұржамала шұбасарқызы,uжamalasıbazarbız,1.0,0.9523809523809523,2
train-00001-of-00048_000665,расында,ذسني,1.0,1.0,1
train-00001-of-00048_000666,мың ойларың қалай жеттіп жүр иә,mu waragaazicura,1.0,0.967741935483871,6
train-00001-of-00048_000667,ал енді біз,二点对不死,1.0,1.0,3
train-00001-of-00048_000668,айта тапсыруды талап етпейміз,hayta tapsı rudu talab etliğimiz,1.25,1.0,4
train-00001-of-00048_000669,оған ешбір негіз жоқ,وعني يشبر نيج,1.0,0.9,4
train-00001-of-00048_000670,сондай ақ полиция қызметкерлеріне шақыруға да біздің,сондай а полиция қызметкенлердин шақыруга да биздим,0.5714285714285714,0.17307692307692307,7
train-00001-of-00048_000671,қалқыңыз,好很事,1.0,1.0,1
train-00001-of-00048_000672,алайда,我到一真,1.0,1.0,1
train-00001-of-00048_000673,біз ішкі тергеуді жалғастырамыз,біз эшкі тергеуді жалғастырамыз,0.25,0.03225806451612903,4
train-00001-of-00048_000674,ертеңнің өзінде,일생는 것준들,1.0,0.9333333333333333,2
train-00001-of-00048_000675,мектепке инспектор қызметін атқаратын өкілін жібереміз,мектепке инспектр қызметін атқаратын өкілінші бөреміз,0.5,0.09259259259259259,6
train-00001-of-00048_000676,сондықтан,说都正,1.0,1.0,1
train-00001-of-00048_000677,бүкіл мұғалімдер оған көмектесу,글 م가림들 워간 к육되시,1.0,0.8709677419354839,4
train-00001-of-00048_000678,ал енді ата аналарға ескертерім,alend atanalarga esкerterim,1.0,0.9032258064516129,5
train-00001-of-00048_000679,егер балалар,iger balalar,1.0,0.9166666666666666,2
train-00001-of-00048_000680,кінәсі мойындалса,كnes myndalsa,1.0,0.9411764705882353,2
train-00001-of-00048_000681,яғни дәлелденсе,يغني دال الدنس,1.5,0.9333333333333333,2
train-00001-of-00048_000682,онда оларды өте ауыр сауда күтеді,ondav olardı uyetle avru savlar kut,1.0,1.0,6
train-00001-of-00048_000683,назарларыңызға рақмет,زرل نزغر خمت,1.5,0.9523809523809523,2
train-00001-of-00048_000684,грасс,برس,1.0,1.0,1
train-00001-of-00048_000685,ұбт ны қайтадан навык аттастырайық бәріміз,obutaнa kаytadaн nagaтaftыraktarmiz,1.0,0.8571428571428571,6
train-00001-of-00048_000686,жинаңдар,吉难在,1.0,1.0,1
train-00001-of-00048_000687,мен бе,明,1.0,1.0,2
train-00001-of-00048_000688,шонфон,说梦,1.0,1.0,1
train-00001-of-00048_000689,мен осы мектепте жұмыс істегеніме,мен осымеккепте жұмыс стегеніме,0.6,0.09090909090909091,5
train-00001-of-00048_000690,бақаң да жиырма жыл болды,بقند لجر مجرو,1.0,0.92,5
train-00001-of-00048_000691,ал мынандай сыныпты мен көрген емеспін,ал мынан дай сыныпты мен көрген емес пін,0.6666666666666666,0.05263157894736842,6
train-00001-of-00048_000692,үлгерімдері нашар тәртіптері одан да нашар сабаққа келмейді төбелеседі скандалдан скандал,үлгерімдері нашар тәртіптері оданды нашар сабаққа келмейді төбелеседі скандалдан скандал,0.18181818181818182,0.02247191011235955,11
train-00001-of-00048_000693,қасықтап жинаған мектептің абыройын айрандай төктіңдер,қасықтап жынаған мектептің абыройын айландай төктүңдер,0.5,0.05555555555555555,6
train-00001-of-00048_000694,айналайындар ау бұған сендердің мына миларың қалай жетті,能来应大让不汉亲天那没大人可了现的,1.0,1.0,8
train-00001-of-00048_000695,ең сорақысы,jen sorepse,1.0,1.0,2
train-00001-of-00048_000696,мені және мұғалімдерді сендерге көмектес деп жатыр екен,мені және мұғалимдерді сендерге көмектес теп жатыр екен,0.25,0.03636363636363636,8
train-00001-of-00048_000697,құлтты,,1.0,1.0,1
train-00001-of-00048_000698,сөйткен сөйткен,,1.0,1.0,2
train-00001-of-00048_000699,ертең бәрі ашылғанда қалай қалай күлетіндеріңді көреміз әлі,ертең бәрі ашылғанда қалай қалай күлетіндеріңді көре місәлі,0.25,0.05084745762711865,8
train-00001-of-00048_000700,сендер түсінесіңдер ме а бұл қылмыстық іс,сендер түсіне сіңдер ме ә бұл қылмыстығіз,0.7142857142857143,0.12195121951219512,7
train-00001-of-00048_000701,кеш болмай тұрғанда,кеш болмай тұрғанда т,0.3333333333333333,0.10526315789473684,3
train-00001-of-00048_000702,майда,文的,1.0,1.0,1
train-00001-of-00048_000703,ескертті ескертті бірақ инспектор сен екенін білмедік дәурен,ескертті ескертті бірақ инспектор сен екенін білмедік тәурен,0.125,0.016666666666666666,8
train-00001-of-00048_000704,бейтан,你ت,1.0,1.0,1
train-00001-of-00048_000705,толық келісем дәурен,тол келсем дәурен,0.6666666666666666,0.15,3
train-00001-of-00048_000706,аха иә дәурен асқарұлы бізде бәрін анықтағымыз келеді біздің мектептің ешбір қызметкері бұл іске қатысты емес деп айта аламын,дәурен асқарылы бізде бәрін анықтағымыз келеді біздің мектептің ешбір қызметкері бұл іске қатысты емес деп айталам,0.2631578947368421,0.096,19
train-00001-of-00048_000707,тұра енді,,1.0,1.0,2
train-00001-of-00048_000708,он бірінші ба,ومبر نجبة,1.0,1.0,3
train-00001-of-00048_000709,жаңа сыныптастарың,jәnasneпtastarың,1.0,0.8333333333333334,2
train-00001-of-00048_000710,ерқожа әсан,يرغجا أسن,1.0,0.9090909090909091,2
train-00001-of-00048_000711,асан отыра ғой,asn otرago,1.0,0.9285714285714286,3
train-00001-of-00048_000712,ал бос орынға отырамын,أبوصن غوض,1.0,0.9545454545454546,4
train-00001-of-00048_000713,иң,你,1.0,1.0,1
train-00001-of-00048_000714,покум,بططم,1.0,1.0,1
train-00001-of-00048_000715,нәтиже өте төмен,ناتيجي وtтمن,1.0,0.875,3
train-00001-of-00048_000716,мен сендер сияқты нашарсыныпты,мен сендер сияқты нашар сыныпты,0.5,0.03333333333333333,4
train-00001-of-00048_000717,өмір көрген емеспін,өмірі көрген емеспін,0.3333333333333333,0.05263157894736842,3
train-00001-of-00048_000718,шынымды айтсам,那么白这么,1.0,1.0,2
train-00001-of-00048_000719,мектептің абыройы үшін,нектептің абыро үші,1.0,0.18181818181818182,3
train-00001-of-00048_000720,мына сыныптың тең жартысын,mnasnett n tеnjarts,1.0,0.9230769230769231,4
train-00001-of-00048_000721,тестке қатыстырмас едім,فستي قاتسترمسدم,1.0,0.9565217391304348,3
train-00001-of-00048_000722,өкінішке орай ол менің қолымда емес,өкінішке орай он менің қолымды емес,0.3333333333333333,0.05714285714285714,6
train-00001-of-00048_000723,қуантатын жалғыз садраддин,خونتاتن جالغ صدرادين,1.0,0.9230769230769231,3
train-00001-of-00048_000724,эй зидан,أيسدا,1.0,1.0,2
train-00001-of-00048_000725,сен тыныш отыр,سينتلشاطر,1.0,1.0,3
train-00001-of-00048_000726,ең нашар оқушылардың бірісің,ең dашаr okушылаrдың беrеsiң,0.75,0.35714285714285715,4
train-00001-of-00048_000727,жақсы болды,加死么的,1.0,1.0,2
train-00001-of-00048_000728,айтпақшы дәмелі,آه ايدبرش دامل,1.5,1.0,2
train-00001-of-00048_000729,мысалы соңғы тоқсанда алатын шығарсың,ыса соңғы тоқсында азатыншығар,0.8,0.24324324324324326,5
train-00001-of-00048_000730,ағаңа ұқсап сенің де суретің құрмет тақтасында ілініп тұрады деп ойлаймын,ағаң ақұсап сеніңде суретің құрмет тақтасында ілліп тұрат деп ойлаймын,0.5454545454545454,0.1095890410958904,11
train-00001-of-00048_000731,жинал,你难,1.0,1.0,1
train-00001-of-00048_000732,әкең саған көмектесуді тапсырған,әкен саған көмекті күді таптырған,1.0,0.1875,4
train-00001-of-00048_000733,басқа айтарым жоқ,басقа йтарым жок,1.0,0.17647058823529413,3
train-00001-of-00048_000734,барлықтарың,بعرض الترن,2.0,1.0,1
train-00001-of-00048_000735,киімдеріңді ауыстырып,كيمدرردعوسرب,1.0,1.0,2
train-00001-of-00048_000736,қайтадан басты корпусқа барасыңдар,қайтадан басты коргусқа барасындар,0.5,0.058823529411764705,4
train-00001-of-00048_000737,биыл енді сендерге дене шынықтыру сабағы болмайды оның орнына ұбту ға дайындаласыңдар,бил ент сендерге денешініқтыру сабағы болмайды оның орына ұбытуға дайындаласыңдар,0.5833333333333334,0.10588235294117647,12
train-00001-of-00048_000738,таппайсыз прикол ұстап тұрсыз ба,posespricosaptrspa,1.0,1.0,5
train-00001-of-00048_000739,зидан прикол деген сенің он бірінші сыныпқа жеткенің,зидан прикол деген сенің он бірінші сыныққа жеткенің,0.125,0.019230769230769232,8
train-00001-of-00048_000740,балда зидан садриддин сенің енді заңды құрметтегенің өте жақсы бірақ мына сыныптастарыңа қосымша дайындалу керек,балалда зедан садрадин сеніңелді заңды құрметтегенің өте жақсы бірақына сыныптастарыңа қосымша дайындалу керек ал менде дене сінұқтырды,0.7333333333333333,0.30357142857142855,15
train-00001-of-00048_000741,вожденье болса міне,важдение бол сами,1.0,0.3684210526315789,3
train-00001-of-00048_000742,қосымша сабақтарға бармай қойсам бола ма жібек сен немене ең ақылдымын деп тұрсың ба,қосымша сабақтарға бармай қойсын бола ма жібек сен не мене ең ақылдымын деп тұрсың ба,0.21428571428571427,0.03571428571428571,14
train-00001-of-00048_000743,рамазан амангелдіұлы сендерді тарих кабинетінде күтеді болды басқа айтарым жоқ барыңдар тезірек,ромазан амангельдұлу сендерді тарих кабинетінде күтет болды басқа айтарым жоқ барыңдап тезірек,0.3333333333333333,0.07368421052631578,12
train-00001-of-00048_000744,ивницка,이주가,1.0,1.0,1
train-00001-of-00048_000745,құдаймын,,1.0,1.0,1
train-00001-of-00048_000746,бұл не деген сұмдыға не деген масқара,бу не деген сұмдыға не деген масқара,0.14285714285714285,0.05405405405405406,7
train-00001-of-00048_000747,мектепте қанша жыл жұмыс істеп жүріп мен мұндайды көрген емеспін,мектепте қанша жылқ жұмыс істеп жүріп мен мұндайды көрген емес,0.2,0.0625,10
train-00001-of-00048_000748,сәлем,,1.0,1.0,1
train-00001-of-00048_000749,сөйтіп тұрғыдан келіп тұр,,1.0,1.0,4
train-00001-of-00048_000750,менің шамам жоқ егер доп тепкілерің келсе келе беріңдер,болда бол да ендимени шаман жок эгер дот дептилерин кесе темегеринде,1.2222222222222223,0.6545454545454545,9
train-00001-of-00048_000751,жүрсің,谁罪,1.0,1.0,1
train-00001-of-00048_000752,мыналарға,你能到是干,1.0,1.0,1
train-00001-of-00048_000753,байқау тестін өткізесің білімдерін тексереміз ал сіз,байқау тестін өткізесің білімдерін шексереміз ал сіз,0.14285714285714285,0.019230769230769232,7
train-00001-of-00048_000754,мына кабинетте редко гадрязь,نقبينتكgلدراس,1.0,1.0,4
train-00001-of-00048_000755,сәлем,,1.0,1.0,1
train-00001-of-00048_000756,тиіпті 11 б,ciitt ombar be,1.0,1.1818181818181819,3
train-00001-of-00048_000757,ұбт ға қаншалықты дайын екендеріңді көрейік,ұбытуға қаншалықты дайын екендеріңді көрейік,0.3333333333333333,0.046511627906976744,6
train-00001-of-00048_000758,нәтижелерін алдыңғыдан да,нәтижелерің алдыңғыданда,1.0,0.08,3
train-00001-of-00048_000759,нашар болатынына толық сенімдімін,нашар болатында толып селімдімін,0.75,0.12121212121212122,4
train-00001-of-00048_000760,ең болмаса соңғы тоқсанда оянады,我从动我,1.0,1.0,5
train-00001-of-00048_000761,дуру,در,1.0,1.0,1
train-00001-of-00048_000762,енді әрі қарай шешпейсің бе,енді арықыра шешпейсіңде,0.8,0.25925925925925924,5
train-00001-of-00048_000763,басыммен шешесің,八生人是是死,1.0,1.0,2
train-00001-of-00048_000764,әй иә,一子,1.0,1.0,2
train-00001-of-00048_000765,қайта отырғанын ұмытып қалдың ба,қайта отырған ұмытып қалдың ба,0.2,0.0625,5
train-00001-of-00048_000766,енді жоқ,你怎么上,1.0,1.0,2
train-00001-of-00048_000767,арман не болды шештің бе,арма не вол шештім бе,0.6,0.20833333333333334,5
train-00001-of-00048_000768,құм,我,1.0,1.0,1
train-00001-of-00048_000769,отыр,我大,1.0,1.0,1
train-00001-of-00048_000770,түрт,,1.0,1.0,1
train-00001-of-00048_000771,кім шығарады,كم الشغر,1.0,0.9166666666666666,2
train-00001-of-00048_000772,сені білем ғой садырайдан шығара алатын,сені білем ғой садырайден шығара алатын,0.16666666666666666,0.02564102564102564,6
train-00001-of-00048_000773,данелі,دانيل,1.0,1.0,1
train-00001-of-00048_000774,шық тақтаға,شقطقط,1.0,1.0,2
train-00001-of-00048_000775,кіші қараған,شغرنم,1.0,1.0,2
train-00001-of-00048_000776,да не или деймін,دامي الدين,1.0,0.9375,4
train-00001-of-00048_000777,а,,1.0,1.0,1
train-00001-of-00048_000778,апаймен бақтасам боламын,апаймен пракпасам болам,0.6666666666666666,0.25,3
train-00001-of-00048_000779,ай шығуына тура келеді,әйшықы ыңа тура келет,0.75,0.36363636363636365,4
train-00001-of-00048_000780,ана бағаларын түзеуіміз керек болды,ана бағаларын түзеуіміз керек бу,0.2,0.11428571428571428,5
train-00001-of-00048_000781,бұл,不,1.0,1.0,1
train-00001-of-00048_000782,посаш,不发是,1.0,1.0,1
train-00001-of-00048_000783,дәмелі,دانيل,1.0,1.0,1
train-00001-of-00048_000784,буртап,不道,1.0,1.0,1
train-00001-of-00048_000785,ей тынышты отыршы білгісі сенбейді,ташотыш блгссен би,1.0,0.5882352941176471,5
train-00001-of-00048_000786,он жыл бойы үздік оқып,ومشب الدكوق,1.0,0.9545454545454546,5
train-00001-of-00048_000787,не болды саған өзі,你我知女事,1.0,1.0,4
train-00001-of-00048_000788,примин,是明,1.0,1.0,1
train-00001-of-00048_000789,алдағы еңбектерің үшін ғана мен саған 5 деген балл қоямын,алдағы еңбектерің шың ғана месаған бес деген бал қоя,0.6,0.21052631578947367,10
train-00001-of-00048_000790,аз болса екі қойып берейін,аз болса екі қойт белен,0.4,0.19230769230769232,5
train-00001-of-00048_000791,ол маған қиындық тудырмайды,ол маған қыйын тықтылдурмайты,0.5,0.3333333333333333,4
train-00001-of-00048_000792,бәрі дұрыс па,عردرسبا,1.0,1.0,3
train-00001-of-00048_000793,кім шығады тақтаға,كمشهد تقتغة,1.0,0.9444444444444444,3
train-00001-of-00048_000794,ал садырадин шық,راصدرةشق,1.0,1.0,3
train-00001-of-00048_000795,өлеңешегі өлеңдебақыңыз,我你说到有人之后,1.0,1.0,2
train-00001-of-00048_000796,енді бітіретін жыл сені құдай атты ма,بtреtжsの қだ っ,1.0,0.8378378378378378,7
train-00001-of-00048_000797,не болды саған осы,你我再死,1.0,1.0,4
train-00001-of-00048_000798,обязательно ма,بزات اللما,1.0,1.0,2
train-00001-of-00048_000799,жақсы болыпты,taخsبopt,1.0,1.0,2
train-00001-of-00048_000800,қатты маңызды ма сол,같t 많ま서,1.0,0.95,4
train-00001-of-00048_000801,мен маңызды деп білемін,您忙子就,1.0,1.0,4
train-00001-of-00048_000802,нұсқаң бар ма,مسقمرنو,1.0,1.0,3
train-00001-of-00048_000803,білмедім,不您,1.0,1.0,1
train-00001-of-00048_000804,бәлкім мен тыңдарындымын,бәлкім мен тымдарындымын,0.3333333333333333,0.041666666666666664,3
train-00001-of-00048_000805,тың біліндімін,تم بiلىندىمن,1.0,0.9285714285714286,2
train-00001-of-00048_000806,басқа балалар мен сияқты болғысы келеді,басқа балла мен сахты болғысы келет,0.5,0.1794871794871795,6
train-00001-of-00048_000807,сонымен қоса,从明我三,1.0,1.0,2
train-00001-of-00048_000808,мен адамдармен,م拿ع当的ج,1.0,1.0,2
train-00001-of-00048_000809,жақсы тыңдап саламын,جصلمس,1.0,1.0,3
train-00001-of-00048_000810,замет не я это сказал,заметь меяется сказал,0.8,0.3333333333333333,5
train-00001-of-00048_000811,финога,,1.0,1.0,1
train-00001-of-00048_000812,хоп,ف,1.0,1.0,1
train-00001-of-00048_000813,ол смеялись и хватит меня на годю чем ты бір күн шыдамай мне то что или кай,осмеяли сехватит меана годюшим кебургонштамамне тошто рикай,1.0,0.38666666666666666,17
train-00001-of-00048_000814,сейчас не даю бизнес деймін болды өз сабағымды алдым бәрін түсіндім,сичасынедалю безінесде олды өз сабағндалдың бәрін түсіндің,0.8181818181818182,0.2835820895522388,11
train-00001-of-00048_000815,там невозможно находиться,там невозможно находиться,0.0,0.0,3
train-00001-of-00048_000816,ол,,1.0,1.0,1
train-00001-of-00048_000817,авалды алдық,awa daude,1.0,0.9166666666666666,2
train-00001-of-00048_000818,мені мектебіме қайташы,мен мектекме ғайдыр,1.0,0.36363636363636365,3
train-00001-of-00048_000819,надо ж маму вспомним,nadaš mamo spomnju,1.0,0.9,4
train-00001-of-00048_000820,білмеймін жаңа хатын тауып алдым ғой өзің,білмен жаңа қатын дау алдын өзін,0.8571428571428571,0.3170731707317073,7
train-00001-of-00048_000821,және привет дейді ау,眼你陪别嘴的,1.0,1.0,4
train-00001-of-00048_000822,давай,จาห,1.0,1.0,1
train-00001-of-00048_000823,максимально балалы сақшайық әрқайсысымыз,максимально балалысақша архайсыміз,0.75,0.225,4
train-00001-of-00048_000824,құдай қылсын қалмай қалмай,uta ms ana,1.0,0.9230769230769231,4
train-00001-of-00048_000825,бұрынғы керек,oloiri,1.0,1.0,2
train-00001-of-00048_000826,ассалаумағалейкүм достар сіздермен дайлингизет бүгін біз мына гринвикс сервис,асол малекін бұстар сіздерінен дәйлең гезет бүгін біз міна гринвик сервер,1.0,0.2857142857142857,9
train-00001-of-00048_000827,атты серверінде дезран деген ойынды ойнайтын боламыз неге дезран десең деп,атт серберінде дезран деген ойынды он ейтін боланбыз неге дезранд сеңде,0.7272727272727273,0.16216216216216217,11
train-00001-of-00048_000828,менде вообще идея жоқ просто мінекей менің қасымда подписчик та біреу,менде орше идея жоқ пұрысты мінекемен қасымдып атпешікті бірю,0.7272727272727273,0.34782608695652173,11
train-00001-of-00048_000829,қалмайды менің қасымның үйде түсіватқанын байыптап ендеше осы видео смеу лайк басып комментарий жазамыз арғы жақта дауыс шығыватса мән бермейміз вакуум ғой,қалмайт мен қасымның видеотыватланын бапті енеше осы видеосыме аллайк басып тометаржзаміз арқ жақты далжығат самаберінін жұлакум ғой,0.8181818181818182,0.3419354838709677,22
train-00001-of-00048_000830,ендеше осы үйді ысымай алып айтпасамыз ал ендеше біз,эндеше осыиде асыме алайт басамыз ал эндешебіз,0.8888888888888888,0.28846153846153844,9
train-00001-of-00048_000831,кет,كت,1.0,1.0,1
train-00001-of-00048_000832,айтады достар мен дезранға кірдім мінекей он секунд қауіпті қазір енді он секунд күте тұрайық,итакбұстар мен дезранға кірдім мінеке он секунд қалыпты кәзір енді он секунд күтетырайып,0.4666666666666667,0.17204301075268819,15
train-00001-of-00048_000833,укөй о,wo kore wo,1.5,1.5,2
train-00001-of-00048_000834,мен пахуды қашам алдым,мен пахуду қашамаудим,0.75,0.18181818181818182,4
train-00001-of-00048_000835,кеттік кеттік кеттік,kt kt kt,1.0,0.9,3
train-00001-of-00048_000836,ты бегом дейді ол жақсы ұлы,тібегон жақсыұлды,1.0,0.5185185185185185,6
train-00001-of-00048_000837,йолл сразу аш жүрді ғана қаш енді қаш,йол сразуаш шердуғаны қаш енд қаш,0.75,0.21621621621621623,8
train-00001-of-00048_000838,анау бас шепсе тағы түсіп кетеміз енді болды қашамыз мына жасылдарға секіру керек мынау бас қоса біз түсіп кететін боламыз,әнол бас шепсе тағы түсік бетеміз енді болды қашамыз жасылдарғы секіріл берік нәуке бас қосап з түсік пететін боламыз,0.6,0.20491803278688525,20
train-00001-of-00048_000839,мен жалпы дезран деген ойынды бірінші рет ойнала тұрмын сол үшін,мен жалпы дезраын деген ойынды бірінші рет ойналатырым сол үшін,0.2727272727272727,0.078125,11
train-00001-of-00048_000840,ойнап білмейатсам кешірім сұраймын,وناpلماتصام كicمsرايm,1.0,0.9705882352941176,4
train-00001-of-00048_000841,кеттік енді чекпоинт дейді,кеттіген чік бойынт диді,1.0,0.4230769230769231,4
train-00001-of-00048_000842,сонда қалайын ол,そん다 가워이나,1.0,0.9375,3
train-00001-of-00048_000843,біз нең үстінен жүреміз а түсіндім мына отқа түсеткенбіз ғой,біз неңістінен жүреміз а түсінді мына отқа түсетікенміз ғой,0.4,0.08333333333333333,10
train-00001-of-00048_000844,қазір енді мына отты алып ұстасын мен жүгірем де өтіп кетейін,қазір енді на от алпыстасын мен жүжгіремді өткетейін,0.7272727272727273,0.21311475409836064,11
train-00001-of-00048_000845,кеттік секір,كeتك سيكر,1.0,0.9166666666666666,2
train-00001-of-00048_000846,хм,a,1.0,1.0,1
train-00001-of-00048_000847,сонда біз не анаяққа жетуіміз керек қой,сонда бізіне анайқа жетумыз ерықпа,0.8571428571428571,0.28205128205128205,7
train-00001-of-00048_000848,ә түсіндім мен түсіндім мына жаққа жетуіміз керек пе екен,а түсінды мен түсін нажаққа житуымыз керек кен,0.8,0.2807017543859649,10
train-00001-of-00048_000849,жеттім ау,źitmo,1.0,1.0,2
train-00001-of-00048_000850,так достар осы видеосымен лайк басып кетейікші,так достави оsвидеоасмi лат баспетiкш,0.8571428571428571,0.391304347826087,7
train-00001-of-00048_000851,итак скорыйменде жаңа имидж болады достар,ита күскуар мен де жаңа имич болат достар,1.0,0.2682926829268293,6
train-00001-of-00048_000852,маған көмектескілерің келсе көмектесің,маған көметтескіләбің келсе көметтесің,0.5,0.10526315789473684,4
train-00001-of-00048_000853,қазір енді біз мына жерге түстік,هزرينلقز لنجبقتلسب,1.0,0.96875,6
train-00001-of-00048_000854,ей не ұлды,你d,1.0,1.0,3
train-00001-of-00048_000855,түсінбей кеттім достар бірдеңе болды да мен өліп қалдым будь аккуратный дейді,түшінбелетпім достар бірдеңі олыпта мен өліп қалдым бут акуратінеле,0.6666666666666666,0.2727272727272727,12
train-00001-of-00048_000856,қазір енді көреміз аккурат не болып,გაზღინდ ქერემს აქერეთნი ბულბ,1.0,0.9142857142857143,6
train-00001-of-00048_000857,секір давай,сикрдолой,1.0,0.5454545454545454,2
train-00001-of-00048_000858,мына жаққа секіргіміз керек,aжақa секрмuз геrек,1.0,0.48148148148148145,4
train-00001-of-00048_000859,жеттім енді келесі,жеттім енді келесі,0.0,0.0,3
train-00001-of-00048_000860,иим,이m,1.0,1.0,1
train-00001-of-00048_000861,кеттік қайттан,кет ҡайттан,1.0,0.2857142857142857,2
train-00001-of-00048_000862,қайттан,قطان,1.0,1.0,1
train-00001-of-00048_000863,е қайтадан жап жаңа түспедің ғой а болды достар біз түстік мен шифтте отырып болған екенмін ғой жаңа,қайттан жап жаңа түспедіңға бұлыт достар біз түстік мен шифтте отырып балған екенің ғы жаңа,0.5,0.16,18
train-00001-of-00048_000864,енді біз мына жерге түсеміз не істейміз сосын,енді біз нәжімгіт түсеміз не симіз сосын,0.375,0.26666666666666666,8
train-00001-of-00048_000865,а жаңа анау басып қалған шығар походу,а жаңа анау басық қалғаншар паху,0.5714285714285714,0.1891891891891892,7
train-00001-of-00048_000866,сол үшін мен өліп қалдым енді қашамыз қаш қаш қаш,сол үшінме өліп қалдым енді қашамыз қашқашқас,0.5,0.10204081632653061,10
train-00001-of-00048_000867,енді менде идея жоқ болған соң дез ұран түсіріп отырмын мен,енді менде идея жоқ болған соң дезұрған түсіріп отырммен,0.36363636363636365,0.0847457627118644,11
train-00001-of-00048_000868,қазір енді ешкім жоқпын мына жерде қашып алайық ана,казіріненде ешкім жоқ ен нәжебді қашып ғай ғана,0.7777777777777778,0.3333333333333333,9
train-00001-of-00048_000869,кмит,م,1.0,1.0,1
train-00001-of-00048_000870,басық қалада анандай заттарды шынымыз өліп қоямыз сондайлар,bas abada onan dizatdar tүsimiz o rt boamыz sonday bar,1.25,0.8813559322033898,8
train-00001-of-00048_000871,жоқ қазір,жоқ қазыр,0.5,0.1111111111111111,2
train-00001-of-00048_000872,енді қашамыз қашамыз үлгерсек болды,ненді қашамыз қашамыз үлгәпсек болды,0.4,0.08571428571428572,5
train-00001-of-00048_000873,мына жердіңіздер енді су ма,nazabynyza teny soma,1.0,0.9259259259259259,5
train-00001-of-00048_000874,ел давай давай давай,يو دوي دو دوي,1.0,0.85,4
train-00001-of-00048_000875,тис тис тис,是是,1.0,1.0,3
train-00001-of-00048_000876,шық,生,1.0,1.0,1
train-00001-of-00048_000877,е өттік достар енді келесі чекпот дейді кеттік ау,예 왜득 노스살 얘 길l수 제보이t게뜨가,1.0,0.8979591836734694,9
train-00001-of-00048_000878,анау жоқ қой не істеп тұрсың,ана жоққан не степ топсін,0.8333333333333334,0.32142857142857145,6
train-00001-of-00048_000879,ұял достар анау жарылып кетті,jol dostawano žaro kótte,1.0,0.896551724137931,5
train-00001-of-00048_000880,иә о ма әй о не істейміз енді мына жерде біз,yo mayo nistî mizên hejêbdê bis,1.0,0.8863636363636364,11
train-00001-of-00048_000881,буайтем сосын,boitin,1.0,1.0,2
train-00001-of-00048_000882,ейеу аны басып қалыпты ұстар,ё ано басоптустарi,1.0,0.5714285714285714,5
train-00001-of-00048_000883,кит кит кит,kitkit kit,1.0,0.9090909090909091,3
train-00001-of-00048_000884,тұттық,tực tực,2.0,1.1666666666666667,1
train-00001-of-00048_000885,е бұл шей,bش,1.0,1.0,3
train-00001-of-00048_000886,шәйт етпейді уф секіріп үлгердің достар енді мынандай паркур жоқ,ишайтетпей өф секір білгерін достар менді нандай парткор жоқ,0.8,0.265625,10
train-00001-of-00048_000887,мә мен не істеп қойдым,مә مиنستеق بويدىم,1.0,0.8181818181818182,5
train-00001-of-00048_000888,кеттіген түс,kt県 t,1.0,0.9166666666666666,2
train-00001-of-00048_000889,түс,这,1.0,1.0,1
train-00001-of-00048_000890,естерсіз қазір тағы да өліп қалып жатпайық,kissi кasta da ulqaж tيq,1.0,0.9047619047619048,7
train-00001-of-00048_000891,ұ,,1.0,1.0,1
train-00001-of-00048_000892,жеттік секір,it siker,1.0,0.9166666666666666,2
train-00001-of-00048_000893,көкөніміз,不,1.0,1.0,1
train-00001-of-00048_000894,кет қайтадан қайтадан қайтадан өте алмайатырмыз качелялар,кайттан кайттан кайттан вуталметрмыз качеллалар,1.0,0.38596491228070173,7
train-00001-of-00048_000895,енді былай қарай секіреміз,енді бұлайға рүси креміз,0.75,0.38461538461538464,4
train-00001-of-00048_000896,и потом мына жерде,и потом нәжерде,0.5,0.2222222222222222,4
train-00001-of-00048_000897,мынаған,منغان,1.0,1.0,1
train-00001-of-00048_000898,нан өту қиын достар чоттамаған,нан өтүукыин дустор чотамаган,0.8,0.26666666666666666,5
train-00001-of-00048_000899,өте алмаймын мен достарымнан ары қарай,өте амай мен дустарынан арғарай,0.6666666666666666,0.23684210526315788,6
train-00001-of-00048_000900,себебі мен вышел дейді қазір біз енді қайтадан ойнайтын боламыз мен мына листочка бастаймын кірген соң қайтадан бастаймын,зеремия вышолы дитказ бізден қайттан өнитін боламыз мен міна листочикі басает кірген соң қайттан бастаймын,0.7222222222222222,0.30578512396694213,18
train-00001-of-00048_000901,үйтап тұрсам мінекей мен кірдім қаш немесе өлге болдым білем мен қажақша сөйтем,үйтак тұстар мінеке мен кірдім қаш немесе өлге бұлын білем мен қажақасынтек,0.46153846153846156,0.16455696202531644,13
train-00001-of-00048_000902,аты дезран болған соң мен де дезран дей беремін негізі қаш немесе өл қазақша,аты дезран боған соң менде дезран деберім негізі қашын емесе гөл қажақша,0.6428571428571429,0.14473684210526316,14
train-00001-of-00048_000903,қазір енді біз мына жерден өтпей тұру керек,қазірін енді бүзнәшепеден өтпей тырыу керек,0.625,0.3023255813953488,8
train-00001-of-00048_000904,әйтпесең ау келіп басып қалса сразу құлаймыз айттым мен,әйтпісен аукеліп бас қаусы сыразы құлаймыз айттым мен,0.6666666666666666,0.16363636363636364,9
train-00001-of-00048_000905,но мешать етеме отчеті бір түрлі болады да жоқ па,naлa miшaititеmaчot brtrluлaтa жiп пarn,1.0,0.8775510204081632,10
train-00001-of-00048_000906,у,嗯,1.0,1.0,1
train-00001-of-00048_000907,жаңа ана біреуі өтіп кетті ана алпыс жасада,жаңа анын дрею өтік кеттіна алпысты соды,0.875,0.32558139534883723,8
train-00001-of-00048_000908,енді біреуіміз құлатып кетті ана жерге кеттік ау өттік нанын ау өлдіңдер,эндрилмұс құлакпеттіана жерде кеттік ал өттік нанынау өлдіңдер,0.75,0.25,12
train-00001-of-00048_000909,секір,siker,1.0,1.0,1
train-00001-of-00048_000910,ай секіршіш а болды енді біз,ай секіпшеш а болды енді біз,0.16666666666666666,0.07142857142857142,6
train-00001-of-00048_000911,бұлайған секілуіміз керек еді бірақ мен жетпей қалдым,бұлай қары секіріміз дерегет ірақ мен жетпе қалдым,0.75,0.24528301886792453,8
train-00001-of-00048_000912,қарап отырсаңыздар менде күшті ресурс батыр бұл бір аюдың суреті тұрған ресурс батыр бұл полпыға арналған мен оны өшіруге ұмытып кетіппін,қарағы саңызар менде күште ресурспактор бұл бір аюдың сүрет тұрған ресурспарк бұл пвпоға арналған мен оны өшірілгі ұмыт кетіпін,0.5714285714285714,0.19708029197080293,21
train-00001-of-00048_000913,қазір енді біз бүйтіп секіреміз ана жерге жету керек болды,қазір енді біз битіп сейкіреміз а ана жүргі жету герік былды,0.6,0.1724137931034483,10
train-00001-of-00048_000914,давай кеттік,너 있겠때,1.0,0.9166666666666666,2
train-00001-of-00048_000915,ей жеттім достар енді келесі бізде,и жеттім достар енді келесі бізде,0.16666666666666666,0.058823529411764705,6
train-00001-of-00048_000916,мынаған түсу керек пе,мынаған түсуу беріппa,0.75,0.2857142857142857,4
train-00001-of-00048_000917,уф төменге түсіп кетпесем болды,уф төменгі түсік көтпесен болды,0.6,0.12903225806451613,5
train-00001-of-00048_000918,енді қазір бүйтіп секіріп көрейік мына жерде нью,endi kasir bi seкіr karik najirdi ot,1.0,0.8333333333333334,8
train-00001-of-00048_000919,әйтпесе секіріп тұрмын,п сеكіптىң,1.0,0.6818181818181818,3
train-00001-of-00048_000920,аяқтауымыз керек біз мынау бас жемей тұрып әзір дірің деп соны қайтадан партал жақтан шығып жүрсек,аяқтауымыз керек бізін ау бас же метрік пәзіп төрен деп сін қайтта партал жақлан шығып жепшек,0.625,0.25510204081632654,16
train-00001-of-00048_000921,уф,,1.0,1.0,1
train-00001-of-00048_000922,дұрыстап бөлуге сәл қалдым ғой менде,бұстап өлуге сәліқ алдың молменде,1.0,0.2777777777777778,6
train-00001-of-00048_000923,о мой кеттік кеттік кеттік енді жаңағы картинаны өте алсақ,yomay k ketken jana кaчilan wutoлsak,1.0,0.8793103448275862,10
train-00001-of-00048_000924,кеттік кеттік кеттік,kit kit kit,1.0,0.9,3
train-00001-of-00048_000925,тестестесіз,سسسس,1.0,1.0,1
train-00001-of-00048_000926,киел,ي,1.0,1.0,1
train-00001-of-00048_000927,әне әне әне жылу,ани ани ани жырго,1.0,0.5625,4
train-00001-of-00048_000928,біздің охотнигіміз,بiدn aخotniوms,1.0,0.9444444444444444,2
train-00001-of-00048_000929,уфь,,1.0,1.0,1
train-00001-of-00048_000930,кеттік кеттік жаман қорқып отырмын бар ғой біртүрлі ол,етікетік жаман қорқы отырынбарғо бір түрлеу,0.8888888888888888,0.2777777777777778,9
train-00001-of-00048_000931,ендігі анау келіп бас шеруі мүмкін,ендікан оке бас жерғ мүкін,0.8333333333333334,0.38235294117647056,6
train-00001-of-00048_000932,сөзсіз сөзсіз көтем,сезсіз сізсіз көтем,0.6666666666666666,0.10526315789473684,3
train-00001-of-00048_000933,ал басып қойыпты достар,ау бас қот тылустар,1.0,0.391304347826087,4
train-00001-of-00048_000934,біз нан астында өлеміз ғой,бізнаң астында өлеміз бо,0.6,0.15384615384615385,5
train-00001-of-00048_000935,давай давай давай давай,w dw w,1.0,0.9130434782608695,4
train-00001-of-00048_000936,тис тис тис,تتت,1.0,1.0,3
train-00001-of-00048_000937,ты өмердің неге мен қалай өліп қалдым,ты умер неге меу қалай өліп қодын,0.42857142857142855,0.21621621621621623,7
train-00001-of-00048_000938,или по ходу воздух жетпей қалды сол бітті а ана жерде лава бар екен ұмыт кеттің,еле паходы воздық жетпей ғат сол бітті а нәжерде ұлава бар кін ұмыт кеттін,0.625,0.22784810126582278,16
train-00001-of-00048_000939,енді бұның бәрін қайтадан өтуді айт,eнді bоғың бaғін қайттaн o todай,1.0,0.45714285714285713,6
train-00001-of-00048_000940,отылғанымыз болды,otowامsbud,1.0,1.0,2
train-00001-of-00048_000941,ай,ay,1.0,1.0,1
train-00001-of-00048_000942,бірақ өте алмай қалдым,رغ وتاوم غاض,1.0,0.9090909090909091,4
train-00001-of-00048_000943,кетті енді тез секірсекші әй не боп баратыр бәрі,кетірен тес секіпсеш ай не уппара кідар,0.8888888888888888,0.4166666666666667,9
train-00001-of-00048_000944,тез тез өтіп кетуге болған екен мен гринликс паркулерге өтетін едім ғой,тестез өтіп кетуге болан екенімен греникса поркурді өтетінердін боты,0.8333333333333334,0.2535211267605634,12
train-00001-of-00048_000945,ең соңыңына дейін,yin song nadin,1.0,0.9411764705882353,3
train-00001-of-00048_000946,кеттік кеттік кеттік а мен өзімді ренжігісіп отырмын енді,kitkikitkamiwizi ngirinksotukenbo,1.0,0.9824561403508771,9
train-00001-of-00048_000947,жалпысамай тұрып көтерілуі керек,жалп самайтырқ көтерілу керек,0.75,0.1875,4
train-00001-of-00048_000948,портал,فرطاو,1.0,1.0,1
train-00001-of-00048_000949,енді мына жерде қазір тенті жоқпын тиіссіз түсеміз,енді мына жерде казір тенты жоқ кен тистіз түсеміс,0.75,0.16,8
train-00001-of-00048_000950,манаға қарағанда жай болып қалды вообще ұтылып қалды,маны абарағанда жайбу қоды баша отуу қоды,1.0,0.46153846153846156,8
train-00001-of-00048_000951,уф дәл түстім мен,үф далдүсүн мен,0.75,0.4117647058823529,4
train-00001-of-00048_000952,кеттік кеттік,kit kit,1.0,0.9230769230769231,2
train-00001-of-00048_000953,йо тағы да кәчелер ма,yo taغدa kaچiلmه,1.0,0.9047619047619048,5
train-00001-of-00048_000954,нау басайын деп тұр достар если что мен секірсем сосын маған қайтадан өту керек болады,қоама нау басы айындептір достары ешілешті мен секіпсен түсін маған қайттан өту керіп қболады,0.8,0.32558139534883723,15
train-00001-of-00048_000955,мен өтпеймін деп ойлаймын андай аққа,мемі өтпемге болемін анаққа,1.0,0.4722222222222222,6
train-00001-of-00048_000956,оттянука бас жері түсін болды,эттианука бас шер түсін болды,0.4,0.1724137931034483,5
train-00001-of-00048_000957,енді мен бегун болсам да,енди мен бегун бу самда,0.6,0.16666666666666666,5
train-00001-of-00048_000958,әй қуатып кеттім ананы алдайын ба деп едім,ай құат кітіманын аудайымба деіні,1.0,0.40476190476190477,8
train-00001-of-00048_000959,қорытпай түн кетті мұнда қайттан,хотбетнн кеттігін да қайттан,0.8,0.375,5
train-00001-of-00048_000960,қайттан,قتان,1.0,1.0,1
train-00001-of-00048_000961,айттайын,التان,1.0,1.0,1
train-00001-of-00048_000962,үй секір,يسكر,1.0,1.0,2
train-00001-of-00048_000963,испен,して,1.0,1.0,1
train-00001-of-00048_000964,иске,iske,1.0,1.0,1
train-00001-of-00048_000965,а болды жаңағы качеляға мініп едік енді міне алмаймын біліп едім мен скоростпен секіре алмай қалдым достар бір енді,а болды жаңа качелияға мініп еткенді міналмайым білі едін менн скорспен секранамай қалдым дослар үенді,0.7894736842105263,0.20869565217391303,19
train-00001-of-00048_000966,қазір осыны өте алмайтын сияқтымыз біз осы жерін вообще ешқашан өтпейміз деп ойлаймын мен,кәзосын өт алмайтын сияқтыңыз біз жосшерін бәсше ешқашан үппеймізде олемінмен,0.7857142857142857,0.29213483146067415,14
train-00001-of-00048_000967,себебі мына качеляға секірудің өзі қиын ғой,себебі мына тәчелағы ситрдін өзі құынғы,0.5714285714285714,0.3023255813953488,7
train-00001-of-00048_000968,ой,喂,1.0,1.0,1
train-00001-of-00048_000969,давай,طوي,1.0,1.0,1
train-00001-of-00048_000970,әйййййййййййййййййййййййййййййййййййййййййййййййййййййййййййййййййййййййййййййййййййййййййййййййййййййййййййййййййййййййййййййййййййййййййййййййййййййййййййййййййййййййййййййййййййййййййййййййййййййййййййййййййййййййййййййй,enuptvr,1.0,1.0,1
train-00001-of-00048_000971,ең соңғы сауғанда достарыммен өліп қалдым,ең соңғы сауғанда дұстар мен өліп қалдын,0.5,0.0975609756097561,6
train-00001-of-00048_000972,чызы,去日,1.0,1.0,1
train-00001-of-00048_000973,болмайды ғой мынандай ойынды кім шығарып жүр уже,bolmaydi milanda woyndi kim şigabji uji,1.0,0.8958333333333334,8
train-00001-of-00048_000974,он рет өлдім,он рет өлдің,0.3333333333333333,0.08333333333333333,3
train-00001-of-00048_000975,давай давай давай молодец,ド道道い回わです,1.0,1.0,4
train-00001-of-00048_000976,бәрі өткетті ана жерде,бәрі өткет тана жеуірде,0.75,0.22727272727272727,4
train-00001-of-00048_000977,мен қазір осыдан қуанбасам,ninkazosy tango amasany,1.0,0.9230769230769231,4
train-00001-of-00048_000978,и кеттік уф достар өттім осы жерін,екеттік оф достар өттім ошы жерін,0.5714285714285714,0.11764705882352941,7
train-00001-of-00048_000979,секіреміз қаяққа секіреміз,секіреміз қаяққа секреміз,0.3333333333333333,0.038461538461538464,3
train-00001-of-00048_000980,до конца өте алмадым қашық немесе өлді,дәканса өт алмадым қашы немесе өлді,0.5714285714285714,0.15789473684210525,7
train-00001-of-00048_000981,енді осы видео лайк басып кетейік,енді осы видео а басык петек,0.5,0.21212121212121213,6
train-00001-of-00048_000982,сіздермен болған соң күндегі дэйли,сіздермен бұл ған со күндегі дейлин,0.8,0.14705882352941177,5
train-00001-of-00048_000983,енді менде,얘들 민제,1.0,0.9,2
train-00001-of-00048_000984,қазір шығып кетеді,كش و,1.0,0.9444444444444444,3
train-00001-of-00048_000985,біраздан сай не деп осы видеоға қосып комментария жазып кетті,разырын сайднaн деп босы видео ла класкометар жаспе,0.9,0.45901639344262296,10
train-00001-of-00048_000986,енді сіздермен болған дэннин,енді сіздер мен болған бейлийн,0.75,0.21428571428571427,4
train-00001-of-00048_000987,давайте,だわいて,1.0,1.0,1
train-00001-of-00048_000988,біздің жұмыс жұмыс ай кейде маған диктің маған пәс ай,r m tk مy dck ا مy ps,1.0,0.8679245283018868,10
train-00001-of-00048_000989,сәлеметсіз бе,来,1.0,1.0,2
train-00001-of-00048_000990,ал сәлем достар сіздермен алты ай бүгін достар біз өзіміздің майнкрафт покетизишн нан керемет выживание номер үшінші видеомызды жалғастыратын боламыз бұл выживание өте қызықты болайын деп жатыр өйткені не болғанын не кереметтіктер өзгергенін және де біз алдағы уақытта қайда барып қайда және не істейтініміз туралы айтамын,ал сәлем достар сіздермен алтай бүгін достар біз өзіміздің манкрас покеизишынан керемет воживания номер үшінші видеомызды жалғастыратын боламыз бұл вживания өте қызықты болайын деп жатыр өйткені не болғана не кереметтіктер өзгергенін және де біз алдағы уақытта қайда барып қайда және де не істейтініміз туралы айтамын,0.1956521739130435,0.052795031055900624,46
train-00001-of-00048_000992,ай үй жасаймын деппін ғой желеварка жасаймын тозаққа барамын сондай сондай анам мынауларын жасап тұрамын мен енді бұған достар бір нәрсе айтайын мен қазіргі уақытта мына бір осы бір екі үш басындағы бөлімдерді бөлемін ғой сол соларды кеше не істедім жасадым енді бүгін де түсіріп қойдым да қазір аударып отырмын сол үшін егер ошибкалар бірдеңелер болмаса келмейтіндер онда ренжім,үйжесідіндептұрғыз желеваркі жасайым тозаққа барам сондай сондай анамналарын жасап тұрамын мен енді бұған достар бірнәше айтайын мен кәзіргі уақыттам мына бірозы біре кіші басындағы бөлімдеді бөлем о сол соларды кеше нестедім жасадым енді бүгінді түсірік бойтымда қазір аударып отырмын сол үшін егар бір ашепкалар бір деңелер болматса келмейтінер онда ренжмеңіздер ал біз кеттік неістейтімізге,0.6949152542372882,0.2559366754617414,59
train-00001-of-00048_000993,ал достар мен шахтаға кіріп алмастаппын өте қатты қуанып тұрмын бұған өте қатты керемет болып тұр қараңыздар қыз қанша алмашық еткен екі үш төртеу бесеу алтау жетеу сегіз және де бұлармен бірге артық шықты иә ой артық шығыпты енді біз қазір мен үйдегі екі алмаспен салам сонымен он болады так мен бұл тастарды үй жағыма көбейту үшін алдым,ал достар мен шақтаға кірікқ алмасдаптың өтте ағатты қуанып тұрмын бұған өтте ағатты кереметін болып тұр қараңыздар кізқанталма шығаткен екі үш төртеу бесеу алтау жетеу сигіз және де бұлар мен бірге артық шықты ой артық шықапты енді біз кәзір мен үйдегі екі алмаз бен саым сомен оны болат тәкмен тастарды ұйжағыма көп ету үшін алдым,0.5,0.15976331360946747,58
train-00001-of-00048_000994,ал достар мен қазір тозаққа аттанайын деп жатырмын сосын барлық заттарымды дайындадым кстати мен жаман заттарымды киіп жүргенім ананың бәрін мықты феникс дейтін броняның бәрін неге арнап алдым мынандай неге,ал достар мен казірі тұзаққа аттанайын деп жатырман солсын барлық заттарымды дайындадым кістати мен жаман заттарымды кеіу жүргенім ананың бәрін мықты феникстейтін бранияның бәрін неге арнап алдым нандай неге,0.3333333333333333,0.06796116504854369,30
train-00001-of-00048_000995,қалай айтсам болады тозаққа ой эндер крайға барған кезде максимум затировать етемін максимум мықтылатамын и оған дейін күшті күшті болып киіп аламын кстати мен өзіме золотой яблоко уже жасап алдым енді затированныйын жасаймыз деп ойлаймын иә о бірақ алдыңғы где то бір сегізінші тоғызыншы серияларда ма или даже мен жетінші серияда аяқтайын деп отырған сияқтымын,қалаэтсан болады тозаққа ой эндер край қабардан кезде мактимузатероватетем миум мақтыл атам иеуған дейін күшті күшті болып киіп аламын қстати мен өзіме залато яблкоужі жасап алды енді затеровынайың жасаймыз деп ойлаймын ә бірақ алдыңғы гідеті бір сегізінші тоғызынші серияллардама илидажмен жетін серияда аяқтайын деп отырған сияқтымын,0.509090909090909,0.14917127071823205,55
train-00001-of-00048_000996,сегізде аяқтайтын шығармын,сегізде аяққейтын шығармын,0.3333333333333333,0.07692307692307693,3
train-00001-of-00048_000997,елжеттеме короче көру керек так анаяқта гастр главное өл қамау керек иә,дилiжиттима короч көр көректаг анякта гастор главны өл камау көрек ян,0.9166666666666666,0.28169014084507044,12
train-00001-of-00048_000998,өліп қалса қапец,өліп қаза капетс,0.6666666666666666,0.3125,3
train-00001-of-00048_000999,иә өлмеді онда мен де қазір нақты садақпен атамын айбай айбай айбай ұнбаған гаст,ю өнмені онда менде қәзір мінаяқта садақпен атамын айбай айбай айбай ұңбаған гаст,0.5,0.1375,14
train-00001-of-00048_001000,так мен сені аламын да қазір садақпын бір ақ оқпен ақ өлтіремін так тимеді қазір шыңғырмаса болды айбы шыңғырватыр ал біз онда кеттік,тәкмесен аламды кіз садақтың бірақ оқпен ақ өлтірем тәктеме ді кіз шыңырмаса олай бы шыңырып атыр ал біз онда кетті,0.8260869565217391,0.2781954887218045,23
train-00001-of-00048_001001,иә,呀,1.0,1.0,1
train-00001-of-00048_001002,короче мен нервім ұстап тұр өліп қалдым зато главный газ пен нефритті өлтірдім хотя бы біреуін өлтірдім енді мен қазіргі уақытта зеревалетка,корочен мен ниермұстаптыр өліп қалдым затоғ главны гастпен ифридті өлтірдім қатябі біреуін өлтірдім енді мен қазіргі уақытта зереевалерка,0.5454545454545454,0.14285714285714285,22
train-00001-of-00048_001003,уф,,1.0,1.0,1
train-00001-of-00048_001004,сере валерка не істейін деп жатырмын жасайын деп жатырмын енді оған қазір мен барамын,зеревалерка нестейн деп жатырмын жасайындеп жатырмын енді оған қазір мен барамын,0.42857142857142855,0.07058823529411765,14
train-00001-of-00048_001005,так менің аяқта нем бар так так так мен өз өзіме тас алып алайын сосын киген болдым кстати мен үшінші этардан далаға көшетін сияқтымын или солай ма бірдеңе істегім келіп тұр әйтеуір көшіп кетсем жақсы болатын еді бірақ,так мен маяқта нембар тактак так мен өзөзіме тас албалайын сосын кейен болдым кістать мені ішінтиотордан далағы көшетін сияқтымын ели сулайма бірдең істегім кеп тұр әйтебір көшіп кетсем жақсы болатын еді бірақ,0.5789473684210527,0.12844036697247707,38
train-00001-of-00048_001006,анандай верстакті дала ауып қоссам болды а то төсекті құлып қоссам бүгін мені қазір моптар өлтіріп кетуі мүмкін әне жүр олар,анда верстактидалакуп колсам болда атоу төсектө куп колсам уруру мени казар моптар өлтүр кетуү мүмкүн ане жиролар,0.9523809523809523,0.2903225806451613,21
train-00001-of-00048_001007,так менің мейірім ұстап тұрды ол өліп қалғаныма құлап содан кейін енді,аменің нерім стаптірто өріп қағаныны құлап содан кейін енді,0.6666666666666666,0.24285714285714285,12
train-00001-of-00048_001008,қатты ашуланған жоқпын сол үшін енді жүре үйректеліп тәк аяқта зомби жүр зомби жүр мен одан қашып қашып қашып өзіме тамақ ішіп аламын ей қарамаймын маған қазір барамында тәк ойпай маған біреу түйісіватыр е зомби екенсің вергіл бер вергіл бытышын шарт сен егер түйіс алмасаң маған тиіс пе дейміз да кете береміз әрі қарай тәк енді мен аяқта не істей,қатты ашуланған жоқпын саушын енді жіреуректеліп таняқта зонби жүр зонбий жүр мен одан қашып қашып қаып өзмей тамакшываламын е қарамаймын наған казбірарада ұйпай маған бірі тис атұр е зонбекім соң вергелбері бергел бытын шапсайн екіптис алмасаң маған тиспе деймізда кете береміз арқарай тәкенді мен наяқта не істеймінт,0.7,0.2442528735632184,60
train-00001-of-00048_001009,айтпақшы мен айтпақшы неде жоқ қой менде трастник неге,айтпашы мен айтпашы неде жоқы мене трастник негем,0.6666666666666666,0.14814814814814814,9
train-00001-of-00048_001010,хотя бы паучи мореновый глазға соған керек болып тұр енді қант және де өзіне де вообще қант маған торт жасағанға керек деп ойлаймын бірақ тауықты көреміз әйтеуір қай уақытта не істейтінін көретініміз табатынымыз жұмыртқа мен қазіргі уақытта жұмыртқа тауыватқан жоқпын скайварц та болмаса,хатябпаучи маримово глазға соған керек боптұр енді қант жәненде өзіне де вәпше қант маған торт жасағынға керек деп ойлайым бірақ талықты көреміз әйтеубір қай уақытта нестейтінің көретініміз талатыныз жұмыртқан меңказіргі уақыты жұмыртқа талы батқан жоқтын іскай варса болмаса,0.5813953488372093,0.14982578397212543,43
train-00001-of-00048_001011,және де тағы да басқа ойындарда мини ойындарда бірақ мен наяқтау өзімнің штатинелерімді алып алдым жетелдердің нелерін жаңағындай саттарын бұлар енді маған керек болмайды,және де тағыда басқа ойымдарда мене ойымдардам тәк менн аяқта өзімштатинелерінде алып алдым жетелдерді нилерін жаңағындай саттарын бұлар ондімаған керек болмайды,0.5833333333333334,0.1411764705882353,24
train-00001-of-00048_001012,олар қала берсін үйлер жабырышка болып мына мен болсам қазіргі уақытта тростник іздеймін иә тростник іздеп жүремін көп уақыт және де мынаяқта не істеймін тауып алғанша жүремін и содан кейін достар тауып алған соң көрсететін шығармын не болып жатқанын қандайын тауып алғанын атып видеоны ұзақ созғым келіп тұрған жоқ,олар қала ерсін үйлер забырышка на мен болсам кәзірі уақыты трастниг здеймін трастник іздеп жүрем көп ахыт және де мынаяқта нестеймін тауып алған жүрем и судаң ендостар тауып алған соң көрсететін шығармын не бола жатқа қандайын тауыбалғанын аты видеоны ұзақ созғын келіп тұрған жоқ,0.5102040816326531,0.1492063492063492,49
train-00001-of-00048_001013,в общем достар мен короче наконец то тростник тауып маринованный паучиглар жасадым,уапшим достар менкороти наконецста трашникталып маринованы палучиглар жасатым,0.9166666666666666,0.24390243902439024,12
train-00001-of-00048_001014,енді тек қана бутылкага не жасауға алды короче бутылка үшін,энде тек кана бутулкага не жасакалды крч бутулка үчүн,0.8,0.23728813559322035,10
train-00001-of-00048_001015,оу біргүл бір құтырма құтырма,o биргiл бiр құтрма ұтурма,1.0,0.27586206896551724,5
train-00001-of-00048_001016,қытай ғана уулап быт шын шығарып түсай ма то,тайгана улап бучынشа тсамату,1.0,0.4772727272727273,9
train-00001-of-00048_001017,кет бар енді осына кетейміз әрі қарай алып алайық короче,кет бар менде осуна кетеймиз ар карай ал болайк каруч,0.8,0.2857142857142857,10
train-00001-of-00048_001018,уһ уһ ішім пысып тұр менің тез не жасағым келіп тұр,өхү ішім пысыптұр менің тез не жасағым келіптір,0.5454545454545454,0.1568627450980392,11
train-00001-of-00048_001019,өзіме бутылка как нам қарамаймыз тисе де екі рет оқатса да әрі қарай барып өзіме песок алып алайық песок песок тез тез тез негізі шын өмірде бүйтіп қарасаң төрт бұрыш песок деген ол кішкене біртүрлі төрт бұрыш ағасы жарайды төрт бұрыш ағасы өте кішкене оригинальный кірпіш болса вообще жақсы дұрыс үйді де төрт бұрыш,өзіме бұтыган такнан қарамаймыз теседе екіредуоқатса адам арқарай барып өзіме песок алғалайк песок песок дез тез тез негізі шын өмірде бүтіп қарасаң төрт брш песок деген нол кішкене бір түлі төрт бұрш ағас жарай төрт бұрш ағас өтте кішкенноригинальни кіріп бұса вәпшет жақсы дұрыс үйді де төрт бұрш қып кебіреулер салад ұында домалақ ш бұрыш қып салмайт шығар,0.7407407407407407,0.3449367088607595,54
train-00001-of-00048_001020,ам,,1.0,1.0,1
train-00001-of-00048_001021,сонысы жақсы бірақ кейбір жерлерде көп көлдер кішкентай кішкентай болғаны дұрыс емес біріншіден екіншіден барлығы квадрат болған,соғынсыз жақсы бірақ кебіржерлерде көп көлдер кішкенттей кішкенттей болғаны тұрс емес біріншеен етіншеден дарлығы квадратп,0.6470588235294118,0.1796875,17
train-00001-of-00048_001022,ал достар мен барлығын жасап болдым қазір қандай зелья шыққанын көресіздер,ал достар мен барлыған жасап болдым қазір қандай зелер шыққаның көресіздер,0.2727272727272727,0.05405405405405406,11
train-00001-of-00048_001023,мен вообще енді зелияда шарицит етпейм сол үшін комментарияға маған жаман зеливарицит етесің деп айтпаңыздар мен өзім барлығымша тырыстым,мен вашиынді желяды шаритцы тетпеім сол үшін комментарияға маған жаман зелеварит етесіңдеп айтпаңыздар мен өзім барлығымшы тырыстым,0.47368421052631576,0.145985401459854,19
train-00001-of-00048_001024,екіншіден мен білмедім үшіншіден мен рецептерді интернеттен көрген кезде сондай ондай болған жоқ сондай ондай болмады иә,екіншеден мен білмедім үшіншіден мен рецептерді интернеттің көрген кезде сондай ондай болған жоқ сондай ондай болмады,0.17647058823529413,0.05,17
train-00001-of-00048_001025,каратчи енді қазір мен мына жерге көтерілемін да енді өзімнің немді қандай жасағанын көрсем так нулағашы міне мен зелеславский жасап жіберіппін ол қуа менмін вообще мен білмегенмін ғой даже мен қазір енді атыс қиын арыс қаяқта екенін белгісіз білмеймін даже,короче енді кәзір мен мұна жерге көтерлемінда енді өзімнің немді қандай жасаған көрсем тікнеу ағаш міні мен зелі слав істе жасап жіберіпін ол қуамен мен вапшимен білмегем ғол дажмен кәзір енді атыскенарыс қаяқта әкеін белгсіз білмем даж,0.7,0.21011673151750973,40
train-00001-of-00048_001026,мен бірақ қуғаным,мен бірақ қуғаным,0.0,0.0,3
train-00001-of-00048_001027,вальфи прикол болып отырмын өзім ішім пісіп сол қуып отырмын да өзім енді,лафи прико болып отырмын өзім ішімпісіп сол қуып отырмында өзіменді,0.6153846153846154,0.0958904109589041,13
train-00001-of-00048_001028,ана жаңағындай слабостьті білмеппін слабостьтің маған неше керегі бар деймін бірақ хотя бы противникке лақтырғанмен оны біреуіне қылышпен өлтіп соғуға болады ғой хотя бы енді бір нормальное бір отравление болса да болады ғой сол енді достар сіздермен болған алтыдай сау болыңыздар,ана жаңағындай сылаб істі білмепін сұлаб істтің маған несі керегі бар деймдам бірақ қата протевниккел ақтырғанымен онын біреуінмен қылышпен өлтіп сал қоладығын қатабы енді бір нормальлы бір ақтравления босады боладығын соленді достар сүздермен болғанналттай сау болымыздар,0.7317073170731707,0.21071428571428572,41
train-00001-of-00048_001029,ассалаумағалейкүм достар бізбен аян бүгін біз сенің жаңа үйімізде едіңіз,aşay olmayıkum dohçar bn aliyan bugün bişlerin enge iyimizci idininş,1.0,0.9166666666666666,10
train-00001-of-00048_001030,сабақча жеуміз ғой мыңға ілінген,sabkaجi muجɣ nngringa,1.0,0.9375,5
train-00001-of-00048_001031,ішінде айтты күшті,شناجيكشي,1.0,1.0,3
train-00001-of-00048_001032,бірақ мұңғалім ішкінің кілігі жоқ екен,rab mungalim іshкingiлgе жөкken,1.0,0.8421052631578947,6
train-00001-of-00048_001033,жаңағы өзіңді,ki kan wuyu,1.5,0.9230769230769231,2
train-00001-of-00048_001034,біреу әкім біреу әкім,بريواكمبريوا,1.0,1.0,4
train-00001-of-00048_001035,мин,น,1.0,1.0,1
train-00001-of-00048_001036,бұл енді көңілді бұйырса бақ жамп еш айт,b دe ک dseب cmpی s,1.0,0.875,8
train-00001-of-00048_001037,биселем біре,بiسeلەم برە,1.0,0.9166666666666666,2
train-00001-of-00048_001038,менің әнам жоқ,من أنالجق,1.0,0.9285714285714286,3
train-00001-of-00048_001039,адам жоқ қарасын бәрібір де жүре беремін қарасын,adem cok karakı bebi devcize verem tereçe,1.0,0.875,8
train-00001-of-00048_001040,бұл үшін жай,us njal,1.0,0.9166666666666666,3
train-00001-of-00048_001041,ай,,1.0,1.0,1
train-00001-of-00048_001042,мен апай жоқ көчейм жолом,н апажюг гүчиэмжгом,1.0,0.52,5
train-00001-of-00048_001043,ол неқты ол жайықты,لaقta وcayk,1.0,0.9473684210526315,4
train-00001-of-00048_001044,селаматсыздар ма оқырдылар,сәlамасыздарны оҡыртылар,1.0,0.3076923076923077,3
train-00001-of-00048_001045,бос бос бос кетті,po poski,1.0,0.9411764705882353,4
train-00001-of-00048_001046,бүгінбіз деген менің айтым,бүгім іс дейген менім айтым,1.0,0.19230769230769232,4
train-00001-of-00048_001047,ай,ay,1.0,1.0,1
train-00001-of-00048_001048,менің атым амина мен бүгінмін осындай,мені атым аннина мен бөғім ме мошинтай,0.8333333333333334,0.35135135135135137,6
train-00001-of-00048_001049,осындай,осындай,0.0,0.0,1
train-00001-of-00048_001050,сабақ өтеміз бүгінбіз деген нанымдай,sabacu temes bigum besigen an n di,1.4,0.9444444444444444,5
train-00001-of-00048_001051,әлі ешкім оқушы жоқ мен,ال sك موقررق مىن,1.0,0.8695652173913043,5
train-00001-of-00048_001052,әлижан,علجا,1.0,1.0,1
train-00001-of-00048_001053,қең,请,1.0,1.0,1
train-00001-of-00048_001054,келгісі ма не сабаққа,kilgis mani sabaka,1.0,0.9047619047619048,4
train-00001-of-00048_001055,мені ешкім жоқ сабақты әлижан,maskim roq sabaقta alijan,1.0,0.896551724137931,5
train-00001-of-00048_001056,секелгісі майын сабаққа,sikilgismonyi saboka,1.0,0.9565217391304348,3
train-00001-of-00048_001057,я я чие мань не одя а пай,я я чидемӗн нелотя апай,0.75,0.28,8
train-00001-of-00048_001058,таааааааа,아,1.0,1.0,1
train-00001-of-00048_001059,келген бе,келгем да,1.0,0.3333333333333333,2
train-00001-of-00048_001060,онда мен күлде тұрайын яқта отырып,онда мен көте тұраinяқтa oтырып,0.6666666666666666,0.2647058823529412,6
train-00001-of-00048_001061,охохо,وهها,1.0,1.0,1
train-00001-of-00048_001062,қалайсыңдар әр неге өзіңе толтырып алам,калайшына рая миин нааутур болам,1.0,0.6410256410256411,6
train-00001-of-00048_001063,сот,صط,1.0,1.0,1
train-00001-of-00048_001064,тығып тыныш ие ба дауы неменене,тотнсе бадалы менені,1.0,0.4838709677419355,6
train-00001-of-00048_001065,түсіп,,1.0,1.0,1
train-00001-of-00048_001066,білгім келеді да,منجلتت,1.0,1.0,3
train-00001-of-00048_001067,менің,ม은,1.0,1.0,1
train-00001-of-00048_001068,мэрон,慢了,1.0,1.0,1
train-00001-of-00048_001069,бір тұтқынды қазып бір жерге барып келем,бірттүс кімдік қазық пір жерге ұқтарып келем,0.7142857142857143,0.35,7
train-00001-of-00048_001070,бұзып келемін бұзып қаламын әкетті,poz kilem posklamket guhahh,1.0,0.9117647058823529,5
train-00001-of-00048_001071,қақмыр сулатып келеді,kapersuatkin,1.0,1.0,3
train-00001-of-00048_001072,кетті,ke,1.0,1.0,1
train-00001-of-00048_001073,ой тағы да жұмыс жұмыс жүр жабық,oytadaa rums rumsn aba,1.0,0.90625,7
train-00001-of-00048_001074,сәлеметсіз бе,,1.0,1.0,2
train-00001-of-00048_001075,маған бұл өлкес болды ғой,아 오칠셔,1.0,0.96,5
train-00001-of-00048_001076,кәш кәш ұмытып бұл айшып тұрып өткен көріп кішкене непрухен қаласына әдемі қарт көрінеткен а мына бір абайлы шаттық мектеп көріп көрдік,кәш кешмүтбу айшырке корыкіш үне прухен қаласыны аден кокорн екені на бір абайлыр шатсақын кел көркөр,0.9090909090909091,0.42962962962962964,22
train-00001-of-00048_001077,му,م,1.0,1.0,1
train-00001-of-00048_001078,маған кейіпкерлік мүмкін кесіп қоңыз болды,мапкей тешешін кеш қонын болды,0.8333333333333334,0.5,6
train-00001-of-00048_001079,тағы да кешіп қойдың ғой,тұтаға да кесіп көлінғо,0.8,0.5,5
train-00001-of-00048_001080,бәрек,garek,1.0,1.0,1
train-00001-of-00048_001081,тоғым,,1.0,1.0,1
train-00001-of-00048_001082,мынау мынау мынау,bn,1.0,1.0,3
train-00001-of-00048_001083,қалай,,1.0,1.0,1
train-00001-of-00048_001084,неге,那好,1.0,1.0,1
train-00001-of-00048_001085,бәрек,يادك,1.0,1.0,1
train-00001-of-00048_001086,сәлем сәлем барлықтарыңызға көңіл күйлеріңіз қалай бұл менің инстаграмм парақшам инстаграм әлеуметтік желісінде өте белсендімін тіркеліп кетіңіз және де ютуб арнама да тіркелуді ұмытпаңыз пікір қалдырыңыз сүлупіл басыңыз,селемсәлемварлықтарыңызға көңірілкелеріңіз қалай бұл менің стаграм барақшам инстограм әлементтік жерісінде өте белсенді мүң тір келтедіңіз жәнеде етуб арнама да түркелді мұтпаңыз пікір қалдырыңыз сүліп ілбасыңыз,0.7142857142857143,0.1590909090909091,28
train-00001-of-00048_001087,жалпы мен ютубта,жалпымен етупта,1.0,0.1875,3
train-00001-of-00048_001088,алты айдан аса уақыт жоқ болып кеттім уақытым болмады тағы да сылтау айта берсем көп нақты айтқанда фокусымды дұрыс қоя алмадым ютубқа,алты айданаса уақыт жоқ болпкеттім уақыттың болмады тағыда сылтау айта берсем көп нақыт айтқанда фокусымда дұрыс қоя алмадым етупқа,0.45454545454545453,0.08208955223880597,22
train-00001-of-00048_001089,енді бүгін уақытысы келген сияқты бүгінгі менің қозғайтын тақырыбым кітап оқу мені қалай өзгертті,енді бүгін уақытсы келген сияқты бүгінгі мені құзғайтын тақырбым кітаб оқу мені қалай өзгертті,0.35714285714285715,0.05154639175257732,14
train-00001-of-00048_001090,жалпы мен айтқан едім алғашқы видеомда ең бірінші ютубқа салған видеомды айтқанмын мен көп кітап оқымаймын сол үшін де мені сөкпеңіздер тіл байлығым қатты күшті емес деген сияқты айтқан болатынмын,жалпы мен айтқан едім алғашқы видеомда ең бірінше тіпқа салған видеомда айтқанмын мен көп кітабы оқумаймын сол ішінде мені сөкпеңіздер тірбайлығым қатты кішті емессеген сияқты айтқан болатынмын,0.4,0.07653061224489796,30
train-00001-of-00048_001091,сол кезден бастап 5 кітап оқыдым қазір сіздерге мен оқыған кітаптар жайлы айтамын және де сол кітаптардан алған өз ойымды,сал кезден бастап бес кітап оқыдым қазір сізірге мен оқыған кітаптар жайла айтамын же сол кітаптарданалған өз ойымды,0.4,0.10743801652892562,20
train-00001-of-00048_001092,қалай мені өзгертті сол туралы барлығын сіздерге айтатын боламын бірінші кітап бұл қаржылай сауаттылыққа байланысты қаржылық тәуелсіздікке даңғыл жолы деген кітап авторы бодо шефер бұл кітапты екі мың жиырма бестегі оқып бітірген бірінші кітаптарым деп айтсам болады бұл кітапты оқығаннан кейін мен ең үлкен инсайтында айтайын кітап жалпы жүз елу беттен тұ,қалай мені өзгерті сол туралы барлығын сіздерге айтатын болады бірінші кітап бұл қаржылай сауатылыққа байланысты қаржылық төйелсілікке даңыл жол деден кітап автора бодо шефр бұл кітапты екі мың жиырма бес тегі оқып бітірген бірінші кітап тарым деп айтсан болады бұл кітапты оқағаннан кейін мен ең үлкен нсайтындайтайын кітап жалпы жүз елу беттен тұрады,0.34615384615384615,0.06741573033707865,52
train-00001-of-00048_001093,ең үлкен инсайтым ол міндетті түрде ақша жинау керек,ең ілкеннен сайтым ол міндеттір жақшы жынау керек,0.6666666666666666,0.23076923076923078,9
train-00001-of-00048_001094,былай тап тап былай жазған егер сенің,біла кітапта бала жазған егер сенің,0.5714285714285714,0.21621621621621623,7
train-00001-of-00048_001095,егер сен айына миллион теңге табасың ал қасыңдағы адам оның капиталында яғни капитал сенің жинап қойған ақшаларың сол ақшада онда миллион теңге жатса сен емес ол адам бай дейді,егер сен айнау миллион теңге табасын ал қасыңдағы адам оның капиталында ни капитал сеңін жинап қолған ақшаларын сол ақшада ода миллион теңге жатса сен емес ол адам бай депді,0.27586206896551724,0.0625,29
train-00001-of-00048_001096,яғни ақша жинаудың маңыздылығы қандай екенін түсіндірген осы кітапта бұл кітапты тек қана бүйту керек сөйту керек деп айтып қоймайды онымен қоса практикалық тапсырмалар да көп мен бұл кітапты үш айдай оқыдым неге сонша ұзақ десеңіздер мен бірінші кітап оқуға әдет қалыптастыруды осы кітаптан бастаған едім де сол үшін де бұл кітапты мен өзімді қина,яни ақша жинаудың маңыздылғы қандай екен түсіндірген осы кітапта бұл кітапты текқаа бетугерек сету керектеп айтып қоймайды ол мен қоса практикалық тапсырмаларда көп мен бұл кітапты үшайдай оқыдым неге соннша ұзақ десеңіздер мен бірінші кітап оқуға дет қалыптасытыруды осы кітаптан бастаған едімда сол үшінде бұл кітапты мен өзімді қинаған жоқн бір гүнде елу беті қбр гүнде жүзбеті ұқым керек біргүнде нанша беттеген сақта ұйтіп қинаған жоқпын,0.7454545454545455,0.3764367816091954,55
train-00001-of-00048_001097,главное мен осы кітапты хотя бы бір күніне екі беттен оқысам да әйтеуір оқу және де кейбір тапсырмаларды,главно мен осы кітапты қатябы бір күнне екі беттен оқсам да әйтеуір оку жәледем кейбір тапсырмаларды,0.4444444444444444,0.09615384615384616,18
train-00001-of-00048_001098,орындасам мен кітапты ары қарай жалғастырып оқымайтын едім сол үшін де кітапты оқу ұзақтығы осындай ұзаққа созылып кетті бұл кітап туралы тағы не айтуға болады,орындаса мен кітаптау арқарай жалғасырып оқымайтын едім сол үшінде кітапты оқу зақтығы осындай ұзаққа сызылып кетті бұл кітап туралы тағини айтуға болады,0.44,0.07547169811320754,25
train-00001-of-00048_001099,негізгі басты нәрсе бұл жердегі мақсатқа жеткізетін нәрсе жеті жылдың ішінде алғашқы миллионды жинау және ол жерде миллион теңге емес доллармен жазған ғой вот оны қалай жинау керек барлығын этаптарын барлығын түсіндірген қарыздардан құтылу ақшаны жинау қалай жинау керекпіз не үшін жинау керекпіз соның ішінде барлығын толықтай жазған сізге де оқуға кеңес беремін осы кітап,негізгі басты нәрсе бұл жердегі мақсатқа жеткізетін нәрсе жеті жылдың ішінде алғашқы миллионды жинау және ол жерде миллион теңге емес доллармен жазған ғой отоны қалай жинау керек барлығын адаптарын барлығын түсын дүрген қарыздардын құтылу ақшаны жинау қалай жинау керек піз неүшін жинау керекпіз соның ішінде барлығын толықтай жазған сізге де оқуға кеңес беремін осы кітапта оқуханнан кейін бірден,0.23636363636363636,0.0938337801608579,55
train-00001-of-00048_001100,ақша жинауды бастадым,asožinołd bastadym,1.0,0.9523809523809523,3
train-00001-of-00048_001101,айтпаймын мен миллионмен де қазір жинап қоямын деп ол жерде қанша теңге болса да әдетті қалыптастыру сол ақша жинауға деген сол әдет менде қазір бастысы қалыптасты мен қанша ақша тапсам да оның он процент болсын жиырма процент болсын сол ақшамды міндетті де депозитке салып жинап сақтайтын болдым,айтпай мен миллионың менде қазір жинап қойым деп бол жерде қанша сеңге болса да әдетті қалыптастыру сол ақша жинауға деген сол әдет менде қазір бассы қалптасты мен қанша ақша тапсам да оның он процент болсын жиырма процент болсын сол ақшамды мүндеттіде депайиске салып жинап сақтайтын болдым,0.23404255319148937,0.06756756756756757,47
train-00001-of-00048_001102,сол кезде ойландым неге мен студент кезімде ақша жинамадым деген сияқты но хотя өкінбеймін студент кезімде бұл бүкіл менің базовый патриотмыстарымды тапқан ақшаларым жатты деп айтсам болады екінші бұл сен кітабы азамат скафтың сонымен қоса мен үшінші кітап тілде бірден айта өткім келіп тұр бұл менің кітабы екеуі де бір автордан яғни азамат скафтың егіз кітабы деп айтсам да болады бір,сол кезде ойландым неге мен студент кезімде ақша жинамадым деген сияқта на қатя өкібім студент кезімде л бүкіл менің базбы потрелмыстарымда тавқан ақша жапты деп айтсамалад екінші бұл сен кітабы азама цкавтің сонмын қоса мен үшінші кітапты де бір зен айтау өтікімделтір бұл мен кітабы екеу де бір автордаң ни азамацкавтың егіз кітабде ойтанда олат бірне кейін бірін жалғайтын,0.5737704918032787,0.23834196891191708,61
train-00001-of-00048_001103,кітап бұл кітапты оқыған кезде бірінші сен туралы айтайын сен көбінесе бұл ұйқы қалып ұйқыны дұрыс ұйқыны дұрыстау ұйқының пайдасы дұрыс ұйықтау бойынша және де әдет қалыптастыру бойынша жазған сонымен қоса мақсат қою пландарды жазу деген сияқты жалпы даму жағы бойынша,кітапбұл кітапты оқған кезде бірінші сен тұрлайтан сен көбінесем бұл ұққ қн ұйқыны дрстау ұйқұның пайдасы дұрыс ұйықтау бойынша лендиатет қалыптастыру бойынша жазған сонен қоса мақсат қою пландарды жазу деген сақты жалпы даму жағы бойынша,0.4146341463414634,0.1524163568773234,41
train-00001-of-00048_001104,жазылған кітап оқуға міндетті түрде кеңес беремін әрбір адам оқу керек деп ойлаймын мен кітабы оның жалғасы яғни мен кітабы атайып тұрғандай өзіңе көп көңіл бөлесің мысалға сен кітабында әдет қалыптастырдық ұйқынын дұрыстадық енді біз өзіміздің ішкі эмоцияларымызбен жұмыс жасаймыз сол кітап бойынша ол кітапта қателеспесем он бес т,жазғла кітап оқуға міндеттірде кеңес беремін әрбір адам оқу керекте олем мен кітабы оның жалғасы мен кітабы адаптұрғандай өзіңе көпкөңел бөлесін мсал сен кітаыдаәдет қалыптастырдық ұкілін дұрсадық енді біз өзіміздің ішкіэмоциялары мен жұмыс жасаймыз сол кітап бойынша ол кітата қатлесбесем он бес тасырма бар алсен кітата иыма бір күндік андай неба тасырмалабаны біргінде орнамайсін жиырма бір күн бойы,0.7551020408163265,0.45481927710843373,49
train-00001-of-00048_001105,орындап жүресің как челендж сияқты ғой төртінші кітап бұл педагогика мағжан жұмағыновтың кітабы жазда мен осыны оқимын мағжан жұмағыновтың кітабын оқу керекпін деп прямо осылай жазуға қолыма тиген кезде қатты қуандым да потому что менде мен өзім мектепте мұғалім болғандықтан маған педагогика кітабы өте қызық болды ішінде не бар бірақ ол кітапта менде ожидание реальность болды деп айтс,орындап жүресін как челен сяқтай төртінші кітап бұл педаголика мағжан жұмабаевтын кітабы жазда мен осын оқиын малжан жұмаевтың кітабын оқу керекпін деп прям осай жазға қоыма теген кезде қатты қуаннымда падамшты менде менн өзі метікте моғанім боладықтан маған педагогика кітабы өте қызық болды ішінде не бір бірақ ол кітабта менде аждани реальныс полып деп айтсан болаты неге себебі,0.5689655172413793,0.19896640826873385,58
train-00001-of-00048_001106,мен күткен нәрсе оның ішінде болған жоқ,мен күтке нәрсе оны ішінде болған жоқ,0.2857142857142857,0.05128205128205128,7
train-00001-of-00048_001107,сосын ол кітапқа мен инстаграмда сторисінде хейт айтқан болатынмын ол кітапты оқыған кезде өзімді бір маман сияқты сезіндім де енді босанған,сісін о кітапқа мен инстарамда сторүсінде хейт атқан болатымын ол кітапты оқуған кезде өзіңде бір мама сяқты сезінімда енді болсанған,0.6190476190476191,0.11428571428571428,21
train-00001-of-00048_001108,себебі оның ішінде бала туылғаннан бастап,дебебі оның ішінде бала туылғанан бартап,0.5,0.07317073170731707,6
train-00001-of-00048_001109,дүниеге келеді ғой ол уже прям не үшінші қырық күніне қырық күнінен бастап соған дейін оның өскенге шейінгі және қателеспесем,дүниеге келеді ғой жпра нешінше қырқ күннқырық күнінен бастап соған дейін оның өскен гешемгі жәни қателеспесем,0.55,0.168,20
train-00001-of-00048_001110,жасөспірім кезге дейін бүкілін жазып шыққан оның организмі оның ұйқысы қандай болады оның жүрек қағысы қандай болады,жасыспірім кезге дейін бүкірін жасып шыққан оның организмі оның ұқұсы қандай болады она жүрек қақысы қандай болады,0.35294117647058826,0.06896551724137931,17
train-00001-of-00048_001111,бала қай кезде жақсы ести бастайды қай кезде көре бастайды,бала қайкезде жақсы есте бастайды қайкезде көре бастайды,0.5,0.05172413793103448,10
train-00001-of-00048_001112,қалай жуындыру керек,қалай жуындыру керек,0.0,0.0,3
train-00001-of-00048_001113,ал мен ол жерде күткен кітабым ол ол кітаптан мынадай нәрселерді күткен едім балалармен қалай жұмыс жасау керек сабақ та методикаларды мен көп ажырат етіп қойған екенмін бірақ оның ішінде олар емес көбірек сол жаңағы айтқандай оларды және де тәрбиесі болсын оларды,ал мен ол жерде күткен кітабым ол кітаптан мыналай нәрселерді күткен едім балалармен қалай жұмысшасау керек сабақта методикаларды мен көп бажыдат етіп қолған екенін бірақ оның ішінде олалары емес көп ірек сол жаңа қайтып қандай оларды жде тәрбиісі болсын оларды,0.42857142857142855,0.10227272727272728,42
train-00001-of-00048_001114,олардың организмі болсын осы жайлы толық айтқан екен инстаграмда инстаграмда сторисімде,олардың организму болсын осы жайғы толық айтқан екен инсаргамда инсагамда стөрісімде,0.45454545454545453,0.10344827586206896,11
train-00001-of-00048_001115,хейт еткен едім хейт емес енді күткенім де болмады деген сияқты алтыдан он деп баға берген едім сол кезде маған,хейт еткан едім хет емес енді күткенім деполмады деген сияқты алтыдан он деп баға бергендім сол кезде мағалм,0.35,0.07207207207207207,20
train-00001-of-00048_001116,жазды ол кітап сол замандарда өте қатты адамдарға керек болған кітап,жазды ол кітап сол замандарда өте қатта адамдарға кетет болған кітап,0.18181818181818182,0.04411764705882353,11
train-00001-of-00048_001117,сөйтпеймін,سف,1.0,1.0,1
train-00001-of-00048_001118,кәдімгі кітап керек болған кітап деп маған барлығын түсіндірді сол кезде мен де түсіндім,кітап керек болған кітап деп маған барлығын түсіндірді сол кезде мен де түсіндім,0.07142857142857142,0.09090909090909091,14
train-00001-of-00048_001119,кәдімгідей сол заманда ол кітапқа адамдар зәру болған балалардың организмін білмеген деген сияқты,кәдімуде сол заманда ол кітапқа адамдар зәру болған балалардын органинен білмегенн деген сияқты,0.3076923076923077,0.08247422680412371,13
train-00001-of-00048_001120,сол мақсатта жазылған кітап екен егер мен ана болсам сол кітапты оқитын едім және де аналарға да кеңес беремін былай қарап тұрсаң ана болу ол да бір педагогика екен бесінші және соңғы кітап бұл азылхан нұршайықовтың махаббат қызық мол жылдар кітабы бұл кітапты оқудағы мақсатым негізі,сол мақсатта жазылған кітап екен егер бен ана болсам сол кітапты оқетінедім жәнеде аналағыда кеңесперен байғарап тұрса ана болу ол да бір педагогика екейін бесінші және соңға кітап бұлазылхан мұршсайқыптың махаббат қызық мұл жылдар кітабы бұл кітапты оқуғдағы мақсапты негізе,0.45652173913043476,0.10915492957746478,46
train-00001-of-00048_001121,тіл байлығын арттыру болған себебі әдеби кітаптар оқыған кезде мен мына нәрсені түсіндім негізі сен дамитын кітаптарды емес,тірбайлығы нарттұру болған сібегі әдеби кітаптары оқыған кезде менің нан арсена түсіндім негізді сен даметін кітаптарды емес,0.5555555555555556,0.14634146341463414,18
train-00001-of-00048_001122,кішкене әдеби бағыттағы кітаптарды оқысаң тіл байлығың көтеріледі себебі оның ішінде біз білмейтін неше түрлі теңеу сөздер,кішкене әдеби бағыттағ кітаптарды оқысан түлбайлығын көтерледі тебебі оның үшінде біз білмейтін неше түрлі теңеу сөздер,0.4117647058823529,0.06557377049180328,17
train-00001-of-00048_001123,сөз тіркестері бар мен бұл кітапты оқыған кезде үлкен қызығушылықпен оқытым да,сөз тіркестері бармен бұл кітапты оқыған кезде үлкен қызықушылық пен оқытымда,0.4166666666666667,0.05128205128205128,12
train-00001-of-00048_001124,бір күнде елу беттен алпыс беттен оқып оқып кеткен күндерім де болды негізі оқиғаны оқыған өте қызық сосын автордың ойын білгім келеді бұл жерде не айтқысы келді деген сияқты ең қызық нәрсе,бір күнде елу беттен алпыс беттен қ оқып кеткен күндеріме болып неңіз оқиған оққан өте қызық сосын автордың ойын білігін келет бұл жүрде не айыт қысы келді деген сяқта ең қызық нәрсе,0.40625,0.1111111111111111,32
train-00001-of-00048_001125,маған бұл кітапты қайтадан 2 3 рет оқу керек сияқты себебі бұл кітаптың,маған бұл кітапты қайтанан екіншіліт оқы кергі сақта себебі бұл кітаптың,0.5384615384615384,0.2112676056338028,13
train-00001-of-00048_001126,соныма,ص么,1.0,1.0,1
train-00001-of-00048_001127,басқаша аяқталды,басқа шарықталды,1.0,0.25,2
train-00001-of-00048_001128,айта салайыншы енді махаббат қызық болсын да ол 2 адамның арасындағы махаббат қой осы кітапты оқып жатқанда маған қасымда құрбым айтады бұл кітапты ең соңында,айтазлайынш енді махаббат қызық молзында ол екі адамның арасындағы махаббат қой осы кітапты оқып жатқанда маған қасымда құрылмайтар бұл кітапты ең соңында,0.28,0.0949367088607595,25
train-00001-of-00048_001129,екеуі қосылмайды деп маған андай не айтып қояды ғой спойлер айтып қояды сосын мен а деп қоямын и мен бірақ біліп тұрмын кітаптың соңында қосылмаймын бірақ ана кітап қызық болыватыр мен күнде оқимын оқимын оқимын и бір кезде кітаптың соңында қосылады и мен айтамын құрбыма сен айтқан едің ғой ананы кітаптың соңында қосылмайды деп сосын айтады тағы,екеу қосылмайт деп маған д не айтып қояды осполлар айтып қояды түсімен адяп қалам еймен біқ біліп тұрым кітаптың соңда қосмайды бірақ ана кітап қызық болыпатырмен күндеп оқиым оқиым оқиым ей біркезде кітаптың соңында қосылады емен айтам құр сен айтқан едім қонан кітаптың соңында қосылмайт деп сасағайды тағы да оқы сенол кезде түсінбегенсін бұл кітапта оның,0.7543859649122807,0.3371757925072046,57
train-00001-of-00048_001130,қиялымдағыдай етіп бітірген деп айтады одан кейін тағы да бір кітап оқып бастаймын именно сол махаббат қызылық маусымдарды айтқанда соңындағы авторды жеткізген олар қосылмаған себебі осындай деген сияқты қылып,қиялындағы да етіп бітірген деп айтадан кейін тағы да бір кітап оқбаса ем иміні солу махабатқызылық молзылдардайтқанда соңындағы авторды жеткізген олар қосылмаған себебі қосындай деген сияқты қылып,0.4482758620689655,0.1339712918660287,29
train-00001-of-00048_001131,түсіндірген кезде ғана барып мен сендім де ана кітапты қайтадан оқу керек екен деген үндем,тысындірген кезде ғана барып мен сендіңда ана кітапты қазадан оқу керей екен деген нде,0.4,0.1111111111111111,15
train-00001-of-00048_001132,ой пайда болды енді дәл қазір менің оқып жатқан кітабым бұл 13 ақиқат деген дина төлепбергеннің кітабы мен көбінесе қазақ тілдегі кітаптарды оқимын,ой пайда болды ендәл қазір менің оқып жатқаны кітабым бұл онүш ақиқат деген динан түліп бергенін кітабы мүкөрмесе қазақ тілде кітаптарды оқимін,0.4782608695652174,0.1564625850340136,23
train-00001-of-00048_001133,маған ыңғайлырақ орыс тілдегі кітаптарды оқу мен үшін кішкене қиынырақ мен ағылшынша кітаптар оқығым келеді сосын дәл қазір оқып жатырмын кітабым бұл дина төлепбергеннің,мағаны ыңғайлырақ орс сілдеп кітаптарды оқуы мен үшін кішкене қиынырақ мен ағысынша кітаптару қыңгалетсес дәр қазір оқып жатқын кітабын бұл денатөрлеп бергеннің,0.5833333333333334,0.1834319526627219,24
train-00001-of-00048_001134,он үш ақиқат атты кітабы маған дина төлепбергенді қараған мысырам өте қатты жақсы қарайтын едім де сол кезде осы кітаптың ойын жеткізген кезде мен мына кітапты,он ыш ақиқа татты кітабы маған дена төлеп бергенді қараған мысарам өтеқатты жақсы қарайтын едімді сол кезде осы кітаптың ойын жеткізген кезде мені акітапты,0.5384615384615384,0.0880503144654088,26
train-00001-of-00048_001135,точно алу керек деп и сатылымға шыққан кезде сатылымға шықпас бұрын мен бірден сатып алдым бұл кітапты каспий магазиннен сіздерге де алуға кеңес беремін ол жерде айтқан әрбір ана әрбір қыз баласы оқу керек деп,тойтшин ауыл керек теп сатылымға шыққан кезде сатылымға шықпас бұр мен бірден сатып алдың бол кітаптып кәспе магазинен сіздерге деалуға кеңес берем ол жерде айтқан әр бір ана әр бір қызпаласы оқу керек деп,0.5142857142857142,0.1291866028708134,35
train-00001-of-00048_001136,бірақ оны ойлай айтатын едім тек қана қыздар емес оны жігіттер қауымы да оқу қажет деп,бірақ оның ойла айтатын едім текқана қыздары емес оны жігіттер қаумуда оқу қажет деп,0.4375,0.08139534883720931,16
train-00001-of-00048_001137,себебі бұл кітап арқылы мен тағы да бір мақсатым болды мен мектептегі жас маманмын ғой және де менің сыныбым бар сыныбыма сынып сағаттарын қазір сыныбым жетінші сынып оқиды сынып сағаттарында түрлі тарқаттарды қозғап жүрмін дәл қазіргі уақытта сол кезде қыздарға бірдеңе айтпасы бұрын менің де айтатын нәрселерім болу керек қой сол үшін де осы кітапты алып оқуды,себебі бұл кітап арқылы мен тағы да бір мақсатын болды мен мектептеге жасмаманм ғой және де мен сыныбым бар сыныбыма сынып сағаттарын қазір сыныбым жетінші сынып оқет сыым сағаттарына түріл тақрттарды қозғап жүрымдарлға азір уақытта сол кезде қыздарға бірдеңе айтпаспарың менінде айтатты нәрселерін болугрек кол сол үшінде осы кітап талып окулы үрен көрдім,0.5087719298245614,0.16574585635359115,57
train-00001-of-00048_001138,бұл кәтіп,مكهبت,1.0,1.0,2
train-00001-of-00048_001139,оэнд,我爷你,1.0,1.0,1
train-00001-of-00048_001140,он үш түрлі ақиқат жазылған,он үш түрлү ақикатты жазылган,0.6,0.18518518518518517,5
train-00001-of-00048_001141,ақиқат жазылады ол кітаптардан кейін дина төлепбергеннің өзінің түйген ойы ең қызығы бұл кітаптар өмірде болған мен жағамды ұстадым кәдімгідей шынымен де біз өмірде білмейтін жағас татарлық,ақақат жазылат ол кітаптардан кейінде на төліп бергеннің өзін түгені ойы ең қызығып ол кітаптар өмірде болған мен жағам тұстадым кәліміде үшінмен де біз өмірде білмейтін жағастатарлық,0.5925925925925926,0.13227513227513227,27
train-00001-of-00048_001142,түрлі оқиғалар өте көп,түрлі оқиғалар өтек көп,0.25,0.045454545454545456,4
train-00001-of-00048_001143,соны енді ашып жазып көрсеткен бұл кітапты ең бірінші айтар едім кәдімгідей розовый очкиді шешіп қарау керек,соны енді ашық жазып көрсеткейін бұл кітапты ең біршетіредін кәідей розу әшкеді шешіп қарау керек,0.47058823529411764,0.21296296296296297,17
train-00001-of-00048_001144,және де кішкене психолог тұрғыдан ауыр кітапта болуы мүмкін енді сізге байланысты ол,жәнеде кішкене психалық тұрғыдан ауыр кітапта бол мүмкін енді сізге байламыс тыл,0.46153846153846156,0.11904761904761904,13
train-00001-of-00048_001145,көрінсе бұл оқиғалардан кейін яғни дина төлепберген өз ойын айтады сосын өзінің қызына арнаған кішігірім хаты болады жалпы кітаптарды оқыған кезде бұл жаңа айттым ғой сен деген кітап арқылы,көмесем бл оқиғалардан кейін жни денаторепперген өзі ойын айтады сосын өзінің қызына арнаған кішігірім хаты болады жалпы кітаптарды оқиған кезде бұл жа айттым ғой сен деген кітап арқылы,0.27586206896551724,0.08465608465608465,29
train-00001-of-00048_001146,өмірімді кітап оқу негізі шынымен де өмірімді өзгертеді түрлі әдеттерді қалыптастыруға алып келеді мысалға сен кітабы менде солай болды әдет қалыптастырды менің сумкамда қазір міндетті түрде кітап жүреді оны мен сол күні оқымай ақ қояйын бірақ мен мектепке барған кезде менің сумкамнан мүлде кітаптар түспейді бір кітап оқиды егер менде акошка болса мен міндетті түрбұл қалыптасып кетті енді алдағы уақытта ютубта жиі шығамын деп ойлаймын жоғалып кетпеуге тырысамын әрбір апта сайын,өірідктқуішіендеөірімдөзетелі әдеттердіқалттыру қаы кереағен кту менде ұлй ләдет қатдыің сұнкамда қаімндеттрдекіт жоыенсолкүніоқмайқы біақ метепкеағаездең скамүлде ктттүйдіктерендәкошк олаөндетдет бі еіетінлықыұеншінқаытаетіенді алдағ қытаттғ шығаде ойлайжалып ктпеетснәбі аптасайын,0.9859154929577465,0.49377593360995853,71
train-00001-of-00048_001147,өйткені аптасына екі күн болып өші қалып айтсаңыз біткен төлеп,еквоне доровя пасня ївторв него блишгал процент интерет,1.0,0.8225806451612904,10
train-00001-of-00048_001148,екі видео шығаруға тырысып отырамын енді мен алдағы уақытта мынандай видеолар шығарғым келеді,екі видео шығаруға тірсіп отырамын ендімен алдағы уақытта әндай видеола шығарым елет,0.5384615384615384,0.13978494623655913,13
train-00001-of-00048_001149,қазір жаңа жыл келе жатыр соған дайындық қалай жоспар жазу керек қалай план қою керек айға жоспар жазу деген сияқты,қаза жаңа жал кележатр соған дайындық қалай жоспа жазу керек қалай план қою керек айға жоспар жазу деген сияқта,0.3,0.06086956521739131,20
train-00001-of-00048_001150,өзімнің де қалай айтсам болады өзім де қолданып жүргендіктен оны сіздермен бөліскім келеді арнаға жазылуды міндетті түрде ұмытпаңыздар лүпіл басыңыздар,өзімінде қайтымат өзімде қолданым жүргендіктен оны сіздермен бөліскім келеді арнаға жазууды міндеттірде мпаңзер лепіл басыңыздар,0.65,0.1986754966887417,20
train-00001-of-00048_001151,пікір қалдырыңыздар келесі видеода кездескенше,пікір қалдырыңыздар келесі видеода кезескенше,0.2,0.021739130434782608,5
train-00001-of-00048_001152,бұл үш ақсақал үш машайықтың кімдер екенін сыпыра шежіреші әлиасқар байқұтұлы мен оның құйма құлақ ұлы ақпантай байқұтовтың бізге жеткізіп кеткен баға жетпес мұрағаттары негізінде білдік,бұлушақсақал үшмашайықтың кімдер екенін сыпыра шежіреші әли ясқар байғытұлымен оның құймағұлағұлы ақпантай байғұтовтың бізге жеткізіп кеткен баға жетпес мұрағаттары негізінде білдік,0.46153846153846156,0.07526881720430108,26
train-00001-of-00048_001153,айтып отырғанымыз 1941 жылы әмір темірдің моласын аштырып көрмек болғанда қайдан шыққаны белгісіз үш ақсақал әміршінің қабіріне тиюге болмайтынын әйтпесе қарғыс ататынын айтып жылдам көзден ғайып болатыны бар емес пе сол үш ақсақал үш машайық,айтып отырғанымыз мың тоғыз жүз қырық бірінші жылы әмір темірдің моласына аштырып көрмек болғанда қайдан шыққаны белгісіз үш ақсақал әміршінің қабіріне тиуге болмайтынын әйтпесе қарғысататынын айтып жылдам көзден ғайып болатына бар емес пе сол үш ақсақал үшмашайық,0.34285714285714286,0.1322314049586777,35
train-00001-of-00048_001154,бұл 3 машайықтың біреуі жоғарыдағы сыпыра шежіреші әлиасқар байғұтұлының өзі екен,бұл үшмашайықтың біреуі жоғарыдағы сыпыра шежіреші әлиясқар байғы тұлының өз екен,0.5454545454545454,0.07407407407407407,11
train-00001-of-00048_001157,ақыры 90 пұттық жасыл нефрит астындағы 3 қабатты мрамордан тұратын табытты ашу басталады,ақыры тоқсан путтық жасыл нифрид астындағы ышқабатты мрамардан тұратын табытты ашу басталады,0.46153846153846156,0.13636363636363635,13
train-00001-of-00048_001158,алтын жалатылған матаға ораулы арша ағашынан жасалған төрт тұғырлы табыттың қақпағын ашуға бүкіл экспедиция мүшелері жиналады мың тоғыз жүз қырық бірінші жылдың жиырма бірінші маусымы күні таң алдында табыт қақпағы ашылғанда әміршінің бейнесінде елес берген хош иісі бас айналдыратын ыстық лепті қою бу сыртқа атылып шығып ж,алтын жалатылға матаға ораулы арша ағашынан жасалған төрт тұғырлы табыттың қақпаған ашуға бүкіл экспедиция мүшелері жиналады мың тоғыз жүз қырық бірінші жылдың жиырма бірінші мауысы мүгіні таң алдында табыт қақпаға шылғанда әміршінің бейнесінде елес берген хошиысі бас айналдыратын ыстығ лепті қою бу сыртқа атылып шығып жұрт шошынғанынан кері серпіліп кетеді,0.2978723404255319,0.15123456790123457,47
train-00001-of-00048_001159,сол замат кесене ішінде 3 апта бойғы қазулар кезінде бірде бір рет өшпеген жарық жалп етіп сөніп қалады 1941 жылдың 21 маусымы күні правда газеті ақсақ темірдің қабірі ашылып оның бас сүйегінен жирен қылдар табылғанын яғни әлем әміршісінің сақал шашы жирен түсті болғанын хабарлаған ал дәл осы сәтте берлинде гитлер барбаросса жоспарына қол қою үстінде болатын ал барбароссының аударма мағынасы жирен сақал,сол заматкесене ішінде үшапта бойға қазулар кезінде бірдебір рет өшпеген жарық жалп етіп сөніп қалады мың тоғыз жүз қырық бірінші жылдың жиырма бірінші маусы мүгіні правда газеті ақсақ темірдің қабірі ашылып оның бас сүйегінен жирен қылдар табылған яғни әлем әміршісінің сақал шашы жирен түсті болғанын хабарлаған ал дәл осы сәтте берлиңде гитлер барбаросса жоспарына қол қою үстінде болатын ал барбароссаның аударыма мағынасы жирен сақал,0.3225806451612903,0.13793103448275862,62
train-00001-of-00048_001160,ертеңіне 60 миллион адамзатты алапат қырғынға ұшыратқан герман фашизмінің кеңес одағына шабуылы басталады да кетеді,ертеңіне 6лпыс миллион адамзатты алапат қырғынға шұратқан герман фашизміның кеңес одағына шабулу басталатты кететі,0.4666666666666667,0.13043478260869565,15
train-00001-of-00048_001161,бұл мистикалық сәйкестіктің сталинге қаншалықты әсер еткені белгісіз дегенмен жезмұрт көсемінің мәскеуге әкетілген әлем әміршісінің бас сүйегін 1942 жылғы 20 желтоқсан күні самарқандтағы өз орнына тездетіп қойғызғаны анық,бұл мистикалық сәйкестіктің сталинге қаншалықты әсір еткені белгісіз дегенмен жезмұрт көсемнің мәскеуге әкетілген әлем әміршісінің бас сүйегін мың тоғыз жүз қырық екінші жылғы жиырмасыншы жел тоқсан күні самақанттаға өз орнына тездетіп қойғызғаны анық,0.39285714285714285,0.19457013574660634,28
train-00001-of-00048_001162,оған да себеп болған жоғарыда айтылған мәлік каюмов ол кинооператор ретінде көп ұзамай қанды соғысқа аттанған майданда жүргенде өзі куә болған нәрселер оған тыныштық таптырмайды ақыры құдай сәтін салып майдан даласында маршал жуковпен кездескен қарапайым солдат ойындағының бәрін ақтарып темірдің сүйегін өз орнына қоймайынша кеңес халқы жеңімаршалл мұның барлығын сталиннің құлағына жеткізген көрінеді,оғанда себеп болған жоғарды айтылған мәліккаюмов бол киноператор ретінде көп ұзамай қанды соғысқаттанған майданда жүргенде өзі куә болған нәрселер оған тыныштық таптырмайды ақыры құдай сәтін салып майдандаласында маршал жуковпен кездескен қарапайым салдат ойындағының бәрін ақтарып темірдің сүйігін өз орынына қоймайынша теңес халқы жеңіске жет алмайтын тұспалдап айтады маршал мұның барлығын сталинның құлағына жеткізген көрінеді,0.41509433962264153,0.12189054726368159,53
train-00001-of-00048_001163,темірдің қарғысынан сұсық ашқан сталин әмірші мен ұрпақтарының сүйегін жерлеуге дереу 1 миллион рубль бөлген бұл о заманда бүтіндей бір дивизияны бір ай ұстап тұруға жетіп артылатын үлкен ақша еді темірдің сүйегі әскери құрметпен артиллерияның салют беруімен өз орнына қойылғаннан кейін көп ұзамай сталинград қаласы фашистерден толық азат еті,темірдің қарғысынан сұсықашқан сталин әміршімен ұрпақтарның сүйегін жерлеуге дереу бір миллион рубіль бөлген бұл озаманда бүтіндей бір дивизияны бірай ұстаптұруға жетіп артылатын үлкенақшы темірдің сүйегі әскери құрметпен артилерияның салют беруімен өз орына қойылғаннан кейін көп ұзамай сталин град қаласы фашистерден толық азат етілет міне тағы да сәйкестік,0.5102040816326531,0.13157894736842105,49
train-00001-of-00048_001164,ақсақ темірдің сүйегін сталинградтағы майдан даласы үстімен алып ұшқан сонан кейін ғана жеңіс кеңес армиясы жағына ауған делінеді сондай ақ ұлы қолбасшының сүйегін соғыста ортаазиялық жауынгерлердің рухын көтеру үшін олар шоғырланған әскери бөлімдерге апарғаны туралы да деректер бар,ақсақ темірдің сүйегін сталинградтағы майдан даласы үстімен алып шышқан сонан кейін ғана жеңіс кеңес армиясы жағына ауған делінеті сондай аққолы қолбасшының сүйегін соғыста орт азиялық жауынгерлердің рухын көтеру үшін олар шоғарланған әскери бөлімдерге апарғаны туралды директер бар,0.2631578947368421,0.038869257950530034,38
train-00001-of-00048_001165,не десек те сталинград майданының фельдмаршал паулисті армиясымен тұтас қолға түсірген соғыс тағдырына бетбұрыс жасаған шешуші шайқас болғаны белгілі тағы да бір сәйкестік мәлік каюмов соғыста тура ұлы әмірші сияқты сол аяғына оқ тиіп жараланған бұл да жаратушының оның 1941 жылы жіберген қателігін түзеуі үшін ескертуі әдейі тір қалдырғаны болар,недесекті сталинград майданның фельд маршыл паулисты армиясы мен тұтас қолға түсірген соғыс тағдырына бекбұрыс жасаған шешуші шайқас болғаны белгілі тағыды бір сәйкестік мәлік каюмов соғысты тура ұлы әмірші сияқты сол аяғына оқ диіп жараланған бұл да жаратуүшының оның мың тоғыз жүз қырық бірінші жылы жіберген қателігін дүзу үшін ескертуі әдей тірғ алтырғаны болар бәлкім,0.48,0.15895953757225434,50
train-00001-of-00048_001166,енді негізгі әңгімемізге көшсек жоғарыда айтқан сыпырашы шежіреші әлиасқар байғұтұлы әмір темір көрегенінің самарқандтағы мүрдесін ашуға қарсы болған 3 машайықтың бірі ерекше қасиет қонған бұл 3 ақсақал аян арқылы сөйлесіп әмір темірдің сағанасы алдында кездесейік деп уағдаласады,енді негізгі әңгімемізге көшсек жоғард айтқан сыпырашы шежіреші әлиясқар байғұтұлы әмір темір көрегенінің самарқанттағы мүрдезін асуға қарсы болған үш машайықтың бірі ерекше қасиет қоңған бұл үш ақсақал аян арқылы сөйлесіп әмір темірдің сағанасы алдында кездесе ейк деп уағыдаласат,0.2972972972972973,0.060714285714285714,37
train-00001-of-00048_001169,оқыған қуат ахметжанов,غn قوة تخمد جنف,1.3333333333333333,0.9090909090909091,3
train-00001-of-00048_001170,иии сәлем достар сіздермен бірге мен да кизет и менің жанымда дина кизет сәлемдесіңізге сәлем сәлем достар бүгін біз осы скайблокта өтетін боламыз бүгінгі видеомыздың мақсаты скайблокта жүз пайызға өту,и сәлем достар істерме өмірге мен да кезет еменің жанында диногізет сәлемдеске сәлем сәлем достар бүгін біз осы скайблықты өтетін боламыз бүгінгі видеомыздың мақсаты скайблықты жүз пайызға өту,0.4,0.13432835820895522,30
train-00001-of-00048_001171,мына жерге қаралсаңыздар көптеген аралдар бар осы аралдардың бәрін зерттейміз,мәдере қаосаңыздар көптеген аралдар бар осы аралдарын бәріні з еттейміз,0.7,0.18181818181818182,10
train-00001-of-00048_001172,ең бірінші кірісетін заттарымыз мына сұмдықтағы заттарды алып аламыз,ең білінші кірсетін заттарымыз мынай сұндықтағы заттарды аламыз,0.5555555555555556,0.1323529411764706,9
train-00001-of-00048_001173,міне осындай шелек бар және кирға бар,не осындай шелек бар және керхабар,0.42857142857142855,0.13513513513513514,7
train-00001-of-00048_001174,бірақ бұларды қалдыр салайын демек те сен осы жерден темірдің фермасын жасай бер,бірақ боларды қалдырсылайын денектесін ушеден темірдің фермасын жасебер,0.7692307692307693,0.2,13
train-00001-of-00048_001175,ал мен наяқты ағаш жарқыза беремін,أومنا يخطع غشترقزيمل,1.0,0.9411764705882353,6
train-00001-of-00048_001176,оң,,1.0,1.0,1
train-00001-of-00048_001177,сөйтіп жүрдіңіздердіңіздердіңіздердіңіздердіңіздерді,,1.0,1.0,2
train-00001-of-00048_001178,мүм,อ ম,2.0,1.0,1
train-00001-of-00048_001179,жақсы жасайы білмеген,تخت سيب لكن,1.0,0.9047619047619048,3
train-00001-of-00048_001180,өй қараңғырлық,ei halammo,1.0,0.9285714285714286,2
train-00001-of-00048_001181,былай қаза беремін жайлап жайлап,aقazadremselezle,1.0,1.0,5
train-00001-of-00048_001182,солайлап алайын да,طال,1.0,1.0,3
train-00001-of-00048_001183,ала беріңіз,我别这温,1.0,1.0,2
train-00001-of-00048_001184,енді кәдімгі барысқа тұрасыз,عنده قاد م وارضقكسص,1.0,0.9285714285714286,4
train-00001-of-00048_001185,оп болды мен қайсыс болдым дейді на визит,ап болды мен кас порм дина кезет,0.75,0.4146341463414634,8
train-00001-of-00048_001186,бүгін,了,1.0,1.0,1
train-00001-of-00048_001187,лаваны алып андай екі жерге пұл мен лаваны тәзе салайық,лаған алып андай екі жеге пулмен лабан тесе солат,0.7,0.23636363636363636,10
train-00001-of-00048_001188,мә менің кәсіпті,mamkasa,1.0,1.0,3
train-00001-of-00048_001189,бізде верстоксиз айтылады верстоксиз ең ең бірінші мақсатымыз ағаш жүрсеміз және верстоксиз еміз тағы ағаш браконь жамай өндірсе,бізде верстакымыз айтжад естакжаиң еңбаша мақсатымыз ағаз жорсайміз және верстак шсеңіз ағас такан шабай өндітта,0.8333333333333334,0.359375,18
train-00001-of-00048_001190,енді,年之,1.0,1.0,1
train-00001-of-00048_001191,балка балка сөзіңіз айтатын бірінші құрайды иә кәдімгідей айтатын көріңіздер,bалka bалka созdeсa тiврінчілар едересaт өкөннүшті,1.0,0.7236842105263158,10
train-00001-of-00048_001192,ең бірінші бізге ең керекті заттардың бірі ол бізде керка,ең бітші бізге ең келек затардың бірі ол бізде терка,0.4,0.14035087719298245,10
train-00001-of-00048_001193,және қылыш және топор,және қылыш және тапор,0.25,0.047619047619047616,4
train-00001-of-00048_001194,осы осы құрылғылар алқа мен осы біздің скайбургта өте үлкен концерт бар,осы құруплер алқы мен осы бізім үскай боқ өтеі көнсек бар,0.6666666666666666,0.4084507042253521,12
train-00001-of-00048_001195,мына жерде тұрған егіндерді неге жинап алайық бұлар әзірге тамақ береді өсіпті,мына жерде тұрған егіндерді негез жина болаықжина болайық олар ізге табақтаы өспітііз,0.6666666666666666,0.3974358974358974,12
train-00001-of-00048_001196,байқалай құл қау на лава түс кетпей әйел ғой,bakbk a 나a labatkp알v j,1.0,0.9090909090909091,9
train-00001-of-00048_001197,иңізге байқаған өлеңіз,tad liking rems,1.0,0.9090909090909091,3
train-00001-of-00048_001198,ана аралдарға келесі бөлімдерді барып көреміз бірақ осы бөлімде біз бір аралдардың ішіне барып келуіміз мүмкін,ана аралдарга керес бүрүмдөр жубарып көрөңүз бирак осо бөлүнде биз бир аралдарын ишине бак керүбүмыз мүмкүн,0.9375,0.3,16
train-00001-of-00048_001199,бірінші бала қарағанбыз үй ана үй жолығында иә міне мына жерде үй тұрмыз осыған барып көреміз иә,bіrыnчaba araлыmыz z ana үй oлkыnдa am ana жerdei tro so sаmаt көremiz,0.9411764705882353,0.7604166666666666,17
train-00001-of-00048_001200,жақсы кішкене ресурс керек болады,agtمtش ر جصسبج,1.0,0.9393939393939394,5
train-00001-of-00048_001201,осыдан ана жерде көп ағаш көп тұса керек себебі андай,булсармы жаңа жерде көп агыш көпсо бүрүк се андай,0.7,0.41509433962264153,10
train-00001-of-00048_001202,бұл блоктар істеп жүрері тез барып жатамыз,bu loktar step sürüyore tiz varcıdoğanız,1.0,0.9285714285714286,7
train-00001-of-00048_001203,тау жақта бізде керекті заттар болады деген ойдағыдан,ожақты бізге керекті заттар болып дегін ойдағады,0.75,0.24528301886792453,8
train-00001-of-00048_001204,мен жайлы жайлы бағыштыр қазір емес,زلفلبعشترقزبم,1.0,1.0,6
train-00001-of-00048_001205,геморганизация болып қалдың ба жеміс жеміс деп,дема кезетсен болып қалыңба жеміш елместеп,1.0,0.43478260869565216,7
train-00001-of-00048_001206,айғұр жиырма блоктан,оз жерма бұлықтан і,1.3333333333333333,0.6,3
train-00001-of-00048_001207,альтенадо,عفت ناضو,2.0,1.0,1
train-00001-of-00048_001208,осылар арқылы біз андай қабыламыз қазіргі таңғы аштыққа дейін,осылар арыпы біз анақ барлыныз бәзім тағағаштықаже,0.7777777777777778,0.3770491803278688,9
train-00001-of-00048_001209,алта,ق,1.0,1.0,1
train-00001-of-00048_001210,оп төлеп,저도,1.0,1.0,2
train-00001-of-00048_001211,сосын айтпақшы мына жақта бізде сиырлар бар бір дәусір және оның баласы,оса айтпақшы нәжақта безе терлар бар бірдәусер және оның баласы,0.5833333333333334,0.19718309859154928,12
train-00001-of-00048_001212,осылар арқылы біз оларды өсірейік ана проценттерді және оларды баға,осылар рққы біз оларды өсірек аннасен тсерді және оады бағы,0.6,0.23880597014925373,10
train-00001-of-00048_001213,жинаққа алған дегендеріңді еске алайын қайтамын,якы алған беріңдерінде кылайын қайтанып,0.8333333333333334,0.425531914893617,6
train-00001-of-00048_001214,менің көкемесің,كبs,1.0,1.0,2
train-00001-of-00048_001215,оған бізге алда келіп боламын,اقزيعودة كلف,1.0,0.9655172413793104,5
train-00001-of-00048_001216,қазір өз университетпен нан жасайтын боламын,казір біз верістіктан нанесәйтін бұла,1.0,0.4772727272727273,6
train-00001-of-00048_001217,биыл жаңағыңа кетеді екен,yukenamaketeke,1.0,1.0,4
train-00001-of-00048_001218,аха,अह,1.0,1.0,1
train-00001-of-00048_001219,ең бірінші бейміт арнайы қабақ үшін ағаштарды өндірсе бірінші,yeng beniser bimat anaya kabarusn ya arasta duindeca benisi,1.0,0.9344262295081968,9
train-00001-of-00048_001220,жаңағы не аламын білеміз,جعلابعلابمريمس,1.0,1.0,4
train-00001-of-00048_001221,иә экос,يا ياقس,1.0,0.8571428571428571,2
train-00001-of-00048_001222,мен негізі зор жасап қойдым кішкене,ina izrzalas قodm كsكila,1.0,0.9142857142857143,6
train-00001-of-00048_001223,сөйтсек,,1.0,1.0,1
train-00001-of-00048_001224,сәлема керек мені ән аяқтады деп отайын,sdin कisमnfts c,1.0,0.9487179487179487,7
train-00001-of-00048_001225,сіздің бауыртпыздар енді мен сири,е намен сери,1.0,0.7272727272727273,5
train-00001-of-00048_001226,опа сол жайлап құлак етпей өтініп отыр құлак етсек бұл өліп қаламыз өліп қалсақ заттарымыз жауап кетеді қазір мен өзімнің бұл блоктарымды алдайын жасаған және міне андай австриялар жайлап жайлап осылай дамы береміз,оппа сірәла қылакетпе өртнастын қлакетсек бұл рпқааызөріпқаса заттарымыз жалып кетет казірме өзінің бол локтарында лылайың ераа жасаған және мін янні астыряқ жәлаб жәлі осай тама беріміз,0.8787878787878788,0.35046728971962615,33
train-00001-of-00048_001227,қазір былай былай,gazer blay blay,1.0,0.8823529411764706,3
train-00001-of-00048_001228,орплей,喂,1.0,1.0,1
train-00001-of-00048_001229,былай мына жолы түсуган кейін кішкене үлкен керек андай бір мос курс десек болады иә дина деді айтшы иә,плайна жолды сонкен кішкене лүкер көрек андай бір мос пупстесеада де новизитат,0.7894736842105263,0.4368932038834951,19
train-00001-of-00048_001230,ол маған кішкене бас балдар сияқты,ол мадиүл кіскені бол бас балдартүсәткессасус,0.8333333333333334,0.6470588235294118,6
train-00001-of-00048_001231,менде маған,月妈,1.0,1.0,2
train-00001-of-00048_001232,неге көптесе,نيكتس,1.0,1.0,2
train-00001-of-00048_001233,ой өп өп,ويوف,1.0,1.0,3
train-00001-of-00048_001234,мына біздің үйіміз осындай дүние келеді,nabs nn rosna dinakisit ob,1.0,0.8974358974358975,6
train-00001-of-00048_001235,негізі үй күштік екен иә,біzі үйi күштiкiнe,1.0,0.5416666666666666,5
train-00001-of-00048_001236,не ақ та сұмдықтар ешнәрсе а сұмдықтар ешнәрсе бізге балтина өте қазір важналы аха білемін осы уточка істесек болады,нектасунукта ишінші асыныкта ишінші бізге палкина өтте ға бажналып а білем осдан удычкасесек болат,0.9473684210526315,0.4482758620689655,19
train-00001-of-00048_001237,өй көрсеттің өз,وي تشدمع,1.0,0.9333333333333333,3
train-00001-of-00048_001238,ол неяқта қара демек кететін неяқта күшті ағаштар тауып алдым өздеріңіз,ол ныяқта кара мемекететн ныяқта күчтө ағаштар талолдун тар өстөрүз,0.8181818181818182,0.352112676056338,11
train-00001-of-00048_001239,екі бағыштай қоштамын,kobarشa cosna,1.0,0.9523809523809523,3
train-00001-of-00048_001240,мына жақта алатын нәрселерім банал,ننخت عضت نشلن بناض,1.0,0.9117647058823529,5
train-00001-of-00048_001241,ол пич пич кейіпкөр өзіңізге қалтып түсіп алайын өзіңіздер турамыз емес,o pech pech ke kor uzuqakausir turomgabiz,1.0,0.9154929577464789,11
train-00001-of-00048_001242,суған айтып алғанмын мен иә менен өліп,تنتو يا بل,1.0,0.9473684210526315,7
train-00001-of-00048_001243,бірақ та көтерілетін үйге қыз тұрса менде көтерілетін үйдің күшейтемін екен менде дұрыс а,t ktli,1.0,0.9887640449438202,14
train-00001-of-00048_001244,мен баға қылайық,مافي,1.0,1.0,3
train-00001-of-00048_001245,ар жақты үйді айтып жүрді,ardata idasagdururdi,1.0,0.96,5
train-00001-of-00048_001246,мұндай,来人,1.0,1.0,1
train-00001-of-00048_001247,қазір достар біз негізі өзінің планын құрды ғой қазір мына жерде мен аяқта лестница жасаймын дегенді,каде достар дина кизеп өзүни кланы кордол ка ажерде мен аякта лешнисердесееримжеде,0.875,0.52,16
train-00001-of-00048_001248,пусть,حرك,1.0,1.0,1
train-00001-of-00048_001249,оп реңбиаты,op viatri,1.0,0.9090909090909091,2
train-00001-of-00048_001250,оппа,mopa,1.0,1.0,1
train-00001-of-00048_001251,нол,毛,1.0,1.0,1
train-00001-of-00048_001252,енді енді қазір көтерек неге болып жатады,мендім енді кәзер күтелетіне лп жаталыт,0.8571428571428571,0.3902439024390244,7
train-00001-of-00048_001253,алтын сауыт,بنص,1.0,1.0,2
train-00001-of-00048_001254,янжикары аха,كنشكي عري ها,1.5,1.0,2
train-00001-of-00048_001255,енді жаңағы жаңағы,예늘였주하고지만,1.0,1.0,3
train-00001-of-00048_001256,сәлем қайтадан қайталамыз жаңағы барған жерім,сарен кайта кайтауоны жаңа барңа чен,1.0,0.4444444444444444,6
train-00001-of-00048_001257,сондықтан абайланса керек оппа анаяқта ағаштар жатыр,сонттан амелынседерек оппааныяқты ағыштарапір,1.0,0.34615384615384615,7
train-00001-of-00048_001258,білетін ең күдікті біздің алғашқы бір мақсат ол планета,ritnenipi bizi aғasisir maksat oл bori ehta,1.0,0.9090909090909091,9
train-00001-of-00048_001259,аяғына ала алып бірінші пайызда,на аллала кінші бсто,1.0,0.5806451612903226,5
train-00001-of-00048_001260,мемлекет басқа да аралдарға бағалған емес,денакізет басқыда араларып алғат неңез,1.0,0.43902439024390244,6
train-00001-of-00048_001261,керек жаңағын сүйрөтті уақытты қандығының арқасында,cera dialausirituakantek kasila,1.0,0.9607843137254902,6
train-00001-of-00048_001262,жаңағы,,1.0,1.0,1
train-00001-of-00048_001263,би да өтпайын ұйықтаған ағаштар көп,بي بميقاتك,1.0,0.9714285714285714,6
train-00001-of-00048_001264,түсінігісі кеңір,ا جنا کسی کیہو ری,2.5,1.0625,2
train-00001-of-00048_001265,таковызек су,だこobzeッ,1.0,1.0,2
train-00001-of-00048_001266,барлығын бір көріп қалғанмын анау аралда болып тұрғанда мына офисында кешегі шахта бар екен,барманен бір көріп қалғаын ана баралдатырғанда нанд кичи шақты бар кен,0.7857142857142857,0.3626373626373626,14
train-00001-of-00048_001267,альфу,خيصو,1.0,1.0,1
train-00001-of-00048_001268,асыға қарай қазып көрсейді былай құлап қалмады заттардың бәрін сумка ма салып қой иә сумка салып қой,аламенде ітті асы қарай қасып қорседі бірақ құлаққалма жаттарым бәрін сунука масалп қоя сункака салыпқой,1.0,0.41,17
train-00001-of-00048_001269,достар дино кездесіп бір осы аралдың несін таба алды,жостар дино кезеттір осы аралым несін та олды,0.6666666666666666,0.23076923076923078,9
train-00001-of-00048_001270,бұл керемет қой,mgrmp,1.0,1.0,3
train-00001-of-00048_001271,посқа сөйтіп жүрген өнер сипат жүрген өнер сипат,psكisrجe picwيn lsifاclزt,1.0,0.9583333333333334,8
train-00001-of-00048_001272,оооо,,1.0,1.0,1
train-00001-of-00048_001273,жолмен аяқта не нәтижесін аяқта не тасқа бұлуттар қаза бергенше ме тасқа аралдарға бару жолдарын тапсыруға,ашомен иякта динатижетанаякта ния баска булуктар каза бергенчеме каскзаралдарга баруу жолдан татсон болат,1.0,0.3584905660377358,16
train-00001-of-00048_001274,достар,تسب,1.0,1.0,1
train-00001-of-00048_001275,опа геноцид хат болуға болатын ба,প ক ন ক ছ খ ৱ ত পবত ব এ উম,2.0,0.8484848484848485,6
train-00001-of-00048_001276,онда достар,وندا دستر,1.0,0.9090909090909091,2
train-00001-of-00048_001277,анасы ұшып ішкеннен жарық болып кеткен кішкене қараңғы болып кетті,нтуш күшөне жак покетжан ше каранкы болет,1.0,0.5757575757575758,10
train-00001-of-00048_001278,нәріңіз,eir,1.0,1.0,1
train-00001-of-00048_001279,аааааа,,1.0,1.0,1
train-00001-of-00048_001280,а жақ па,上吧,1.0,1.0,3
train-00001-of-00048_001281,енді алмагүл сендерде болыңыз,妈妈应该这不,1.0,1.0,4
train-00001-of-00048_001282,немесе мына жақын жерде тұрған,немесе ма жақым деле тұрған,0.6,0.2,5
train-00001-of-00048_001283,құмды аралға,қымдар ал барты,1.5,0.75,2
train-00001-of-00048_001284,бірақ ол жерде кішкене тағы алу екен,براق وجود كشكينت رو كن,1.0,0.8888888888888888,7
train-00001-of-00048_001285,бірақ уже бір нәрсе баары болуы мүмкін,بره جد بنلب عربومك,1.0,0.9210526315789473,7
train-00001-of-00048_001286,диногазет бір нәрселері қаздым ба,дені гізет білеселер қазымда,1.0,0.3939393939393939,5
train-00001-of-00048_001287,аха,,1.0,1.0,1
train-00001-of-00048_001288,опа кино күзет бір нәрселер не алдың ба иә сумка сала бер онда,опа кина кізет пенеселер не алдың басунук сала беренді,0.6923076923076923,0.2903225806451613,13
train-00001-of-00048_001289,және тұрғындармен,جt ondmen,1.0,0.9411764705882353,2
train-00001-of-00048_001290,түн батып жатса онда төсек келе жатса ана жақта барып,кас сумбатватса онда тусикерата ғана жақта барбы,0.8,0.41509433962264153,10
train-00001-of-00048_001291,анасыға әкелесіз бізге,حرسعكلف,1.0,1.0,3
train-00001-of-00048_001292,а өшіге әкелісайық па әкесі әкесі,शर क सह आम कस क स,1.1666666666666667,0.8787878787878788,6
train-00001-of-00048_001293,қыздарымыздың мына үйі болмайтын болып бірақ,озарбызна ұйю болмайт болып бырақ,0.8333333333333334,0.36363636363636365,6
train-00001-of-00048_001294,бұл бізде ана үйіміз ана аралымыз кішкентай болған соң осы жерге келіп тұрып жүреміз ғой,бұл бізде үйміз аралымыз кішәндай боласа ошекеліп тұрып жымыз ғой,0.6666666666666666,0.32954545454545453,15
train-00001-of-00048_001295,достар қараңыздар анасыныс келет жүр ғой,sرقaرansaنسنسكida jrوي,1.0,0.975,6
train-00001-of-00048_001296,төрт,的,1.0,1.0,1
train-00001-of-00048_001297,аллоу,,1.0,1.0,1
train-00001-of-00048_001298,динокизед,你那给姐,1.0,1.0,1
train-00001-of-00048_001299,мына астына скелет жүр ғой,аснаsкеретчгu,1.0,0.6923076923076923,5
train-00001-of-00048_001300,уквар,укs бa,2.0,0.8,1
train-00001-of-00048_001301,кәйт жүлесіп екен,点距里西别开的,1.0,1.0,3
train-00001-of-00048_001302,иә деген кезде де анаяқта угль бар екен досылар қарағанда анаяқта угль бар және железа бар көрдің бе мен соны айттым ғой иә иә иә,ә деніл кеседі анияқта өгіл бар екенін дослар қаранды анияқтада өгіл бар және желедіа көріме мес ғон айтпынға ә ия,0.88,0.35658914728682173,25
train-00001-of-00048_001303,монарк,manar,1.0,1.0,1
train-00001-of-00048_001304,мына коверларды ана өзіміздің немізге апарсақ болады бірақ,коверларда ана өзіміз неміз япарчақ пт бырақ,0.875,0.3448275862068966,8
train-00001-of-00048_001305,нән өсірәк,nen aسق,1.0,0.9,2
train-00001-of-00048_001306,себебі бізде үйде печ жоқ бірақ жасалыватыр бірақ ала беріңіз сенде ағаш бар ма ағаш бар жо жоқ ағаш өсіватыр негізі,селбизде үе печиш жок бирак жасаубат бирак алаңиз мафлай тамэл ағашпарма ағашпа жожокты ағаш өсү батырынигиз,0.9523809523809523,0.4482758620689655,21
train-00001-of-00048_001307,маған қазір срочно керек,ma ka sroca grek,1.0,0.875,4
train-00001-of-00048_001308,кәсіпкенде бір идея болып тұр,кaсkенөбір иdея боптыр,1.0,0.41379310344827586,5
train-00001-of-00048_001309,қандай елді,嗯看다이d,1.0,1.0,2
train-00001-of-00048_001310,үйге кішкене ағаш көп ағаш көп па сынырайын ба а жайды сыныра бер сыныра бер үйіне кетеді жайды қазір сынырайын,кo ашкoпaжайt smraр sнradинакdе,1.0,0.8558558558558559,20
train-00001-of-00048_001311,мұнда достар дино кездесу қосуды алғашқы сәт кішкене қылқата бергенше,анда дослар дина кизезуузуна агашсар кишиккене ката бегенче,1.0,0.42028985507246375,10
train-00001-of-00048_001312,мен мына бір аралдарға бардым бізге факел керек қой факел факел иә достар дзюдо кездеседі қайда барасың,мен бір аралдара барм бізге факел гер факел факеля достар дейна кезет қайда барасын,0.5882352941176471,0.27184466019417475,17
train-00001-of-00048_001313,а мен үйдемін оба нағы деді,一定m我办那这是,1.0,1.0,6
train-00001-of-00048_001314,а жақсы ағаштарын қаза берің иә иә иә,a daksan खचlme,1.0,0.9459459459459459,8
train-00001-of-00048_001315,ммм,嗯,1.0,1.0,1
train-00001-of-00048_001316,енді мына кезде менде мындай план бар мына ағаштарды ана біздің мына дәу аралға қоя салайық та бізде мына арал бізде керек болады ғой,жена кезеті мені мына былан бар мына ағаштарды ана біздің на дау аралығы қоя салайықта се на арал бізде керек быладу,0.625,0.2556390977443609,24
train-00001-of-00048_001317,аха,嗯,1.0,1.0,1
train-00001-of-00048_001318,жарайды болатын,저를 뭐,1.0,0.9333333333333333,2
train-00001-of-00048_001319,достар достар осы скайблокстерге ұнаватса онда лайк басып подписаться кнопкасын басып кетеміз,досар досар осо скайблок стерге налаця онда лайик басып подписация кынупкасын басып кетемиз,0.8333333333333334,0.17204301075268819,12
train-00001-of-00048_001320,және келесі бөлімдерде осындай бөлімдерін шығарсақ болады,және келес бөлімдерде осыны бөлімденишқарсақ болат,0.7142857142857143,0.19298245614035087,7
train-00001-of-00048_001321,көп лайк жинасаңыздар,ko p layk shnasangyzdar,1.3333333333333333,1.0,3
train-00002-of-00048_000000,достар если сіздер бір блог қаласаңыздар онда соны түсіреміз комментарий жазып кетіңіздер,есле истер бір блок қаласаңыздар онда сон түсіреміз комментари жасып кетінездер,0.6666666666666666,0.20224719101123595,12
train-00002-of-00048_000001,мына жерде нааралығы бар ғой деймін,надерре нааралығы барокотиң,0.8333333333333334,0.42857142857142855,6
train-00002-of-00048_000002,жұмыс келсе мен аралға барып көремін қайта аралға мен соған барғым келеді полбога келатырмын қазір,жина кезет мен аралга барып көрем кайса аралгамен суана бана барун кегет полбок алкелерма,0.8666666666666667,0.40816326530612246,15
train-00002-of-00048_000003,ана жақ соны да алып біле өтті,ا جخصنرا كل قز,1.0,0.9,7
train-00002-of-00048_000004,мына мен ненің қазірі мұнда тасты,мына менін енін қазірі мында тасты,0.5,0.12121212121212122,6
train-00002-of-00048_000005,не қызық,ز,1.0,1.0,2
train-00002-of-00048_000006,достар міне қара дина кизетке салған осындай тас фермасы осыны жайлап жайлап бұл өзі нетті қазылар емес,достыр міней қара динокезет жүсағаған осындай тас фермасың осының шәйлап жәлап бұлы женетті қазарыңыз,0.8235294117647058,0.27184466019417475,17
train-00002-of-00048_000007,ой келіп кетті достарын аяқ,وي تلك تصرنت,1.0,0.9259259259259259,5
train-00002-of-00048_000008,салқын,ثا قat,2.0,1.0,1
train-00002-of-00048_000009,иә иә иә осы жерде бала мына екі мемлекетті қазір жинауға созамын,a uшu jeleb алa nхim kettiкa jinaлaslam,1.0,0.8615384615384616,12
train-00002-of-00048_000010,осырай осырай иә,وصي وصي,1.0,0.9375,3
train-00002-of-00048_000011,ол енді тас жолы тас несіп кетті а міне тұрарсың,tasro tastin spit a mene tras,1.0,0.8958333333333334,10
train-00002-of-00048_000012,асылай асылай қазір осы новый аралдарды ашақ,лай аҫлай кәзер усынол эралдарҙы ашаҡ,1.0,0.36363636363636365,7
train-00002-of-00048_000013,сіздерді таныстырамыз осы алдармен,serde konstransis aldarmen,1.0,0.9411764705882353,4
train-00002-of-00048_000014,так одака эл,大ق大,1.0,1.0,3
train-00002-of-00048_000015,мен қызықсы,ميقر لشخشة,1.0,1.0,2
train-00002-of-00048_000016,сен мынаға барғың келеді ме иә барамын ғой барамын,кай как семнаға барың елема э барыму барам,1.0,0.54,9
train-00002-of-00048_000017,мысалы көп қай жоқ,dankaalo,1.0,1.0,4
train-00002-of-00048_000018,бағанағы үйді сындырдым кішкентай аптіс төрт бір сегіз,кнүйді сынірдым о көпекстірт бір сигіз каскетұр,1.0,0.6296296296296297,8
train-00002-of-00048_000019,оппа болды онда мен бара беремін дат күйзеліп,bоппа болт онда мен бараберем dак кежек,0.75,0.3111111111111111,8
train-00002-of-00048_000020,кентинокизет аллоу,지는 기제,1.0,0.9444444444444444,2
train-00002-of-00048_000021,құнды,去个,1.0,1.0,1
train-00002-of-00048_000022,өткіздің ағасың,हस,1.0,1.0,2
train-00002-of-00048_000023,аха,啊哈,1.0,1.0,1
train-00002-of-00048_000024,ал айтты сынықтаймын иә сыныра бер,عي سنطي يا سمربر,1.0,0.9117647058823529,6
train-00002-of-00048_000025,алпыс төрт қоняқты,алпіс төріп көнеяқты,1.0,0.3333333333333333,3
train-00002-of-00048_000026,қайдан жинадың,هد نجندا,1.0,0.9285714285714286,2
train-00002-of-00048_000027,ал жақтан кішкене ит ұсынамын,الagtanكشكn itsnam,1.0,0.9655172413793104,5
train-00002-of-00048_000028,достар аяқта,لustaneخta,1.0,1.0,2
train-00002-of-00048_000029,оппа,okpa,1.0,1.0,1
train-00002-of-00048_000030,айналайық қалай көтерсек болады екен,ана кылый көтүртүк болоткен,1.0,0.4722222222222222,5
train-00002-of-00048_000031,бір қиын сол бірақ ана жерде,brka inso prak ansete,1.0,0.9285714285714286,6
train-00002-of-00048_000032,анда өнерлер бар лиа аналар сол лиа аналармен көтеру керек,анда енеде бар лияаналар со лианаларме көтелге,0.8,0.29310344827586204,10
train-00002-of-00048_000033,оппа бәләйелі,ofa bela jela,1.5,1.0,2
train-00002-of-00048_000034,гелленс а жоқ көреріңіздер негізі,lelens a jol leverinsnis,1.0,0.9090909090909091,5
train-00002-of-00048_000035,меніңіздің өзіңізді,嗯,1.0,1.0,2
train-00002-of-00048_000036,мына кезде тынаяқ келе бер,جمكزت ناق كليبر,1.0,0.9230769230769231,5
train-00002-of-00048_000037,үң,,1.0,1.0,1
train-00002-of-00048_000038,жайлап жасаватырмын негізі қазір келе бермейді,ज र बश स व त पन सक स ख ल करन,2.0,0.8913043478260869,6
train-00002-of-00048_000039,мына жерде қазір құлап кетсем достар жаман болады мен екі төсек қолымда ғой,тамен шақта барк өлңеркға жердекас қлап кетсеі достар жаман болаты менн екі төсе қолымда,0.8461538461538461,0.4666666666666667,13
train-00002-of-00048_000040,анау,阿老,1.0,1.0,1
train-00002-of-00048_000041,неге сізді көтерем деп ойлама құлап кетесің,не көтеремнде бойрлама қолып кетасім,1.0,0.37209302325581395,7
train-00002-of-00048_000042,мен көздері жасайын ба мен эксперимент давай,мен гөзерді заым ба экперимeнт,0.7142857142857143,0.45454545454545453,7
train-00002-of-00048_000043,тағы эфирмен шыдап көр,طحشفر متزكر,1.0,0.9545454545454546,4
train-00002-of-00048_000044,достар мен ана алған блогтарын қойып келмей әйтсе қазір құқыға кетсем заттарын бәрін оқып мен қатты ол ана сындыққа ұқпаймын мен бір нәрсе істеп көрейін,тусар мен эк ана алган локтарн көкени атисикас какетимз аттарым баракил анасыналоме бірнешисе күри,0.96,0.5789473684210527,25
train-00002-of-00048_000045,тос айнап қоямыз,تصناقعمس,1.0,1.0,3
train-00002-of-00048_000046,барлығы,,1.0,1.0,1
train-00002-of-00048_000047,осындай достар ана үйде уақыт келген заттарын,mos midestä anaidrakeken satan,1.0,0.9333333333333333,7
train-00002-of-00048_000048,ну а кемс,مgريمs,1.0,1.0,3
train-00002-of-00048_000049,оймей ағаштар қоймаған ағаштар көп екен ғой,уймы яғыштар қоймағын ашда көбекең,1.0,0.3953488372093023,7
train-00002-of-00048_000050,содан кейін сөйтіп мен ана жақтағы аралға өсіре беремін,чна кезетін ана жақтағы аралға өсе өлемне,0.6666666666666666,0.4,9
train-00002-of-00048_000051,жоқ қақсы қақсы қақсы,c,1.0,1.0,4
train-00002-of-00048_000052,мен қазір ағаш дұрыс оқимын ой мен қайда бардым,dинагсi стуруb мен кaз ағыш торсыхи oмi qаdavaтым,1.0,0.851063829787234,9
train-00002-of-00048_000053,нұршаға баратын достар,dir شاhرatыn دoسtar,1.0,0.9090909090909091,3
train-00002-of-00048_000054,аяқта ашу сұраймыншы,خدع الرزروي منش,1.0,0.95,3
train-00002-of-00048_000055,оппа оппа,op op,1.0,0.8888888888888888,2
train-00002-of-00048_000056,отты,,1.0,1.0,1
train-00002-of-00048_000057,достар барлық зомбилар да шығуы мүмкін зомбилар шықса онда ол кісіге жаман болады себебі олар үйге қылады жеруі мүмкін а бізге өлсе бұл біздің бұжбаниеміз аяқталады,дасар бұрақ зонбиларды шықу мүмкін зомбилар шықса онда олізікедама блте олар икер қлат жеру мүмкін а бізге өсе бұл біздің жан неміз аяқталад,0.6538461538461539,0.25609756097560976,26
train-00002-of-00048_000058,отқасақ бір жерде бізде осы выживаниеміз аяқталып өте алмаймыз,отықасақ бір жерді бізде осы біжванемыз аяқтауып өті алмағамыз,0.6666666666666666,0.1774193548387097,9
train-00002-of-00048_000059,дүкәс,depo,1.0,1.0,1
train-00002-of-00048_000060,бізге железі қатты важно ма,бізге желеді қатты воғажнама,0.6,0.18518518518518517,5
train-00002-of-00048_000061,иә иә иә ол қорғанышың керек әне бізде әндерді,е л корган ушун керек ане бизде анидерде,0.8888888888888888,0.43478260869565216,9
train-00002-of-00048_000062,келезарыма түзе отыр,келе зармат жыртыр,1.0,0.4,3
train-00002-of-00048_000063,аха,啊好,1.0,1.0,1
train-00002-of-00048_000064,достар мен аяқта барлық ағаштар қойып шықпаймын қазір енді ол кезде эксперимент көрсетейін деп отыр мініп,бустар мен аяқта байлығы ағшты қойчышым газино кезе эстерумент көрсен отып мін,0.875,0.3904761904761905,16
train-00002-of-00048_000065,кәсіпкерлерді күйіне күзетінсің келатыр,kaskirtik ina gizeti insan kelatim,1.25,0.9230769230769231,4
train-00002-of-00048_000066,опа опа қап қара мұхит достар,अप अपप खoप क रan कi त सर,1.3333333333333333,0.8620689655172413,6
train-00002-of-00048_000067,кәсіл айттым,اسن الت,1.0,0.9166666666666666,2
train-00002-of-00048_000068,кавказ 5,kaf kas katan,1.5,1.5,2
train-00002-of-00048_000069,оппа факті өкізші су су ішіп қалыпты ден алып жүреді,оп факткеснеқт су суышқап дена кіжет,0.9,0.5384615384615384,10
train-00002-of-00048_000070,трейтинг,来怎的,1.0,1.0,1
train-00002-of-00048_000071,жаңағындай болғанын көрдіңіздер ғой иә,жаана булган кордүңизбер гоя,1.0,0.47368421052631576,5
train-00002-of-00048_000072,үлгі түні,,1.0,1.0,2
train-00002-of-00048_000073,давай оппа көтеріп бара жатырмын он жетпіс міне көтердің өзің жоқ көтерме қой сен,тоой оппа проодет мендег өчеле жор көртерме колсен,0.9285714285714286,0.6049382716049383,14
train-00002-of-00048_000074,аха көтеріп көтерді оба сізге кішкене жол жоқ бізге анау шетінен бару керек,көтепкөтед упа ссге кишкене жол жок бизге аны шейтне барла,0.9230769230769231,0.37333333333333335,13
train-00002-of-00048_000075,қазір кішкене,raθskiنi,1.0,1.0,2
train-00002-of-00048_000076,қалай ішіне міну керек ана ішіне міну керек қой иә,h šitne mnugrik a ana šitne manugurkoye,1.0,0.9,10
train-00002-of-00048_000077,мен ол жерді сынаймын,من ماجل سنري,1.0,0.9047619047619048,4
train-00002-of-00048_000078,айбала,айбола,1.0,0.16666666666666666,1
train-00002-of-00048_000079,оғы,,1.0,1.0,1
train-00002-of-00048_000080,біздің өзі көрсетпейміз ғой,,1.0,1.0,4
train-00002-of-00048_000081,достар дина күйзет өліп қалды,достар динакезд өліпқалт,0.8,0.27586206896551724,5
train-00002-of-00048_000082,достар,دستر,1.0,1.0,1
train-00002-of-00048_000083,одинокісіз өліп қалыпты,دينك الزول قلط,1.0,0.9565217391304348,3
train-00002-of-00048_000084,өкінішке бар бірақ қазір қайтадан келеді,كنتش كبراق كاسقت انتلt,1.0,0.925,6
train-00002-of-00048_000085,келесіде өлсең онда,길리지 길리스지 물시행 뭔다,1.3333333333333333,0.8947368421052632,3
train-00002-of-00048_000086,достар біз выживаниемыз аяқталатын кезде ол екі біз өлгеннен кейін оны демократиялық өліп қалған жоқ бірақ,жостар біз вжванимыз аяқтылатын кез ол екіміз өлген екен қона денокізет өлкқан жоқтырақ,0.875,0.32075471698113206,16
train-00002-of-00048_000087,өліп қалды бірақ мен әлі өлген жоқпын,awu waldi burab min ala urumiga,1.0,0.8648648648648649,7
train-00002-of-00048_000088,давай,到,1.0,1.0,1
train-00002-of-00048_000089,аның әндері сезіңіз,আন terisibi,1.0,0.9473684210526315,3
train-00002-of-00048_000090,сізді көріп тұр,sskorpt,1.0,1.0,3
train-00002-of-00048_000091,ой,وي,1.0,1.0,1
train-00002-of-00048_000092,достар бұндай кезде тағы өліп қалды болды,достар дознан кеше тағы олып қалып болды,0.5714285714285714,0.2682926829268293,7
train-00002-of-00048_000093,достар,dosт r,2.0,0.8333333333333334,1
train-00002-of-00048_000094,енді біз мына аралық мінбейтін болдық себебі ол жақта өліп қалуымыз мүмкін мүмкін жинап өсіп көрсетсең,енді бізіна аралықы мен бейтін болтық се ояқта өлтқалымыз мүмкінкен тийно күзіп көрсетжан,0.9375,0.3333333333333333,16
train-00002-of-00048_000095,достар не ақтады жаман көп аралдар екен ғой үстіне қарамап жөнекей сөйтіп қарасаң ішіне,дустары нияқта жаңан көп баралдыр экен ғой үстіме қараматын дүйні кісіт қарсеісіне,0.8571428571428571,0.3563218390804598,14
train-00002-of-00048_000096,мынаяқта көптеген аралдар үлкен андай фонариктер мынаяқта андай бір самолет сияқты бірдеме сөздер қарап түссеңіз,нхт көктең арылдырр кен ан фанарик тур нкта андайамуле сяхта бірнисіра,1.0,0.5357142857142857,15
train-00002-of-00048_000097,достар,دسر,1.0,1.0,1
train-00002-of-00048_000098,алда осы бөлімдерді күтесіздер,ал да косы бөлімдерды күтесүздер,1.25,0.13333333333333333,4
train-00002-of-00048_000099,келістер деген ойдағыдамын бірақ та келіс бөлмеде біз андай көптеген,тештердегін ойдағыдам жяқта крес бөлінеде біз ындай көптеген,0.8,0.27941176470588236,10
train-00002-of-00048_000100,аралдар басып шығамыз әлі бар ма,аралдар баткышганыбар,0.8333333333333334,0.5,6
train-00002-of-00048_000101,біздің мақсатымыз мына аралға да бару болып тұр иә айтшы джунгли сияқты аралға,бізгң мақсатымыз на аралга да бару болуп турач жөңгли сияқты аралга,0.6923076923076923,0.24358974358974358,13
train-00002-of-00048_000102,достар,ضستر,1.0,1.0,1
train-00002-of-00048_000103,онда сіздермен қоштасып кетейік,онда стермен коштас көтик,0.75,0.3225806451612903,4
train-00002-of-00048_000104,диноксид өліп қалдың ба,ديمكزدالقلمبا,1.0,1.0,4
train-00002-of-00048_000105,терек,دلي,1.0,1.0,1
train-00002-of-00048_000106,достар осымен біздің видеоролигіміз аяқталды келесі бөлімдерді күтіңіз лайк басып подписаться кнопкасын басып кетеміз онда сіздермен болған,достар осымен біздің вироликміз аяқталды келес бөлімдер күтіңіз лайк бас портестасиян окасын басып кетеміз онда істермен болған,0.4117647058823529,0.16546762589928057,17
train-00002-of-00048_000107,даквизитпен тиноквизит қош сау болыңыздар,дакезетпен телі кізет қош сал болыңыздар,0.8,0.2682926829268293,5
train-00002-of-00048_000108,аумен,ام,1.0,1.0,1
train-00002-of-00048_000109,мен не жазылды,没,1.0,1.0,3
train-00002-of-00048_000110,қанның,看来,1.0,1.0,1
train-00002-of-00048_000111,ма,妈好,1.0,1.0,1
train-00002-of-00048_000112,жоғы менде бір сәт,مجبس,1.0,1.0,4
train-00002-of-00048_000113,маған жаққыға түрегі,خاطري,1.0,1.0,3
train-00002-of-00048_000114,а жайды сындыра бер сындыра деймін,جايت سنرا رسنرا dينr,1.0,0.9117647058823529,6
train-00002-of-00048_000115,қазағыңыздар ғой,زر من,1.0,0.9375,2
train-00002-of-00048_000116,адамын,,1.0,1.0,1
train-00002-of-00048_000117,кемең көтерілді,ريال تر,1.0,0.9333333333333333,2
train-00002-of-00048_000118,мен бір,م,1.0,1.0,2
train-00002-of-00048_000119,дайыншы ма,什吗,1.0,1.0,2
train-00002-of-00048_000120,өйтіп па,,1.0,1.0,2
train-00002-of-00048_000121,қайдағыныңыз,زا يز,2.0,1.0,1
train-00002-of-00048_000122,кеме күзеттіңіз,,1.0,1.0,2
train-00002-of-00048_000123,а сен алың ғой,啊加冷过,1.0,1.0,4
train-00002-of-00048_000124,мен көрдіңіз бе,me kordisimda,1.0,0.9333333333333333,3
train-00002-of-00048_000125,көрсеткен жаңағын жаңағы,,1.0,1.0,3
train-00002-of-00048_000126,білмейді,嗯什没,1.0,1.0,1
train-00002-of-00048_000127,сәлеметсіз бе,,1.0,1.0,2
train-00002-of-00048_000128,жаңа сақтама,سالففقرةو,1.0,1.0,2
train-00002-of-00048_000129,қолыңыздар,ونز,1.0,1.0,1
train-00002-of-00048_000130,мынау көрсетсін деп ойлаймын ғой,makcn dewarp,1.0,0.96875,5
train-00002-of-00048_000131,бағының алыпын,ف的,1.0,1.0,2
train-00002-of-00048_000132,меніңіздің бе,,1.0,1.0,2
train-00002-of-00048_000133,та ты идти,别起,1.0,1.0,3
train-00002-of-00048_000134,өткен өткен өткен,不,1.0,1.0,3
train-00002-of-00048_000135,түсінікті,,1.0,1.0,1
train-00002-of-00048_000136,жүкеме,,1.0,1.0,1
train-00002-of-00048_000137,түсінікті,س,1.0,1.0,1
train-00002-of-00048_000138,саяңмен айналысатын,ين,1.0,1.0,2
train-00002-of-00048_000139,жиырма бай,,1.0,1.0,2
train-00002-of-00048_000140,жақын жақсы,去,1.0,1.0,2
train-00002-of-00048_000141,аллағанға,لمه,1.0,1.0,1
train-00002-of-00048_000142,класына әңгіптің ғой,كسممم,1.0,1.0,3
train-00002-of-00048_000143,әлгі дәрет,igaret,1.0,1.0,2
train-00002-of-00048_000144,түүү,,1.0,1.0,1
train-00002-of-00048_000145,кәсі тәрі дайындай,كست عنباي,1.0,0.9444444444444444,3
train-00002-of-00048_000146,босын келген,وفكن,1.0,1.0,2
train-00002-of-00048_000147,плывай джүрдәләм и тағы главы центра ол джүр джүрділ болт если джүрділ болт если джүрділді,плывай дежтева тло центрао ч полти лубосуча чуих,0.9333333333333333,0.6666666666666666,15
train-00002-of-00048_000148,еееееей,,1.0,1.0,1
train-00002-of-00048_000149,а,,1.0,1.0,1
train-00002-of-00048_000150,сәлеметсіздер,,1.0,1.0,1
train-00002-of-00048_000151,тоқазір тергеуі түсіндіреді,do кажtо agов centr,1.3333333333333333,0.9259259259259259,3
train-00002-of-00048_000152,так қазір сен өзіңе бір көйлек таңдап ал мен өзіме бір костюм ала алдым болды,такасе өзімен бір көллектанда алмен өзімен бір качумалын болт,0.8666666666666667,0.36363636363636365,15
train-00002-of-00048_000153,үнді,,1.0,1.0,1
train-00002-of-00048_000154,ревальц,他有完来,1.0,1.0,1
train-00002-of-00048_000155,түсінікті өте әдемі,加ج,1.0,1.0,3
train-00002-of-00048_000156,нұрсұлу,,1.0,1.0,1
train-00002-of-00048_000157,мағыншама,放了是,1.0,1.0,1
train-00002-of-00048_000158,пуф,对,1.0,1.0,1
train-00002-of-00048_000159,түсірткі,就动,1.0,1.0,1
train-00002-of-00048_000160,тәзім елдіңіздер,,1.0,1.0,2
train-00002-of-00048_000161,иә дайындай тұрақ,اد عيندتراك,1.0,0.9411764705882353,3
train-00002-of-00048_000162,ал енді,ал ендіқ,0.5,0.14285714285714285,2
train-00002-of-00048_000163,адамдай сен ғаламдай сүйіп ғарақтай сен боламын,d s lmd r,1.0,0.9361702127659575,7
train-00002-of-00048_000164,сөздерін мен айтпайын кім болсаңды сөйлесеңдер,そジェルみでないというにかもさんですれムでリエト,1.0,1.0,6
train-00002-of-00048_000165,арады маған айналады ма соларды маған айналайын айналайын айналайын айналайын айналайын айналайын айналайын айналайын айналайын айналайынжетерден сенің беңеңіздердің беңіздердің беңіздердің беңіздердің бе,न सर दर,1.0,0.9901960784313726,22
train-00002-of-00048_000166,сөйтіп жүрдіңіздер,,1.0,1.0,2
train-00002-of-00048_000167,енді,,1.0,1.0,1
train-00002-of-00048_000168,қарлығаш сен типан біз бірге бірге боламыз деп ойлап тұрсың ба,қарлығаш сентиппанбзігбірге оламызде ойлап тұрсым ба,0.7272727272727273,0.20967741935483872,11
train-00002-of-00048_000169,сөйтіп тұр,,1.0,1.0,2
train-00002-of-00048_000170,такси,,1.0,1.0,1
train-00002-of-00048_000171,жақсы жақсы керемет,tt is ym n,1.3333333333333333,0.8947368421052632,3
train-00002-of-00048_000172,аааааааа,,1.0,1.0,1
train-00002-of-00048_000173,құдай қалай қалай,,1.0,1.0,3
train-00002-of-00048_000174,әріңді сөлтіркәсіңді,رب مكسفلتركلهي,1.0,0.95,2
train-00002-of-00048_000175,әлгі,,1.0,1.0,1
train-00002-of-00048_000176,сәлем сәлем достар домалақтасыздар сендермен бірге мен кек ауру қыз жиырма алты и бүгін біз менің сестренкаммен бірге история ойлап тапты мектептегі махаббат деген так менің сестренкамның аты амина амина привет деп қой привет,сәәлім сәленізтар дамалықпа стар сенер менбірге мен кикорогы жиырма алты ийбүгін біз мениң систронка менбірге история ойлаптапты мектептегі махаббат деген так мени систронкамның атын м амина привет деп қой привет,0.5882352941176471,0.18222222222222223,34
train-00002-of-00048_000177,так бүгін біз бастайтын боламыз ол қазір история типа басталады и бізде екі ақ адамбыз сондықтан типа мамасынан папасынан мен типа сөйлете беремін если еще история басталды бір екі үш,тәкбүгін біз бастайтын боламыз казір история типа басталады и бізде екі ақадамбы сондықтан типа мамасына папасын мен типача сулете бере месілече история басталды бір екі үш,0.43333333333333335,0.12568306010928962,30
train-00002-of-00048_000178,так мен мектепке барайын,थ क म न न ट पक बर न,2.25,0.875,4
train-00002-of-00048_000179,то есть бүгін а бүгін воскресень ертең барады екенбіз ол мектепке,тос бүгім а бүгім аскісен ертең бара декенміз ол мектепке,0.6363636363636364,0.23076923076923078,11
train-00002-of-00048_000180,так бүгін ертеңге дайындалайын қазір жай торговый центрге қыдырып қайтайын ой достар қазір бір минут,ұнтак бүгін базкестен ертенге дайындалайын қәзір жай торгуу центрға қыдырып қайтайын ойыбастары кәзір бір минут,0.6,0.26,15
train-00002-of-00048_000181,кешірім сұраймын мен сестренкам на карте шығып кетті вытела дегендей ғой так давайте ойбай так давайте бастаймыз ойынды,кешерімзары мездесроңкомда кар шығып кет витела дегендей ғом такдабайтем ойбей такдабайте бастаймыз ғойынды,0.8333333333333334,0.25210084033613445,18
train-00002-of-00048_000182,жалғастырайық то есть бір екі үш так құрсын и мен барып торговый центрге барып қайтайын сосын а ой болды,жалғы сыраықтос бірегош та құрсын мен барып парговицентрға барып қайтайын а ойболд,0.6842105263157895,0.3076923076923077,19
train-00002-of-00048_000183,если маңызды маңызды,سمموض,1.0,1.0,3
train-00002-of-00048_000184,мен осындай өзімнің жеке бассейнім деген сияқты сияқты айтсам болады сондай бар енді,менің осындай өзіміі жеке бас сенім деген сияқтайсан болат ұнайым бар енді,0.6923076923076923,0.2857142857142857,13
train-00002-of-00048_000185,так давайте машина қоямыз қандай машина,так давайде машина ғояныс кандай машина,0.5,0.1282051282051282,6
train-00002-of-00048_000186,давайте я типа такая крутая и пользуюсь и типа пользуюсь мотоциклом такая крутая типа,довайте я типа такая крютая и пользуюсь уэвенавнемнеку и типа пользуюсь мотоцлыком такая крютая типо,0.42857142857142855,0.25882352941176473,14
train-00002-of-00048_000187,давайте ойбай матасы или мынаяқта пайда болыңыз,давайtе оевематази mяхtа пайdавоnis,1.0,0.5319148936170213,7
train-00002-of-00048_000188,скорый скорый көбейтеміз и кеттік ойбай мен қайда баратырмын өзі торговый центрге,скорс скорыс кобитеміз екектік ойбай мен қайда баратым өз торговый центрға кет,0.75,0.2222222222222222,12
train-00002-of-00048_000189,кастерске,tasir,1.0,1.0,1
train-00002-of-00048_000190,достар мындайға қоя салайын,тостар мындайга коятлайн,1.0,0.25925925925925924,4
train-00002-of-00048_000191,бұл кезден сұраймын қатып жатыр,رخجتر,1.0,1.0,5
train-00002-of-00048_000192,так шыны оқуып тастайын,た希日く,1.0,1.0,4
train-00002-of-00048_000193,өткір түк тұрғайлы,ت دكر وعيل,1.0,0.8888888888888888,3
train-00002-of-00048_000194,так ян,tak jamh,1.0,1.1666666666666667,2
train-00002-of-00048_000195,ойбай достар қазір тағы киноға кіріп кино көріп одан кейін үйге қайтайын чо деп кірмей отыр ғой киноға,ойбай доса каз та киноға кіріп кино көріп одани ниге кайтайын чода кр турғы киноға,0.6666666666666666,0.27450980392156865,18
train-00002-of-00048_000196,осыны,us,1.0,1.0,1
train-00002-of-00048_000197,тағы,,1.0,1.0,1
train-00002-of-00048_000198,тагьям,taگیaم,1.0,1.0,1
train-00002-of-00048_000199,қайда отасам екен осы жерге отырайын,hyda otsamiki osirg otren,1.0,0.9166666666666666,6
train-00002-of-00048_000200,типа бір сағат өтті де кино бітті өйткені брухэмде достар тез тез уақыт өтеді де,tipa bir saғat ott өttide kino bitti itken brukeimda dosta tsiz uwaқыt otitti,1.0,0.875,15
train-00002-of-00048_000201,типа көрдім короче попкорны бұтқағандай так болды енді шығайын,типа көрдім каруч поп корн бұтқа ғандай так болды енді шығайын,0.5555555555555556,0.0967741935483871,9
train-00002-of-00048_000202,торговый центр қызықсыз оданша балмұздақ жеп қайтайын,таргу өсентір қызықсыз оданше балымыздақ жеп қайтай,0.7142857142857143,0.24528301886792453,7
train-00002-of-00048_000203,татпалы мұзақалар айында сосын үйге барып жең,такпал мұзақалайнда ұсынезе блары жен,1.0,0.3333333333333333,7
train-00002-of-00048_000204,ойбай авария болып кетті ғой типа достар құлап түсті,ойبа вاрия воeта типa дос хлаps,1.0,0.5769230769230769,9
train-00002-of-00048_000205,достар бұл типа өтірік қой қызық емес деп жүрмеңдер бұл біздің идеямыз өзіміз білеміз қалай ойнайтынымыз,достар бұл тип өтірік қой қызық емес деп жүрмеңдер бұл біздің идеяміз өзіміз білеміз қалай онейтынміз,0.1875,0.057692307692307696,16
train-00002-of-00048_000206,ай ұмыттым тағы,ай аутынтақ тарма,0.6666666666666666,0.6,3
train-00002-of-00048_000207,бәрі жақсы ма ештеңе болып қалмады ма,بارجصجين بقملم,1.0,0.972972972972973,7
train-00002-of-00048_000208,жоқ бәрі жақсы рақмет сен кімсің өзі мен аналитикте оқитын отызымын,жоқ бәрі жақсы рақмет сен кімсің өзі мен наметиде оқойтын отсіным,0.2727272727272727,0.1791044776119403,11
train-00002-of-00048_000209,атың кім,اتنجم,1.0,1.0,2
train-00002-of-00048_000210,ал қайрат,القيرة,1.0,1.0,2
train-00002-of-00048_000211,типа қайрат нұртас па,tipa qayrat nirtasbы,1.0,0.9047619047619048,4
train-00002-of-00048_000212,жарайды ай басым ауырып тұрғанын ай туым атады дегенім сынып қалды енді жүрмейді ау жүр мен сені апарып тастайын неге деймін,жарайты ай басыма орт турғанынай туыматациком сұныпқал енді жүрмейд ау жүрмен сені апарттысе негедейін,0.8095238095238095,0.28225806451612906,21
train-00002-of-00048_000213,түрлі,,1.0,1.0,1
train-00002-of-00048_000214,достар дауысымыз естілмей алса дауысын көтеріп етіңіздер,достар даусымыз есілмелса даусым қөтерібетіңіздер,0.8571428571428571,0.17857142857142858,7
train-00002-of-00048_000215,көбеңіздер,回不,1.0,1.0,1
train-00002-of-00048_000216,қайсысыншы менікі ме ой ұмытып қалдым ғой менікі вроде бы а жиырмасыншы жиырмасыншы жиырмасыншы,qaysinchi menikima o ymithamo meniki vrodeb a jirmasinchi jirmasinchi,1.0,0.9157894736842105,14
train-00002-of-00048_000217,так жиырмасыншы үй жиырмасыншы,takir masinty ikimasinty,1.0,0.9666666666666667,4
train-00002-of-00048_000218,былай 1 лицо қуып қояйын достар біз барғанша кейін көресіздер,блпервый лицо копкоин достар биз баргантягинкорестер,0.8,0.47540983606557374,10
train-00002-of-00048_000219,тоста кстати,тостар кыстатим,1.0,0.25,2
train-00002-of-00048_000220,сөйтіп жүрген жүрген,来,1.0,1.0,3
train-00002-of-00048_000221,ойбай біз не болып кеттік қайрат,ويبيدز نيوكيتسلقيرات,1.0,0.96875,6
train-00002-of-00048_000222,құдайым ай машинайды білесің бе өзі,құdаymay maшhnayda blisiң bөzi,1.0,0.7428571428571429,6
train-00002-of-00048_000223,я уже,يو,1.0,1.0,2
train-00002-of-00048_000224,иә осы а көрсіңіз бе не а иә сенің көрсетті бе жарайды рақмет,ya osi a ko rshiniz bani a yasening o sitibia jarayt rahmet,1.0,0.8852459016393442,13
train-00002-of-00048_000225,тәуел,太龙,1.0,1.0,1
train-00002-of-00048_000226,таатты,大,1.0,1.0,1
train-00002-of-00048_000227,ертең ойбай сағат он екі болып тоқ ұрсын ертең сабақ жатайын,ертеңіз ойбай сап некі окті оқырсын ертеңіз сабақ жатай,0.8181818181818182,0.3,11
train-00002-of-00048_000228,так,تاك,1.0,1.0,1
train-00002-of-00048_000229,ертеңнен не кисем екенін осыны кие салайын кстати бізде свободная форма болады,дертеңге неге исем екен осыны ге салай кістати бизди сфабоны форма болыт,0.8333333333333334,0.2948717948717949,12
train-00002-of-00048_000230,так,ตาก,1.0,1.0,1
train-00002-of-00048_000231,ей мен шашты таңдадым ғой мен бетке кетіп қалдым ау,еме шашт таңдадыман еме беткеге тіқ палыма,1.0,0.35294117647058826,10
train-00002-of-00048_000232,так шаш шаш қандай шаштанбаса ма екен қандай шаштанбаса ма екен қандай шаштанбаса ма екен,такшаша қандай шаштаңбаса мекен қандай шаштанаса мекен қандай шаштаңбаса мекен,0.8,0.14606741573033707,15
train-00002-of-00048_000233,жоқ мен теперь ертең кудряшка жасап барамын иә әдемі әдемі енді типа ұйықтаймын бізге көп минут ал сіздерге бір ақ секунд,жоғ ментебедетең көте аркі жасап барам е әдем әдем ені сипай ұқтайм бізге көп минут асыздерге бірақ секунд о,0.8095238095238095,0.2727272727272727,21
train-00002-of-00048_000234,тұрайын достар мен үште тұрдым өйткені типа бесте тұрғандай боламын өйткені буфем де сағат тез өтеді қараңыз сағатқа бір секунд болмай уже уақыт өтіп жатыр типа сондай кезде тұрамын,тұрай достай мен үште тұрдым үйткенін типа бесте тұрғандай балам үйткенін булкевнда сағат тез өдет қараңыз сағатқа бір сегунді болмай ож уақыт өтіп жатыр типа содындай кезде тұрам,0.41379310344827586,0.143646408839779,29
train-00002-of-00048_000235,типа жуындым короче вау менің айналым қараңдар қандай мен киініп дайын отырмын сабаққа шыға берейін,биииитибай жуундам карочу балмин айнам карандыркандайк мен кийини дайын отумун самакка чыга берейин,0.8666666666666667,0.3838383838383838,15
train-00002-of-00048_000236,или қазір старбоксқа кірейін де кофе алайын да дальше сабаққа бара берейін,еликажы тұстарбоксқа кринда кофиалайында далш сабаққа бара берейін,0.75,0.25675675675675674,12
train-00002-of-00048_000237,кстати мен мотоциклім сынқап еді ғой туу даже қайраттың номері де жоқ кешігетін едім ғой жарайды такси жаққа салайын,стадиме мататыкум сынқаведғы ту тажы қайратың момерда жоқ кешігетін едімо жарай таксик шақа салайын,0.8421052631578947,0.27586206896551724,19
train-00002-of-00048_000238,типа не ішедім,气把你是的,1.0,1.0,3
train-00002-of-00048_000239,тип тип,چ,1.0,1.0,2
train-00002-of-00048_000240,аласалам,رسر,1.0,1.0,1
train-00002-of-00048_000241,о привет,وپريويد,1.0,1.0,2
train-00002-of-00048_000242,жақсы,داقسىم,1.0,1.2,1
train-00002-of-00048_000243,бұл жерге апарып түссем бе мектепке,بجريعبد سمبة مي تبك,1.0,0.9142857142857143,6
train-00002-of-00048_000244,иә кстати сен мен сенің мектебіңе көшіп жатқан негізі ол күшті,ая кістатим сн мен сенің мектебіңе көшіп жатқан негіз ол күшті,0.36363636363636365,0.0967741935483871,11
train-00002-of-00048_000245,жолы не бір кофе бір теңге алуға керек пе иә иә кстати мен старбакс ақыруым керек тезірек барамын сендерде сабақ қаншада басталады кстати,жола ме бір кофебітеке алуа доқпа я кістайт емес тарбыксла күруім керек теізгірек бара сендерді сабақ қанша да быссалап кістайе сегіз міде,0.9565217391304348,0.41605839416058393,23
train-00002-of-00048_000246,ойбай тезірек барайық уақыт тез өтіп жатыр ғой алло мам привет,ойбай тезек барақ уақыт жез өтіп жатырғы каз түш ало ман пілвет,0.8181818181818182,0.2903225806451613,11
train-00002-of-00048_000247,а қызым не деуші еді не бүгін маған қонаққа келсеңізші а мам бүгін бізде мектеп бірінші сентябрь жаңадан басталып жатқан негізі новл мектебіне барамын,а қызым недеушеді не бүгін маған қонаққа елсеңші а мам бүгінбізде мектеп бірінш інта жаңадан басалабып жатқан негізде ноб мектебіне барам,0.5,0.15333333333333332,24
train-00002-of-00048_000248,а жарайды онда құзым келесі жолы келерсің иә келетін үйде өзім хабарласам ғой жақсы сапа сау болыңыздар,а жәрайдонда құзым келуш жолы келерісің ә келетің еде өзім хабарласан ғой жақсы па салболыңыздар,0.6470588235294118,0.1553398058252427,17
train-00002-of-00048_000249,бұл айналайын,快的来子,1.0,1.0,2
train-00002-of-00048_000250,сарбыз қай ақта екенін білесің бе өзі жоқ мектептің қасында ғой,старбығыс қаяқта кенін білесіңп өзі мектептің қасында ғой,0.6363636363636364,0.23809523809523808,11
train-00002-of-00048_000251,жәрек,海来的,1.0,1.0,1
train-00002-of-00048_000252,иә анау түзу жүр мен саған жолды айтайын,yana ka tüzü yörme san joldaytey,1.0,0.9,8
train-00002-of-00048_000253,әй ояққа емес қой әй болып жүре бер сояқпен деп олар енді бұр енді түзу жүре бер,эй ойяқа эмес қой й боп жүре бер сояқпен де бола енді бұр енді түзі жүре бер,0.47058823529411764,0.1375,17
train-00002-of-00048_000254,енді водитель сенен күшті емес екен енді а мен старбакс деп тұр ғой старбакс кофе деп лесницаның қасында библиотеканың қасында,енді бадеделсенен күшті емес екен енді бұр әмес тарбок сдеп тұросарбокс кофеи лезнцянын қасында миблиякет бой миблятеканын қасында,0.7,0.3492063492063492,20
train-00002-of-00048_000255,очень тоқтайсыз болып түсе саласыз,ашеге токтасырш болтү сесіна,1.0,0.5294117647058824,5
train-00002-of-00048_000256,міне жүр міне міне жаттап ал старбакс кофе деп тұр,міне жүрімні міне жаттапалстарбак скофе деп тұр,0.6,0.14,10
train-00002-of-00048_000257,тағыт,た,1.0,1.0,1
train-00002-of-00048_000258,саламатсыздар ма не қолайсыздар,سالماسد منеغوlز,1.0,0.9354838709677419,4
train-00002-of-00048_000259,сәлеметсіз бе маған бір кофе бере саласыз ба,سلمتبماعبلكوفي برساسبا,1.0,0.9772727272727273,8
train-00002-of-00048_000260,олардың бірі маған үшін ғана бүйтіп бересің өзіңе көрсең оң жағынан шығады,بر مج,1.0,0.9864864864864865,12
train-00002-of-00048_000261,менің өзімде ақша бар,мен өзімде ақша бар жөлмәтілесім,0.5,0.7142857142857143,4
train-00002-of-00048_000262,кітап күйеуар ма кет,tak kuarma,1.0,0.95,4
train-00002-of-00048_000263,так сізге молочный коктейль так екі мың бес жүз теңге,так сізге малочні кактел так еі екі мың бес жүз тенге,0.4,0.18867924528301888,10
train-00002-of-00048_000264,оплата прошла успешно бес минут күтіңіздер,абата прошло успешны бес мент күтіңіздер,0.6666666666666666,0.16666666666666666,6
train-00002-of-00048_000265,керек төледің бе иә иә,қерек төледің бі е ә,0.8,0.22727272727272727,5
train-00002-of-00048_000266,типа менің достар типа шахризаттың ойы ту о сондай әдемі неге сондай красавчик,tipa mening dostar tipa shahrizatting oyi tuo sonday ademanega sonday krasavchik,1.0,0.9230769230769231,13
train-00002-of-00048_000267,қайрат шахрисат кофесі дайын дайын болды біздікілер,қайрап шақұзат кофесі дайын бодайын бол бізікідер,0.7142857142857143,0.21568627450980393,7
train-00002-of-00048_000268,рақмет,نخمد,1.0,1.0,1
train-00002-of-00048_000269,сен мал үшін кәптеліңді аласайың,ماشنكت لاصي,1.0,0.96875,5
train-00002-of-00048_000270,толик,,1.0,1.0,1
train-00002-of-00048_000271,жүр сабаққа басталмай жиырма минут қалды жиырма секунд даже мектеп қасымызда ғой қазір қандай сабақ,жүр сабакка бастаалма журмар мету калды учурты жирма секунд тажы мектеп касымыздао казир кандай сабак,0.8666666666666667,0.29292929292929293,15
train-00002-of-00048_000272,қазір тілімізде қазақ тілі,kazibbizde qazaq tili,1.0,0.9230769230769231,4
train-00002-of-00048_000273,казақ тілі,خزاقتل,1.0,1.0,2
train-00002-of-00048_000274,аааааааа,,1.0,1.0,1
train-00002-of-00048_000275,жарайды одан кейін мен тез он он минут қалып ой он секунд типа он минут бірақ он секунд достар қалып қараңдар,жәрәйт одан емі теіз оын он мен ұпқалықы ой он секун типа он мет бірақ он секун достар қалып қаранды,0.5238095238095238,0.24770642201834864,21
train-00002-of-00048_000276,жаңағы жаңағы жаңағы жаңағы,打,1.0,1.0,4
train-00002-of-00048_000277,так балалар сабақты бастайық ой қайрат а кстати балалар бізде норинге келді атыңды таныстыра кет менің атым шахризар жасым он бесте,так балалар сабақты бастайев ой қайрат а кстати балалар бүзден моренки келді атынды таныстырагет менің атыншахризар жасым он бесте,0.38095238095238093,0.09923664122137404,21
train-00002-of-00048_000278,так любой орынға отыра бері ғой мен қайраттың қасында отырамын,тә күлі бой орынғы отыра бері ғой мен қайраттың қасыналтрам,0.6,0.1935483870967742,10
train-00002-of-00048_000279,так бізде біздің сабақ біткеннен кейін қосамын достар сендерге сендерге бір секунд ал бізге бір минут,та біздебіздің сабақ біткенеңе қосам достар сендерге бір секунд ал бізде бір минут,0.5,0.2079207920792079,16
train-00002-of-00048_000280,бұны енді көңіл көңіл,بنمkه,1.0,1.0,4
train-00002-of-00048_000281,біздің,,1.0,1.0,1
train-00002-of-00048_000282,типа бұл қайраттың ойы,сипa бу қаyраттың ойы,0.75,0.22727272727272727,4
train-00002-of-00048_000283,о перемена болды,ғоп ере мена болды,1.0,0.25,3
train-00002-of-00048_000284,так балалар тоқтаңдар тоқтаңдар бері келіп бері қайда барасың так балалар үй жұмысын ғылым таппай мақтанбаны жаттап келесіңдер ұқтыңдар ма,такбалалар тоқтаңдар тоқтаңдар бергел бері қайрап қайра барақсың тагбалалар ижұмысы ғылым таппай мақтанбаны жаттап телесімде ұқтыңдармаа,0.65,0.18115942028985507,20
train-00002-of-00048_000285,ол не болды сол жаңағы менің чатқа білемін оны көмектесейін бе жоқ керегі жоқ,тулне осужа мен жапға білемон көмектесен ба де келей деқ,1.0,0.45454545454545453,14
train-00002-of-00048_000286,қазақсыздар ма,مستنصم,1.0,1.0,2
train-00002-of-00048_000287,жарайды,چرك,1.0,1.0,1
train-00002-of-00048_000288,жүз талапқаға барасыңдар давай,düs talo kaabarısma dalay,1.0,0.9,4
train-00002-of-00048_000289,хендер угощаю,xunjur ugashayo,1.0,1.0769230769230769,2
train-00002-of-00048_000290,ой от души мен жаңағы неңді де ішпедім ғой кофені де менде ғой,o absm じ아 ni들でspn mocf는d,1.0,0.9354838709677419,13
train-00002-of-00048_000291,соны ішіп отырайық да бірдеңе жарайды,сон isibотрaq da bіriң jari,1.0,0.6756756756756757,6
train-00002-of-00048_000292,жоқ керек емес тойып тұр мыйтақты кофенің өзі тамақ қой бізге қазір қандай сабақ,жоқ керейіміз тойыпты митақтық кофенің өзі тамаққу бізге казғандай сабақ,0.6428571428571429,0.2375,14
train-00002-of-00048_000293,вроде расписание одан музыка,вроде расписания одан музыка,0.25,0.03571428571428571,4
train-00002-of-00048_000294,иә иә,ن,1.0,1.0,2
train-00002-of-00048_000295,музыкаға барады да көреміз сосын кешіксек айтамыз араспица дайын шата саладық деп,музыкала баразыла көрем сосы кейешкісег айтамыз араспи сааншата салазықте,0.9166666666666666,0.2716049382716049,12
train-00002-of-00048_000296,иә төртті,det hatt ørn,1.5,1.2222222222222223,2
train-00002-of-00048_000297,менің мысль типа шахризаттың мысли то у нее сондай красавчик то мен не ойлап жатырмын,meнi ms tipa shahrizatting misli bu niyo sonda krassacikto meнyo oylabjatir,1.0,0.8823529411764706,15
train-00002-of-00048_000298,жарайды жүр дейсіз барайық саламатсыңдар ма балалар музыка сабағына қош келдіңдер қайрат шахризат отырыңдар так шахризат сен білді новенькая сияқтысың иә иә мен новенькаямын так сен немен айналысасың мен гитара тартқанын ұнатамын,жарай жүрттесіз бараықсолыматсындар мабалалар музыка сабауына қошкелдіңдер қайрат шахризат отырыңдар та шахризат семілден новинкая деақтсын я ямен новинькаямын та өсен не мен айналсасың мен гитара тартқаын атан,0.78125,0.17903930131004367,32
train-00002-of-00048_000299,жақсы сен гитараңды тарта бер қайрат сен өзіңнің жаңағы мынау немере еді мынаның атын ұмытып қалдым ғой мынандаймен айналысайың,шақсыз сеңгий тарагды тарта бер қайра түсен өзіңнің жаңағы мынау небәлейіт мынаның әті мұтып қалдым ғой нандайынмен айналсамен,0.5789473684210527,0.2283464566929134,19
train-00002-of-00048_000300,иә рок гитара ал мен қазір соловыйға барып келейін филдругпен,ә роб дитары алмен казір саловиға баткілийін филрукпен,1.0,0.2786885245901639,10
train-00002-of-00048_000301,жарайды мен гитара жақсы көремін,ам жарайт мен гитары жаксы көрем,1.0,0.28125,5
train-00002-of-00048_000302,құдай қалай,,1.0,1.0,2
train-00002-of-00048_000303,енді ойнайын хуф бисмілләх,ندونهفبسم ال,1.0,0.9615384615384616,4
train-00002-of-00048_000304,қайраттым ғой енді мәні күшті ойнайтын шал гитарада күшті ғой,qayrattim oyan man al kistion etinsalki barada kistio,1.0,0.9180327868852459,10
train-00002-of-00048_000305,как война пастайнинг,так война постайнин,0.6666666666666666,0.15,3
train-00002-of-00048_000306,оооо что ойнайды екен,ркsтいないdiken,1.0,0.9523809523809523,4
train-00002-of-00048_000307,той не еткенсің,といないってす,1.0,1.0,3
train-00002-of-00048_000308,келмейсін деген сияқты,knisd겠es,1.0,1.0,3
train-00002-of-00048_000309,оларды тыңдамай өте жақсы ойнайсың,олар индавазевылыте жаксылон эесныз,1.0,0.5882352941176471,5
train-00002-of-00048_000310,махмет,مخنب,1.0,1.0,1
train-00002-of-00048_000311,так әр типымнан қалар кеттім,тактипамнан қалар кетпім,0.8,0.21428571428571427,5
train-00002-of-00048_000312,болында да какой то қыздар тұр екен десе скрип,bo neda qakoyda qizdab tur egan esiskrin,1.0,0.8913043478260869,9
train-00002-of-00048_000313,ойбай достар қарамаңдар достар қарамаңдар,ойбай достар қараманда достар қараманда,0.4,0.0975609756097561,5
train-00002-of-00048_000314,так типам,打气班,1.0,1.0,2
train-00002-of-00048_000315,кон жуыватыр,خوم جر,1.0,0.9166666666666666,2
train-00002-of-00048_000316,эй қыз,أيخف,1.0,1.0,2
train-00002-of-00048_000317,сен не менің қайратыма жабысасың а,сенне менің қайратыма жапсасыңа,0.6666666666666666,0.11764705882352941,6
train-00002-of-00048_000318,мне,نني,1.0,1.0,1
train-00002-of-00048_000319,сен немені қайратыма жабысасың деп тұр мен оның жігіті ой мен оның қызымын,сенне мені қайратыма жапсасын ептұрм мен оның жігіті ой мен оның қызымын,0.38461538461538464,0.10810810810810811,13
train-00002-of-00048_000320,жолдан тұршы мен сабаққа кешігіп жатырмын ей бері кел сен типа қолымнан ұстап достар,жолдан тұш мен сабаққа кешекп жатыр ей берге сең ғасы типа қомынан стаддысыр,0.6428571428571429,0.2857142857142857,14
train-00002-of-00048_000321,пергел,برديل,1.0,1.0,1
train-00002-of-00048_000322,моймай как,mmeka,1.0,1.0,2
train-00002-of-00048_000323,сен қайратқа жолайтын болсаң менен жақсылықты жұма ұқтың ба,сен қайратқа жолайтын болсаң мене жақсылық күтіжума ұқтыңба,0.5555555555555556,0.13559322033898305,9
train-00002-of-00048_000324,шашың бір,杀什的در是,1.0,1.0,2
train-00002-of-00048_000325,ай,阿姨,1.0,1.0,1
train-00002-of-00048_000326,типа достар бетіне шапалақ берді бетін кішкене қанап кетті,сипа достар бетіне шапалық бер бетін шене қанап кет,0.5555555555555556,0.15517241379310345,9
train-00002-of-00048_000327,и тауыппаймын,ikavofan,1.0,1.0,2
train-00002-of-00048_000328,уф құдай сақтасын,у құдай сақтазмы,0.6666666666666666,0.23529411764705882,3
train-00002-of-00048_000329,уф болды параң тисіз,uf oldu barantissiz,1.0,0.9,4
train-00002-of-00048_000330,кәкім,ك,1.0,1.0,1
train-00002-of-00048_000331,келдім,keldim,1.0,1.0,1
train-00002-of-00048_000332,шахридзад,شخريزات,1.0,1.0,1
train-00002-of-00048_000333,ауқым,好,1.0,1.0,1
train-00002-of-00048_000334,моктябрьші,كتيبش,1.0,1.0,1
train-00002-of-00048_000335,неге бетім қызарып тұр,неге бетір қызаріптір,0.75,0.18181818181818182,4
train-00002-of-00048_000336,чештіңізге қолын түсіп жүрген,cs,1.0,1.0,4
train-00002-of-00048_000337,бірақ ол бірердің қолын әппен жағынан ұстап тұр,bira oл breвdin qolн apicatы sаптуr,1.0,0.7659574468085106,8
train-00002-of-00048_000338,жоқ ондай ештеңе емес,жо жу жок онда иштеңелиз,1.25,0.6666666666666666,4
train-00002-of-00048_000339,түсінбайды,是白的,1.0,1.0,1
train-00002-of-00048_000340,черек,جری,1.0,1.0,1
train-00002-of-00048_000341,сен ешкімге айтып қоймашы иә,çin işim yalfi kolmar ya,1.0,0.8571428571428571,5
train-00002-of-00048_000342,короче маған таулетте жаңа какой то қыздар келіп алды да үш қыз маған ортасындағы қыз айтты мен қайраттың қызымын қайратқа жолаушы болма қайратқа жолап қайратқа жабыссаң қайратқа бірдеңе қылықтасаң менен жақсылық күтпе деді де мені етер жер рақима одан кейін бетімнен шапалақ беріп кетіп қалды,корочи маған толетте жаңа кокойта қызар келіп алтта үш құз маған ортасындағы қыз айтты енмен қайраттың қызымын қайратқа жолаушыома қайратқа жолап қайратқа жапысаң қайратқа бірдеңеі қылықтасаң менен жақсылық күтпететтам мені ителе раклина оданен бекімнен жапалақ беріп кетіп қалды,0.5111111111111111,0.13993174061433447,45
train-00002-of-00048_000343,ал қарлығашқы оған обращайтесь вниманием тупо влюбленное о типі,ал карлыгашко оган абрячатизе мниманен туповлюблон отип,0.8888888888888888,0.3492063492063492,9
train-00002-of-00048_000344,бұрында жүргенсіңдер ме,бұрында жүргенсімдер мі,0.6666666666666666,0.08695652173913043,3
train-00002-of-00048_000345,өзі кінәлі екен ғой,زكنا لكن,1.0,0.9473684210526315,4
train-00002-of-00048_000346,қай қай қай,,1.0,1.0,3
train-00002-of-00048_000347,топ балалар тез бәріңді директорге шақырып жатыр жарайды,топ болала тез бәрімді деректірге шақырып жатыр жарайт,0.5,0.125,8
train-00002-of-00048_000348,черетт,चeret,1.0,1.0,1
train-00002-of-00048_000349,директордың кабинеті мынау ма а міне кабинет директоры типа бәрі оқушы тұр,derektorin kabinetin noma amni kabinet derektora tiba barli oqushtur,1.0,0.9054054054054054,12
train-00002-of-00048_000350,ой отырайын орын бар екен ғой,ой отырайын орын бар екен ғой,0.0,0.0,6
train-00002-of-00048_000351,қарлығаш қарлығаш е шахриза тұр менің орнымнан бұл менің королевский орыным,қарлығаш қарылығаш э шахризат турменің орнынан бұл менің каролевски орыны,0.7272727272727273,0.12,11
train-00002-of-00048_000352,а,,1.0,1.0,1
train-00002-of-00048_000353,жарай отыра бер керегет орны,жарай отрабер келеге тоғны,0.8,0.21428571428571427,5
train-00002-of-00048_000354,ооо не деп сөйлеттім мен жыныма алып жатырмын неге ол ашуланған жоқ жоқ деп неге даң шығарған жоқ ашуланба қарлығаш ашуланба бәрібір қайратты тартып алатын шығар қарлығаш иә аузыңды жап ше айым,фо не деп сүліктің мен жыныма арыпжаты неге ол ашуланған жоқ жоқ деп неге даң шығарған жоқ ашуланба қарлығаш ашуланба бәрбір қайратты тартып алатын шығар қарлығаш и аузың жапше айым,0.28125,0.09326424870466321,32
train-00002-of-00048_000355,ой кетсе,وكسا,1.0,1.0,2
train-00002-of-00048_000356,директор так болар сәлеметсіздер ме сендерді ертең бізде конкурс болады сол конкурсқа бәрілерің қатысуларың керексіңдер сол билеуге де болады ән айтуға да болады бәрін істеуге болады қалағандарыңды істеңдер бәрін істесеңдер болады бірақ қазір сендерді совхозға үйлене қайта жібереміз өйткені сендер ертең болады дайындалып келіңдер ертең қарлығаш аға ертең,директор так боллар сәлметсіерме сендді ертең біздек конкурс болады сол конкурсқа бәрілерін хатусуларын керексіңдер билеуге де болады ән айтуға да болады бәрін істеуге болады қалағандарың істеңдербәрін істесеңдер болады бірақ қазір сендерді собаудаға үйлеріне хайжіберемі үйткені сеңдер ертең болады тайндалыпкендер ертең қарлығаш аға теертенге шен үйрене алмаймың қуай,0.5,0.19101123595505617,48
train-00002-of-00048_000357,там,م,1.0,1.0,1
train-00002-of-00048_000358,директор үйренесіңдер неге үйрене алмайды екенсіңдер сосын пара парамен шығу керек или өздеріңде жалғыз шыға берсеңдер болады бірақ көбісі парамен шығамыз дейді кім кіммен шығады сосын маған айтып кетіңдер жақсы үйлеріңе қайта беріңдер,директор үйренесіңдер неге үйрене алмайд екесіңдер сосын пара пара мен шуғу көрек ел өз дерінде жалыс шыға берсенері болад бірақ көбісі пара мен шығамыз деді кім кіммен шығады сосын маған айтып кетіндер жжақсы үйлеріңе қайта беріңдер,0.5151515151515151,0.08085106382978724,33
train-00002-of-00048_000359,жарайды,جرعدة,1.0,1.0,1
train-00002-of-00048_000360,жәлі табалыс,byaritse bonse,1.0,1.1666666666666667,2
train-00002-of-00048_000361,типа давайте типа мына қарлығаш бола тұрайын зрительлар если что типа қарлығаш,типа давате типана қарлығаш болатырен зіретерлар еслейчі типа қарлығашпы,0.75,0.24358974358974358,12
train-00002-of-00048_000362,қайрат тоқташ,қайрат тоқташ,0.0,0.0,2
train-00002-of-00048_000363,себебебі өзіңіздер,يكب,1.0,1.0,2
train-00002-of-00048_000364,қайрат ертең екеуіміз бірге бір сұхбат етейік алдындағы алдынды алдын ой алдынғы екі жыл бұрындағы бейімізбен бірге ән айтып одан кейін сенімені көтеріп,қайрат ертең икеуміз бірге бұсыпадетек алдындағы алдыды алдыңғ ой алдыңғы екі жыл бұрындағы биіміз мен бірге анайтып адамгейін сеңімені көтеріп,0.6086956521739131,0.17763157894736842,23
train-00002-of-00048_000365,жоқ,ج,1.0,1.0,1
train-00002-of-00048_000366,жоқ,جو,1.0,1.0,1
train-00002-of-00048_000367,бірақ қайда кеттің,رادخدينت,1.0,1.0,3
train-00002-of-00048_000368,церет,جرت,1.0,1.0,1
train-00002-of-00048_000369,сөйтіп жүрдіңіздердіңіздерді,,1.0,1.0,2
train-00002-of-00048_000370,заттарыңды алайыншы,наттарында алаймыс,1.0,0.3684210526315789,2
train-00002-of-00048_000371,ойбай,koibay,1.0,1.2,1
train-00002-of-00048_000372,қаттарында алып жатыр,ka tambalat,1.0,0.9523809523809523,3
train-00002-of-00048_000373,туэй,土,1.0,1.0,1
train-00002-of-00048_000374,бетімді тағы ұрып алдым ғой бір жарайды,петін тағырубалынғы бір жәрет,0.8571428571428571,0.48717948717948717,7
train-00002-of-00048_000375,қарлығаш әй шахризат қолымнан жұлды ай қуасың ба,карлыгаш эй шахризат коомунан жылду ай куасыңба,0.75,0.22916666666666666,8
train-00002-of-00048_000376,сене ме ертең қайратпен өз тұлпат етуші болма сені қайратпен көрсем жаныңды шығарар типа менің бетіме де үстіме де су шаршып жіберді,сенне ме ертен қайраппен вуступатету шыолма сені қайраппен көрсем жанымлы шығара типа менің бетіме де үстмеде сушаш жүбет,0.6818181818181818,0.20454545454545456,22
train-00002-of-00048_000377,кәсіпте тұрыңдар,كويكاستيدمرهي,1.0,1.0,2
train-00002-of-00048_000378,ойбай,وي喂ي,1.0,1.0,1
train-00002-of-00048_000379,ай,آي,1.0,1.0,1
train-00002-of-00048_000380,адамын,ا,1.0,1.0,1
train-00002-of-00048_000381,турайын тұрайын келе жатыр,tuz trayn turayn kilazatir,1.0,1.0,4
train-00002-of-00048_000382,шіртіп жатырмын салфеткамен,شرت جصافية كمين,1.0,0.9259259259259259,3
train-00002-of-00048_000383,не болды неге сіздің бәрі сусу жой су емес жай кофе төгіп алды,невалда негестінің бәрі сусу жойы су емес жай кофетөгі болдын,0.6153846153846154,0.22580645161290322,13
train-00002-of-00048_000384,кофе емес кофе болса ол футболканың бәрі қап қара болып кетті,кофи эмес кофи болса ол футболганыңдары кап кара болпып келет,0.8181818181818182,0.22950819672131148,11
train-00002-of-00048_000385,хонар,通啊,1.0,1.0,1
train-00002-of-00048_000386,жоқ көрсету қылып алдым болды,жоқ көпе тугіба мүмкен болды,0.6,0.5172413793103449,5
train-00002-of-00048_000387,айтпа,,1.0,1.0,1
train-00002-of-00048_000388,өтірік сатпашы,өтірі сұқпашы,1.0,0.21428571428571427,2
train-00002-of-00048_000389,жүрмей саған жүрші мен мен мен саған өзімнің футболкамды беремін,جمع ش صع فطبوقة دبرا وتقد رساس,1.0,0.90625,10
train-00002-of-00048_000390,үйіңе ме иә,你妈爷,1.0,1.0,3
train-00002-of-00048_000391,может,موجد,1.0,1.0,1
train-00002-of-00048_000392,чоов,就,1.0,1.0,1
train-00002-of-00048_000393,керек,جر,1.0,1.0,1
train-00002-of-00048_000394,тахарлар,harlar,1.0,1.0,1
train-00002-of-00048_000395,айм ха карлаш тебе не повезло,айым ха карлығаш тибени павизло,0.8333333333333334,0.27586206896551724,6
train-00002-of-00048_000396,сұшайым төбелес басталды қыздарда,қсынш айым төбелес басталды қыздарды,0.75,0.15151515151515152,4
train-00002-of-00048_000397,күкіл,开ك,1.0,1.0,1
train-00002-of-00048_000398,өте түк табиғи жағатыр,оi tuтa pрежeжeт,1.0,0.8181818181818182,4
train-00002-of-00048_000399,жарайдың сөзі соныңыздыңыздыңыздыңыздыңыздыңыздыңыздыңыздыңыздыңызда,ჭერითუშესოეშილაბადირთემსდა,1.0,1.0,3
train-00002-of-00048_000400,көп,คพ,1.0,1.0,1
train-00002-of-00048_000401,өте үн үн үй ба,dinwpa,1.0,1.0,5
train-00002-of-00048_000402,төңкеліп түстік қой қайрат,тoнкелi стыққо қаyрат,1.0,0.4230769230769231,4
train-00002-of-00048_000403,менің өзіме жоғарыңызға мәнсіздік қой,nebzo cuva mask,1.0,0.9459459459459459,5
train-00002-of-00048_000404,мен кофем дәл ішіп бітпедім ғой ужас,men co fiamdales pedmo ujas,1.0,0.9166666666666666,7
train-00002-of-00048_000405,солар,صو,1.0,1.0,1
train-00002-of-00048_000406,сен іштің бе молочный коттейліңді,çen ştin ba maluşine kattı elindi,1.2,0.9090909090909091,5
train-00002-of-00048_000407,терезедегі уақытта жібердім типа ой шығып кетті,терездер лақтар жерін типа ой шақ кетті,0.5714285714285714,0.3191489361702128,7
train-00002-of-00048_000408,сенің үйің,亲能一应,1.0,1.0,2
train-00002-of-00048_000409,ойбай қайда барасың қайрат сіз үшін үлкен болып кетті,оомао ба қайда барат қайрат ен скор сілшін үлкен ол кетті,0.7777777777777778,0.39622641509433965,9
train-00002-of-00048_000410,жарайды үлкен себеп,رس,1.0,1.0,3
train-00002-of-00048_000411,есік ашып жерші,jeseras wiec,1.0,0.9333333333333333,3
train-00002-of-00048_000412,касиет,كس,1.0,1.0,1
train-00002-of-00048_000413,ойбай,回喂,1.0,1.0,1
train-00002-of-00048_000414,ең өзінің бір комплекті өкілсін,iusbcomple tokos,1.0,0.967741935483871,5
train-00002-of-00048_000415,еще дала су ұмытып қалып кеттім ғой,يشدعوا صو مي كتمغ,1.0,0.9142857142857143,7
train-00002-of-00048_000416,яғни жүрдік,جمي就,1.0,1.0,2
train-00002-of-00048_000417,сізге ұнамай ақ қойсаймыз,وما يقويف,1.0,0.96,4
train-00002-of-00048_000418,құп,,1.0,1.0,1
train-00002-of-00048_000419,есташы есташы,т мaнaзесташ есташ,1.5,0.6923076923076923,2
train-00002-of-00048_000420,мы пода ашып баратыр,م بداش برات,1.0,0.9,4
train-00002-of-00048_000421,муткар,مضكر,1.0,1.0,1
train-00002-of-00048_000422,әбінеңіз маған,هي سماء,1.0,0.9285714285714286,2
train-00002-of-00048_000423,выбай кім,وبك,1.0,1.0,2
train-00002-of-00048_000424,намалыс,mam,1.0,1.0,1
train-00002-of-00048_000425,мә,妈,1.0,1.0,1
train-00002-of-00048_000426,жарайды ой балам привет типа қайраттың бетінде деп сүйіп жатыр,терәйт ой балан привет жепақаратың бедімвсик жатыр,0.7,0.3870967741935484,10
train-00002-of-00048_000427,әй,هي,1.0,1.0,1
train-00002-of-00048_000428,сәлеметсіз бе,ب,1.0,1.0,2
train-00002-of-00048_000429,ой сәлем берсекші енді мұғын,كلر وسليم вيرسيsيند ғن,1.0,0.8928571428571429,5
train-00002-of-00048_000430,иә мәселе асаңызға болмай біріншіден маған айттым да жөн көрдің келіп тұрғым келеді,aសa រ n,1.0,0.9759036144578314,13
train-00002-of-00048_000431,жарайды,جبد,1.0,1.0,1
train-00002-of-00048_000432,жарайды екеуің комнатаға кіріңдер иә иә,자라b경 c다그런드이요,1.0,0.9743589743589743,6
train-00002-of-00048_000433,комда кіріп бірдеңе бала шаға деп ай мен шайға ұнатайын,комда гіріп бір деңе балашаға де ай нен чайғаны таң,0.8,0.23636363636363636,10
train-00002-of-00048_000434,найықты любой затты ала бер жарайды сені шығатырмын киіп алайын,ныкта любазатда ал эвер жаратен чыгатым кивалай,1.0,0.4444444444444444,10
train-00002-of-00048_000435,түүү,,1.0,1.0,1
train-00002-of-00048_000436,бала ол,爸啦嗯,1.0,1.0,2
train-00002-of-00048_000437,не деуші еді қандай керемет келін анау,недеушееді қаны келемет келен анал,1.0,0.23684210526315788,7
train-00002-of-00048_000438,туф,と,1.0,1.0,1
train-00002-of-00048_000439,ойын мағына ол менің пресса сыныптасым,maهma mيn hssыn tasыn,1.0,0.8947368421052632,6
train-00002-of-00048_000440,ой иә иә сені өлең қарлығашты да тура солай қылып келді ғой ол қарлығаш уже менікі емес ал басқа біреудікі,оя ия сенір өлев қарылғаштыда торызыланкелліо қарылғашуш меңгі емес абасқа біре откыз,0.95,0.42452830188679247,20
train-00002-of-00048_000441,тфу олай айтпашы балам жоқ қазір ойбай,бу олы айтбаш балам жок ар ойбай,0.7142857142857143,0.2631578947368421,7
train-00002-of-00048_000442,оқпайсың бар,زر,1.0,1.0,2
train-00002-of-00048_000443,кешір это бірдеңеге сұрайын деп едім ертең менімен бірге,кеше ты бірденгі сраинде етім ерте меннен бірге,0.8888888888888888,0.2857142857142857,9
train-00002-of-00048_000444,иә білмейсің бе,ر斯ب,1.0,1.0,3
train-00002-of-00048_000445,негізінше мен параллельдегі баламен билеймін дегенмін жарайды мен билеймін,негізше мен паравилдағы баламен белем деген жәрәксемен белим,0.7777777777777778,0.36486486486486486,9
train-00002-of-00048_000446,тогда бүгін дайындалайық қазір,taكda bugun daي nalيkaz,1.0,0.9333333333333333,4
train-00002-of-00048_000447,қазір киініп алайын да сен жұқсайшы а кстати сым бар ма иә конечно бар бірақ нелерге менің дәрісі жоқ,кәз кийініпалайды сед шықсайшы а кстати сым бар ма я конешта наяқты бір қнаяқты бірықнедер емендарі жоқ,0.6842105263157895,0.42574257425742573,19
train-00002-of-00048_000448,жарайды кей саламын бәрім,جرد كيسوم,1.0,0.96,4
train-00002-of-00048_000449,менің жағызға тіреу,مشبسوت,1.0,1.0,3
train-00002-of-00048_000450,не болды ма ой балам қандай әдемі келін қашан үйленесің сөйтіп ме мен бала шаға хочу,не мокма ой балав қада дем келін хашан үлез сездіг ма мен баулашаға хачу,0.75,0.2976190476190476,16
train-00002-of-00048_000451,мама маңыз үй өз өз өзгерді,妈妈马媳妇属里觉的,1.0,1.0,6
train-00002-of-00048_000452,мама гүл ша жері жері,m म गosa jeरi जeri,1.0,0.8571428571428571,5
train-00002-of-00048_000453,жүгір дайындалма енді сендер болған шығар ана қызық,жүгір дайнанарен сенер болған шығаранағыз,0.75,0.2549019607843137,8
train-00002-of-00048_000454,болдыр,болдым,1.0,0.16666666666666666,1
train-00002-of-00048_000455,жүрген аяқты қайталайық киімің он түші емес дейсің иә қазір анау не жеді қандай билер бар қазір көріп жеймін,дердінаяқта қатала киші мыңініндесеңе қазымға анау нешеді қандай биллер баркас көл жерен,0.8947368421052632,0.4444444444444444,19
train-00002-of-00048_000456,так міне анандай сапфир деген өлең бар екен,та міне нандай сапфер деген өлең бар екен,0.375,0.06976744186046512,8
train-00002-of-00048_000457,қайсысы билеп көрейінші сен маған қара и бағала,қас билік көренш семанан қара ибағ ала,0.875,0.2978723404255319,8
train-00002-of-00048_000458,ой я ломник,我要完你,1.0,1.0,3
train-00002-of-00048_000459,мысль шахризаттың ойы,مصلشخرزطي,1.0,1.0,3
train-00002-of-00048_000460,өйткені ол мен ұялам қайратты қалай майыспеймін оның көзінше,оми жалам қараты кал майспем мамын көзінше,0.8888888888888888,0.45,9
train-00002-of-00048_000461,ой ол не дейм мен оған давай мен өзін выступать ете берейін жоқ ай давай бірге,ояла недеммен оған дава мен өзін уступат ите берең жоға даы бірге,0.75,0.2692307692307692,16
train-00002-of-00048_000462,жарайды онда бастайын,certonda bastain,1.0,0.9523809523809523,3
train-00002-of-00048_000463,жақыр еркің ойын бұл мен әдемі естіліп жатқан шығармын бөлмайсың бұның әмірім аяқтан ба көріңді жемейтін әңгімелеватыр сұлуу жәріп жүрек,zahiakygne tominadign izy bie zakantraranmaisymam ambar na belevatany o jaratriky,1.0,0.9338235294117647,20
train-00002-of-00048_000464,қоштасаңыздар,,1.0,1.0,1
train-00002-of-00048_000465,эболда,بلد,1.0,1.0,1
train-00002-of-00048_000466,белодрама,dila dramba,2.0,1.2222222222222223,1
train-00002-of-00048_000467,онда мен соның мелодрамасында бір өлеңін ой би ойлап табайын а сен соның өлеңін айтуды,ондамен соң милодраммасына бір өлеңі ой би ойлап табайын әсен соның өлеңін айтылды,0.5333333333333333,0.12790697674418605,15
train-00002-of-00048_000468,әәәәәәәәәәәәәәәәәәәәәәәәәә,wيewl tektmivي,2.0,1.0,1
train-00002-of-00048_000469,сен текстін білмесең неменеге айтып жатсың білмеймін бір қайырмансың ғана білемін,пуен чекстім емесі не негі айтып жатсың білүлер бір қайырмасың ғана білем,0.7272727272727273,0.25925925925925924,11
train-00002-of-00048_000470,бұл жатталғыш бүгін кешейін,ジっタはポグ技c,1.0,1.0,4
train-00002-of-00048_000471,давай жаңағы биді айландамай ғана,davgapit endvnnt catm biulcavapri,1.0,1.0,5
train-00002-of-00048_000472,так типо био,他تببو,1.0,1.0,3
train-00002-of-00048_000473,типа екі сағат өтті,집발 이끝 사가 듣든,1.0,0.8421052631578947,4
train-00002-of-00048_000474,и мен би ойлап таптым би билеп көрсетейін давай,и меnо biлoйlataptem biл biлep кorstiнd,0.8888888888888888,0.7872340425531915,9
train-00002-of-00048_000475,ай жүрегім сенің атыңды осындай сосын тағы бір биыл армандай,жегегімме жакін семең асыңті осында сосын тағы бір бигламнан да,0.7,0.4166666666666667,10
train-00002-of-00048_000476,вот екеуін билет берейік,وتريكيبيلبري,1.0,1.0,4
train-00002-of-00048_000477,давай,大و,1.0,1.0,1
train-00002-of-00048_000478,сен ән айтасың,现在奶的生,1.0,1.0,3
train-00002-of-00048_000479,менің балаларым және келінім екеуің бір төсекте жата беріңдер иә мен осы өрнемде жатамын жүгір қайрат бөлмені көрсет бол тез,баллара менің балаларын және келінім еке үң быр төшекті жата берімдер я мен осын өрнемде жатам жүгір қайрат бөлмені көрсет болтес,0.6,0.1774193548387097,20
train-00002-of-00048_000480,туэп,,1.0,1.0,1
train-00002-of-00048_000481,так он жарайды,تك نجرد,1.0,0.9285714285714286,3
train-00002-of-00048_000482,өте меңдем көңілсіздер иә кәкірсіз қайтадан соғамыз,しmンdをこのそやかくらずかいたでそでます,1.0,1.0,7
train-00002-of-00048_000483,неге деген сияқты,neinikabad,1.0,1.0,3
train-00002-of-00048_000484,ал неге лучше мен жерге жатайын да жоқ сен қонақсың так балам мен саған белгілі белгілі бер балам,нүгенучу мен жейе жатайында жосен қонасо тәк балам мен сағым биргелбері и биргел бері балам,0.8333333333333334,0.32989690721649484,18
train-00002-of-00048_000485,типа менің баста типа мамасы ей боже ана қызбен бірге жататын болып жатпасаң бар ғой мен сені үйден қуып жіберемін ұқтыңдар,типамен баста типа мамасы еполжа анағыз беңділе жаттатын бол жатпасаң бұрғы месен еден қоп жере мұқтыңда,0.8095238095238095,0.3008130081300813,21
train-00002-of-00048_000486,жарайды,جريد,1.0,1.0,1
train-00002-of-00048_000487,қайрат свет өшіріп жатшы,қайрат сібетт өшүруп жатшы,0.5,0.20833333333333334,4
train-00002-of-00048_000488,нөл,,1.0,1.0,1
train-00002-of-00048_000489,сөйтіп тұр,,1.0,1.0,2
train-00002-of-00048_000490,құдай әл кәте бер,大钱对边,1.0,1.0,4
train-00002-of-00048_000491,стобы игра достар сосед берші,sloبigra dostar sasيt berش,1.0,0.896551724137931,5
train-00002-of-00048_000492,иә азамат қайда жатып барасың әне қай жағдай табыңыз ғой тиіп барады,يقواسن خيرج برس عنيخجملو tيp,1.0,0.9411764705882353,12
train-00002-of-00048_000493,бұл жердің біріңе,छ,1.0,1.0,3
train-00002-of-00048_000494,сосед по комнате,sस pks,1.0,0.9375,3
train-00002-of-00048_000495,добавь семена,дабаев семена,0.5,0.23076923076923078,2
train-00002-of-00048_000496,жолығай соседі по комнате мы все кеттік,жоғы сансент бакорсе шекеті,1.0,0.5897435897435898,7
train-00002-of-00048_000497,типа короче достар сендерге бір секунд бізге бір минут,nafracatasnavedotipa karoch dostar femlerga bir sekon bizga bir men,1.0,1.1481481481481481,9
train-00002-of-00048_000498,достар қазір кішкене уақытта жүреді карантин біз киіңдер деватыр ғой,dостар тaз кичения вақтот кораciбыз кинда dиmeтрх,1.0,0.6029411764705882,10
train-00002-of-00048_000499,так,打,1.0,1.0,1
train-00002-of-00048_000500,қайрат тұр жүр мектепке барамыз,қайран дур неңіз жүр мектепке барамыз әли үш үсінгі үшғо,1.4,0.9032258064516129,5
train-00002-of-00048_000501,хой бәрбі,py barbe,1.0,0.8888888888888888,2
train-00002-of-00048_000502,давай келіп машаға отыр,غكل ناشلات,1.0,0.9565217391304348,4
train-00002-of-00048_000503,дүнием жоқпы кетті,م님m چ不겠ti,1.0,0.9444444444444444,3
train-00002-of-00048_000504,біз сразу мектепке барамыз,مسرامتبكبرام,1.0,1.0,4
train-00002-of-00048_000505,қан жолдан басталатынын айтпайды ғой менікі апайға звондап сұрап көрейін,канча да басталатын айтпадомика апайгаз вандап сура корий,1.0,0.3888888888888889,10
train-00002-of-00048_000506,әне тұрғыз әлгі өлтендір барсайшы әппақ,ن ترغط لقونتر برصش عبق,1.0,0.8974358974358975,6
train-00002-of-00048_000507,анай ақ қой деймін оқи алмай қайда ай білмей мынау,أن قويمدا من,1.0,0.96,10
train-00002-of-00048_000508,алло саламатсыз апай саламатсыздар ма келе жаттыңдар ма жоқ апай қаншада басталады ол ма ол он нөл нөлде басталады утра да болады болады,ало салматыс апай саламатысындарма келе жатқыңнарманин жоқ апай қанша да басталады олма ол он өл нөл де басталады утырады,0.6956521739130435,0.23529411764705882,23
train-00002-of-00048_000509,сен басқа отделға бар мен басқа мен модельныйға барамын,сен басқа де қабар мен басқа мен модельми қабарам,0.4444444444444444,0.21818181818181817,9
train-00002-of-00048_000510,кат,,1.0,1.0,1
train-00002-of-00048_000511,қандайды иә қара тұста ғой точно,кандайты каратыстаой ташнам,1.0,0.4375,6
train-00002-of-00048_000512,ну жарайдан да өзің сұрадың кірме только сосын көресің,нужар айдандау өзің сұрадын кірметокасосын көресін,0.8888888888888888,0.2037037037037037,9
train-00002-of-00048_000513,нәженең,现在这影,1.0,1.0,1
train-00002-of-00048_000514,чревер,cureber,1.0,1.1666666666666667,1
train-00002-of-00048_000515,достарлары типа қара киімін ауыстырды,достагары типа қарат кейінін ауыстырды,0.6,0.16216216216216217,5
train-00002-of-00048_000516,айтпа,去吧,1.0,1.0,1
train-00002-of-00048_000517,түсінікті,,1.0,1.0,1
train-00002-of-00048_000518,адельная келіп көресің,adlakel كoresim,1.0,0.9545454545454546,3
train-00002-of-00048_000519,мен ойладым бір бірінші отызда ма иә,ملزبرشتجدم,1.0,1.0,7
train-00002-of-00048_000520,лұл,,1.0,1.0,1
train-00002-of-00048_000521,сіздің лайық отырсайық,فموطفي,1.0,1.0,3
train-00002-of-00048_000522,алай давай,دو,1.0,1.0,2
train-00002-of-00048_000523,болдым қайрат,жид болдың қайраташ,1.5,0.5384615384615384,2
train-00002-of-00048_000524,рақмет тау саламатсыз ба атыңыз кім төлесеңіз жақсы а қазір,мінахмет док залматыспа қатыңызгім төлесеңіз ұжақсаз а казір,0.8,0.3389830508474576,10
train-00002-of-00048_000525,сөйтіп отыр,,1.0,1.0,2
train-00002-of-00048_000526,таза ақшасын төлеймін жоқ қымбат қой так осы екеуімізге қанша болады,казі ақшасын төлим ындайтимімитанысалңыз жоқ құмбат қой тәросы екеніміз яқынжа болаты,0.8181818181818182,0.4852941176470588,11
train-00002-of-00048_000527,ма,مa,1.0,1.0,1
train-00002-of-00048_000528,аяғы бөйлектің өзі қанша 150 мың бас ондай,аян пуйлектиң өзү канча жү илүмүңба сондай андыка елүмң жарайт,1.25,0.8809523809523809,8
train-00002-of-00048_000529,біздіңіздіңіздің бе,不,1.0,1.0,2
train-00002-of-00048_000530,оплата прошло успешно жақсы өздеріңіз де тоссын,аплата прошло ушбешіні жақсы өздерінізде тоссын,0.5714285714285714,0.14893617021276595,7
train-00002-of-00048_000531,ой қайрат рақмет сізге мен саған қайтарамын уәде беремін жоқ керегі жоқ керегі,ой қайратырақметісе менсалын қайсара мләде берім кек келегі жоқ еруді,0.8461538461538461,0.3076923076923077,13
train-00002-of-00048_000532,маған айтшы жігіт,มาs,1.0,1.0,3
train-00002-of-00048_000533,тривит,د,1.0,1.0,1
train-00002-of-00048_000534,карт ма,خرض们,1.0,1.0,2
train-00002-of-00048_000535,біз қайталауымыз керек тезірек барып сосын жеке жақын келіңіз,біз қайта лауымыз керек тезерек бара сосын келке жақым женіміз,0.7777777777777778,0.16393442622950818,9
train-00002-of-00048_000536,столовкадан аласың өмірде сипап көлемді көтеріп әдемілеп отырдым тезірек мектепке барайық дайындалуымыз керек жоқ,саловкадынаасыламде сиба көлем көтеріп әдем эле актым ай тедерек мектетке барак жайында аламыз керек жоок,1.0,0.3185840707964602,14
train-00002-of-00048_000537,мен қайрат мен сені выступать ете алмаймын неге,қайрат месенне усыпадете алмайе,0.875,0.46808510638297873,8
train-00002-of-00048_000538,кеше менің киімім су болған кезде,еше менің кимім суоған кезде,0.6666666666666666,0.15151515151515152,6
train-00002-of-00048_000539,абыл чтение,absti,1.0,1.0,2
train-00002-of-00048_000540,айттыңызсыз еш,أتففش,1.0,1.0,2
train-00002-of-00048_000541,оны маған қаралған шашты ертең қайратпен ұсынба десең саған жаман болады деді боб,оның маған қалыға шашты ертен қарап пен ұсы позицин саған жаман болат кетіп болпы,0.7692307692307693,0.32098765432098764,13
train-00002-of-00048_000542,мен сол үшін сенімен выступать ете алмаймын ой оған совет ете салшы ештеңе болмайды саған,е олжін семе ұсыпадетте алмаймы ой олған зәбететесаша ештені болмай тысаған,0.9333333333333333,0.34831460674157305,15
train-00002-of-00048_000543,ойбай көйлегім не қылды тибоевский қыстырылған қазір жыртылады ғой,қойбай көлегім мелді дибаеске қыстал қалып кажертылады қой,1.0,0.3787878787878788,9
train-00002-of-00048_000544,үткен,对起,1.0,1.0,1
train-00002-of-00048_000545,кеттік,كبتك,1.0,1.0,1
train-00002-of-00048_000546,көтеріп жүрсің дейсің иә,我接得是四呀你,1.0,1.0,4
train-00002-of-00048_000547,мен тиратты өзіңе қаралып шығып жатырмын,cera tzacalșt,1.0,0.975,6
train-00002-of-00048_000548,хой деп па еді,好一起别他,1.0,1.0,4
train-00002-of-00048_000549,көтере қой емес енді түспен кәдімгі кәдімгі кәдімгі толетке барып келейін сосын аха,көтер оме сен ти кз казме пығ летке барык келiң сосын,0.9230769230769231,0.5180722891566265,13
train-00002-of-00048_000550,сенде кірпіш қылайықшы туристке барғым келеді,سنكرتخوشطكمرد,1.0,1.0,6
train-00002-of-00048_000551,кітап,ta,1.0,1.0,1
train-00002-of-00048_000552,туілбеймін кешігіп баратырмын,त य न ख श परत रमन,2.3333333333333335,0.9310344827586207,3
train-00002-of-00048_000553,сенің отырың отырып,سل تر تر,1.0,0.8947368421052632,3
train-00002-of-00048_000554,тағы жүрді жетер мен аяққа барайық жүр артымнан,tazik cetermagna xhabar curarkinnat,1.0,0.9361702127659575,8
train-00002-of-00048_000555,кәсіпкерлер,,1.0,1.0,1
train-00002-of-00048_000556,апайдан сұрап көрші қайсыншы болып шығамыз деп мынаяқта жазылып тұр ғой міне тағы шахризат қайра шахризат әли,апаың сұра көзі қайсыншы оп шыққамыз деп мияқты жазылып турғы міне та шахризат қар шахризат али,0.6470588235294118,0.22935779816513763,17
train-00002-of-00048_000557,а мен басқа біреу жазып қойған ғой қарлығаш қайрат деп тұр,а мен басқа берен жасып қойғанғо қарылғаш қайрат деп тұр,0.45454545454545453,0.1206896551724138,11
train-00002-of-00048_000558,ой выступать ете берейікші біздікі 11 20 да номер 20 да шығамыз дайын отыр,ой вустыба детейе берекші біздікі он бір жиырма да өмір жиырма да чығамыз дайын отыр,0.6428571428571429,0.43243243243243246,14
train-00002-of-00048_000559,офф булл,好ف不,1.0,1.0,2
train-00002-of-00048_000560,хадимлене вотык,هدي ملينابوتي,1.0,1.0,2
train-00002-of-00048_000561,көлсе,会,1.0,1.0,1
train-00002-of-00048_000562,так әдеміленіп отырмын,تعك عديملنلوطرن,1.0,0.9545454545454546,3
train-00002-of-00048_000563,бітті ал енді орталарыңызға шахризат пен қайраттың мелодрама өлеңіне бие мен әнін қарсы алып салыңыздар,бітті ал енді орталарыңызға шаһризатпен қайраттың милодрамма өлеңіне биемен әнін қож қаршалып салыңыздар,0.4666666666666667,0.11650485436893204,15
train-00002-of-00048_000564,басынан айтайыншы достар кеше жұмсаймын сіздерден өткен,basn itenc doсar kijumzaymsideninipem,1.0,0.9272727272727272,7
train-00002-of-00048_000565,так мынандайды қосып қояйын деймін ғой же,так нандайт косп койнiемоде,0.8571428571428571,0.4634146341463415,7
train-00002-of-00048_000566,так,تك,1.0,1.0,1
train-00002-of-00048_000567,мелодрама өлеңіне және бейне шақырамыз ооо так ал енді может салып тұр екенсің ғой так ал енді,милодрамма өлеңіне және бийіне шақырамыз у таз ал н ан мужы саптіргесіңы так ал енді,0.5882352941176471,0.2872340425531915,17
train-00002-of-00048_000568,өте керемет би өте керемет би қошеметтеп қойыңыздар типа көрермендер,өзе керемет пий өзе керемет пийі қожеметтеп қойыңыздар тибокорамендер,0.7,0.20588235294117646,10
train-00002-of-00048_000569,өте керемет би енді сіздерге үлкен рақмет енді келесіде,oze keremetbi endi sеrga lkin rahmet endi keleside,1.0,0.8545454545454545,9
train-00002-of-00048_000570,уф күшті айттың сен бар ғой мен шаршап кеттім ба дейін деп,окүшты айттың сен барғана шғашап кетін бейінде сдесәсетет,0.8333333333333334,0.4827586206896552,12
train-00002-of-00048_000571,соны айтамын ау шаршағандай мынағы типа терімді сүртіп жатырмын,сон айтаңах шаша андай на тепа тениндө сүртүп жатырым,1.0,0.31746031746031744,9
train-00002-of-00048_000572,ой маған жаңағы біреу гүлберген кстати өте әдемі екен али ғой,оймаган жана бире гүл бергенстатиоте адем экен а алиго,1.0,0.32786885245901637,11
train-00002-of-00048_000573,әлгіге иә,الجدي ي,1.0,0.8888888888888888,2
train-00002-of-00048_000574,так ал енді орын белгілейтін боламыз типа бәрі бейім бітті бәрің ортаға шығыңдар,так ал енді орын белгілетін боламыз себа бәрін бийін бітті бәрің ортаға шығыңдар,0.3076923076923077,0.0875,13
train-00002-of-00048_000575,ал енді бізде үшінші орынды алған айым мен али,ал енды бизде үшінчі орындалган тереді айыммен али,0.7777777777777778,0.30434782608695654,9
train-00002-of-00048_000576,сіздерге ішім жоқ мінеки,sizlerga ishinch or minaki,1.0,1.0,4
train-00002-of-00048_000577,ал бірінші орынды алған,ал бірінші орында алған,0.25,0.043478260869565216,4
train-00002-of-00048_000578,ал бас жүлдені алған шахризат пен қайрат,ал бас жүнден алылған жақризатпен қайраты,0.7142857142857143,0.2,7
train-00002-of-00048_000579,құдай әлгі,,1.0,1.0,2
train-00002-of-00048_000580,ой күшті күшті типа алия дейді,我及把阿里爷的战火,1.0,1.0,6
train-00002-of-00048_000581,мына ой уау қандай керемет от болды мынау деген мына аяқ ысымай тұрған кезде бәрін аяқтайық саламатта болыңыздар,р ой уау қандай керемет от болды мынау деген мынай ақ ыстымай тұрған кезде бәрін аяқтайық құқау саламатта болыңыздар,0.2777777777777778,0.11607142857142858,18
train-00002-of-00048_000582,кешірім сұраймын,كشنسرمن,1.0,1.0,2
train-00002-of-00048_000583,так шақырып жат қайрат бергендерші,так жақридат қайрап бергендерш,0.8,0.23529411764705882,5
train-00002-of-00048_000584,таңғы,a,1.0,1.0,1
train-00002-of-00048_000585,мен сендерден кешірім сұрағым келіп тұр осы үшін сен қайрат екеуің біліп тұрмын енді бақытты болғандарыңды қалай мені кешіріңдер мен өзіме басқа махаббат тауып алдым ештеңе кетпейді мен кешіремін құшақтастық,мен сендерден кешірім сұрағым келіптір ошы үшін сенін қайрат екеуі біліптұрым енді бақытты болғандардын қалай мені кешірімдер мен өзіме басқа махаббат тауып алдым ештен кетпейт мен кешірем шақтастық,0.43333333333333335,0.10144927536231885,30
train-00002-of-00048_000586,өй қайыра өй өй мәй күн,qير wy m,1.0,0.9130434782608695,6
train-00002-of-00048_000587,иә әрине екеуің бірге болсаңдар өте керемет болатын шығар иә шақыр риза,ә әрина екеуің бірге олсандарөз екелімет болатын шығар я қжақ ризат,0.6666666666666666,0.23943661971830985,12
train-00002-of-00048_000588,мен кетуім керек ей барсайын шақыр ризаттың артынан,мен кетуін кереке барсай шахыризатын атынан,0.875,0.21568627450980393,8
train-00002-of-00048_000589,не ты из реки тинч,тетт жезреки тинш,1.0,0.3888888888888889,5
train-00002-of-00048_000590,мені үйіме апарып саласың ба или жоқ такси шақырасың,мен эме апарып саласың да эли жок таксий чакырасылам,0.7777777777777778,0.25,9
train-00002-of-00048_000591,жоқ отыр,جo oتыر,1.0,0.75,2
train-00002-of-00048_000592,жарайды мен артында отыра салайыншы тоқтап тұр,дерайт мен артна утрасленчест таптрн,0.8571428571428571,0.45652173913043476,7
train-00002-of-00048_000593,жоқ алдына отыр,жуғ алтына отыр,0.6666666666666666,0.2,3
train-00002-of-00048_000594,шақыр ризат бұл сен қазір ана барлық гүліңнің бәрін құртасың,шақыринзат бұл сенін қазі ана бәр көбенен бәрін құртасын,0.7,0.3,10
train-00002-of-00048_000595,керектің,kerait,1.0,1.0,1
train-00002-of-00048_000596,уф қайрат қайда саған қазір такси келеді қызым тездескенше оден бір замуж сияқты киің кеш жарайды ма жаным сол қызыммен тыңдаушы енді жарайды,қайратқайда ақ санказ так секелет қызым чесес кейінш әдем бір замуш сияқты кейінгеш жарайма жанысу қызмен тұңдаушүнді жәрайды,0.9130434782608695,0.3262411347517731,23
train-00002-of-00048_000597,казір,كazer,1.0,1.0,1
train-00002-of-00048_000598,жарайды кейін,جara kini,1.0,0.9230769230769231,2
train-00002-of-00048_000599,чипа достар киініп алдым ойбай үстім не болып кетті,тепа достар кейінап алдым ойбайшыстімінео кетті,0.6666666666666666,0.2549019607843137,9
train-00002-of-00048_000600,тездескені ғой қызым өтінемін,тездіскейна ғос қызым өтінемін,0.5,0.13793103448275862,4
train-00002-of-00048_000601,жарайды жарайды көз,ceरet ceरet kas,1.0,0.8947368421052632,3
train-00002-of-00048_000602,тәк түпті,ታቀጥ,1.0,1.0,2
train-00002-of-00048_000603,қазір мен болдым киіндім не болды өте әдемі болып тұрсың жаным менің құлым түрә ғой мен сені апарып салайын иә,кәзер мен болдым кеіндім не болды өті әзем боптісін жоным менің құзу түрақоме сен апав салынен,0.75,0.3,20
train-00002-of-00048_000604,түрә қойым,تراغي,1.0,1.0,2
train-00002-of-00048_000605,мен саған такси шақырып қояйын жарайды ма,mi soan tak si caqrep qoñ jereman,1.0,0.9024390243902439,7
train-00002-of-00048_000606,әмжерек,أمجرك,1.0,1.0,1
train-00002-of-00048_000607,таа,,1.0,1.0,1
train-00002-of-00048_000608,алло балам,علوبل,1.0,1.0,2
train-00002-of-00048_000609,алло балам,لبل,1.0,1.0,2
train-00002-of-00048_000610,келе жатыр дайын тұр,كlじt dいnと,1.0,0.95,4
train-00002-of-00048_000611,үлкен,يل,1.0,1.0,1
train-00002-of-00048_000612,кәсіпкерлердің кәсіпкерлерінің кәсіпкерлерінің кәсіпкерлері,,1.0,1.0,4
train-00002-of-00048_000613,иә,,1.0,1.0,1
train-00002-of-00048_000614,көзіңізді жұмасыз ба,kөdnزrまsd,1.0,0.95,3
train-00002-of-00048_000615,жақсы типа шақырайық көзін жұмып тұр достар,jaxsi tiba kshahryadaz ko zin jumuptir dostar,1.0,0.9534883720930233,7
train-00002-of-00048_000616,ойбай мынау немене бәле тайғанақ қой,жөнің жінеқа ой байнау неңне біле тайған ақ қой,1.3333333333333333,0.5555555555555556,6
train-00002-of-00048_000617,көзіңіз аз,كوزمز,1.0,1.0,2
train-00002-of-00048_000618,қайрат,خرد,1.0,1.0,1
train-00002-of-00048_000619,парадия,พ,1.0,1.0,1
train-00002-of-00048_000620,ювент,йӱвәт,1.0,0.8,1
train-00002-of-00048_000621,ал сен маған тұрмысқа шығасың ба демесең мен бала шаға және де көп баланы қалайсың,ауылдема тұрмысқа шыасма меселне балашаға жәйіпте көп бала қалайтың,0.8666666666666667,0.34146341463414637,15
train-00002-of-00048_000622,мүсін жақсы керек,فزسل,1.0,1.0,3
train-00002-of-00048_000623,бір азайып тұрсың ба,رعزتصما,1.0,1.0,4
train-00002-of-00048_000624,ер,yا,1.0,1.0,1
train-00002-of-00048_000625,мүмкін келсе,نخنكسيم,1.0,1.0,2
train-00002-of-00048_000626,мынау маған ба,نمغمب,1.0,1.0,3
train-00002-of-00048_000627,кең,天,1.0,1.0,1
train-00002-of-00048_000628,рақмет,فاخميد,1.0,1.0,1
train-00002-of-00048_000629,мына жақта өте әдемі украст етіп қойыпсың маған ұнады,нақты өтже әдемі украстеті қойыпысын мағанынады,0.8888888888888888,0.24528301886792453,9
train-00002-of-00048_000630,спасибо құшақтастық достар,тиба құшақтастық достар,0.3333333333333333,0.19230769230769232,3
train-00002-of-00048_000631,тоқшақтас қазір тоқтаңдар достар тоқтаңдар сіздерсіздер,chiboq shaqtas kazdiqtanda do sadiqtandar istaksizdar,1.0,0.9636363636363636,6
train-00002-of-00048_000632,казір бір минут,كاسبر م نطص,1.0,0.8666666666666667,3
train-00002-of-00048_000633,кипакель обезьян алшы қолыңа,quipa ques abizianalscona,1.0,0.9642857142857143,4
train-00002-of-00048_000634,тәңіреге,انني,1.0,1.0,1
train-00002-of-00048_000635,бердім саған,يردلسع,1.0,1.0,2
train-00002-of-00048_000636,өңіріңіздердіңіздердіңіздердіңіздердіңіздердіңіздердіңіздерді,اليحمد,1.0,1.0,1
train-00002-of-00048_000637,маған жақындап тұр,маған жақындаптұр,0.6666666666666666,0.05555555555555555,3
train-00002-of-00048_000638,мен қылышты әкелді,ق,1.0,1.0,3
train-00002-of-00048_000639,ползаткас дос таркас жоэ,pze kaz dostar kaz coвe,1.25,0.9583333333333334,4
train-00002-of-00048_000640,достай достай оказывается,とタとタかてす,1.0,1.0,3
train-00002-of-00048_000641,карате тиіп ақшақтасып тұрмыз,karci tipahsaktalыbturmiz,1.0,0.9310344827586207,4
train-00002-of-00048_000642,соны енді түсінікті сіздер ғой иә,سن ينسكسترغيا,1.0,0.9696969696969697,6
train-00002-of-00048_000643,ал осымен достар біздің сериалымыз бітті қайрат қасыма тырысайшы,алысымен достармен біздің сериалымыз бітті қайрат қасыматысыш,0.5555555555555556,0.171875,9
train-00002-of-00048_000644,алпыстал да обезьяны не мынау осы мен біздің сериалымыз бітті біздің сериалымыз көргендеріңізге үлкен үлкен рақмет комедия болды қызық болды бірақ адам жетпей қалды енді есі жоқ адам болып ойнағыларыңыз келсе маған тіркелеп комментарияға неттарыңызды жазыңыздар мен сіздерді жақсы көремін менің сіңірім қайратты өте күшті ойнап шықты иә соны иә,алшталды абизияны немау осымен біздің ойын сериалымыз бітті біздің сериалымыз көргендеріңізде үлкен үлкен рахмет комедия болды қызық болды бірақ адам жетпей қалды енді есілше адам ойнағыларыңыз кесей маған тіркелеп коментарияға ектарыңызды жазыңызды месіздерді жақсы көрем мен ісігілім қайратты өтекішіойнаптықты әс,0.58,0.17151162790697674,50
train-00002-of-00048_000645,иии,يم,1.0,1.0,1
train-00002-of-00048_000646,бәріңізге сәлем достар сіздермен бірге мен аружан және де мына видеоны сіздер көп күттіңіздер деп ойлаймын ол үш ай жазда адам танымастай өзгеру туралы болмақ мен ойлаймын кез келген мектеп бітірген оқушы болсын студент болсын,бәріңе сілем достар сіндірмен бірге менаружаны жәнеде мына видеонастер көпкүттің үзерте бойлаймын ол үш айжазда адам танымастай өзгеру туралы болмақ менойлаймын кез келген мектеп бітірген оқушы болсының студент болсын,0.5142857142857142,0.11504424778761062,35
train-00002-of-00048_000647,тіпті одан үлкен оқып бітірген адам болсын осы үш ай жазды максималды продуктивті өткіземін деп мақсаттар қойып бір өмірге деген мотивациясы ашылып,тіпті одан үкен оқыл бітірген адам болсын осы үшай жазды максималды продуктивті өткізем деп мақсаттар қойып бір өмірге деген мотивациясы ашылып,0.22727272727272727,0.034013605442176874,22
train-00002-of-00048_000648,бір,بر,1.0,1.0,1
train-00002-of-00048_000649,өзгергісі келіп тұрады ана оқу жылы келген кезде немесе жалпы осы үш ай жазды пайдаланып аудушы жұмыс жасағысы келеді оқу жылына адам танымастай барғысы келеді жаңа оқу жылына ше сол себепті де ол адамдардың қатарында мен де болдым осыдан бірнеше жыл бұрын мен де сондай бір сыныптағы өзімді ең ұсқынсыз сезінетінмін өте аз табатынмын няня болып клиник болып әртүрлі ааз ақ қана беретін айына 20000 теңге біреуі,өзге ергісі келіп тұрат ана оқу жылы келген кезде немесе жалпы шай жазды пайдаланып адушы жұмыс сағызы келеді қужылына адам танмастай барғыс келеді жаңа қу жылынашы сол сібепті де ұл адамдардың қатарында менде болдым осыдан бірнеше жыл бұрын менде сондай бір сыныптағы өзімді ер ұсқұнсыз сезінетінмін өте ас табат мұняня болып клиник болып әртүрлі ауыр жұмыстар жасадым өте азаққана беретін айна дирмамың теңге біреуі,0.4925373134328358,0.1630170316301703,67
train-00002-of-00048_000650,30 мың теңге ғана табатынмын,утыз мың теңге ғана табатынмын,0.2,0.14285714285714285,5
train-00002-of-00048_000651,ол ақша мүлде маған жетпейтін киімге болсын өзімнің арманындағы өмірге сол себепті,ол ақша мүлде маған жетпейтін кеімге болсын өзімімнің арманындағы өмірге сол сібепті,0.25,0.04878048780487805,12
train-00002-of-00048_000652,үлкен мақсат қойып өзгергім келеді деген ниет сол кезден бір 15 жасымнан болды,үлкен мақсат қойыбіз гергім келеді деген не сол кездең бір он бес жасынан болды,0.5384615384615384,0.1794871794871795,13
train-00002-of-00048_000653,шүкір жаймендеп сол бір процесті байқауға болады деп ойлаймын менен сол бір өзгерісті әлі де әрине өзгеріс үстінде міне әлі де үлкен мақсаттарым бар бірақ осы жолдың өзінде ойлаңыздаршы бұл әлі соңы емес сол бір,шүкір жәймендеп сол бір процессті байқалға болады деп ойлаймын менен сол бір өзгерісті әлі де әрине өзгерісідебін әлі де үлкен мақсаттарым бар бірақ осы жолдың өзінде ойлаңыздарш бұл әлі соңы емес сол бір,0.2,0.05687203791469194,35
train-00002-of-00048_000654,ендеше бүгін маған осы аружаннан мына аружанға өзгеруге көмектескен ең күшті деген кеңестермен бөлісемін себебі,ендеші бүгін маған осы аружаннан мына аружанға өзгеруге көмектескен ең кішті дезген кеңестермен бөлісемін себебі,0.2,0.02702702702702703,15
train-00002-of-00048_000655,барлығы айтатын нәрселермен емес барлығы секілді кітап оқы ерте тұр спортпен айналыс деген секілді,барлығы айтатын нәрселермен емес барлығы секілді ктабухы евтетұр спурт пен айналығыз деген секілді,0.42857142857142855,0.12244897959183673,14
train-00002-of-00048_000656,маналды немесе бастап тастап кете беретін сондай бір қиын болып көрінетін нәрселерді айтпаймын,манаулды немесе бастап тастап кете беретін сондай бір қиын болып көрінеті нәрселерді айтпаймын,0.15384615384615385,0.02127659574468085,13
train-00002-of-00048_000657,өте оңай кез келген адам өміріне енгізе алатын бірақ жүз пайыз көмектесетін,өлте оңай кезкелген адам өмірін енгізе алатын бірақ жүз пайыз көмектесептін,0.4166666666666667,0.05333333333333334,12
train-00002-of-00048_000658,кеңестеріммен бөлісемін өзім қолданған кеңестермен ендеше кеттік бүгінгі видеоға осылай макияж,кеңестерімен бөлсем өзім қолданған кеңестермен ендеше кеттік бүгінгі үйдеға ұсылай макеяж,0.45454545454545453,0.09574468085106383,11
train-00002-of-00048_000659,жасамауды дұрыс санадым макияжсыз болып тұрсам да өте әдемі болып тұрған секілдімін өзгеріс андай бетімде көрініп тұрған секілді деп,жасамауды тұрыссанадым макелшсіз болып тұрсамда өте әдем болып тұрған секілді мін өзгеріс қандай бейтімде көрініп тұрған секілді деп,0.5263157894736842,0.08333333333333333,19
train-00002-of-00048_000660,бірақ кішкене мен жерде приштар пайда болды бірақ мен ондай нәрселерге қатты мән аудармаймын,бірақ қішкенемі жіде приштар пайда болды бірақ мен одайнерселерге қіттімән аудармай,0.5714285714285714,0.16304347826086957,14
train-00002-of-00048_000661,иә осы орайда,وصردا,1.0,1.0,3
train-00002-of-00048_000662,видео на бастамас прон инстаграмм,виден востамоспрон insтаграм,1.0,0.3333333333333333,5
train-00002-of-00048_000663,парақшама тіркеліп кетсеңіздер болады ол жерде пайдалы видеолар пайдалы стористер өте көп күнде сол себепті,барақшама тіркелік кетсеңізір болады ол жерде пайдалы видеолар пайдалы стөрістеруте көп күнде сыл себепті,0.4,0.08411214953271028,15
train-00002-of-00048_000664,сіздерді сонда күтемін ал енді ең бірінші кеңесім ол,серде сонда күтем ал енді ең бірінші кеңесім ол,0.2222222222222222,0.11538461538461539,9
train-00002-of-00048_000665,ой мен шынсыз,оймен химз,1.0,0.46153846153846156,3
train-00002-of-00048_000666,қазір осының ішіне толықтай кіріп көрейік не үшін,қазір осының кішіне толықтай кіріп көрейк не үшін,0.25,0.04081632653061224,8
train-00002-of-00048_000667,себебі достар адамның ең үлкен жауы оның ойы,себебі дұстар адамның ең үлкен жауы оның ойы,0.125,0.022727272727272728,8
train-00002-of-00048_000668,дәл солай ең үлкен аллахтан кейін әрине,дәлі сола ең үлкен алақтан кенәрения,0.7142857142857143,0.2564102564102564,7
train-00002-of-00048_000669,құтқарушысы,құтқарушысы,0.0,0.0,1
train-00002-of-00048_000670,тіпті адамды емдеп алатын да нәрсе ол ой,адамды емде балатын да нәрсе ол ой,0.375,0.2,8
train-00002-of-00048_000671,яғни адамға аллах бұл жерде аллах исключение естественно аллахтан кейін,яғни адамға алақ бұл жүрде аллақ исключения естесінін алақтан кейін,0.6,0.16901408450704225,10
train-00002-of-00048_000672,ойдан артық ешнәрсе зиян тигізе алмайды және ешнәрсе пайдасын да тигізе алмайды дейді де,ойдан арттық еш нәрсе зиян тегізе алмайды және еш нәрсе пайдасында тегізе алмайды детті,0.7142857142857143,0.125,14
train-00002-of-00048_000673,сол себепті көбінесе адам стресс депрессияға өмірлік жағдайлардың кесірінен емес,сол себепті көбінесе адам вугараня стрессдепрессияға өмбірлік жағдайлардың кесіріне немес,0.5,0.1625,10
train-00002-of-00048_000674,өзінің ойының кесіріне түсіп жатады,өзінің ойының кезіріне түсу жатады,0.4,0.08571428571428572,5
train-00002-of-00048_000675,себебі иә өмір себебі дәл сондай қиындықтар,себебі ә өмір себебі дә сондай қиындықтар,0.2857142857142857,0.046511627906976744,7
train-00002-of-00048_000676,барлық адамның өмірінде болып жатыр мысалға сіздің өміріңізде бір қарызға кіріп кеткен шығарсыз немесе үйде береке жоқ шығар үйде күнде ұрыс шығар ата анаңызда бір проблема бар шығар ажырасып кеткен шығар білмеймін денсаулықпен проблема бар шығар,барлық адамң өмірінде болып жатыр мысалға сіздің өміріңізде бір қарызға кіріп кеткен шығарсыз немесе үйде береке жоқ шығар үйде күнде ұрыс шығар ата наңызда бір проблема бар шығар ажарасып кеткен шығар білмейм денсалықпен проблема бар шығар,0.1388888888888889,0.028455284552845527,36
train-00002-of-00048_000677,бірақ ондай проблема барлық адамда бар ғой барлық адамда демей ақ қояйыншы бір адамдарда бар,бірақ ондай проблема барлық адамда бар ғой барлық адамда деме қойынш бір адамдарда бар,0.2,0.06521739130434782,15
train-00002-of-00048_000678,ол бір проблема бірақ сонда да олар,ол бір проблема бірақ сонда да олар,0.0,0.0,7
train-00002-of-00048_000679,одан сынып қалған жоқ қой бұған сондай 1 өмірлік ситуациялардан сынбаған адамдар бар ғой,одан сынып қалған жоқ қой оған сондай бір өмірлік ситуациялардан сынбаған адамдар бар ғой,0.14285714285714285,0.056818181818181816,14
train-00002-of-00048_000680,қалай сонда,қалай сонда,0.0,0.0,2
train-00002-of-00048_000681,яғни бұл жерде біз проблеманы кінәлай алмаймыз өміріміздің сондай бір бычт болып кеткендігіне,яғни бұл жерде біз проблеманы кінәлай алмаймыз өміріміздің сондай бірбышт болып кеткендігіне,0.15384615384615385,0.021505376344086023,13
train-00002-of-00048_000682,проблемаға байланысты өз ойымызды ғана кінәлай аламыз өз ойымызға ғана,проблемаға байланысты өз ойымызды ғана кінәлей аламыз өз ойымызға ғана,0.1,0.014285714285714285,10
train-00002-of-00048_000683,фоксымызды аударып өзгертуге талпына аламыз,фоксмызды аударып өзгертуге талпын аламыз,0.4,0.046511627906976744,5
train-00002-of-00048_000684,понимаете себе дәл сол проблемалар,понимаете себе ведаюс вол проблемалар,0.4,0.17647058823529413,5
train-00002-of-00048_000685,бірақ бір адамдар шығады неге бір адамдар одан шығады бір адамдар шықпайды,бірақ бір адамдар шығат неге бір адам роғдан шығат бір адамдар шықпайт,0.4166666666666667,0.13513513513513514,12
train-00002-of-00048_000686,значит,زناشت,1.0,1.0,1
train-00002-of-00048_000687,екі адамның көзқарасы ол түсінікті бәріміз білеміз адамның ойы қандай өмірі сондай екенін бірақ өмірде қалай қолдану керектігін қазір,екі адамның көз қарасы ол түсінікті бәріміз білеміз адамның ойы қандай өмірі сондай екенін бірақ өмірде қалай қолдану керектіген қазір,0.15789473684210525,0.015037593984962405,19
train-00002-of-00048_000688,күштілеп тұрып айтып бергім келіп отыр,кішілеп тұрып айтып берген келіп отыр,0.3333333333333333,0.10526315789473684,6
train-00002-of-00048_000689,тағы да осы орайда бір мысал келтіргім келіп отыр,тағы да осы орайда бір мысал келтіргін келі отыр,0.2222222222222222,0.04081632653061224,9
train-00002-of-00048_000690,ол ой туралы исламда кванттық физикада және нейроғылымда,ол бой туралы исламда квантық физика да женде нееру ғылымда,0.875,0.14285714285714285,8
train-00002-of-00048_000691,осы ой туралы бір,осы ой туралы бір,0.0,0.0,4
train-00002-of-00048_000692,инсайттармен бөлісіп өтсем,iн사й다рм 볼л수지,1.0,0.7692307692307693,3
train-00002-of-00048_000693,мысалға яғни адамның миын зерттейтін ғылымдар дейді адамның,салға яғни адамның миын зерттейтін ғылымда дейді адамның,0.25,0.05084745762711865,8
train-00002-of-00048_000694,адам миына қандай ойды салады ми сол ойды барынша шындыққа айналдыруға тырысады немесе сол ойдың сол ойды дұрыс етіп көрсететіндей жұмыс жасайды,ада миына қандай ойды салады ми сол ойды барынша шындыққа айналдыруға тырсады немесе йңсол ойды дұрыс етіп көрстетіндей жұмыс жасайт,0.3181818181818182,0.09027777777777778,22
train-00002-of-00048_000695,ызмыймы,ألميم,1.0,1.0,1
train-00002-of-00048_000696,сен миыңа мен чертпін деген ойды салдың ба миың соны дәлелдеп береді соны шындыққа айналдыратын болады,се мұың әмен жортпін деген оды салдың ба мұйың соны дәледеп беред соны шындық айналдыратын болады,0.5625,0.12745098039215685,16
train-00002-of-00048_000697,әйтпесе не үшін мен бір сөзді мен әрбір видеомда осы нәрсені айтатын сияқтымын бірақ сонда да қайталай берген сайын қайта ести берген сайын керісінше адам миына кіреді,әйтпесем не үшін мен бір сөзді мен әрбір видеомді осы нәрсен айтатын сақтымын бірақ сонда да қайталайқайталай берген сайын қта естей берген сайын керісінше адам мыйна крет,0.3333333333333333,0.1317365269461078,27
train-00002-of-00048_000698,бір айтқаннан кейін күшті инсайт деп келесі күні ұмытып кетіп жатамыз ғой сол себепті,бір айтқанданкейн а күсті инсайте келесгін ұмытып кету ждамыз ғай фол себепті,0.7857142857142857,0.23529411764705882,14
train-00002-of-00048_000699,қайталай берсем,قدالايبرtم,1.0,1.0,2
train-00002-of-00048_000700,керісінше қайтадан ести бергендеріңіз өте жақсы,керсінше қитадан ести беркендеріңіз өйте жақсы,0.6666666666666666,0.10638297872340426,6
train-00002-of-00048_000701,сушылың,做手为,1.0,1.0,1
train-00002-of-00048_000702,мысалға осыдан бірнеше ай бұрын өзіңізге,мысалға осыдан бірнеше ай бұрын өзіңізге,0.0,0.0,6
train-00002-of-00048_000703,мен толықпын мен толықпын деген ойды салып жүрдіңіз ғой хотя ол кезде қазіргідей толық емес едіңіз керісінше сол ойды салып бастағаннан кейін қазір одан әрі толып кеттіңіз әрине бұл жерде ой ол первичный,мен толықын мен толықпын деген ойды салып жүрдіңіз ғой хатя ол кезде қазіргі дей толық емеседіңіз керсінші сол ойды салып бастағанаген қазір одаәнәрі толып кеттіңіз әрине бұл жүрде ой ол перевичный,0.3939393939393939,0.07881773399014778,33
train-00002-of-00048_000704,тек қана ойдың кесірінен емес әрине көп тамақ ішкен шығарсыз немесе қозғалмаған шығарсыз тағысын тағы бірақ бірінші ойдан басталды ғой бұл нәрсе содан кейін жаңағы әрекеттер,тек қана ойдың кесірінен емес әрине артт көп тамас үшкен шығарсыз немесе қоз ғалмаған шығарсыз тағысынтағы бірақ бірінші ойдан басталды ғой бұл нәрсе сода әнкейін жұнағы әрекеттер,0.38461538461538464,0.08092485549132948,26
train-00002-of-00048_000705,дін кесірінен,дің кесіріне,1.0,0.15384615384615385,2
train-00002-of-00048_000706,яғни қандай ой саласың сол ойды шындыққа айналдырасың,ияғни қандай ойса аласың сол ойдешіні қайналдырат,0.75,0.2830188679245283,8
train-00002-of-00048_000707,бұл нейроғылымда кванттық физикада дейді физика деген ол бір заттардың,бұл нероғылымда кванттық физикада деді физика деген ол бір заттардың,0.2,0.02857142857142857,10
train-00002-of-00048_000708,қозғалысын зерттейтін ғылым ғой мысалға мынау менің қозғалыс жұтқанымды доптың доп лақтырған кезде неге ол именно анаточкаға түседі ол қалай түседі ол қанша жылдамдықпен түседі деген сияқты нәрсем бар ғой ол физика иә ал енді кванттық физика деп отырғанымыз сол бір,қозғауысын зерттейтін ғылым ғой салға мынау менің қозғауы жытқанды дтң доплақтырған кезде неге ол имен ана точкағы түседі ол қалай түседі ол қанша жылдамдық пентүсет теген сияқты нәрсен барлғы ол физика я ал енді кванттоқ физика деп отырғанбыз сол бір физиканың,0.4878048780487805,0.1509433962264151,41
train-00002-of-00048_000709,әрбір заттың ішіндегі,әрібір заттың ішіндегі,0.3333333333333333,0.047619047619047616,3
train-00002-of-00048_000710,атомдардың қозғалысын зерттейді де,атымдардың қозғалысындер теттә,1.0,0.29411764705882354,4
train-00002-of-00048_000711,понимаете яғни,понимаете и рней,1.0,0.35714285714285715,2
train-00002-of-00048_000712,кез келген зат ол атомдардан тұрады ғой қарапайым сөзбен айтуға тырысыватырмын мен атомдардан тұрамын,кескелген зат ол атымдардан тұрад оға қарапайым сізбен айту атырсыз атырмын мен атымдардан тұрам,0.7857142857142857,0.15841584158415842,14
train-00002-of-00048_000713,атом деген кішкентай өте кішкентай микроскоппен де ол өте кішкентай,атынде тішке та өтекішкентай микроскоппен де ол өте кішкентай,0.5,0.14925373134328357,10
train-00002-of-00048_000714,мына ноутбук болсын диван болсын телефон барлығы зат су бар ма тас бар ма кез келген зат адам барлығы атомдардан тұрады ал сол атомның ішіндегі нейтрон протон сосын басқалардың жаңағы,мына ноутбук болсын дивам болсын телефон барлығы зат тсу барма тас барма кезі келген зат адам барлығы атымдардан тұрады ал сол атымның ішіндегі нитрон протон сосын басқалардың жанағы,0.36666666666666664,0.0546448087431694,30
train-00002-of-00048_000715,атомның ішіндегі субатом дейді оларды кішкентай одан кішкентай нәрселерді зерттейтін,атымның ішіндегі суп атым дедоларды кішкенді одаңың кішкенде нәрселерт зерттейтін,0.8,0.21428571428571427,10
train-00002-of-00048_000716,жаңағы ол солардың қозғалысын зерттейтін ол кванттық физика яғни квант деп отырғаным сондай кішкентай атомның ішіндегі нелерді квант деп атай ма бірдеңе в общем достар бұл арқылы айтқым келіп отырғаны,жанағы ол солардың қоз қалысын дерістейтін ол кванттық физика яғни квант деп отырғам сондай кішкентай атымның ішіндегі лерді квант деп атайма бірдеңе опшымдұстар бұларқыла айтқан келіп отырғана,0.5333333333333333,0.12,30
train-00002-of-00048_000717,адам дейді,adam dide,1.0,0.9,2
train-00002-of-00048_000718,бір күшті эксперимент жасалған ол наблюдатель,бир күшті эксперимент жасалган ол наблюдатель,0.3333333333333333,0.044444444444444446,6
train-00002-of-00048_000719,бір күшті интернетте өте іздесеңіздер интернетте ол эксперимент туралы видео бар,бір күшті интернетте өте іздесеңіздер интернетте ол эксперимент туралы видео бар,0.0,0.0,11
train-00002-of-00048_000720,ол наблюдатель эффектісі деп аталады орысша эффект наблюдателя,ол наблюдатель эффекция деботалады орша эффект наблюдателя,0.5,0.14516129032258066,8
train-00002-of-00048_000721,неде ол жерде дейді,nide olrddd,1.0,0.9473684210526315,4
train-00002-of-00048_000722,ай,y,1.0,1.0,1
train-00002-of-00048_000723,екі эксперимент көрсетіледі,ека ксперимент көрсетлет,1.0,0.18518518518518517,3
train-00002-of-00048_000724,бірінші экспериментте,бірінші экспериментте,0.0,0.0,2
train-00002-of-00048_000725,бір жарық қояды да,бір жар қоятта,0.75,0.3333333333333333,4
train-00002-of-00048_000726,сол жарық 2 тесіктен өтіп,сол жарық екі тесіктен өтіп,0.2,0.12,5
train-00002-of-00048_000727,екі емес одан көп із қалдырады екен,екі емес одаңгөп іс қалдырады екен,0.42857142857142855,0.11428571428571428,7
train-00002-of-00048_000728,прикиньте,preginte,1.0,1.0,1
train-00002-of-00048_000729,негізі жарық екі тесіктен өтсе екі ақ былай полоска болу керек қой бір тесіктен өтсе бір ғана ізі қалады деген сияқты бірақ ол жерде,негізі жарық екі тесіктен өтсе екі ақполоска болугеро қ бір тесіктен өтсі бір ғана ізді қалат деген сияқты бірақ ол жерде,0.375,0.12878787878787878,24
train-00002-of-00048_000730,екі ақ тесіктен бір неше,ек ақ тесіктен бірнеше,0.6,0.08333333333333333,5
train-00002-of-00048_000731,жаңағыдай ізі кетеді де бірнеше одан әрі сәулесі шашырайды арғы бетке екі ақ тесіктен,жанағдай ізі кететті бірнеше оданәр сәуес шашырайт арғыб етке екі ақтесіктеді,0.7857142857142857,0.21176470588235294,14
train-00002-of-00048_000732,адам жаңағы осы экспериментті жасап жатырғандар таң қалады қалай ол деген секілді,адам жанағы осы эксперементі жасап жатырғандар таң ғалат қалай ол деген секілді,0.25,0.07407407407407407,12
train-00002-of-00048_000733,сосын,صوصم,1.0,1.0,1
train-00002-of-00048_000734,аааа,,1.0,1.0,1
train-00002-of-00048_000735,тағы да екінші рет кішкене басқаша қылдырып жасайды осы экспериментті дәл солай жарық қойып қояды және екі тесік қойып қояды,тағы да екінші рет кішкене басқа шағылдырып жасайды осы экспериментті дәл солай жарық қоп қоят женде екі тесі қоп қоят,0.4,0.11290322580645161,20
train-00002-of-00048_000736,бірақ,براق,1.0,1.0,1
train-00002-of-00048_000737,сол екі тесттің жанына,сол екітесптің жанына,0.5,0.09090909090909091,4
train-00002-of-00048_000738,андай арнайы аппарат қоят,андай арнайы апарат коят,0.5,0.08,4
train-00002-of-00048_000739,қарап тұратын аппарат соны бүйтіп бақылайтын аппарат,қарап тұратын апарат соны битіп бақылайтынн апарат,0.5714285714285714,0.09615384615384616,7
train-00002-of-00048_000740,көп қояды,거였던,1.0,1.0,2
train-00002-of-00048_000741,бақылаушы деуге болады,бақалаушы деге болады,0.6666666666666666,0.09090909090909091,3
train-00002-of-00048_000742,и сол аппаратты қойып қойғаннан кейін уже жаңағыдай екі ғана тесіктен екі ғана ізі көрінеді арғы бетте,и сол аппаратты қойып қойғанан кейін ужі жынағы да екі ғана тесіктен екі ғана ізі ізі көрінет арғы бетті,0.4117647058823529,0.12745098039215685,17
train-00002-of-00048_000743,понимаете хотя бірінші экспериментте жаңағы аппаратсыз екі емес бірнеше ізі,понимайте хайтя бірінші экспериментте жанағы аппаратсыз екі емес бірнеше ізі,0.3,0.05333333333333334,10
train-00002-of-00048_000744,сәулесі шашырайды арғы бетке ал екіншісінде уже бақылаушы аппарат пайда болғаннан кейін соны бақылайтын ана сәуленің қалай тарап жатқанын бүйтіп,сәулесі шашырайды арғып бетке ал екіншісінде ожы бақылаушы аппаратпайда болған әкейін соны бақылайтын ана сәуленің қалай тарап жытқан бетіп,0.4,0.09027777777777778,20
train-00002-of-00048_000745,қарап тұратын аппарат қылып қояды,қарап тұратына парат қоп қоят,0.8,0.21212121212121213,5
train-00002-of-00048_000746,екі тесіктің жанына содан өтіп екі ақ ізін қалдырады дейді да,екітестің жанна содан өтіп екі ақ ізін қалдыратып детті,0.5454545454545454,0.18032786885245902,11
train-00002-of-00048_000747,бұл не деген сөз яғни бақылаушы,бұл не деген сөз яғни бақылаушы,0.0,0.0,6
train-00002-of-00048_000748,сол бір кішкентай атомдардың қозғалысын өзгерте алады деген қорытындыға келеді,сол бір пішкентай атымдардың қозғалысын өзгерте алады деген қортындыға келеді,0.3,0.038461538461538464,10
train-00002-of-00048_000749,именно жаңағы кванттық физиктер ғалымдар сондай қорытындыға келеді прикенти,имені жынағы кванттык физиктер ғалымдар сондай қортындыға келет прекенте,0.6666666666666666,0.13333333333333333,9
train-00002-of-00048_000750,яғни адамның,yagni adamning,1.0,1.0833333333333333,2
train-00002-of-00048_000751,бір нәрсеге назар салуы солай,бір нәрсеге назар салуы солай,0.0,0.0,5
train-00002-of-00048_000752,атомдардың қозғалысын өзгертіп жібере алатындай адамның мына назардың күші бар депті,атымдардың қозғалысын өзгертіп жібері алатындай адамның назардың күші бар детті,0.36363636363636365,0.09523809523809523,11
train-00002-of-00048_000753,қайда назар аударасың сол жерде нәтиже деп сол үшін айтады достар,қайда назарауды расың сол жүрде нәтиже деп сол үшін айтат тұстар,0.45454545454545453,0.12307692307692308,11
train-00002-of-00048_000754,понимаете,أني ماعيد,2.0,1.0,1
train-00002-of-00048_000755,яғни сен өзіңнің мен неудачникпін мен жаманмын мен жаманмын мен кедеймін деген,яғни сен өзіңнің меннеуда түсінекпін мен жаманмым мен жаманмым мен кедеймін деген,0.3333333333333333,0.11538461538461539,12
train-00002-of-00048_000756,сондай бір ойға назар аудардың ба сол ой постепенно,сондай бір ойға назар аудардың ба сол ой постепенмі,0.1111111111111111,0.0392156862745098,9
train-00002-of-00048_000757,шындыққа айналатын болады,шынды қайналатын болат,1.0,0.2,3
train-00002-of-00048_000758,ол нейроғылым бойынша қалай шындыққа айналатындығын түсіндірдім кванттық физика бойынша осылай шындыққа айналады екен,ол нероғылым бойынша қалай шындық айналатындығын түсіндірдім кванттіх физика бойынша осылай шындық айналаты екен,0.35714285714285715,0.06837606837606838,14
train-00002-of-00048_000759,себебі әрбір зат ол атомдардан тұрады және де біздің назарымызға сай атомдар өзінің қозғалысын өзгертеді дейді бірақ та әрине бұл кванттық физика кішкене мистика болып бір сиқыр болып көрінеді тек қана кванттық физикаға сүйеніп тұрған жоқпын да шөл нейроғылымда да осыған сәйкес нәрсе бар исламда да осыған сәйкес нәрсе бар,себебі әрі бір зат ол атымдардан тұрат және де бізді назарымызға сай атымдар өзінің қозалысын өзгертеттейді бірақ да рине бұл кванттық физика кішкене местика болып бір сиқыр болып көрінеті теқ қана кванттық физикаға сеніп тұрған жоқпында үшенері ғылымдады осған сәкесі нәрсе бар исламдады осған сәкесі нәрсе бар,0.52,0.11455108359133127,50
train-00002-of-00048_000760,жалпы исламды бірінші айту керек негізінде себебі бәрі исламда баяғыда не так жазылып қойған ғой ал исламда достар,жалпы исламды бірінші айту керет негізінде себебі бәрі исламда баяғыдан итак жазып қолған ғой ал исламда дөстар,0.3888888888888889,0.07017543859649122,18
train-00002-of-00048_000761,құлым мен туралы қандай ойда болсам мен сондаймын дейді,құлым мен тұрал қандай ойда болса мен соңдаймын дейді,0.3333333333333333,0.07272727272727272,9
train-00002-of-00048_000762,болды ғой осының өзінде біраз нәрсе жатыр ғой,болды ғой осының өзімде бірәз нәрсе жатырғой,0.5,0.06666666666666667,8
train-00002-of-00048_000763,сен ойың арқылы,сен ойың арқалы,0.3333333333333333,0.06666666666666667,3
train-00002-of-00048_000764,өміріңді басқара аласың өз өміріңді,өмірінді басқара аласың өз өмірінде,0.4,0.08571428571428572,5
train-00002-of-00048_000765,точнее,다춘에에,1.0,1.0,1
train-00002-of-00048_000766,осы орайда,وصريدا,1.0,1.0,2
train-00002-of-00048_000767,сен адамның ойы ол күшті,сен адамның ойе ол күшті,0.2,0.041666666666666664,5
train-00002-of-00048_000768,адамның адам ой арқылы бәрін жасап алады адам сондай үлкен мықты деп мен мен мен деп кетпеу керек,адамның адам ой арқылы бәрінжі сабалат адам сондай үлке мықты деп меме мен деп кетпеу керек,0.3333333333333333,0.1134020618556701,18
train-00002-of-00048_000769,себебі создат создатель яғни жасаушы біреу ғана ол аллах ол уже все создал,себебі зсоздателерни джасаушы біреуғана ол аллаһ он уже все создыл,0.6923076923076923,0.20270270270270271,13
train-00002-of-00048_000770,басқарушы,بسقروشا,1.0,1.0,1
train-00002-of-00048_000771,аааа,啊,1.0,1.0,1
train-00002-of-00048_000772,және де жасаушы создатель біреу ғана ол аллах,жәнеде жасаушы создатель біреу ғана ол аллақ,0.375,0.044444444444444446,8
train-00002-of-00048_000773,сен создатель емессің өз өміріңнің айтады ғой ты создатель,сен создатель емессің өз өміріннің айтадығоты создатель,0.4444444444444444,0.06896551724137931,9
train-00002-of-00048_000774,своей жизни деп жоқ,свої жизні дябжок,1.0,0.3684210526315789,4
train-00002-of-00048_000775,п,对,1.0,1.0,1
train-00002-of-00048_000776,сен тек таңдаушысың,сентек таңдаушысың,0.6666666666666666,0.05263157894736842,3
train-00002-of-00048_000777,яғни сен таңдайсың қандай өмір сүргің келеді таңдайсың құдай уже әртүрлі өмірлер былай айтқанда сценарийлерді жасап қойған сен таңдайсың қандай сценариймен өмір сүргің келеді қандай ойды таңдайсың соған сай сценарий болады,яғни сен таңдайсың қандай өмір сүргін келе таңдайсың құдай ожы әртүрлі өмірлер былайтқанда сценарилерді жасап қойған сен таңдайсың қаңдай сценари мен өмір сүргін келе қаңдай ойды таңдайсың соған сай сценари болады,0.41935483870967744,0.07207207207207207,31
train-00002-of-00048_000778,соған сай алла сенің тағдырыңды өзгертеді сол себепті,соғансай алақ сенің тағдырынды өзкертед тосы депті,0.875,0.22641509433962265,8
train-00002-of-00048_000779,достар,дыстар,1.0,0.16666666666666666,1
train-00002-of-00048_000780,осы үш дереккөзбен ойдың құдіретін түсіндіре алдым деп үміттенемін ал енді ойды қалай өзгертеміз десеңіздер,осы үш дерік көзбен ойдың құдіретін түсіндіре алдым депі міптенемін ал енді ойды қалай өзгертеміз десеңіздер,0.26666666666666666,0.04672897196261682,15
train-00002-of-00048_000781,сөз бен ойды өзгертеміз өзімізге дұрыс сөз айтамыз,сөзбен ойдо езгертеміз өзімізге дұрыс сөз айтамыз,0.5,0.06,8
train-00002-of-00048_000782,себебі біз қалай сөйлесек сол сөзге сай,себебі біз қалай сөйлесек сол сөзге сайт,0.14285714285714285,0.02564102564102564,7
train-00002-of-00048_000783,ой қалыптасады,ويقبس,1.0,1.0,2
train-00002-of-00048_000784,бізде ойда бір картинка пайда болады понимаете,бізде ойда бір картин капайда болад понимаете,0.42857142857142855,0.06521739130434782,7
train-00002-of-00048_000785,сен өзіңе мен чертпын деп айттың ба сондай сөз шықты ма аузыңнан миыңда сондай картинка пайда болады,сен өзіңе мен чортпын деп айттың ба сондай сөз шықты маузыңнан миыңда сондай кортенка пайда болаты,0.29411764705882354,0.06,17
train-00002-of-00048_000786,сондай ой пайда болады дейікші,сондай ой пайда болады декші,0.2,0.06666666666666667,5
train-00002-of-00048_000787,миыңа мен әдемімін деген ой сөз шықты ма аузыңнан,моена мен әдеммін деген ой сөз шықтымаузыңдан,0.5555555555555556,0.16326530612244897,9
train-00002-of-00048_000788,сен барынша өзіңдегі әдемілікті көруге талпынасың,сен барыншы өзіңдег әдемілікті көруге талпынасың,0.3333333333333333,0.04081632653061224,6
train-00002-of-00048_000789,андай бір,انديبر,1.0,1.0,2
train-00002-of-00048_000790,ымм,嗯嗯,1.0,1.0,1
train-00002-of-00048_000791,артық салмағың болса көзіңді көресің көзім әдемі деп немесе шашың жұқа болса бірақ может сенің,артық салмағың болса көзіні көресін көзім әдемі деп немесе шашың жұққа болса бірақ можетсенің,0.3333333333333333,0.05319148936170213,15
train-00002-of-00048_000792,мммм,嗯嗯,1.0,1.0,1
train-00002-of-00048_000793,керісінше фигураң күшті шығар деген секілді сол бір әдемілікті көресің сен сөз арқылы,керсінше фигуран күшт шығар деген секіллі сол бір әде мілікті көресіңсен сөз арқылы,0.5384615384615384,0.07058823529411765,13
train-00002-of-00048_000794,ойды таңдайсың сөз арқылы миыңа 1 осыған назар аудар деген секілді команда бересің,ойды таңдайсың сөз арқылы миыңа бір осыға назар аудар дегенсекілі команда бересің,0.3076923076923077,0.07317073170731707,13
train-00002-of-00048_000795,сол себепті біз өзімізге айтатын сөзді өзгертуіміз керек,сол сідепті біз өзімізге айтатын сөздөзгертуіміз келік,0.5,0.10714285714285714,8
train-00002-of-00048_000796,осыған күшті мысалдар келтіріп өтейін майкл джексон мен джим керри деген өте танымал,осыған күшті мысалдар келдірбі дейн мicл жексіннен джим керий деген өте танымал,0.46153846153846156,0.17857142857142858,13
train-00002-of-00048_000797,адамдарды бәріміз білеміз мысалы майкл джексон ол әлемдік,адамдарды бәріміз білейміз салы мical жаксон ол әлемдік,0.5,0.15789473684210525,8
train-00002-of-00048_000798,номер один әртіс әнші,номер адин әртіс әнші,0.25,0.047619047619047616,4
train-00002-of-00048_000799,және де иә мен де оның фанаты емеспін дегенмен киносынан кейін ие ма деп қылдым өте күшті биографиясы да өте қызық болды әсіресе күшті шабыт алдым десем болады кинодан және де ол,жәнеде я менде оның фанаты емеспін дегенмен киносынан кейін е мадеп қылым өте күшті биографиясы да өте ғызық болды әсіресе күшті шабыт алдым десен болад кеноданжәнеде ол,0.46875,0.07303370786516854,32
train-00002-of-00048_000800,өзіне тіпті тип топтан да көріп қалдым ол өзіне күнде аффирмация айтқан күнде мен мықтымын я самый лучший,өзіне тіпты тектоптайымда көріп қалдым ол өзіне күнде аффирмация айтқан күнде мен мықтымын ясамый луший,0.3888888888888889,0.08571428571428572,18
train-00002-of-00048_000801,менің альбомым ең продаваемый деген секілді сондай сөздер айтқан по факту олай болмаса да,менің әлбуың ең продаваемы дейін сікілді сондай сөздер айтқан пофакт олай болмаса да,0.42857142857142855,0.12359550561797752,14
train-00002-of-00048_000802,сондай сөздерді өзіне күнделікті айтқан екен,сондай сөздерді өзіне күн жілікті айтқан екен,0.3333333333333333,0.06818181818181818,6
train-00002-of-00048_000803,жекеңсе,就金姐,1.0,1.0,1
train-00002-of-00048_000804,осы орайда оның ағалары бар неге ағалары танымал болып кеткен жоқ егер де оның отбасысы әкесі әсер етсе оған танымал болуға,осы орайда оның ағалары бар неге ағалары танымал болып кеткен жоқ егерде оның отбассы әкесі әсеретсе оған танымал болуға,0.23809523809523808,0.024390243902439025,21
train-00002-of-00048_000805,жоқ то есть ағалары танымал болып кеткен жоқ именно майкл танымал болып кетті ғой ойлаймыз ғой біз оның отбасы сондай сөйтіп тәрбиеледі ғой әкесі сөйтіп тәрбиеледі ғой деп жоқ,жоқ тст ағалы ыр танмалық кеткен жоқ емена майкл танмалық кетте ойлаймыз ғол біз он отбассы сондай сүйдіп тәрбиеледі ғой әкесі сүйдіп тәрбиеледі ғой деп жоқ,0.5172413793103449,0.2,29
train-00002-of-00048_000806,ағалары неге танымал болып кеткен жоқ,агалар неге танымалууп кеткен жок,0.6666666666666666,0.21621621621621623,6
train-00002-of-00048_000807,майкл өзіне күнделікті сондай ой салды мен лучшиймын мен танымалмын деген секілді,мйcл өзіне күнделікті сондай ой салды мен лудшимон мен танумалмын деген секілді,0.25,0.07407407407407407,12
train-00002-of-00048_000808,дәл солай джим керри дің де историясында бар екен ол да тик токтан интервьюда осындай бір,дәл солай джүмкейри діңде историясында бар екен олда тиктоптан интервьюдалысындай бір,0.625,0.10112359550561797,16
train-00002-of-00048_000809,айтып қалған болатын,айтіп қалған болатын,0.3333333333333333,0.05,3
train-00002-of-00048_000810,джинкериде күнде,이이제 근지,1.0,0.9375,2
train-00002-of-00048_000811,мен,مين,1.0,1.0,1
train-00002-of-00048_000812,он миллионға чек алдым,он миллионга чек алдым,0.25,0.045454545454545456,4
train-00002-of-00048_000813,деген даже сондай детально өзінің сөздері айтқан,деген дәжі сондай детальня өзіне суздер айтқан,0.5714285714285714,0.14583333333333334,7
train-00002-of-00048_000814,мен он миллионға чек алдым менің бір жаңағыдай кинома солай он миллион теңге,мен 1н миллионга чек алдым менин бир нагдай киномас гой он милион тенгет,0.6923076923076923,0.2236842105263158,13
train-00002-of-00048_000815,теңге емес қойшы долларыма төлейді деген сияқты сөздер айтқан хотя по факту оның қалтасында ақша жоқ ол ең кедей болып өмір сүрген бірақ сонда да мен ең танымал актермын мен лучшимын деген секілді,теңг емес қойшы долар ма төледі деге сах сөздер айтқан хатя пофакту оның қалтасында ақша джоқ ол ең кедей болып өмірсірген бірақ сонда да мен ең танмалактермын мелутшимын дегенсігілі,0.5454545454545454,0.12244897959183673,33
train-00002-of-00048_000816,сөздерді өзіне айтқан,сөздерді өзіне айтқан,0.0,0.0,3
train-00002-of-00048_000817,ештеңесі жоқ кезде бес жыл уақыт өткеннен кейін шынымен де ол танымал болады ол он миллион долларға ма бір рөлін ойнайды қай рөл еді ол,ештеңесі жоқ кезі беш улақыт өткен екен шыны мен де ол танмал болады ол он миллион долларға ма бір рөлін ойнаеды қайрөледі,0.52,0.14814814814814814,25
train-00002-of-00048_000818,ана а тупой еще тупе деген кино да ол сол бір,ана акупой еше тупея деген кинода ол сол бір,0.5454545454545454,0.1111111111111111,11
train-00002-of-00048_000819,айтқан сөзіне сай он миллион рубльға не істейді екен рубль неге рубль долларға короче в общем достар әрине естественно олар әрекет жасады бұл жерде тек жақсы сөйлеп жақсы ойлап отырасың естіп медеттері өтетіп,айтқан сөзіне сай он миллион рубльғанестейді кен рубль неге рубль долларға кәруч обшуныстар әрине истественолар әрекет жұсады бұл жерде тек жақсы сөйлеп жақсы ойлап отырасың истөп медитеруететіп,0.42424242424242425,0.12980769230769232,33
train-00002-of-00048_000820,әрекет етпейсің деген сөз емес жөн кері әрекет еткен ол жасаған әрекетін,әрекет етбисін деген сөз емес төңкере әрекет еткен ол жасаған әрекетін,0.25,0.1111111111111111,12
train-00002-of-00048_000821,майкл да әрекетін еткен әндер жазған тоқтамаған,майклді әрекетін еткен әндер жазған тұқтамаған,0.42857142857142855,0.06382978723404255,7
train-00002-of-00048_000822,бүгін,,1.0,1.0,1
train-00002-of-00048_000823,адам екі достар ойлайды ғой тек қана жақсы ойлап сен үлкен жетістікке жете алмайсың себебі адамға жүру үшін екі аяқ керек секілді құсқа ұшу үшін екі қанат керек секілді,адам екі достар ойлайдоғы тек қана жақсы ойлап сез үлкен жетістікке жете алмайсың себебі адамға жүру үшін екі аяқ керек секілді құсқа ұшу үшін екі қанат керек секілді,0.10344827586206896,0.02976190476190476,29
train-00002-of-00048_000824,дәл солай сен ұшқын келе ме яғни үлкен жетістіктерге жеткім келе ме мақсаттарыңа,дәл солай сен ұшқын келемаяғни үлкен жетістіктерге жеткін келема мақсаттарыңа,0.46153846153846156,0.075,13
train-00002-of-00048_000825,онда саған бір ғана жаңағыдай ойдың ғана құдіретімен сен не істей алмайсың жетістіктерге жете алмайсың немесе жаман ойлап тек қана әрекет етіп те үлкен жетістіктерге жете алмайсың екеуі де керек саған,онда саған бір ғана жынағдай ойдың ғана қүдіретімен сен несте алмайсың жүтестіктерге жүзте алмайсың немесе жаман ойлап тек ғана әрекететіп де үлкен жүтестіктерге жүте алмайсың екеу де керек саған,0.41935483870967744,0.09,31
train-00002-of-00048_000826,ой да керек амал да керек,oyda kerek amalda kerek,1.0,0.88,6
train-00002-of-00048_000827,яғни екеуі бір бірінсіз болмайды,яғни екеуі бір бірінсіз болмайды,0.0,0.0,5
train-00002-of-00048_000828,жақсы да ойлау керек амалды ету керек менің видеомнан кейін мен ойлаймын сіздер бір екі күн жақсы ойлайсыздар бірақ екінші үшінші күн уже ұмытып кетулеріңіз мүмкін немесе бір айдан кейін тағы ұмытып кетулеріңіз мүмкін сол себепті мен сіздерді осы орайда тез тез тез бір ақ минут,жақсы да ойлау керек амалды ету керек менің видеомнан кейін мен ойлаймын сіздер бірек күн жақсы ойлайстар бірақ екінші чүкүн ужы ұмытып кетулеріңіз мүмкін немесе бірайдан к тағым ұмытып кетулеріңіз мүмкін сол себепті мен сіздерді осырайда тестесез бірақ мино,0.391304347826087,0.10431654676258993,46
train-00002-of-00048_000829,өзімнің колбым туралы айтып өтейін сіздерге,өзімнің клубым тұралы айтып өтеністірге,0.6666666666666666,0.23255813953488372,6
train-00002-of-00048_000830,жүз пайыз пайдалы болатынына сенімдімін осылай жазда өмірлерімді өзгертемін деген адамдарға арнап мен клуб жасап жатырмын ол жерде біз әдет қалыптастырамыз және де сенім туралы өзіңе сену туралы қорқынышыңды жеңу туралы ерекшеліктікті жеңу мақсат қою жоспарлау секілді даму бойынша күшті эфирлер болады себебі әрине сен күшті күнде өзіңе сөз айтқанмен өміржақсы ойлау,жүс пайыз пайдалы болатынсенімдімін осылай жазда өмірлерімді өзгертемін деген адамдарға арнап мен қлыб жасап жатыр ол жердебіз әдет қалыптастырамыз жәнеде сенім туралы өзіңе сену туралы қорханышыңды жеңу туралы ерінше кітіпті жеңу мақсат қою жүс парлау секілді даму бойынша күшті еферлер болад себебі ринесен шті күнде өзіңе сз айтқанме жағана сзайтқанмен өміріңде бәрі өзгеріп кетпет ол жерде мен қазір қалайтсамеен жақсы ойлау,0.6346153846153846,0.28610354223433243,52
train-00002-of-00048_000831,и керектігін түсіндік бірақ егер де инструкцияны толықтай білмесең,керектігін түсіндік бірақ егерде инструкцияны толықтай білмесең,0.3333333333333333,0.045454545454545456,9
train-00002-of-00048_000832,қалай жақсы болу керектігін білмесең не үшін екенін білмесең тағы да,қалай жақ соудау керектігін білмесең не үшін екенін білмесең тағыдап,0.36363636363636365,0.11764705882352941,11
train-00002-of-00048_000833,тастап кетесің то есть сен біліп тұрсың жақсы ойлау керектігін бірақ оны өміріңде қолдану үшін инструкция керек ол инструкцияны біз қолдап береміз тек қана инструкцияны беріп қоймай еще біз сол нәрсені күнделікті бірге жасаймыз отчет жасаймыз бізде жаңағыдай әдет қалыптастыру бойынша,тастап кетесің тссен біліп тұрсын жақ содау керектігі брақ оны өміріңде қолдану үшін инструкция керек ол инструкцияныбіз кұлпта береміз тек ғана инструкцияның беріп қоймай үше біз сол нәрсені күнделікті бірге жасаймыз әтжот жасаймыз бізде жанағыдай әдет қалыптастыру бойынша,0.3902439024390244,0.09859154929577464,41
train-00002-of-00048_000834,бірге жарысамыз былай айтқанда осы орайда екінші жолына тоқталайық екінші кеңесім ол орта ортаңды өзгерт,бірге жарсамыз бұла айтқанда осорайда екінші жолыны тұхталайық екінші кеңесім ол орта ортаңды өзгерті,0.4666666666666667,0.08653846153846154,15
train-00002-of-00048_000835,мен қазір бұрынғы ортамен бұрынғы достармен араласпа демеймін,мен қазір бұронғы орта мен бұроңғы достар мен араласпа демимін,0.875,0.11475409836065574,8
train-00002-of-00048_000836,керісінше күліп жаңағыдай қыдыратын бірге уақыт өткізетін орта да керек иә бірақ тек қана сондай ортамен жүретін болсаң сен өміріңде күліп ішіп жүргеннен басқа,керсінше күліп жанағыдай қыдыратын бірге уақыт өткезетін ортада керек бірақ тек қана сондай ортамен жүретін болсаң сен өміріңде күліп ішіп жүргенен басқа,0.2916666666666667,0.050314465408805034,24
train-00002-of-00048_000837,ешқандай,إشقندي,1.0,1.0,1
train-00002-of-00048_000838,өзгеріс болмайды естественно сол себепті,өзгеріс болмай естестпені сол себепті,0.4,0.125,5
train-00002-of-00048_000839,иә күліп ойнап жүру ол артық емес дегенмен жанына тағым даму деген дамуға қызығатын ортаны да қоссаң өміріңде де бір баланс пайда болады понимаете,я күлі бойнап жүру ол артық емес дегенмен жанына тағым даму деген дамуға қызығатын ортанында қоссаң өміріңде де бір банспайда болады нимает,0.3333333333333333,0.07534246575342465,24
train-00002-of-00048_000840,сол себепті дамуға қызығатын бірге қиялдайтын жаңағыдай ерте тұру,сол себепті дамуға қызығаттын бірге қиялдайтын жынағыдай ерте тұру,0.2222222222222222,0.046153846153846156,9
train-00002-of-00048_000841,кітап оқу норма болатын,табухул норма болатын,0.5,0.30434782608695654,4
train-00002-of-00048_000842,ортаға бас дегім келеді,ortaғa baҫ tenle,1.0,0.8695652173913043,4
train-00002-of-00048_000843,сондай ортаны,sunday ortana,1.0,0.9230769230769231,2
train-00002-of-00048_000844,тап сондай ортамен апта сайын хотя бір ақ рет кездес саған күнде құрбылармен күніне кездесесің ғой күнінде донер жейсіңдер ғой,таппы сондай ортамен апыта сайынқатя бірақ рет кездесі саған күн же құрбылармен күнде келесесі ғой күннді донер жүсінер ғой,0.65,0.16666666666666666,20
train-00002-of-00048_000845,хотя бы ана дамушы ортамен аптасына бір ақ рет кездесізші этого уже хватает,хатябаны дамушортамен аптасына бірақ рет кездешші этого у жахватает,0.7692307692307693,0.18666666666666668,13
train-00002-of-00048_000846,неге ондай орта керек біріншіден достар,неге ондай орта керек бірімші ден дұстар,0.5,0.07692307692307693,6
train-00002-of-00048_000847,адамның миы не рұғым да,адамның мыйя не руғылымда,0.6,0.30434782608695654,5
train-00002-of-00048_000848,дұрыс бұрыс деген нәрсені ажырата алмайды,дұрыс бұрс теге нәрсен ажырат алмайт,0.8333333333333334,0.17073170731707318,6
train-00002-of-00048_000849,бірақ,برا,1.0,1.0,1
train-00002-of-00048_000850,ортасы не жасайды соны автоматты түрде дұрыс норма деп қабылдайды сенің ортаң ішіп шексе сенің миың а норма деп қабылдайды,ортасы не жасайды соны автоматы түрде дұрыс норма деп қабылдайды сенің ортан ішіп шексе сенің бийын ал норма деп қабылдайд,0.25,0.05737704918032787,20
train-00002-of-00048_000851,и не керісінше ішіп кетті ішіп кетті,ene kasica isbe tosik ber,1.0,0.8888888888888888,7
train-00002-of-00048_000852,дәл солай миың үйі жоқ болмайды,dously woing e jokbomit,1.0,0.9032258064516129,6
train-00002-of-00048_000853,деп қабылдайды,деп кабылдайт,0.5,0.21428571428571427,2
train-00002-of-00048_000854,дәл солай сенің ортаң,dalhɣytinen gurta,1.0,0.9523809523809523,4
train-00002-of-00048_000855,сен үшін де ол бір күн бір блогерді тыңдап ол кітап оқу керек екен дейсің бір күн екінші күн қайтадан өзің ана ортаңа барғаннан кейін ой кітап оқымай ақ қояйыншы деп ерініп қайтадан жатып қаласың понимаете сол себепті саған күнде бір ақ рет емес күнде кітап оқиық кітап оқиық деп миыңа құйып отыратын орта керек,сен үшін де ол бір гүн бір блогерді тыңдап о кітаб оху кереккендесін бір күн екінші күн қайттан өзің ана ортаңа барғана кен ой кітап охымай қоыншыш деп иерініп қайттан жатып қаласын панимаяте сол сібепт саған күнде бірақ рет емес күнде кіта охиық кітаб охиық деп миңа құып отыратын орта керек,0.4727272727272727,0.1189710610932476,55
train-00002-of-00048_000856,норма болатын орта керек,норма болаты норта керек,0.5,0.08333333333333333,4
train-00002-of-00048_000857,соларға қарап сен уже кітап оқуға қызығып,соларға қарапсен ужы кітап оқуға қызығып,0.42857142857142855,0.04878048780487805,7
train-00002-of-00048_000858,кітап оқығың келіп кету керек қой,пітабоқығын кетке төгерек қо,1.0,0.3939393939393939,6
train-00002-of-00048_000859,или былай айтайық мынандай күшті тағы бір тағы бір мынандай мысал орта адамға не үшін керек,ие был айтайық нандай күшті тағы бір нандай мысал орта адамға не үшін керек,0.375,0.18681318681318682,16
train-00002-of-00048_000860,егер де сен білмеймін бір,егер де сен білмен бір,0.2,0.12,5
train-00002-of-00048_000861,күшті мысал бар ғой әтір дүкеніне кіретін болсаң,күсті мысал бар ғой әтір дүкеніне күретін болсаң,0.25,0.041666666666666664,8
train-00002-of-00048_000862,сол жердегі әтірлердің иісі саған жұғады пияздың пияз турасаң пияздың иісесінен шығады немесе бір балық магазине кірсең ол балықтың иісі сенен шығатын болады яғни ортаға байланысты болып тұрдықтар ортаң ортаңның ойы орталары ортаңның әрекеттері саған жұғады,сол жердегі әтірледің есі саған жұғат пияздың пьаз турасаң пияздың есесінен шұғатын немесе бір балық магазинде кірсең ол балықтың есесінен шұғатын болады яғни ортаға байланысты болып тұрдістар ортаның оя ортаңдың әрекеттері саған жұғат,0.4722222222222222,0.16342412451361868,36
train-00002-of-00048_000863,ортаң тек қана үлкен мақсат қоймаса шетелге шығайық демесе керісінше артқа тарта беретін болса сен де сондай адам боласың сен соны қалайсың ба біраздың қайтадан солай өткенін қалайсың ба деген сұрақ,ортаң тек қана үлкен мақсат қоймаса штелге шайық демесе керсінше артқа тарта еретін болса сен де сондай адам боласың сен соны қалайсың ба жазың қайтадан сола үлкенін қалайсың ба деген со,0.25806451612903225,0.08080808080808081,31
train-00002-of-00048_000864,керісінше ортаңда үй біреуі біреуінің,керсінше ортаңда үйақ біреуі көбіреуінің,0.6,0.13513513513513514,5
train-00002-of-00048_000865,біреуі машина алайық біреуі үй алайық біреуі үстелге шығайық деп жай ғана ауызбен айтып қана қоймай соған әрекет етіп жатқан ортамен аралассаң,біреуі машина алайық біреуі ұйе алайық біреу штелге шығайық деп жағана уыз бен айтыпқаны қөмес соған әрекететіп жатқан орта мен араласа,0.6363636363636364,0.13380281690140844,22
train-00002-of-00048_000866,сен де бір күні үй аласың себебі мен алғашқы миллионымды жаңағы миллионер адаммен араласқаннан кейін жарты жылдан кейін алғашқы миллионды таптым ғой,сенде бүргүні үйе аласың себебі мен алғашқы миллионымда жанағы миллионер адаммен араласқаннан кейін жартжылдан кейін алғашқы миллионыны таптын ғой,0.5,0.08108108108108109,22
train-00002-of-00048_000867,ортаның арқасында мен телевидениеге шықтым ортаның арқасында мен біраз түсіністіктерге жеттім,ортаның арқасында мителевидениге шықтым ортаның арқасында мен біраз дүтістіктерге жеттім,0.2727272727272727,0.08602150537634409,11
train-00002-of-00048_000868,ортаның арқасында мен турцияға барып жұмыс жасап келдім,ортааның аркасында мен турцияга барып жумуш сап келдим,0.75,0.16363636363636364,8
train-00002-of-00048_000869,сол себепті,sол sібепті,1.0,0.2727272727272727,2
train-00002-of-00048_000870,аншо аншо деп отырмай адамдармен танысыңыздар,аншо аншоқ деп отырмай адам мірмен таңасыңызда,0.6666666666666666,0.15555555555555556,6
train-00002-of-00048_000871,тағы да мынандай мысал,тағыдан нандай мысау,1.0,0.22727272727272727,4
train-00002-of-00048_000872,мынандай бір суды алайық су магазинде,нандай бір судалайқ су магазинде,0.5,0.13513513513513514,6
train-00002-of-00048_000873,100 200 теңге тұрады ал,дүс екішүтенге тұрады ал,0.6,0.391304347826087,5
train-00002-of-00048_000874,бір,بر,1.0,1.0,1
train-00002-of-00048_000875,бір магазин 200 теңге тұрады ал ресторандарда су 2000 3000 теңге тұрады,бір магазне күштеңге тұрат ал рестоурандарда со екі мың шмый теңге тұрат,0.8333333333333334,0.323943661971831,12
train-00002-of-00048_000876,яғни су өзгерген жоқ,яғни су өзгерген жоқ,0.0,0.0,4
train-00002-of-00048_000877,тек орта өзгерді понимаете,च क वuरत w करत हñव च,1.75,0.8846153846153846,4
train-00002-of-00048_000878,яғни,يرمي,1.0,1.0,1
train-00002-of-00048_000879,аәәәәәәә,,1.0,1.0,1
train-00002-of-00048_000880,сен егер де сенің самооценкаң өзіңді бағалауың төмен болса мақсаттарың өте кішкентай болса қазіргі ортаң сен қиялысың сен қолыңнан түк келмейді не істеп жүрсің блогер болып кеттің бе деп айтуы мүмкін,сен егерде сенің сама ценкаң өзіңді бағалауың төмен болса мақсаттарың өте кішкентай болса қәзіргі ортан сен қиялысың сен құннан түккел мейді нестеу жүрсің бұлогер оп кеттің бай деп айтуы мүмкін,0.45161290322580644,0.10050251256281408,31
train-00002-of-00048_000881,басқа ортаға барсаң сенде потенциал бар сенің қолыңнан келеді давай жаса деп айтады яғни болады ғой,басқа ортаға барсаң сенде потенциялы бар сенің қолыңынан келеді табай жаса деп айтады яғни болады ғой,0.1875,0.050505050505050504,16
train-00002-of-00048_000882,мен оған ешкім сенбейді мені ешкім қолдамайды деп,ме ғәне ішкім сенбейді мен ешкім қолдамайды деп,0.5,0.12244897959183673,8
train-00002-of-00048_000883,басқалар менің қолымнан келмейді деп айтып жатыр шынымен менің қолымнан келмейтін шығар деп ортаның артынан ерудің сол адамдардың сөзіне ерудің қажеті жоқ себебі ол адамдар,басқалар мен қолынан келмет теп айту жатыр шылмеменн қолымынан келметін шығары деп ортаның артынан ерудің сол адамдардың сөзіне ерудін қажету жоқ себебі ол адамдар,0.48,0.11627906976744186,25
train-00002-of-00048_000884,мммм,嗯嗯,1.0,1.0,1
train-00002-of-00048_000885,шынымен факт та айтпайды,шынымен фактты айтқайты,0.75,0.16666666666666666,4
train-00002-of-00048_000886,олар,aر,1.0,1.0,1
train-00002-of-00048_000887,жиын саған жұқтырғысы келеді болды орта мұсыл адамға әсер етеді,винсан жұқ тұрғыз келеті болды ортық осылып адам мәсіреті,0.9,0.36507936507936506,10
train-00002-of-00048_000888,саған сенетін,сығансенетін,1.0,0.15384615384615385,2
train-00002-of-00048_000889,ортамен аралас 3 айда өміріңнің қалай өзгеретініне өзің шок боласың,орта мен аралас шайда өмірігінің қаллай өзгеретіне өзің шоп баласы,0.9,0.16417910447761194,10
train-00002-of-00048_000890,және де сол ортаны мен тоже клубта беремін достар бізде қазақстанның әрбір қаласында барлық,жәнеде о сол ортаны мен тожы клыпта берім тұстар бізде қазақстанның әрі бір қаласында барлық,0.5714285714285714,0.14285714285714285,14
train-00002-of-00048_000891,қандай қала бар 10 15 қала бар ма сол қалалардың бәрінде ортамыз бар,қандай қала бар он он бес қала бар ма сол қалалардың бәрінде ортамыз ба,0.3076923076923077,0.1323529411764706,13
train-00002-of-00048_000892,мен сондай бір мақсатым болған,мен сондай бір мақсатын болған,0.2,0.03333333333333333,5
train-00002-of-00048_000893,орта жасау орта беру деген,уртта жасау орта бийруү деген,0.4,0.19230769230769232,5
train-00002-of-00048_000894,сол себепті клубтың бағасын өте арзан еттік бәрі ала алатындай,сол себепті куттың бағасын өте арзанеттік бәрілы алалатындай,0.6,0.11290322580645161,10
train-00002-of-00048_000895,және де қасына ақша табу бойынша сабақтарды да қосып бердік,жәнде қасына ақшы табу бойынша сабақ тапта қосып бердік,0.5,0.15254237288135594,10
train-00002-of-00048_000896,бізде клубта тематикалық кездесулер болады,ізде клыптау тематикалық кезесулері болады,0.6,0.14285714285714285,5
train-00002-of-00048_000897,жай ғана кездесу емес және де әр кездесу сайын және клубқа келген адамдар,жай ғана кездесу емес жәнде әр кездесу сайын және құлыпқа келген адамдар,0.23076923076923078,0.0821917808219178,13
train-00002-of-00048_000898,тек қана білім алып кетпей трансформация алып кетіп қана қоймай өзіме мәңгі қалатын,тек қана білім алып кетпей трансформация алып кетіп қана қоймай өзімен мәңгі қалатын,0.07692307692307693,0.012048192771084338,13
train-00002-of-00048_000899,иә өле өлгенше бірге болатын орта толып кетеді понимаете,өлелгенше бірге болатын орта тауып кетеп понимаеде,0.6666666666666666,0.17857142857142858,9
train-00002-of-00048_000900,дос тағып кетеді,dоstapkite,1.0,0.9375,3
train-00002-of-00048_000901,дамыйық деген дос тауып кетеді,намы их деген досталоп китеп,1.0,0.3333333333333333,5
train-00002-of-00048_000902,үшіншіден ол қабілеттер,үшіншіден ол қабілеттер,0.0,0.0,3
train-00002-of-00048_000903,плюс өзіңнің сүйікті ісіңмен айналысу енді біз амал деген этапқа да келдік әрекет деген этапқа келдік,плюс өзіңдің сүйттіс мен айналысу енді біз амал деген ітапқада келдік әрекет деген итапқа келдік,0.375,0.09900990099009901,16
train-00002-of-00048_000904,қандай әрекет жасаймын деген кезде ақша табу үшін да естественно осы үш ай жазда официант продавец болып жұмыс жасамай тұрып осы видеоны көр,қандай әрекет жасаймын деген кезде ықша табу үшінда естествені осы шай жазда оффициант продавец болып жұмыш самай тұрып осы видеоны күр,0.43478260869565216,0.07857142857142857,23
train-00002-of-00048_000905,официант продавец жұмысы,afициanт пrdabеts жұmыsы,1.0,0.5416666666666666,3
train-00002-of-00048_000906,жұмысында сен ақшадан басқа,жұмысындай сен ақшадам басқа,0.5,0.07407407407407407,4
train-00002-of-00048_000907,құс құс құс,,1.0,1.0,3
train-00002-of-00048_000908,ал ақша,al acar,1.0,0.8571428571428571,2
train-00002-of-00048_000909,ол тау жұтқан ақшаңның өзі,ұл тау жытқан ақшаңның өзі,0.4,0.07692307692307693,5
train-00002-of-00048_000910,көп нәрсеге жетпейді ғой негізі,көп нәрсеге жүтпеді онегізі,0.6,0.16129032258064516,5
train-00002-of-00048_000911,сол еще сол жетпейтін ақшаны табу үшін қаншама ұйқымен нервпен,сол иш сол жетпетін ақшаны табул үшін қаншама ұйқымен нервпен,0.3,0.08064516129032258,10
train-00002-of-00048_000912,жастық шағыңмен уақытыңмен құрбан етесің,жастық шағың мен уақыттың мен құрбан етесің,0.8,0.075,5
train-00002-of-00048_000913,понимаете былай айтайықшы,понимаете былай текше,0.3333333333333333,0.28,3
train-00002-of-00048_000914,мысалға сен саған мынандай таңдау беріп көрейінші,мсалға сен сағын андай таңдау беріп көреш,0.5714285714285714,0.1836734693877551,7
train-00002-of-00048_000915,сен саған 1 миллион доллар,сен саған бір миллион доллар,0.2,0.11538461538461539,5
train-00002-of-00048_000916,дәл қазір саған 1 миллион доллар беремін немесе тағы бір күн өмір сүруге мүмкіндік беремін,дәд қазір саған бір миллион доллар беремін немесе тағы бір күн өмір сүруге мүмкіндік беремін,0.13333333333333333,0.044444444444444446,15
train-00002-of-00048_000917,десе сен қайсысын таңдайсың,десе сен қайсын таңдайсын,0.5,0.1111111111111111,4
train-00002-of-00048_000918,сен бір күнді таңдайсың яғни сенің бір күнің 1 миллион доллардан да қымбат болып тұр,сеп бір күтті тәңдайсың яғни сенің бір күніп бір миллион доллардан да қымбат болып тұр,0.3333333333333333,0.09523809523809523,15
train-00002-of-00048_000919,бірақ сондай қымбат бір күнді сен 5 10 мың теңгеге сатып жатсың,бірақ сондай қымбат бір күнді сен бес олның теңгеге сату жатсың,0.3333333333333333,0.14285714285714285,12
train-00002-of-00048_000920,бес он мың ақ теңгеге сенің бір күнің кемі миллиондар тұрады,бес ол мың ақтиңгеге сенің бір күнін киемі миллиондар тұрат,0.5454545454545454,0.11666666666666667,11
train-00002-of-00048_000921,сенің уақыттың 24 сағатың кемі миллиондар тұрады,сенің уақыттың жиырма төрт сағаттың киемі миллиондар тұрат,0.7142857142857143,0.3125,7
train-00002-of-00048_000922,сен 5 10 мың теңгеге сатып жатсың,сен бес он мың теңгеге сатуп жотсін,0.5714285714285714,0.2727272727272727,7
train-00002-of-00048_000923,енді,енде,1.0,0.25,1
train-00002-of-00048_000924,сондай құнды уақытыңды өте арзанға сатып жатсың негізінде,сондай құнды уақыттіңді өте арзан ға сатуп жатсым мегізінде,0.75,0.12280701754385964,8
train-00002-of-00048_000925,сол уақытыңды сен дамуға шынымен де көбірек дамуға білім алуға жаңағыдай үлкен мақсаттар қоюға кетірсең,сол уақыттыңды сен дамуға шынымен де көбірек дамуға білім алуға жанағыдай үлкен мақсаттар қоюға кетірсең,0.13333333333333333,0.019417475728155338,15
train-00002-of-00048_000926,жарайды миллион доллар демей ақ қояйыншы бір күнде хотя бы бір,жүрет миллион доллар деме қояш бір гүнде хотябы бір,0.6363636363636364,0.24193548387096775,11
train-00002-of-00048_000927,он мың жиырма мың отыз мың таба алатын едім мен шын кейстерді айтайыншы шын өмірде жаңағыдай сен сенімен жасты қыздар бар біздің клубта мысалға он үш жасар,оның 2иырмаң отызмы таба алатын еліңмен шын кейістерді айтайн шын өмірде жанағда сенме жаста қыздары бар біздің құлыпта мысалға он үз жасар,0.6296296296296297,0.2,27
train-00002-of-00048_000928,бөрте деген қыз,بۇرتى دېگەن قىز,1.0,0.8666666666666667,3
train-00002-of-00048_000929,он 13 жасында келді 50 мың теңге тапты 13 жасында 15 жасында 100 мың теңге 16 жасында қазір 200 мыңға дейін тауып жатыр айпат алды,оныш жасында келді елу мың теңе тапты он ыс жасында он бес жасында жүз мың теңге он алты жасында қазір екі жүз м ғаден тауып жатыр айпа талды,0.68,0.3230769230769231,25
train-00002-of-00048_000930,хотя ұбт ға дайындалып жатса да,хатя обытуға дайынды алып жатса да,0.6666666666666666,0.1935483870967742,6
train-00002-of-00048_000931,қазір жұмыс істеп ақша тауып жатыр,қазір жұмыс те ақшатауы жатыр,0.5,0.14705882352941177,6
train-00002-of-00048_000932,яғни үлгеріп жатыр екеуіне де сабағына да жұмысына да,яғни үлгеріп жатыр екеуіне де сабағына да жұмысынады,0.2222222222222222,0.03773584905660377,9
train-00002-of-00048_000933,ал официант продавец болып сен үлгермейсің ғой,ал официан пірдавес болып сені үлгермесің ғой,0.5714285714285714,0.13043478260869565,7
train-00002-of-00048_000934,үлгірсең де жынды боласың ана жерде екі ортада,үлгерсәңде жынды оласыңан жердеге кортада,0.875,0.21739130434782608,8
train-00002-of-00048_000935,сол себепті,сол сібепті,0.5,0.09090909090909091,2
train-00002-of-00048_000936,құдай қалай,,1.0,1.0,2
train-00002-of-00048_000937,өзіңді тым төмен бағаламаш смо мамандары көбейіп кетті ғой курс көбейіп кетті ғой,өзіңді тымтімен бағаламаш самма момандар көбеп кетті ғой курс көбееп кетті ғой,0.46153846153846156,0.13580246913580246,13
train-00002-of-00048_000938,уже қалай табамын мен бәрібір таба алмаймын ғой деп,ожі қалай таман мен бәріір табалмайым ғодеп,0.7777777777777778,0.23529411764705882,9
train-00002-of-00048_000939,көбейіп кетті деген сөз значит конкуренция өте жоғары деген сөз емес сұраныс жоғары деген сөз,көбейіп кетті деген сөз начет конкуренция өте жоғар деген сөз емес сұраныз жоғар деген сөз,0.26666666666666666,0.053763440860215055,15
train-00002-of-00048_000940,әйтпесе неге көбейіп жатыр деп ойлайсыздар,әтпесем неге көйбеіп жатыр де бол естір,0.8333333333333334,0.30952380952380953,6
train-00002-of-00048_000941,сұраныс жоғары болғандықтан,сұраны шоғар болғандықтан,0.6666666666666666,0.1111111111111111,3
train-00002-of-00048_000942,мысалға не үшін бір немесе женская одежданы бірінен кейін бірі ашып жатыр не үшін деп ойлайсыздар,салған не үшін бінемесе женско адежданы бірне гей бір ашып жатыр не үшін деп ол естер,0.625,0.21649484536082475,16
train-00002-of-00048_000943,шынымен де киімге сұраныс жоғары болғандықтан,шынымен де киемге сұраныс жоғар болғандықтан,0.3333333333333333,0.044444444444444446,6
train-00002-of-00048_000944,магазиндер не үшін күнінде бір барлық үйдің жанында магазин бар не үшін,магазиндер не үшін күнінде бір барылық үйде үйдін жаныда магазин бар не үшін,0.3333333333333333,0.11267605633802817,12
train-00002-of-00048_000945,сұраныс жоғары болғандықтан,транос шуғары болғанта,1.0,0.3333333333333333,3
train-00002-of-00048_000946,мамандар көбейіп жатыр сұраныс өте жоғары болғандықтан,мамандар көбек жатр сұраныс өте жоғары болғандықтан,0.2857142857142857,0.07407407407407407,7
train-00002-of-00048_000947,сол себепті,پولدۇ بеپتi,1.0,0.9090909090909091,2
train-00002-of-00048_000948,ааааааа,م,1.0,1.0,1
train-00002-of-00048_000949,сіз қазірден үйреніп алсаңыз сізге проект табуға білім алуға кем дегенде 3 күн,сіз қазірден үйреніп олсаңыз сізге проект табуға білім алуға кемдегенде үшкүн,0.38461538461538464,0.05128205128205128,13
train-00002-of-00048_000950,максимум екі апта жеткілікті себебі біздің оқушылар,максимум екапта жіткіліпті себебім біздің оқшылар,0.7142857142857143,0.11764705882352941,7
train-00002-of-00048_000951,үш күнде проект алып жатыр,үш көнде проектаужотыр,0.8,0.2692307692307692,5
train-00002-of-00048_000952,үшінші күнде,cemشgend,1.0,1.0,2
train-00002-of-00048_000953,максимум екі аптада прямо андай іздеп іздеп табам дегендер ал еріншектерді санамаған кезде,максимум екапта да пірямандай з іздеп табам дегендер ал еріншектерді санамаған кезде,0.38461538461538464,0.1111111111111111,13
train-00002-of-00048_000954,еріншіп немесе уақытым жоқ дейтін адамдарды санамаған кезде иә,еріншеп немесе убақыттын жоқ деп дейтін адамдар тсанамаған кезде я,0.6666666666666666,0.20967741935483872,9
train-00002-of-00048_000955,сол себепті мен клубта смо мобилография южиси проект рилс блог жүргізу осы 5 сала бойынша ақша табуды,сол себепті мен клубта сымам мобилография вюдиси проект рилс блог жүргізу осы бес сала бойын шақшы табуды,0.29411764705882354,0.1188118811881188,17
train-00002-of-00048_000956,соңғы рет осы потокта 10000 теңге үйретіп жатырмын және жанында жаңағы даму бойынша эфирлерде болады міндетті түрде,соңғы рет осы подокта онмың темге үйрету жатырмын және жанында жанағы даму бойынша эферлері де болатын міндет түрде,0.5294117647058824,0.14782608695652175,17
train-00002-of-00048_000957,жөнде қазақстанның әрбір қаласында оффлайн кездесу орта,және жінде қазақстанлары барқаласында офлайн кездесуп ортап,1.0,0.3090909090909091,7
train-00002-of-00048_000958,сол себепті ақша табуды үйрететін сабақтар,сол себебіті ақша табул ереутетін сабақтар,0.5,0.16666666666666666,6
train-00002-of-00048_000959,тек соңғы потокта ал біз уже жиырмасыншы маусымда бастаймыз сол себепті,тек соңғы потокта ал біз ужі жиырмасыншы мосымда бастаймс ыл сібепті,0.45454545454545453,0.11267605633802817,11
train-00002-of-00048_000960,тіркелу үшін инстаграмдағы,тіркелу үшін инстаграммдағы,0.3333333333333333,0.038461538461538464,3
train-00002-of-00048_000961,профильге өтіңіз,профильде өтіңіз,0.5,0.0625,2
train-00002-of-00048_000962,ал инстаграмға сілтеме мына видеоның астында,ал инстаграм ғасілтебе мынап видеоның астында,0.5,0.09090909090909091,6
train-00002-of-00048_000963,нақтырақ айтқан кезде бұл клубта,нактырак айткан кезде бул клубта,0.6,0.125,5
train-00002-of-00048_000964,яғни смм оның ішінде контент банк ұру стратегия анализ бар ма тағы ма клиент табу соның барлығы үйретіледі,яғни самам оның ішінде контент банғыру стротеге аналис барма тағым клент табу соның барлық үйретілеп,0.6666666666666666,0.16037735849056603,18
train-00002-of-00048_000965,және де бонус ретінде мобилография бойынша қалай түсіреміз видеоға қалай монтаждаймыз,жөнеде бону сретінде мобилография бойынша қалай түсіремс видеоға халай мантеждаймс,0.6363636363636364,0.12941176470588237,11
train-00002-of-00048_000966,риелс та қалай түсіреміз блог та қалай жүргіземіз южиси проект южиси видеоны қалай түсіреміз сол сабақтар бар,рилста калай түсүреміз блокта калай жүргүземіз южеси проект юдеси видеоны калай түсүреміз сол сабахтары бар,0.7647058823529411,0.13761467889908258,17
train-00002-of-00048_000967,сол себепті достар менің мақсатым ол үлкен комьюнити құру сол себепті бағысу өте арзан,сол себепті ныстарменің мақсатым ол үлкен комьюнити ғұруп сол себепті бағысу ете арзан,0.2857142857142857,0.06976744186046512,14
train-00002-of-00048_000968,жиырмасыншы маусым бастаймыз келесі потокта,жиырмасыншы масын бастаймыз келесіп отыкта,0.6,0.11627906976744186,5
train-00002-of-00048_000969,уже ақша табу бойынша сабақтарды мен мүлде алып тастаймын,уже ақша табу бойынша сабақтарымен мілде алып тыста,0.4444444444444444,0.14035087719298245,9
train-00002-of-00048_000970,себебі достар,себeباd staر,1.0,0.7692307692307693,2
train-00002-of-00048_000971,уже көбірек біз дамуға,ужы көбірек біз дамуға,0.25,0.045454545454545456,4
train-00002-of-00048_000972,мушлениеге фокус қоятын боламыз,мүшлейнеге фокус қоятын боламыз,0.25,0.0967741935483871,4
train-00002-of-00048_000973,достар,都ستر,1.0,1.0,1
train-00002-of-00048_000974,қыздар,خلدار,1.0,1.0,1
train-00002-of-00048_000975,тем более қыз баласы,темболи қыз баласы,0.5,0.15,4
train-00002-of-00048_000976,өзімізді ауыр жұмысқа қимауымыз керек,өзімізді ауыр жұмысқа қиймауымыз керек,0.2,0.02702702702702703,5
train-00002-of-00048_000977,мүлде ақша таппасаң да сен ауыр жұмыс жасамауың керек,мілде ақша таппаса ында сенаоржмуш самауын керек,0.7777777777777778,0.2641509433962264,9
train-00002-of-00048_000978,аружасымды мен отбасыны қалай асыраймын,аронсынды мен отбасына қалай асыраймын,0.4,0.1282051282051282,5
train-00002-of-00048_000979,десең отбасын сен асырамайсың отбасыңды сені асырайтын сені ризақтандыратын тек құдай ал құдай саған ризақты,десәң отбасын сен асырамайсың отбасыңды сені асырайтын сені резіхтаныратын тек құдай ал құдай сағана резыхты,0.26666666666666666,0.08333333333333333,15
train-00002-of-00048_000980,аспаннан лақтыру аспаннан ақша түсіру керек болса түсіре алады енді аспаннан түсірмейді в прямом смысле яғни,аспаннан лақтыр аспаннан ақша түсіргерік болса түсіре алад енді аспаннан түсірмит впримом сңісілі яғни,0.5,0.14814814814814814,16
train-00002-of-00048_000981,олай болмаса былай береді міндетті түрде ақшаны,былай болмаса былай берет де түрде ақшаны,0.42857142857142855,0.2127659574468085,7
train-00002-of-00048_000982,біз ол туралы жалпы қыс фитраты туралы тоже клубта айтамыз өзіңнің жаңағыдай керісінше,біз ол туралы жалпы қыз фитраты туралы тожы клупт айтамыз өзіңнің жанағда керісінше,0.3076923076923077,0.08139534883720931,13
train-00002-of-00048_000983,андай женственныйстылығыңды нәзіктігіңді сақтай отыра ақша табу туралы тоже көпті айтамыз,андай женствинистілығыңда нәзіктігіңді сақтайып отыра ақшатап отыралы тож клыпты айтамыз,0.6363636363636364,0.19101123595505617,11
train-00002-of-00048_000984,әйтпесең біз жаман қатты пақыр болып кеттік,әтпесенбіз жаман қатты пахірь болып кеттік,0.42857142857142855,0.13953488372093023,7
train-00002-of-00048_000985,керісінше одан лучше ой хуже болмаса лучше болып жатқан жоқ одан керісінше одан бітер,керсінше одан утшы ой хужы болмаса утшы болып жұтқан жоқ одан керсінше ода әнбеттер,0.5714285714285714,0.17647058823529413,14
train-00002-of-00048_000986,стресс болып срыв болып туф шаршап кеттім деп бәрін тастай салғым келетін моменттер болады ғой,стресс болып срыф болып ту шаршап кеттіндеп бәрін таста салы елеті моменттер болады ғой,0.4666666666666667,0.09574468085106383,15
train-00002-of-00048_000987,өйтіп өзіңді қинамауға да болады,үйті өзінді қинамауға да болаты,0.6,0.125,5
train-00002-of-00048_000988,керісінше қинамаған кезде,керсінші қийнамаған кезде,0.6666666666666666,0.12,3
train-00002-of-00048_000989,өзіңе жеңіл қараған кезде ақша да саған жеңіл келеді оны мен әдемілеп құлыптатуын түсіндіремін,өзіңе жеңіл қараға әнкезде ақша да саған жеңіл келет оны мен әдемлік құлыпта тор түсінірі,0.5,0.1702127659574468,14
train-00002-of-00048_000990,сөйтіп жүргенім келіп тұрады,,1.0,1.0,4
train-00002-of-00048_000991,клубта өте жақсы нәтижелер көрсетіп жатыр,кулпта өте жақсы нәтижілер көрсетуп жатыр,0.5,0.12195121951219512,6
train-00002-of-00048_000992,және де мен де сол бір,жәндемен де сол бір,0.5,0.13636363636363635,6
train-00002-of-00048_000993,осы айтып жатырған білімімнің айтып жатырған кеңестерімнің көрінісімін деп ойлаймын сіздерге видео ұнады деп үміттенемін клубқа тіркеліп үлгеріп қалыңыздар егер де бұл видеоны уже жиырмасыншы маусымнан кейін көріп жатырған болсаңыз сонда да ақша табу сабақтары болмаса да клубқа келуге кеңес беремін себебі анау даму бойынша эфирлердің өзі,осы айтуп жатырған білімімнің айтуп жатырған кеңестерімнің көрінісімін деп ойлай сіздерге видеоұнады депі міттенемін клубқа тіркелі өлгеріп қалыңыз ар егерде бұл видеоны оже 2иырма ысыншы мауысымынан кейін көріп жатырған болсаңыз сонда да ақша табул сабақтар болмаса да клыбқа келуге кеңесбірем себебі анау даму бойынша эферлердің өзі,0.46808510638297873,0.07669616519174041,47
train-00002-of-00048_000994,миды жарат,мыйде жарат,0.5,0.3,2
train-00002-of-00048_000995,ойыңды өзгертудің өзі саған өте қатты көмектеседі сол себепті тіпті ойыңды өзгертіп жоқ жерден,ойыңд өзгер тудің өзі саған өте қатты көмек десект сол себепті тіпті ойыңді өзгертіп жоқ жүрден,0.5,0.0851063829787234,14
train-00002-of-00048_000996,жаңағыдай ақша келетіндей етуге болады деп жұмыс істемей ақша келетіндей етуге болады,жанағдай ақша әкелетінде туре болатып жұмыс темей ақша келетінде туге болаты,0.75,0.17647058823529413,12
train-00002-of-00048_000997,сенбесеңдер сенбей ақ қойыңдар,сен бесiңдер сінмe қoiнdaр,1.0,0.5,4
train-00002-of-00048_000998,өздерінің өмірлерің өздеріңнің таңдауларың,өздерінің өмірлерім өздерінің таңдауларым,0.75,0.07142857142857142,4
train-00002-of-00048_000999,бірақ,برق,1.0,1.0,1
train-00002-of-00048_001000,мен оның барлығын бұйырса клубта ойды өзгерту жайлы біз келесі потоктарда,мен он барлығын бұйырса клыпта ойды өзгерту жайлы біз келес пұтоптырды,0.36363636363636365,0.1232876712328767,11
train-00002-of-00048_001001,тек қана ойға фокус қоямыз,тек қана ойға фокус қоямыз,0.0,0.0,5
train-00002-of-00048_001002,жиырмасынан әрі қарай потоктарда сол себепті,жирмасынан әр қарай продукторды сол сібепті,0.6666666666666666,0.18181818181818182,6
train-00002-of-00048_001003,амин,嗯,1.0,1.0,1
train-00002-of-00048_001004,сонда оны тіркелуге кеңес беремін,сонданы тіркелге кеңістірем,1.0,0.2727272727272727,5
train-00002-of-00048_001005,пока пока,pakapka,1.0,1.0,2
train-00002-of-00048_001006,акиматтың алдын бәрін тауып тастаған халық та сөз айтуға бермейді бәрін алып кетіватыр он шақты адамнан жиналса сразу алып кетіватыр,атиматның алдын дәрін да ұлыппасағы халықта сөз агоға дермет дәрін алып кеділатыр онншақтыадамнан жаналыс астралду алып кеділатыр,0.8,0.25757575757575757,20
train-00002-of-00048_001007,арадан мен ақсақалдан сұрақ сұрағым келіп тұр ақсақал сіз қалай ойлайсыз мына жерде бүгін тойшылыққа кіре алмай жатырқ мысалы халық өзінің,нарадан ақсақалдан сұрақ тұрағам кертір ақсақал сала өлесі нәжерде бүгін қойшқажалмай затырық мысалы қал өзінің,0.7142857142857143,0.3115942028985507,21
train-00002-of-00048_001008,сөзін айта алмай жатыр бір 10 15 адам жиналса сразу бәрін тек машинаға қолдарын қайырып алып кетіватыр,сөзін айтаалмай жадырбор оны он бес адам жиналыста сыразу бәнн тек машинағақ баулаларынын қайырып алып кетілады,0.7058823529411765,0.28431372549019607,17
train-00002-of-00048_001009,алай өлесіз,好了لس,1.0,1.0,2
train-00002-of-00048_001010,неге істеуге болады сізге,,1.0,1.0,4
train-00002-of-00048_001011,қаншамаған,汉生问,1.0,1.0,1
train-00002-of-00048_001012,тағы рақмет аға,رفپو,1.0,1.0,3
train-00002-of-00048_001013,осындай жағдай ешкімді кіргізбейді,болсиндар дағдай ешкінде кір көлгейт,1.25,0.4117647058823529,4
train-00002-of-00048_001014,дұрыс емес пе еді,dafi mexide,1.0,0.9411764705882353,4
train-00002-of-00048_001015,мысалы адамның басы көзініксізсе,visaللdmn bاs pos s,1.0,0.9375,4
train-00002-of-00048_001016,бәрін қолдарын қайырып алып кетіп жатыр ағайым,бәрін қолларын қайрып алып етік жатырағайымын,0.7142857142857143,0.15217391304347827,7
train-00002-of-00048_001017,міне халықтың мұқтажы осындай,е халықтың мұқтажы осындай,0.25,0.10344827586206896,4
train-00002-of-00048_001018,сөйтіп отырмын,,1.0,1.0,2
train-00002-of-00048_001019,ол сарыағым ол сарыағым былай ғой бұл үкіметтің саясатын тұрып оңай тұрып,аол сарағым болайло о мүкімөтсін саясасы түрп оңотып,1.0,0.4383561643835616,12
train-00002-of-00048_001020,ну,人路,1.0,1.0,1
train-00002-of-00048_001021,сайлап алған сайланды деп айтады ғой енді бұл мысалы сайлаған жоқ бұл шын әлгі абылай айтқан дәл келді мейбель деп бүгін ойлаған менің,сайла болған пір сайланды де айтады қоймыз бұнын салып сайлаған жоқ бұл шын әлгі авлашең айтқан дәлгерді меебелдеп бүгін ойлағаммені,0.6521739130434783,0.2462686567164179,23
train-00002-of-00048_001022,бүгін халық жиналады ағасыздың,бүкін хал динала ағатыздың,1.0,0.23333333333333334,4
train-00002-of-00048_001023,муәжжән өз өснәр,معجنزسنا,1.0,1.0,3
train-00002-of-00048_001024,қарсылықтарын білдіреді айтады деген,қарсылықтарын бірдіре айтат теген,0.75,0.16666666666666666,4
train-00002-of-00048_001025,кеше анау тоқаев президенттің өзінің әйелі төрт күннің ішінде осылай өліп қалды дейді ол төрт күннің ішінде қалай ол экспертиза дәлелдейді,теше анау тоқаев президентсі өзіні аыс білідер ол төрт күлмен үшіндеосылай еріп қалдыдейт ол төрт күмін шінде қазай ол экспертиза дәлелдейт,0.7142857142857143,0.2463768115942029,21
train-00002-of-00048_001026,тексерілетін нәрсе одан кейін,çiksirletinlerse onun giyin,1.0,0.9310344827586207,4
train-00002-of-00048_001027,бұл кісі міне анау назарбаевтың айтқанын айтқанын орындап отырған кісі болды ол кісі,бұлтшы мөне анал назарбалептың айтқанын айтқанын орында отурған кісі болду өспе,0.7692307692307693,0.2261904761904762,13
train-00002-of-00048_001028,ал енді мынау деген сұмдық келіңіз,aلnد ملاdgn سndf كlv,1.0,0.9117647058823529,6
train-00002-of-00048_001029,жан жақты түгел қоршап тастаған автобустар жүргізбейді тоқтатпайды әне қаншама жігіттер қайтып жатыр енді еріксіз ұстағанда ұмытып әкетіп жатыр,жбунардынчыды деректик жан жакты түгө корчоп таган акобуздар жүрүзбөйтк октоспойданы канча ма жігиттер кайтып жжатыр эндеэрксү утагандан үстөп акетип жжатыр,1.0526315789473684,0.5244755244755245,19
train-00002-of-00048_001030,міне бұл биліктің істеп отырғаны бұл халықтың жағдайын ойлап отырған билік жоқ бұл халықтың,міні бұл бийлік туүстеп отырғаны қалықсын жардайын ойлап отырған бийлік жок бұл қалықтың,0.6428571428571429,0.1978021978021978,14
train-00002-of-00048_001031,қазақ халқын қазақ халқын,хаза қалқын хаза қалқың,1.0,0.28,4
train-00002-of-00048_001032,сосынды ойлап отырған,حفمد لو ترغانت,1.0,0.9047619047619048,3
train-00002-of-00048_001033,бұл қалмақтың ісі,لحلمحتنس,1.0,1.0,3
train-00002-of-00048_001034,бұл нағыз барып тұрған қалмақтың өзі болды шынында да,bu nagız barıkтorgaн tallatın өru boл тuşundada,1.0,0.8113207547169812,9
train-00002-of-00048_001035,кейіндің ойланбасы еді ғой құдай аға,天就到现要好,1.0,1.0,6
train-00002-of-00048_001036,ой,oي,1.0,1.0,1
train-00002-of-00048_001037,ой,我,1.0,1.0,1
train-00002-of-00048_001038,әлгі тіл қосалқы тіл болғанда ың да түсінбеген дың да түсінбейді деп қазақта әлі тұра тұсаңдаршы мен қатырамын әлі тіл болса президент дұрыстаймын қазағымды да дұрыстаймын деген,алда тіл қосақды тіл болғанда ымды түсін бөген бымды түсін бейттем қазақта ал тұрат соңдаш мен қатырамы мәлі мені оса кілдірде дұрыстайым қазақ ымдада дұрыстайым деген,0.7777777777777778,0.288135593220339,27
train-00002-of-00048_001039,дұрыстаған түрі де жоқ пайдалы да жоқ мінез қандай сыйлық алыс берді,ど다が тктж パさн кだ sグ aうсてで,1.0,0.8676470588235294,12
train-00002-of-00048_001040,апталдай азаматты өлтіріп тұрады неге өлтіріп тұрады оны,aftaldayasa matı tuktadı mi gi tuktadı onu,1.0,0.9107142857142857,8
train-00002-of-00048_001041,енді көпбалалы адамдар екінші күні мына митингге шығамыз деп жатсақ сол үшін мен өзімнің ойым сол үшін бұл ағарлып алып ұнтықтады,енді көк палаадар екші гүныңна үздеңге шығанызде жратта сол үшін мен өзіңнің ойюм сол үшін бұл ағардыла ұлтіптат,0.6666666666666666,0.31007751937984496,21
train-00002-of-00048_001042,лидерлерінен айыртты лидер жоқ болғаннан кейін міне көрдіңіз келіп келіп жан жақтан жүрген менде жүрген қаншама адам,лидерлеріне майырқты лидер жоқ болғанды кейін мін көкінді келіп келі жанжақтан жүрді қағанда мен де жүрдін қаншамажық адам,0.7647058823529411,0.25,17
train-00002-of-00048_001043,сөйтіп,,1.0,1.0,1
train-00002-of-00048_001044,бірі кетіп барады кетіп барады енді не істейді,منكفرت ك فر نشي,1.0,0.9347826086956522,8
train-00002-of-00048_001045,жүрген елді апарып тұрып жан жағын бірге көрсетіп салған,تكون تقفرتنجاجبكت غ,1.0,0.9642857142857143,9
train-00002-of-00048_001046,ол сұмдық айнұр сұлтан деп қой енді болды,оқ шындық айнұршылтар ер қой енді болды,0.625,0.24390243902439024,8
train-00002-of-00048_001047,бір аяғың көкке бір аяғың жерде ертең ол үйге барғанда не істейсің сен айтшы не істейсің,браяғын көкді враяғын жерде эркін облива барғанда инифительде ачш инифитель,0.875,0.48863636363636365,16
train-00002-of-00048_001048,сұрайды ғой алла сұрайды бәріміз әуелетіміз,frit oi aل las ris berm oلf,1.1666666666666667,0.8837209302325582,6
train-00002-of-00048_001049,өлетін жанға біреудің бәрі өлең,مالعولك نجن غبلولبارول,1.0,0.967741935483871,5
train-00002-of-00048_001050,ай сені сөндірмейді қазақтың жеріне сен бекер салып жатырсың ана сен сондағы,ay seni töndürle kadarıcee sendekezalgatmiara tünki sondaa,1.0,0.9210526315789473,12
train-00002-of-00048_001051,пантьонында ол жерде қаржы беріп жатыр бүгінбе жатыр,maalу fанкiоnimza өjirdі қarбa қазылер жатыр gөгoнbаy жатыр,0.75,0.7115384615384616,8
train-00002-of-00048_001052,атақты аулай жатыр сендей арамды ол жерге жатқыздырып қайт қазақ халқы есіңде болсын сенің жатқызғаның болды көңіл болып ертең масқараңды тұрған сен өзің өліп қалғаннан кейін де қазақ халқына қысығыңды тигізетіп астананың атынан өлтіру керек көшелердің атынан өлтіру керек сен өлгеннің ұзында міне қаншама осының бәрін,атақты аулай жатыр сендей арамдау жүрге жатқы тырпайт қазақ қалық есімге осын сен жатқызғаның өзді көл а берті масқараныа сенуді өріпқағаннан кейінде қазақ халық қысығынды тигізетін асананы натынауысыру кере көшелертінатынасүрде сен өлгеннің өздемі қаншаосынбан,0.8043478260869565,0.29874213836477986,46
train-00002-of-00048_001053,шыққан жаққа түтін тигізіп жатырсың,是一不要怎,1.0,1.0,5
train-00002-of-00048_001054,ойлан,我人,1.0,1.0,1
train-00002-of-00048_001055,бұл билік өмір бойы қолында тұрмайды өйтсе бәрі ашылады мен келіп отқанымда да үй бастама сенсіз оның барлығы ел айтып жүр мен емес ал енді менің басымды кешіріватам да тіл кеспең жоқ айтатынымды айттым менің арманым жоқ,бұл билік өміррой қолында тұрмайды ертен бәрі ашылар мен келп октомды да үйынбақтана сенсиз олсы оны әрдіқ ел айтым жүр менеез ал енні менін басымды келші осам да тілкетпек жоқ алтатымды айттым мені арманым жоқ тотырда ақында лесижде олу істесе,0.7297297297297297,0.39090909090909093,37
train-00002-of-00048_001056,мен достар бүгін мен сіздердің болатынмын мен исмағали әділет бүгін мен сіздерге көз жүрген ойын,ен досттар бүгімен сіздернин болатын мен изма ғалжәділет бүгімен сіздег екел шүрыл ойын,0.8666666666666667,0.2604166666666667,15
train-00002-of-00048_001057,мына өзімді экологиямен өту керектігін көрсетемін,мыны осындекалыдеме озу керекдегін көрсетемін,0.8333333333333334,0.3673469387755102,6
train-00002-of-00048_001058,ол үшін өздеріңіз көріп тұрғандай қалада қажет болады егер сіздерде план менен дракон жоқ болса оның орнына дракончик қоюға болады ал біз бастаймыз,ол үшін өздеең скорт тураан эколода кажет болады егерсіздер репламенен дракон жок болса оның оруна тракончок қоюга болады ал біз бастаймыз,0.5652173913043478,0.20408163265306123,23
train-00002-of-00048_001059,мысқақа,ысіны қар азымыз,3.0,1.7142857142857142,1
train-00002-of-00048_001060,қытай ойыншысы екен,taa qooyintiseegeen,1.0,1.0,3
train-00002-of-00048_001061,оның кланы жәуен,uni klana zorgin,1.0,0.9375,3
train-00002-of-00048_001062,енді сіз сексендік қарап отбай,enisi seksimzikka hara otboy,1.0,0.9333333333333333,5
train-00002-of-00048_001063,пам мен драконы қойып жіберсеңіздер болады,паммин драканы қою жерсеңиздер болады,0.8333333333333334,0.21428571428571427,6
train-00002-of-00048_001064,міне калдым,م你开لم,1.0,1.0,2
train-00002-of-00048_001065,хазза осы оруын кесірді,hazza osu burun ketirdi,1.0,0.8695652173913043,4
train-00002-of-00048_001066,хогерия қараса,hogira garsi,1.0,0.9285714285714286,2
train-00002-of-00048_001067,ордоминьон ғой негізі достарыммен сіздерге айтсам ордоминьонның пайдасы өте зор,ордан миньон о негези достар мездир айтсам орда миниону пайдасы oте зор,0.9,0.2911392405063291,10
train-00002-of-00048_001068,айтин орыс,icin wara,1.0,0.9,2
train-00002-of-00048_001069,бір реттен ұрғанның өзінде недегі қанша урон алады,бір беттен ұрғаның өзінде недеге қанча орон алат,0.75,0.14,8
train-00002-of-00048_001070,иә біз үйсіп үйсіп ведьмага қараса ведьманы қойдық,يә біз үсебісіп федмо ғарсы видмоны қоيдық,0.875,0.38,8
train-00002-of-00048_001071,ол бізге пепка қойды,o bizga bekra g o yzi,1.5,0.95,4
train-00002-of-00048_001072,пеккаға қараса біз баламаны тарапқа құру за миллион жібердік,текк ага карсы биз пламантракум орза миллион жөрдик,0.8888888888888888,0.38333333333333336,9
train-00002-of-00048_001073,кекканы бір сәтте ұр жойып тастады,эkкani бir setti orjoytusadı,1.0,0.8529411764705882,6
train-00002-of-00048_001074,неге біз,نيكي بز,1.0,0.875,2
train-00002-of-00048_001075,сұпыр машинасын алдық десек те болады,sыrbaшасы алdық dесекде бo лadы,1.0,0.4864864864864865,6
train-00002-of-00048_001076,иә айтпақшы алдық,يعد عك فخش ألغ,1.3333333333333333,0.9411764705882353,3
train-00002-of-00048_001077,ол қартылыс мұнша ойнай алмайды екен,o qartaas unja weynaya maydegan,1.0,0.9166666666666666,6
train-00002-of-00048_001078,үнемі деген біз осыны байқадық,онеңедекеніс біз осынбайқадық,0.8,0.3,5
train-00002-of-00048_001079,небіз үстіп,nibezistep,1.0,1.0,2
train-00002-of-00048_001080,бірден нөл есебімен ұтып жеңіске жеттік ал сау болыңыздар,пірден нең лесебі мен ұтып жеңізгі жеттік ал сауыңыздар,0.7777777777777778,0.21052631578947367,9
train-00002-of-00048_001081,жалпы эстрада деген сөздің өзі мынау француздың,жалпы эстра дерген сөзінің өзі мнау француздың,0.5714285714285714,0.1276595744680851,7
train-00002-of-00048_001082,мынандай бір,من دبر,1.0,0.9166666666666666,2
train-00002-of-00048_001083,подиум,fodium,1.0,1.0,1
train-00002-of-00048_001084,деген сөзінен шығады негізі,деген сөзімен шығат негізді,0.75,0.14814814814814814,4
train-00002-of-00048_001085,ал эстрадалық әнші деген жалпы эстрада өнері ол мынау танымал ойын сауық сипаттағы сол өнердің бір түрі негізі,ал эстрадалық әнші деген жалпы эстрада өнері ол мынау танымал ойын сауық сипаттағы сол өнердің бір түрі негізі,0.0,0.0,18
train-00002-of-00048_001086,сосын жаңағы жеңіл деген сөзге келейік ол мынау алпысыншы жылдарда мынау классиктер дейміз жаңа симфонистік оркестрдің музыканттары сосын және джазовый музыканттардың анау содан әннің бөлек шыққан кездегі вокалды аспапты ансамбльдер құрыла бастаған кездегі,сосын жаңа жеңілдеген сөзге келей ол мна алпысыншы жылдарда мнау классиктердейміз симфанискі аркестрдің музыканттар сосын және жазыбы музыканттардың содан әнінің бөлек шыққан кездегі вакалды аспапты ансан білдір құрыла бастаған кездегі,0.5454545454545454,0.13671875,33
train-00002-of-00048_001087,енді төмендетіп кемсітіп айтқан сөз негізі жеңілдеу музыка деп бірақ осы жеңіл музыканың арқасында әлемді жаңағы аузына қаратыватқан елдер содан саясат жасады,енді төмендетіп кемістіп айтқан сөзі негізі жеңілдеу музыка деп бірақ осы жеңіл музыканың арқасында әлемді жаңағы аузына қаратотқан елдер содан саясат жасады,0.13636363636363635,0.0379746835443038,22
train-00002-of-00048_001088,түсіндіңіз бе сол саясаттың арқасында өздерінің тілдерін басқа халықтарға сіңіре білді,сінніңіз ба сол саясаттың арқасында өздерінің кілдерін басқа халықтарға сіңіребілді,0.45454545454545453,0.06976744186046512,11
train-00002-of-00048_001089,сол кездерде бізде жамбыл атындағы филормонияда мемлекеттік филормонияның жанынан,сол кездерде бізде жамбылатындағы филермояда мемлекет филермояны жанынан,0.5555555555555556,0.13580246913580246,9
train-00002-of-00048_001090,казахконцерт жаңағы концерттік бірлестігі құрылды,казақ концерт жаңағы концерттік бірлестігі қорылды,0.6,0.061224489795918366,5
train-00002-of-00048_001091,содан кейін қазақконцерт сол бірлестігінің ішінде екі жылдық,содан кейін казак концерт сол бірлестігінің ішінде екі жылдық,0.25,0.05,8
train-00002-of-00048_001092,студия ашылды эстрадалық студия түсіндіңіз бе ал олардың мақсаты сол шалғай жатқан елді мекендердегі талантты балдардың бәрін теріп әкеліп сол жерге оқытып қазақи эстраданы аяғына қою керек болды сол түбі сол жақта жатыр негізі енді өзіңіз ойлап қараңыз мысалға дос мұқасан мынау біздің жаңағы мемлекеттік мынау жаңағысарайында қазір республика сарайы деп аталады сол жерде концерт берген кезде,студия ашылды эстрадалық студия түсінніңіз ба ал олардың мақсаты солшалғай жатқан елді мекендердегі талантты балдардың бәрін теріп әкеліп сол жерге оқытып қазахи эстрадыны аяғына қою керек болдысол түгі сожақта жатыр негізді енді өзіңіз ойлақ тараңыз мысалға досмоғасан мынау біздің мемлекеттік сарайында қазір република сораы дапаталады сол жерде концерт бергінгізде,0.43859649122807015,0.10913705583756345,57
train-00002-of-00048_001093,қазақтардың сол концертке келіп студенттердің ол кезде қазақ саны алматыда аз тұғын,қазақтардың сол концерт фигеліп студенттердің ол кізде қазақсаны алматына астығын,0.6666666666666666,0.12048192771084337,12
train-00002-of-00048_001094,сол студенттердің басы бірігіп келіп сыймағандықтан соның жаңағы терезесі шағылып сондай үлкен не болған резонанс болған,сол стуренттердің басы біргіп келіп сыймағандықтан соның жаңағы герезесі шағылып сондай үлкен нел резанданыс болған,0.375,0.1,16
train-00002-of-00048_001095,неге қазақтар жиналып қалды деген енді неге қазақтар жиналмау керек ол жерге өйткені әр жерде жүрсе мысалға да қазақша сөйлеуге болмайды қазақша айтпаңдар орысша не қылыңдар деген сөздер шықты да саясат сол кезде қазақтар қай жерге барып қазақша өлең тыңдап ауылың сенің іргеліңе мысалға да жаңағы жаңадан шыққан әндерді ты,неге қазақтар жиналық балт деген енді неге қазақтар жиналма көрек ол жерген өйткені әр жерде жүрсе мысалғата қазақша сөйлегі болмайт қазақша ттыңдар орысша неғылыңдар деген сөздер шықтыда саясат сол кезде қазақтар қай жерге барып қазақша өлең тыңдап аулың сенің іргеліні мысал ғата жаңа жаңатан шыққан әндеті тыңдап қай жерде олар өзінің басын біріктірет мысалғата сол кезде,0.62,0.28173374613003094,50
train-00002-of-00048_001096,жаңағы қайысқан ел болып мысалға адам жұрт көбейіп мысалға да қазақтардың рухы көтерілетіндей сондай бір жақсы жер болды,жа қайысхан ел болып мсалға адам жұрт көбейіп мсалға та қазақтардың руху көтерлетіндей сондай бір жақсы жер болды,0.3888888888888889,0.08333333333333333,18
train-00002-of-00048_001097,көрдіңіз бе жаңа жеңілдеп тұрған музыкаңыз вокалды аспапты дос мұқасан ансамблінің,көрдіңіз ба да жаңа жеңілдіп тұрған музыкаңыз вакалдаспапты доспақасан ансан білінің,0.7272727272727273,0.17073170731707318,11
train-00002-of-00048_001098,қазақ эстрадасында қосқан зор үлесінің ең шыңы деп мен солай айтар едім мысалға да ал оны әрі қарай кететін болсақ мысалға ол енді жаңағы ахмет жұбановпен байланысты өзіңіз бастадыңыз ғой әңгімені,қазақ эстралсына қосқан зор үлесінің ең шың деп мен сол айта дедін солғата ал оны әріқарай кететін болсақ мысалға ол енді жаңағы ахмер жұбанып пен байланысты өзіңіз бастадыңыз ғой әңгі мені,0.45161290322580644,0.10204081632653061,31
train-00002-of-00048_001099,ахмет жұбановтың оркестрі құрылып отыз алтыншы жылғы мәскеудегі онкүндікке баруы біздің операның баруы ол жерге сосын жаңа ақын жамбылдардың баруы дина нұрпейсалардың баруы,ахімет жұбановтің аркестрі құрылып отыз алтыншы жылғы мәскеудегі онкүндікке баруы біздің операның баруы ол жерген сосын ақын жамбылдардың баруы динанөрфецияларның баруы,0.30434782608695654,0.09302325581395349,23
train-00002-of-00048_001100,ол біздің қазақ ол кезде біз автономия тұғынбыз иә қазақ автономиялық жаңағы советтік жаңағы социалистік республикасы тұғынбыз сол жерге барып,ол біздің қазақ ол кезде біз автономия тұғынбыз қазақ автономиялық жаңа советтік жасоциалистк республикасы тұғынбыз сол жүргеу барып,0.25,0.09154929577464789,20
train-00002-of-00048_001101,сол осы барған үлкен жаңағы делегацияның басшысы болып темірбек қараұлы жүргеновтің баруы соның басы қасында болуы онкүндікте біздің егеменді ел бола алатын алатынымызды біздің түбіміз өте жаңағы өте тереңде жатқанын көрсетіп,сол осы барған үлкен жаңағы делегацияның басшысы болып темірбе қара ұлы жүргенттің баруы соның басықасында болуы он күндікте біздің егеменді ел болаалатынымызды біздің түбіміз өте тереңде жатқан көрсетіп,0.45161290322580644,0.12,31
train-00002-of-00048_001102,онкүндіктің ішінде концерттен кейін,онгөндіктің ішінде концерттен кейін,0.25,0.05714285714285714,4
train-00002-of-00048_001103,біздің автономия деген сөзді алып тастауының өзі ол үлкен саясат сен кеше мына досым қасағының 55 жылдығы,біздің автономиядігін сөзді алттысауының өзі ол үлкен саясат жн кеше мына дос мұқасағының елубес жылдығы,0.47058823529411764,0.17142857142857143,17
train-00002-of-00048_001104,бұл дүние,,1.0,1.0,2
train-00002-of-00048_001105,е,一,1.0,1.0,1
train-00002-of-00048_001106,өздері де өлең айтты мысалы өздері айтты ғой насихаттады ғой сейдолла бәйтерековтің жандосынның өзін ермек серкебаев кәдімгідей масаттанып айтты,өздерде өлең айтыөздұйрайт насихаттады ғой сейділа бәйтеректің жандысымның өзін ермек серкебайв кәдімде масаттаныпайты,0.7368421052631579,0.22916666666666666,19
train-00002-of-00048_001107,кеңестің өлеңдерін өмір өмір деген өлеңдер мысалға,аағ кеңестің өлеңдерін өмір өмір деген өлеңдеріін соғаты,0.42857142857142855,0.24,7
train-00002-of-00048_001108,мелодияға барып мәскеуге барып еще жаздырды и сол жерден кәдімгідей үлкен баға алды мысалға да жаңағы эстрадамен байланысты әңгіме ғой енді жаңағы өзіңіз айтывотқандай,мелодияға барып мәскеуге барып ешу жаздырды ий сол жерден кәдімдей үлкен бағ алды солғата жаңағы эсторадымен байланысты әңгіме ғоынды жаңағы өзіңіз айт отқандай,0.4583333333333333,0.11377245508982035,24
train-00002-of-00048_001109,барлығы эстраданың төңірегінде қимылдай бастады содан кейін енді өзіңіз ойлап қараңыз мысалға ол тарихты айтты ма екен ол болған оқиғаны мысалға досым сүлейхов ағам мына мұрат құсайыновпен бірге біз әңгімелескен кезде мынандай бір әңгіме шықты,бәрліғы истрадының төңірегінде қимылдай бастады судан кейін сағата енді өзіңізілік параңыз мысалға ол тарихты айттым екен ол болған оқиғаны мысалға дос мүсливағам на мұратқұсаынтпен бірге біз әңгімескінгізде нандай бір әңгіме шықты,0.5142857142857142,0.1728395061728395,35
train-00002-of-00048_001110,мынау тоқсан бесінші жылдары шешен мен орыстың соғысы болған кезде бір орыстың жігіті жаңағы тұтқынға тұтқынға түседі де шешен айтады ату керек дейді сол кезде бір шешенге айтады жаңағы үлкен бастығы барып ана қамыстың арасына апарып атты ұста дейді,мынау тоқсан бесінші жылдары шешен мен орыстың соғысы болған кезде бір орыстың жігіті жаңағықынға түсетпе шешен айтат атау керек дейдін со кезде бір шешенгі айтат жаңаы үлкен бастығы барып қамыстың арасына парым аттыста дейтін,0.4358974358974359,0.14457831325301204,39
train-00002-of-00048_001111,сол бара жатқан кезде енді барлығы енді араласып жүрген адамдар ғой енді бір бірін білгенмен бірақ анау енді жау барлығы ресейдің территориясында болыватқан дүние,сол бажатқан кезде енді бәріліғы енді араласы жүген анамдарғы енді бір бірін білгенмен бірақ анау енді жау бәріліғы ресейдің территоресінді болып атқан дүние,0.4583333333333333,0.12962962962962962,24
train-00002-of-00048_001112,а сол кезде айтады сен қаяқтансың дейді өзің бір соңғы бір нең бар ма дейді сөзің бар ма дейді сөзің бар ма өлім алдында сосын айтады мен қазақстаннанмын дейді орыс айтады сосын шешенді айтады мен де қазақстаннан туғанмын дейді,сол кезде айтаты сен қаяқтансын дейдын өзі бір соңғы бір нең барма дейд сөзің бармадөлім алдында сосын айтаты ме қазақстаннамы дейд орыс айтатын сосын шешінде мен де қазақстан туғамын дейді,0.6153846153846154,0.21585903083700442,39
train-00002-of-00048_001113,сен қазақстанда тусаң қазақша білесің бе дейді,сен қазақ станды тусаң қазақшы білесім ба дейді,0.7142857142857143,0.10869565217391304,7
train-00002-of-00048_001114,сосын енді білемін дейді,صستبليمديت,1.0,1.0,4
train-00002-of-00048_001115,бір екі ауыз сөз айтады мен қазақша әнін білемін дейді,бірек аусіз ата мен қазақшы әнім білем дейтін,0.9,0.2777777777777778,10
train-00002-of-00048_001116,қандай әнді білесің дейді сөйтіп ол той жүргенін айтып береді,қандай әнді белесінде титі бол той журн айтып кереді,0.6,0.2786885245901639,10
train-00002-of-00048_001117,өзіңіз ойлап қояңызшы адам өлейін деп тұр міне иә той жырын өлеңін айтып келгеннен кейін сосын анау айтады екеуі қосылып сол жерде анау шешен екеуі қосылып сол той жырын айтады,өзіміз өле құрыңізші адам өлеңдііп тұр міне той жүрін өлеңін айтық бергенден кейін сосын анау айтады екеуі қосылып сөзітте ана шешен екеуі қосылып той жүрін айтаты,0.5,0.22727272727272727,30
train-00002-of-00048_001118,содан кейін айтады енді мен аспанға атамын дейді сен енді шешесінің ана келмейтін не болып қаш дейді сөйтіп адам тірі қалады әннің арқасында аха бұның қай жерде жеңілдігі бар сонда керемет дүние бір әннің құдіреті мысалға,содан кен айтат енді мен аспанғатам бейт сен енді шешенсаға келмейтінде оп қаштейт сүйтіп адам тіріқалад әнінің арқасында бұның қажерде жеңілдігі барсанда ерметт бір әнінің құдіреті мысалға,0.6666666666666666,0.21266968325791855,36
train-00002-of-00048_001119,нұрғұй сәтіле иә нұрғұй сәтіле,رغبرغ ساتلي,1.0,0.9666666666666667,5
train-00002-of-00048_001120,ойбой же,زوزي,1.0,1.0,2
train-00002-of-00048_001121,менің ойымша,我也事,1.0,1.0,2
train-00002-of-00048_001122,бұл жерде мынандай не бар,зіде мынандай дүне бар,0.6,0.36,5
train-00002-of-00048_001123,ұйым бар,ويمبر,1.0,1.0,2
train-00002-of-00048_001124,жаңағы өздерінің ойын шығармайтындай,заңағы өздерінің ойын шығармайтындай,0.25,0.027777777777777776,4
train-00002-of-00048_001125,ұйымдар болғанына мен сенемін негізі өйткені мәскеудегі жас тұлпарды айтайық ол да соның мәскеудің төрінде тұрып тұрып жаңағы мұрат әуезов солардың бәрін ұйымдастыру оларға барып мұхтар әуезовтің барып лекция оқуы мысалға да жастарға кейін мына елу жылдығында жас тұлпардың мен проректор болып жұмыс істеватырмын жүрген академиясында,ұйымдар болғанында мен сенем негізі өйткен мәскеудегі жастылпард айтайяқ олдасону мәскеунің төрінде тұрып тұрып жаа мұрат әзі солардың бәрі ұйымдастыру оларға барып мұқтар әуезіптің барып лекция оқуы сағата жастарға кейінына елу жылдығында жастылпардың мен проектор бол жүн сдеп атырым жүрген академиясында,0.5652173913043478,0.13813813813813813,46
train-00002-of-00048_001126,сол кезде,سوgىزدى,1.0,1.0,2
train-00002-of-00048_001127,келіп елу жылдығын сол жүргеновке қай елу жыл бұрын,келіп елу жылдыңыз сол жүргендіпке елу жыл бұрын,0.3333333333333333,0.17647058823529413,9
train-00002-of-00048_001128,отырыс болған жерде сол жерде елу жылдан кейін келіп жаңағы сол залда болып театрда болып жүрген академияның ішіндегі сол кезде мынандай сөзді айтты,отырыс болған жерде сол жерде елу жылдан кейін келіп жаңа сол залда болып театрда болып жүргенптің академияа шіндегісол кезде мынандай сөзді айтты,0.21739130434782608,0.07432432432432433,23
train-00002-of-00048_001129,не істеу керек,не стеу гірек,0.6666666666666666,0.21428571428571427,3
train-00002-of-00048_001130,жақсы ән арқылы жақсы марш арқылы сол кезде шәмші қалдаяқовтан келіп мен,жақсы әні арқылы жақсы марш арқылы со кезде шамшы қалдай ақытың келіп мен,0.4166666666666667,0.1527777777777778,12
train-00002-of-00048_001131,болашақ гимн жаздым деуі кейін жылдар өткеннен кейін ол гимннің болуы мысалға да түсіндіңіз бе оны кім аузына салып тұр мысалға да өйткені біз түбіміз тереңде жатқан халықпыз соны ойлаймын сол кездегі жаңағы мына бүгінгі гимннің шығуы мысалға менің елім менің жерім деп мысалға да шығуы оны ұрандатып жастардың барып шығып сол содан кейін жаңа,болашақ гимін жазымдеуі кейін жылдар өткендее ол гимін болуы мсалғата тсімніңіз ба оны кім ауыздан салып тұр мысалғата өйткені біз түбіміз тереңлі жатқан қалықбыз соны ойлай сол кездегі жаңағы на бүгінгі гиміннің шығуы саға менің елім менің жерім деп салғата шығуы оны ұрандатып жастардың барып шығып сол содан кейін жаңағы ілкесімім бар ілкесімі бар солар көріп жастары көргеннен кейін айтқан жоқ,0.6,0.3469387755102041,55
train-00002-of-00048_001132,орнында тұра берсін халыққа олай тиіспей ақ қояйық,орында тұра берсін қалыққала тиспияқ қораяқ,0.75,0.26,8
train-00002-of-00048_001133,мысалға да ол жаңағы титығына тиіспей ақ қояйық деп сол кезде де мысалға содан кейін мен ойлаймын алпыс алтыншы жылы шалқар радиосы ашылды шалқардың ашылуы,мсалғата ол титығына тиіспер қояқ деп со гізде де мысалға содан кейін мен ойлаым алпыс алтыншы жылы шалхар радиосы ашыл шалхардың ашылуы,0.48,0.16774193548387098,25
train-00002-of-00048_001134,ол,我,1.0,1.0,1
train-00002-of-00048_001135,біздің мемлекеттердің жаңағы жатқан ар жағында жатқан қазақ жаңағы қазақ қоғамдарына солардың жетуі жаңағы не арқылы жаңағы толқын арқылы толқынады да өзіңіз ойлап қараңызшы,біздің мемлекеттердің жаңағы жатқан аржағында жатқан жаңағы қазақ қоғамдарына солардың жетуі жңа не ақылытолқын арқыллқынта өзімізде роқп параңжсы,0.5416666666666666,0.2254335260115607,24
train-00002-of-00048_001136,таза қазақша болуы шалқардың,қазақ қазақша болу шалқардың,0.5,0.10714285714285714,4
train-00002-of-00048_001138,түсіндіңіз бе,snsba,1.0,1.0,2
train-00002-of-00048_001139,әнін мысалға нұргиса жазатын болса нұр тіленди жазатын болса сөзін тұманбай молдағаев жазып жатты ғафу қайырбеков жазып жатса мына жақта шәмші қалдаяқов жазып жатты өзіңіз ойлап қойыңызшы қандай ірі жаңағы тұлғалар бірігіп сол кезде осындай әндерді халыққа беріп и оны халық тез алып кетуі мысалға та ол енді біздің халықтың мен ойлаймын,әнін мсалға нұргесе жазатын болса нұр тілендеп жазатын болса сөзін тұманбай молда ғайп жазып жатты ғафу қайырбекіп жазып жатса мынақта шәмш қалдай ақып жазып жатты өзіңіз өрек қарш қандай іре ағы туғалар нә бірігіп сол кезде осындай әндерді қалыққа беріп и оны халық тез алып кетуі салғата ол енді біздің халықтың мен ойлай мегізі,0.40384615384615385,0.14836795252225518,52
train-00002-of-00048_001140,музыкалық демей ақ қояйын өнердегі феномен мысалға та елу тоғызыншы жылы,музыкалық демек қойын өнердегі феноменымсалғата елу тоғызыншы жылы,0.5454545454545454,0.1111111111111111,11
train-00002-of-00048_001141,иә біләліңіздер,يبلن,1.0,1.0,2
train-00002-of-00048_001142,түсіп өз жаңағы,这本这样来,1.0,1.0,3
train-00002-of-00048_001143,венера қармыстова люция төлесова,велеро кормыства людся тулесва,1.0,0.28125,4
train-00002-of-00048_001144,ескендір хасанғалиев те өлең айтты ол жерде ән шығарып жүріп сондай мықты әншілер болды,ескендір хасан ғалекте өлең айт бол жерді әнін шығарып жұп сондай мықтаншілер болды,0.6428571428571429,0.1839080459770115,14
train-00002-of-00048_001145,бұл кісілердің,бұл кісілердің,0.0,0.0,2
train-00002-of-00048_001146,мен ойлаймын барлығының сол кездегі арманы,мен ойлен барлығының согіздегі арманы,0.5,0.19047619047619047,6
train-00002-of-00048_001147,жақсы әнді халыққа,жақсы әнді халыққа,0.0,0.0,3
train-00002-of-00048_001148,кәсіби түрде жеткізу болды,кәсібей түрде жеткізу болды,0.25,0.07692307692307693,4
train-00002-of-00048_001149,баяғыдай жаңағы бір баянмен бір домбырамен емес эстрадалық симфонистский оркестрмен жеткізу керек болды өйткені халықаралық тенденция сондай тұғын сұраныс сондай тұғын мысалға да өйткені мәскеуде небір жаңағы оркестрлер болса әрбір жаңағы мемлекетте одаққа қарайтын әрбір неде республикада,баяғдай жаңағы бір баянмен бір домбранмен емез эстразлық симфониско аркестрме жеткізу керек болды өйткені қалқаралық тенденсі сондай тұғын сұраныс сондай тұғынат өйткені мәскеуде неі жаңа аркестрлер болса әрбір жаңағы мемлекетте одаққа қарайтын әрбір неде республикада,0.3783783783783784,0.11072664359861592,37
train-00002-of-00048_001150,бір бір жақсы ірі ірі,бір бір жақсы ірері,0.4,0.14285714285714285,5
train-00002-of-00048_001151,эстрадалық симфониялық оркестрлер пайда бола түседі,эстрадлық симфониялық аркестрлер пайда болабысты,0.6666666666666666,0.1568627450980392,6
train-00002-of-00048_001152,облыстарда да ашыла бастады мысалға да соның арқасында,олбыстардада ашыла бастаты мысалғата соның арқасында,0.625,0.1111111111111111,8
train-00002-of-00048_001153,кәдімгідей білімді,كەدمدى بىلىمدى,1.0,0.9444444444444444,2
train-00002-of-00048_001154,мықты музыканттар шыға бастады,мықты музыканта шаға бастады,0.5,0.1,4
train-00002-of-00048_001155,санаты сол кезде әлемде әртүрлі бағыттағы стильдер пайда бола бастады,сағата сол кезде әлемде әртүрілі бағыттағы істелдірі пайда бола бастаты,0.4,0.13043478260869565,10
train-00002-of-00048_001156,түсіндіңіз бе аха рок ансамблің бар вокалдар спорт ансамблің бар жаңағы джазуы ансамбльдерің бірақ джаз енді ол түбі неде жаңағы афро американецтерден шыққан дүние ғой сол дүние біздің одаққа да келді одақтан кейін бізде де ашыла бастады кейін,түсінніңіз ба рок ансан білің бар вакалдаспаттансан білің бар жаңа жазы ой ансан білдерің бірақ жазы енді ол түбі не де жаңағы афра американистердін шыққан дүние ғой сол дүние біздің одаққада келді одақтан кейін бізде де ашыла бастады кейін,0.5263157894736842,0.14814814814814814,38
train-00002-of-00048_001157,ең қызығы,ең қызғы,0.5,0.1111111111111111,2
train-00002-of-00048_001158,әә,嗯,1.0,1.0,1
train-00002-of-00048_001159,сол кезде сен жаңағы мысалға елуінші жылдарда ашық кәдімгідей жаңағы министрліктің немесе қалалық әкімшіліктің рұқсатынсыз бір жерде ойнайтын болсаң сені кәдімгідей жаңағы жазалайтын тұғын жазалайтын мысалы да білеміз мына сен бүгін жаз ойнап жүрсің ертең сен отанын сатып жібересің деген сияқты болды болды болды сондай күлкілі дүниелер болды мы,сол кезде сен жаңағы мысағы елуіш жылдарда ашықп кәдімдей жағы министрліктің немесе қалалық әкімшіліктің ұрқсатыныс бір жрді ойнайтын болсаң сені кәдімгідейжазалайтынмына сен бүгін жазоназсін ертең сен отанын сатшы бересін деген сесондай күлкілі дінелер бол бірақ музыка бір орінда тұрама жаз мысалға еркіндік түетін дүние еркіндікті қалай берсей екен,0.7346938775510204,0.47109826589595377,49
train-00002-of-00048_001160,айқайлап көшеге шығып айтуға болмайды оны музыка арқылы беріватқан түсіндіңіз бе ал музыканы түсінетін әркім өзінің музыкасын түсінеді ғой халқының мысалға да енді өзі өзі өзі қазір құрманғазының жаңағы кісен ашқаны бар ол қалай біліп тұр мысалға да ол жаңағы түрмедегі жаңағы қарайтын адам түрмеге жа,айқалапш көшеге шығып айтуға болмайты оны музыка арқылы беріп отқан сеніңіз ба ал музыканың түсінетін әркім өзінің музыкасын түсінеті ғ халықыны салғата енді өзіңізлаз құрманғазының жаңағ кісен ашқаны барысы қалай біліп түрм салғата жаңағы түрмедегі жаңағы назератлі қарайтын адам түрмеге жңғы,0.5434782608695652,0.18604651162790697,46
train-00002-of-00048_001161,бәріне қарайтын адам сол біліп тұр ей мынау ертең қашып кететін адам сияқты деген сияқты мысалға да түрмеден қашқан бір басқасы бар күйдің үніне қарай күйдің үніне қарай сонымен бе музыка тіл деген ол,бәріне қарайтын адам сол біліктір әм мынау ертен қашық кететін адам сияқты деген сияқтын солғата түрмеден қашқанбар басқасыбар күйдің үнне күйдің үніне қарай сініі музыка тілдеген ол,0.5294117647058824,0.16,34
train-00002-of-00048_001162,қаншалықты терең қаншалықты биік екенін тек қана оны кейбір,қаншалықты терең қаншалықты биіг екенін текқана оны кейбір,0.3333333333333333,0.03389830508474576,9
train-00002-of-00048_001163,музыканттар ғана түсінуі мүмкін мысалға да өйткені инструменталды музыка ол өте бір мықты бір жаңағы бағыттардың бірі өйткені ол эстраданың ішінде жатқан дүние ғой жаңа мен алдында айтып кеттім ғой эстрада кішкентай жаңағы подиум болатын болса соның ішінде оркестр сиятындай подиум болған мысалға да бірінші сол сондай болған сосын мен жаңағы алдында бірінші сипаты,музыканттар ғана түсіну мүмкін мсалғата өткені инструментальды музыка ол өте бір мықты б жаңағы бағыттардың бірі өткен ол эстрадының ішіндей жатқан дүние ғой жаңа мен алдында айтып петім эстраде күшкендайжаа подеом болатын баса соның ішінде әркестр сиятындай подеон болған мсалғата бірінші сондай болған сосын мен жаа алдында бірінші сипатынды айттым,0.4444444444444444,0.14520547945205478,54
train-00002-of-00048_001164,танымал ойын сауық,танымал ойын сауық,0.0,0.0,3
train-00002-of-00048_001165,сипаттағы түрі деп өйткені танымал адамдар сол подиумда тұрып өздерінің жаңағы өлеңін оқыған әзілкештер әзілін айтқан сіз білесіз бе мынандай бір дүние бар,сипаттағы түрідіп өйткені танымал адамдар сол подимда тұрып өздерінің жаңа өлеңін оқықан әзілкештер әзілін айтқан сіз білесто нандай бір дүние бар,0.34782608695652173,0.08387096774193549,23
train-00002-of-00048_001166,қазан төңкерісіне дейін,қазан төңкерсіне дейін,0.3333333333333333,0.043478260869565216,3
train-00002-of-00048_001167,сағаты 1920 жылдарға дейін осы мына эстрадалық өнер,салғаты бір мың тоғыз жиырма сыншы жылдырға сеін осы мына эстрадалық өнер,1.0,0.5882352941176471,8
train-00002-of-00048_001168,сол жаңағы ойын сауық танымалдық өнер,сол жаңа ойын сауық танмалды өнет,0.5,0.13513513513513514,6
train-00002-of-00048_001169,жаңағы көрсетіп жатырмыз,,1.0,1.0,3
train-00002-of-00048_001170,ол сол енді мына жүз жылдан кейін тура сондай коммерсанттардың қолына келіп тұр көрдіңіз бе өйткені ол жерде ақша болады,ә ол сол енді мыла жүжілдан кей жура сондай комерсиатордың қолынәгептор көрдіңіз мі өйткені он жерде ақша болады,0.6,0.2,20
train-00002-of-00048_001172,әрине әрине,,1.0,1.0,2
train-00002-of-00048_001173,ондай бір құндылыс үйі бар,كمي,1.0,1.0,5
train-00002-of-00048_001174,келісемін,مكلسم,1.0,1.0,1
train-00002-of-00048_001175,негізі,一个子,1.0,1.0,1
train-00002-of-00048_001176,ең бірінші гимн мұқан төлебаев та жазған иә иә латифханбет жазған гимнде,ең бірінші гимін мұхантөлюбаевта жазған ақамет жазған гимінде,0.6666666666666666,0.2638888888888889,12
train-00002-of-00048_001177,енді музыканттар жақсы біледі размері 3 4 негізі,енді музыкаметтер жақсы білет размері үшті төрт негізді жандтататитататаа,0.75,0.6666666666666666,8
train-00002-of-00048_001178,осы үш те төртке біздер кәдімгідей бір екі қылып жүре аламыз маршрутовать ете аламыз өзіңіз ойлап қояйыншы музыка үш те төрті музыка үш те төрті бірақ жүрісін екі те төрті мысалға да өзіңіз ойлап қояйыншы бұл феномен ғой негізі де оны мысалға көбісі не біле бермейді ғой бірақ музыканттар енді жақсы зерттеген музыканттар оны білуі мү,осы үшті төртке біздер кәдіңдей бір екі ғылып жүраламыз маршырауа деталамыз өзіңд лік құранш музкатбірақ жүрісінегіе төрт салғата өзіңді өлік құранш бұл феноменғ негізі оны саға көбісіне біле бірмейді бірақ музыканттар енді жақсы зеттіген музыканттар оны білеуі мүмкін осындай дмилер негізі көп содан кейін,0.8392857142857143,0.4221556886227545,56
train-00002-of-00048_001179,үш те төрт мынағы осы одақтың ішіндегі басқа түрік тілдес халықтардың ішінде,ішті төрт мынаға осы одақтың ішіндегі басқа түріктілдіз халықтардың ішінде,0.4166666666666667,0.09210526315789473,12
train-00002-of-00048_001180,өлеңдері өте аз біздікін де көп емес аха а біздердікін соған жатық қылып тұрған ақындардың сөзі жатық қылып тұр сол сөзге ән жатық болып тұр а байланысты нәрсе байланысты нәрсе болып тұр аха мысалға кеңес жүсекейіптер шыққан кезде жаңа жеті те төрт бес те төрт мысалға та сәлем саған туған ел аспаны өркелі бір жұлдызы бір түні б,өлеңдер өте аз біздікінде көпемес а бізде дікін соған жатық қылып тұрған ақындардың сөзі жатық құлып тыр сол сөзге ән жатық болыптрайланысты нәрсе олптыр мсалға кеңіз жүсе кейіптер шыққан кезде жаға жеттіді төрт бесті төрт мысалғата сәлем саған туғанел аспанібіркелі бір жұлды зу бір түні бір мысалғата сондай нәрселердің бәрліғы размеллері бөлек,0.7068965517241379,0.3495440729483283,58
train-00002-of-00048_001181,мен сізге бір нәрсе айтып берейін енді халық біледі ме білмейді ме музыканттар білуі мүмкін сексенінші жылдары мәскеулік эстрадалық симфониялық оркестр роза рымбаева осы өлеңді айтқан кезде дұрыс акцент қоя алмай ойнаумен жатқан,мен сізге бірнәсе әйтып берен енді халық білема ема мзіконтар білуі мүмкін сексеші жылдары мәскеулік страдлық симфониялық әркестр розорымбаева осы өлеңіді айтқан кезде дұрыс акцент қоя алмай ойналмая жатқан,0.48484848484848486,0.14912280701754385,33
train-00002-of-00048_001182,түсіндіңіз бе нотына әкеліп береді бірақ түсінбейді сол кезде тасқынынан қалып марқұм қазақтың бірінші продюссері,түшінніңіз бы нотыны әкеп берет бірақ түшінбейт сол кезде тасқына қалып мархым қазақтың біренш продюсоры,0.6666666666666666,0.18584070796460178,15
train-00002-of-00048_001183,сол,صل,1.0,1.0,1
train-00002-of-00048_001184,кеңес жүзеге екі күнге алдырып мәскеуге,кеңес дүсе кет екі гүнге алдырып мәскеуге,0.5,0.15384615384615385,6
train-00002-of-00048_001185,екі күн репетист жасап кеңестесек деп отырған басқа халықтың өкілдеріне соларға түсіндіріп мынау былай ойналады былай ойналады деп екі күннен кейін шығып кеткен содан кейін оркестр ойнап кеткен,екігін репетит жасап кеңіз үсекейіп ана отырған басқа халықтың өкілдеріне соларға түсіндіріп мынау бла былай ойналат теп ек күннеген шып беткен соданген әркесті ойнак еткен,0.7142857142857143,0.23834196891191708,28
train-00002-of-00048_001186,иә барып барып аналарға түсіндіріп кетті түсіндіріп кетті қалай ойнау керек те мысалға,барып барып аналарға түсіндірік бетсендірік калай ойнау кереткенін сола,0.6923076923076923,0.313953488372093,13
train-00002-of-00048_001187,оған су салып отырған халық,ан сусау отырған қалык,0.8,0.2962962962962963,5
train-00002-of-00048_001188,аха сол кезде сол кезде өйткені жан жақтан қысым болып жатты ғой ана есіңізде ме мысалға домбыра деген ол көнеден келатқан бір архаический бір жаңа инструмент алып тастаңдар деген елу жетінші жылар елу алтыншы жылар сөз шыққан түсіндіңіз бе сол кезде оны,сол кезде сол кезде өйткені жанжақтан қысым боып жаттыр ғой ана есіңізде ма мысаға домбыра деген ол көнедеңге жатқанбыр арқа еске бір инструмент алпыстаңдар деген елу жетінші шылар еуреалзын шылар сө шікқаніі сол кезде оны,0.5238095238095238,0.20866141732283464,42
train-00002-of-00048_001189,қазақтың басын біріктіретін өлеңдер шығару керек болды қазақтың домбыралары кәдімгідей құрманғазы оркестрі шетелге шығып сол елу бесінші жыл ма екен бірінші рет,қазақтың басым біртіретінді өлеңдерім шығару керек болды қазақтың домбыралары кәдімде құрманғаз оркестрі шетелге шығып сол елу бесінші жылым екен бірінші,0.36363636363636365,0.10625,22
train-00002-of-00048_001190,құрманғазы оркестрінің арқасында қазақ даласында қазақ елінде мемлекетінде бірінші рет министерство құрылды,құрманғазы аркестрінің арқасында қазақ даласында қазақ елінде мемлекетінде біреншлет министерс тқырылды,0.4166666666666667,0.09345794392523364,12
train-00002-of-00048_001191,бір оркестрдің арқасында өзіңіз құрасыз өйткені несиесі құру керек болды,бір әркестірін арқасында өзіні өрек қора өйткені менестерсті құру керек болып,0.6,0.2916666666666667,10
train-00002-of-00048_001192,сосын сол министрлік соны қорғау керек болды мысалға да осындай біздің оркестріміз бар деп ол кезде құрманғазы оркестрі уже бір он шақты елді шетелді аралап келген кезде мысалға да домбыраның арқасында беделді беделді беделді беделді беделді ұжым бола бастады мысалға да ал оған дейін елу бесінші жылға шейін қырық алтыншы жылы ма екен мынау,сосын сол министрлік соны қорғау керек болды мсал ғата осындай біздің аркестіріміз бар деп ол кезде құрманғаз аркестірі жі бір оншақты елді шетелді арлық белген кезі мсалғата домбыраның арқасілдібеделді жұмбыла бастады мысал ғата ал оған дейен елубезінші жылғашеін қырық алтыншы жылым екен мну,0.5740740740740741,0.20527859237536658,54
train-00002-of-00048_001193,министерство кинематография ма соның ішінде бірінші ол кинематография құрылды сосын соның ішінде бір отдел болды,министерство киномотографиямы соның ішінде бірінші ол киномотографи құрылды сосын соның ішінде бір әдел болды,0.26666666666666666,0.08035714285714286,15
train-00002-of-00048_001194,жаңағы министрлік ашылғаннан кейін сол кезде уже оркестрлер көп ашыла бастады министрлік ашылғаннан кейін оның құқығында уже мына облыстық оркестрлер аудандық оркестрлер бәрі ашыла бастады сол кезде біздер уже жырауымызды жыршыларымызды біле бастадық мысалға,жаңағ өнерді орғайтын министрлік ашылғандан кейін со кезде ж әркестрлер көп ашла бастады министрліг ашылғандан кейін оның құғында жн облыстық әркестрлер аудандық әркестрлер бәрі ашыла бастады со кезде біздер жі жұрауымызды жыршыларымызды біле бастадық мсалға,0.5588235294117647,0.14728682170542637,34
train-00002-of-00048_001195,түң төңірегінде студия айта беріңіз айта беріңіз эстраданы студиядан кейін қазақ циркінің аяғына тұруы гүлдер ансамблінің аяғына тұруы эстрадалық студияның кейін училищи болуы сағаты,төңірегіде сясэстрадыны студиядан кеін қазақ циркінің аяғына тұруы гүлдер ансамбльнің аяғына тұруы эстрадлық студияныңкейін өчіліше болуы сағат,0.625,0.25824175824175827,24
train-00002-of-00048_001196,сонда өзіңіз алып қараңыз,сонда өзігіз роқ пырыңыз,0.75,0.32,4
train-00002-of-00048_001197,студияны ашу үшін,студияна ашуушын,1.0,0.23529411764705882,3
train-00002-of-00048_001198,екі жылдық студияны ашу үшін асқар тоқпанов бар ғарифолла құрманғалиев бар жүсіпбек елебеков бар гүлжихан ғалиева басқасында болды гүлжихан ғалиеваның осы кісілер тағы да басқа кісілер,а екі жылдық студиянашу үшін асқар тоқпанып бар ғарифола құрман ғалиеп бар жүспек елебекіп бар гүлжехан ғалиева басғасында болды гүлжехан ғалиеваның осы кішілер тағы да басқа кішілер,0.5384615384615384,0.09782608695652174,26
train-00002-of-00048_001199,барлық елді мекендерге барып талантты балдарды таңдап алып келіп сол студияға түсірген өйткені олар барып алмаса өйткені қазақтар ол кезде енді,барлық елді мекендерге барып талантты балдарды таңдап алып келіп сол студияға түсірген өйткені олар барып алмаса өйткені қазақтар ол кезде енді,0.0,0.0,21
train-00002-of-00048_001200,қайсысы жаңағы менің балам талантты деп оны жібере қояды алматыға,қайсы жаңағы менің баламы таланттідіп оны жібере қояды алматыға,0.4,0.09230769230769231,10
train-00002-of-00048_001201,ол кезде алматыда жаңағы жетпіс бес процент пе сексен процент басқа ұлттың өкілдері тұрады мысалға та қазақтардың өздері қазақша сөйлей алмай жүрген кезде,о кезде алматы да жаңағы жетпіс бес процент да сексен процент басқа ұлттың өкілдері тұраты мысал ғата қазақтардың өздері қазақша сөйлалма жүрген кезде,0.391304347826087,0.07142857142857142,23
train-00002-of-00048_001202,үлкен қазақ мектебі жабылып көптеген кісілер балдарын орыс мектебіне беріватқан танымал ақындар да композиторлар да барлығы жаңағы басқа мектептерге басқа тілде орыс тілді мектепке беріп жатқан кезде сөйтіп жатқан кезде мына оның алдында жұбанов мектебінің ашылуы сағат таза қазақ балдардың келуі содан кейін қаланың балдарын не істейміз деп оған күләш байсейтова атындағы мектепті,үлкен қазақ мектебі жабылып көптеген кісілер балдарын орыс мектебі не беріп жақа танымал ақындарда композиторларда бәрліғы жаңағы басқа мектептерге басқа тілді орыс тілді мектепке беріп жатқан кезді сүйтіп жатқан кезде мна оның алдында жұбанлық мектебінің ашылуы саға таза қазақ балдардың келуі содан кейін қаланың балдарынын естейміз деп оған күлешбай ситіпатында мектептің ашылуы соның бәрліғы білай жинама түрді келген кезде,0.5283018867924528,0.2230971128608924,53
train-00002-of-00048_001203,қазақтың болашағы балдары білімді болсын осы тереземіз тең болсын қалмасыншы деген оймен жасалған дүниелер соның бәрін осы телевидение арқылы айту керек халық біліп отырсын дегеніміз бар,қазақтың болашағы балдары білімді болсын осы терезееміз тең болсын қалмасыншы деген оймен жасалған дүниелер соның бәрін осы телеуезіне арқылы айту керек қалық біліп болсын дегенымызлар,0.23076923076923078,0.08064516129032258,26
train-00002-of-00048_001204,енді гүлжаханғалиева оның ашқанын білесіздер басқарғанын білесіздер содан кейін,енді гүлжехан ғалева оның ашқаны білесідер басқарғаны білесідер судан кейін,0.7777777777777778,0.10126582278481013,9
train-00002-of-00048_001205,мен ойлаймын кейбір кезде мынау ұмытылып кеткен,мен ойлайым кебіргіізде мнау ұмытылып кеткен,0.5714285714285714,0.14893617021276595,7
train-00002-of-00048_001206,бірақ жақсы музыканттар көбісі біледі гүлдермен байланысты серік елеусізов деген режиссер болған мәскеуде бітіріп келген,бірақ жақсы музыканттар көбілсі білет гүлдермен байласы зка серек елеу сезіптіген режссүрі болғон мәскеуде тіріп келген,0.6666666666666666,0.18333333333333332,15
train-00002-of-00048_001207,мәскеуге,مسك,1.0,1.0,1
train-00002-of-00048_001208,оқуға түскен кезде мынандай бір қызық не болған,оқуға түскен гезде мынандай бір қызықтыне болған,0.375,0.06382978723404255,8
train-00002-of-00048_001209,ішке кіреді де,شكيكرتم,1.0,1.0,3
train-00002-of-00048_001210,жаңағы құс не қорлан да айтады ғой,жаңа қүсіне қораланд айтадығын,1.0,0.29411764705882354,7
train-00002-of-00048_001211,комиссия отыр,comissia outro,1.0,1.0,2
train-00002-of-00048_001212,аллардың бәрі таңғалады,алларың бәр таңғыла,1.0,0.21739130434782608,3
train-00002-of-00048_001213,қолын шапалақтайды,قолۇн шоپىлыقтى,1.0,0.6111111111111112,2
train-00002-of-00048_001214,че песню дейді,确别你,1.0,1.0,3
train-00002-of-00048_001215,сосын айтады моя песня дейді,来مي别心,1.0,1.0,5
train-00002-of-00048_001216,құдай құрады,了,1.0,1.0,2
train-00002-of-00048_001217,сері келу сезіп жатқан жері жайлы болсын сосын айтты а еще есть деген ес депті,сергелу сезіп жатқан серд әлебосын сосын айтта а ешу ес деген ес депті,0.5333333333333333,0.20512820512820512,15
train-00002-of-00048_001218,сосын алғанда тағы да бір қалғанын ұрып жіберген ғой,сосын алғанда тағы да бір қалған нұржбөргін б,0.4444444444444444,0.21153846153846154,9
train-00002-of-00048_001219,мысалға да сондай бір шорманның мұстафасы ма сондайды айтқан содан кейін,салаты сондай бір жашорманы мустафасыма сондайды айткан содангенет,0.7272727272727273,0.25,11
train-00002-of-00048_001220,феноменальный ой поступили деген сөйтіп түсіп оқуға,феноминальны бойпастып келедіген шүйтіп түсіп оқуға,0.7142857142857143,0.27450980392156865,7
train-00002-of-00048_001221,соны бітіріп келіп сол қазақстанға келгеннен кейін гүлжихан ғалиевамен кездеседі де,соны бітіріп келіп қазақстанға келгенден кейн гұжехан ғалеуамін кесетте,0.6363636363636364,0.2289156626506024,11
train-00002-of-00048_001222,сағаты,сығыты,1.0,0.3333333333333333,1
train-00002-of-00048_001223,сосын осындай нәрсе ашылайын деватыр оның бірінші режиссері кім болады осындай өзі болады да сол серік,сосы осындай нерсе ашылайын деп атыр оның біренші ресер кім болат осындай өзі болатты со серік,0.625,0.16666666666666666,16
train-00002-of-00048_001224,елу сегіз мырза,елеу сезмізді,1.0,0.5333333333333333,3
train-00002-of-00048_001225,ұзын көйлекті кесу қолдарына кішкентай домбыра беру мысалға кейін оны мына асатаяқпен жабу мысалға да енді ұзын қазақша жасаватырмыз содан кейін тағы да басқа әндерді жаңағы восточный деген әндер бар басқаша әндер бар соның барлығын,ұзын көлекті кесу қолдарына кішкендей домбыра беру мсаға кейін оны мына аса таяқпен жабу мсал ғата енді ұзын қазақшы жасап атырмыз содан кейін тағы да басқа әндерді жаңа вастошнделгенні әндері бар басқаш әндері бар соның бәріліғын,0.4857142857142857,0.125,35
train-00002-of-00048_001226,сол жасап,сыл жасап,0.5,0.1111111111111111,2
train-00002-of-00048_001227,халыққа көрсетті ғой сол кезде,қалыққа көсетті ғой сол кезде,0.4,0.06666666666666667,5
train-00002-of-00048_001228,гүлдер бүйтіватылды республикалық,кӱлдер битіба толды республикалық,1.0,0.21212121212121213,3
train-00002-of-00048_001229,жастар ансамбль деп аталды республикалық деп тұр қазақ жастар ансамбль деп тұр содан кейін халық оған да барады да мына лермонтов театрында болады ол жерде де не терезе ұсынады халықтың көптігі соншалықты мысалға да қызығушылық өйткені қазақша жазылып тұр,жастар ынсанбілдеп атылды республикалық тып тұр қазақ жастар ансан білдеп тұр соданкейін қалық оғанда баратта нәлерменв театрын да бола ол жерде дене терезеш сынат қалықтың көптігі соншалықты салғатақызығушылық өйткені қазақ шазарылып тұр,0.6666666666666666,0.17647058823529413,39
train-00002-of-00048_001230,республикалық қазақ жастар ансамбль деп жазылып тұр оған кімдер бар тек қана студенттер бар осы жерде оқитын мысалға да сол жерге барып ол жерде де әндерін айтып кейін жаңа сенбеуші мағалимовтер өлең айта бастады мысалға да,респуликалық қазақ жастар ансан білдеп жазылыптір оған кімдер бар тек қана стунттер барды ош жерде оқитын мысалғата сол жерге барып ол жерде де әндеріні айтып кейін жаңа сенбеушы мағалиптер өлең айта бастаты мысалғата,0.4444444444444444,0.10762331838565023,36
train-00002-of-00048_001231,сол ұлықпан есенов бірінші әншілердің бірі сосын,со ұлықпане сенів бірінші әншілернің бірі сосын,0.5714285714285714,0.10416666666666667,7
train-00002-of-00048_001232,қосыбаев деген бір кісі болды бірінші әншілердің ішінде сол кісілер қазақша әнді мысалға ауылың сенің іргелерді сахнадан айқайлап тұрып жаңа айтқан кезде жақсылап тұрып әндеткен кезде қазақтың балдары бірге айтып кәдімгідей,қосыбаеп деген бір кіші болды бірінші әншілерме шінде сол кісілер қазақшы әнді ауылын сенің іргелдерді сақнарын айқайлап тұрып жаңа айтқан кезде жақсылап түрып әнді ткінгезде қазақтың балдары бірге айтып кәдімгідей,0.3870967741935484,0.11659192825112108,31
train-00002-of-00048_001233,руху көтерілді,روхكүтерل,1.0,0.7142857142857143,2
train-00002-of-00048_001234,мысалға да содан кейін ол кезде барлық кімді қай аққа жіберетінін мәскеу шешеді сол кезде гүлдар ансамблінің заманауи екенін көріп былай жіберейік ұлаяққа жіберейік деп содан кейін малайзиядан малайзияның биін алып келді индияға барған кезде индияның биін алып келді роза бағалова сияқты ғой мысалға қай елге барады бір ән алып келеді де оны қазақша аударып жібереді ақ самарықазақи нақышқа,кейін олздқкімді қаяққа жіберетін мәскеу шешет сокзде үлдранабіліі змнау еенін кіқжібередмлаядабін аыпелндяадеиндияныңбиін алыпелроза бағналғасияқты қо малға қа елге бара бірән алып келетеоны қазақ шағудар жібереті ақсамаргарадгің блай бар таңіртеңімен бір шылуңсоның брлғын алып келіп кәід қазаи нақшқа,0.9322033898305084,0.5923076923076923,59
train-00002-of-00048_001235,жаңағы неғыл жаңағы салып әндетіп и қазаққа тағы да бір ән туғандай болды да мысалы қазақ даласында,жаңағыжаңағы салып әндетіп е қазаққа тағы да бір әнті оғандай болыпты мысалы қазақ таласында,0.5294117647058824,0.1717171717171717,17
train-00002-of-00048_001236,өте ірі тұлға көп рақмет сізге,өте ірітілға көп рахметсізгем,0.6666666666666666,0.16666666666666666,6
train-00002-of-00048_001237,әәәә,唉,1.0,1.0,1
train-00002-of-00048_001238,гүлжихан ғалиева негізі,гүлжихын ғалива негзі,1.0,0.13043478260869565,3
train-00002-of-00048_001239,жай ғана,جيغن,1.0,1.0,2
train-00002-of-00048_001240,шаруа үйінде дүниеге келмеген негізі,шаруба ийинде дүние келмеген негизи,0.8,0.19444444444444445,5
train-00002-of-00048_001241,заған,,1.0,1.0,1
train-00002-of-00048_001242,кәдімгідей әкесі ірі бай болған кісі,кәдінде әкесі ребай болған кісі,0.5,0.19444444444444445,6
train-00002-of-00048_001243,қали деген кісі текті текті өте текті кісілердің бірі болған,қале дегінгісі ктіекті өте текті кісілердің бірі болған,0.5,0.13333333333333333,10
train-00002-of-00048_001244,оқуға ресейге барады да,оқуға ресейге баратты,0.5,0.21739130434782608,4
train-00002-of-00048_001245,ленинградта түсе алмай қалады кейін мәскеуге келеді сол жерді бітіріп келгеннен кейін қырық үшінші жылдары ол кезде мәскеулік мосфильм де сосын көптеген музыканттар бар мына біздің филармония ішінде орналасқан сол жерге келіп солармен бірге концерттік ұйым болады соны кәдімгідей конференция болып сол жерде жұмыс істейді негізі,ленградта салмай қалат кейін мәскеуге келет сол жерді бітіріп келген неген қырқы үшүнші жылдары о кезде мәскеулік мос фильмда сосын көптеген музиканттар бар мына біздің фелормояни ішінде орналасқан сол жерге кел солар мен бірге концерттік үйін болат соны кәдінди конференция болып со рт жұмыс сейт негізі,0.5,0.1524390243902439,46
train-00002-of-00048_001246,менің естуімше өзінің жаңағы алтын басқа бір дүниелерінің салып,менің естуімше өзінің жаңағы алтын басқабір дүниелерінің салып,0.2222222222222222,0.015873015873015872,9
train-00002-of-00048_001247,шіріпті ашқан кезде,сүріп ташхан кезде,0.6666666666666666,0.3157894736842105,3
train-00002-of-00048_001248,қазақтың жас балдарын жаңағы атқа отыратын балдарды саратовтың циркіне жіберіп сол жерде үйретіп кейін келіп мына жігітовканы жасайтын да сол гүлжахан ғалиева,қазақтың жас балдарын жаңағы атқа отыратын балдарды сараттың циркіне жіберіп сол жерде үйретіп кейін келіп ына жигітовкүн жасайтында сол гүжахан ғалееуі,0.3181818181818182,0.06962025316455696,22
train-00002-of-00048_001249,сол кісінің арқасында негізі алпыс үш жылдан бастап жаңағы алға қойған ғой мақсат болады ғой негізі сол кезде жаңағы гүлдердің ашылуы студияның ашылуы оны өзі басқарып бітірген жаңағы оқушылардың барлығын осы циркке гүлдерге басқа да ансамбльдерге жіберуі,сол кісінің арқасында негізі алпыс жылдан бастап жаңағы алға қойған ғо мақсат болады қойгізді сол кезде жаңағы гүлдердің ашылуы студияның ашылуы оны өзі басқары бітірген жаңағы оқушылардың бәрлығын осы циркке гүлдерге басқа да ансан білерге жіберуі,0.21621621621621623,0.06274509803921569,37
train-00002-of-00048_001250,ол кісінің алға қойған мақсатының,ол үсіның алға қойған мақсатының,0.2,0.09090909090909091,5
train-00002-of-00048_001251,бір орындалған деп мен не қыламын негізі,бір орындалған деп мееғылам негізде,0.5714285714285714,0.225,7
train-00002-of-00048_001252,өте ірі тұлға,өте эритылгъан,0.6666666666666666,0.5384615384615384,3
train-00002-of-00048_001253,жанашыр болған қазақтың жастарына мысалға да білмей ме көрсетеді біледі ме одан сайын оны әрі қарай арттырып білімін де солай отырған мәскеуге талай адамдарды оқуға жіберіп мысалға да соның барлығы не кәдімгідей өзі ұйытқы болған да мысалға да вот қазір мысалға,жанашы болған қазақтың жастарына мысалға та білмей ма көрсететі білема одан сайын оны әрғара арттырып білімін та солайне қ отқан мәскеуге талай адамдарды оқуға жіберіп мсалға та соның бәріліғіне кәдімгідей өзі ұйтқы болған та мысалға та от қазір мысалға,0.4878048780487805,0.12260536398467432,41
train-00002-of-00048_001254,гүлжихан ғалиеваның арқасында жүсіпбек елебеуов ғарифолла құрманғалиевтер келіп сабақ берген,өжихан ғаливаның арқасында жүспе елебеу ғарифола құрманғалеттір келіп сауақ берген,0.7,0.15217391304347827,10
train-00002-of-00048_001255,мына сол студияға ол кісінің сіңірген еңбегінің мысалға мен ойлаймын менің өзім мысалға бір бес процент үш процентін ғана жасаған шығармын деп ойлаймын негізі та өйткені қазірде де құдайға шүкір енді жастарға көмектесіватырмыз ғой оқытып жатырмыз бірақ ана кісілердің,сол студияға ол кісінің сіңерген еңбегінің салға мен олай менің өзімі мсалға бір бес прон с процентның ған жасаған шығарымын деп ойлай негізді өйткені казірдерді құдайға шүкіренді балдарға жастарға көмектесыпатырмыз ғол оқытып жатырмыз бірақ ана кісілердің,0.5128205128205128,0.1760299625468165,39
train-00002-of-00048_001256,сол кездегі,сол кіздегі,0.5,0.09090909090909091,2
train-00002-of-00048_001257,қызыл империяның танып тұрған кезде,қызылы империяныңтанып тырған кезде,0.8,0.08571428571428572,5
train-00002-of-00048_001258,жасап жүрген тілектерін өзіңіз ойлап қараңызшы,жасап жүрген тілікттернің өзіңін олы қораңыш,0.6666666666666666,0.2391304347826087,6
train-00002-of-00048_001259,қаншама қазақтың оқытып солардың бәрін аяғына қойып,қанша ма қазаққыңбалдарын оқытып солардың бәрілің аяғына қойып,0.5714285714285714,0.2549019607843137,7
train-00002-of-00048_001260,барлығы кейін халық әртісі болды,бәрлға кейін халық әртісі болды,0.2,0.09375,5
train-00002-of-00048_001261,құм,嗯,1.0,1.0,1
train-00002-of-00048_001262,мен ойлай,من ولم,1.0,0.8888888888888888,2
train-00002-of-00048_001263,бағасын әлі дұрыс бере алмай жатыр,бағасын әлі дұрыс бер алмаг аты,0.5,0.11764705882352941,6
train-00002-of-00048_001264,аха,不,1.0,1.0,1
train-00002-of-00048_001265,ерліңіздіңіздің бе,,1.0,1.0,2
train-00002-of-00048_001266,құдай әнші,,1.0,1.0,2
train-00002-of-00048_001267,рақмет,رخم,1.0,1.0,1
train-00002-of-00048_001268,не себептен,你谢别定,1.0,1.0,2
train-00002-of-00048_001269,дос мұқасанның арқасында,досмоғасанның арқасында,0.6666666666666666,0.125,3
train-00002-of-00048_001270,барлық облыс орталықтарында жақсы жақсы ансамбльдер шыға бастады иә вокалда спортта ансамбльдер шыға бастады иә ол облыста шыққаннан кейін аудандарда шыға бастады мысалға да сөйтіп сөйтіп жалғасып кейде совхоз колхоздардың да ансамблі болды кезінде содан кейін мынау эстрада подиумына роза рымбаева келді мысалға да,барлық облыс орталықтарында жақшы жақсы ансан білда шыға бастады вакалдасоттансанбілде шығасы ол облыста шыққандан кейін аудандарда шыға бастадымсалғата сүйтіп сүйтіп жалғасыпкеге савқоз қалқоздарында ансан біле болды кезінде содан кейін мнау эстрада алаңына эстрада подимына роз рымбаев кіліп салғата,0.6818181818181818,0.24761904761904763,44
train-00002-of-00048_001272,өзінің жаңағы жалғасын тауып кейінгі мына азия дауысы болды азия дауысынан кейін басқа да мемлекетте жаңағы түркістанмен байланысты жаңағы үлкен үлкен фестивальдар конкурстары болды ол жерге барып қаншама адам жеңімпаз болып келіп жатты мысалға да,өзінің жаңағы жалғасын тауып кейінгі мыаға азиядаусы болды азиядаусынан кейін басқа да мемлекеттік жаңа түрк сонмен байланысты жаңағы үлкен үлкен фестивалдер конкурстыры болды ол жүрге барып қанша мадам жеңімпазболып кеіп жатты салғата,0.5428571428571428,0.10526315789473684,35
train-00002-of-00048_001273,мен мысалға кеңес дүйсекеев ағаны,менмі сала кеңіз десе кейіп ағаны,1.0,0.36363636363636365,5
train-00002-of-00048_001274,жетік беремін десең де болады,жетік білімдесінде болат,0.8,0.3793103448275862,5
train-00002-of-00048_001275,сидыла бәйтереков,сердыла бай керек,1.5,0.4117647058823529,2
train-00002-of-00048_001276,тілес қажғалиев мысалға та бұл кісілер,тілес хажғалиев сағата бұл күсілер,0.6666666666666666,0.15789473684210525,6
train-00002-of-00048_001277,дің эстрадалық жаңағы көзқарасы,дің эстрадызлық жаңағы көз қарасы,0.75,0.0967741935483871,4
train-00002-of-00048_001278,маған жақын болды,маған жақын болт,0.3333333333333333,0.11764705882352941,3
train-00002-of-00048_001279,аха содан кейін мен бұл кісілерді зерттей бастадым,содан кейін мен бұл күсілерді зерттей бастадым,0.25,0.1,8
train-00002-of-00048_001280,иә,嗯,1.0,1.0,1
train-00002-of-00048_001281,сүйтіп,s tp,2.0,1.0,1
train-00002-of-00048_001282,мен өзіме сондай бір білім қосқандай болдым да мысалға сондықтан кейін мен әні шыққан кезде мысалға міне саған әнімнің өзі шыққан кезде сыртында тұр екен жазылуын,мен өзіме сондай бір ілім қосқандай болдым тысондықтан кейіммен әнім шыққан кезде сағ саған әнімнің өзі шыққан кездесыртында түрекен жазылым,0.5384615384615384,0.1728395061728395,26
train-00002-of-00048_001283,бір күні сол тоқсаныншы жылдардың басы кеңес есекеев ағам би деп айтады маған,бір күні сол тоқсаныш жылдардың басы кеңіздесе киевағам бидео айтатмаған,0.6153846153846154,0.16883116883116883,13
train-00002-of-00048_001284,әй бала бері кел деді,әй была бергелдет,0.8,0.3333333333333333,5
train-00002-of-00048_001285,хқ,,1.0,1.0,1
train-00002-of-00048_001286,ойнашы ана бір әніңді айтшы деді,woyنaشاnevr anنdاytشdet,1.0,0.96875,6
train-00002-of-00048_001287,сосын қайсысы деп едім сосын баласына қарады кішкентай нұркенге,сіз қайссыз дебедім сыз баласына қарат кішкентей нүркенге,0.8888888888888888,0.23809523809523808,9
train-00002-of-00048_001288,үркен ойнашы ана сен ағаңның өлеңін жақсы көресің ғой деп барып та пианиноға ойнаватыр адам бір саған арналады деп ойнап ойнап шықты мен осы өлеңге дедім иә осы өлең не болып қалды аға деп едім білмеймін үйдегі жеңгейіңе ұнайды дейді сосын мен айтпаймын жеңгеге ұнаса өзіңіз өзіңіз отырғаным айтпайсыз ба өзіңіз,біркен ойнашана сен ағаңн өлеңі жақса өнесін ке бартты пиониндағы ойнап отыр татртрт адам бәр саған арналады деп ойнап ойнап шықты мен осы өлеңбадеедім я осы өлең не оққалдаға депедім білмем үйдегі жеңгеңе онаайт сосым жеңгеге онаса өзінгізгі анап тұрған айтпайсып өзм,0.7058823529411765,0.3247588424437299,51
train-00002-of-00048_001289,бар ойла айт ана өлеңдер деп мен енді енді ағалық несі бар ғой енді біздің бүкіл жағынан мен өзін композитор ретінде ірі тұлға ретінде хат сыйлайтынын біледі сөйтіп мені әй бала берген бала әрі тұр деп сөйтіп айта беретін тұғын марқұм жатқан жер жайлы болсын бәйтереков марқұмға анау айтады екен министрліктен басқа жерлерден,бар ойна ана өлеңтідеп н ағалық несі бар ғой нді біздің кешжағына мен өзін композитор ретінде әрі тұлға ретінде қат сыйлайтынын білет сүйтіп мені бала бергел бала әрі түрдеп сөйтіп айта беретін тұғын мархым жатқан жер жайлы осын әйтерегів мархымғ ана айтадекен менстілікте басқа желерден,0.5094339622641509,0.1753846153846154,53
train-00002-of-00048_001290,иә сен,心吧,1.0,1.0,2
train-00002-of-00048_001291,сөйтсе бұл кісі кәдімгідей әзілдеседі екен иә болған енді ол кезінде сондай болған деп а бірақ екеуміздің арамыз он екі мың он үш жас қой сондай ғана негізі кейін араластық сол араласып жүрген кезде айтады маған телефонмен звондап айтады кейбір кезде,сетілі айтпайсың ба осындай балаң бар екенін өзіңнен айнымайт құсайт әд ән шығарған әндесен әндеріңе құсайты деп сессе бұл кісі кәдінде әзілдесеткен я болған енді ол кезін деп сондай болған деп а бірақ екііміздің арамыз он екі ма он ші жығысма сондай ғана негізі кейін арласты қ сол арласық жүргінгізде айтат маған телефон ме збандап айтат кебкездем,0.975609756097561,0.62,41
train-00002-of-00048_001292,әкесін іздемейтін қандай бала дейді бұл дейді,әкесініз деметни қандай бола дейт бул дет,0.8571428571428571,0.26666666666666666,7
train-00002-of-00048_001293,сосын мен айтамын баласын іздемейтін қандай әке бұл деп мені былай екеуміз әзілдесетін тұғынбыз жатқан жері жайлы болсын бұл кісілердің әндерінмен расында да сүйіп орындап осы күнге шейін орындаймын қазіргі кизде райы бар ана ағамның қарағымайы бар иә жаңағы сосын мынау тілес қажығалиев менің әндерімді естіп саған мистер регей деген жақсы альбом шығарып беремін деп жүрген кездерде бұл дүниеден өтіп кетті негізі маған деген осында осы кісілердің көзқарастары басқаша болды негізі өте қатты,сосын т баласын ізееқандай ебұлдееіәілдеінғыыақа лыбұлкііңән расындад сүіп орнд ыше орндаымікездерай баағамның қарағымайы барытілес қажғалиевмніңәндерін биестіпсаған мистр регеден жақыәльбом шығарыпберемді жүргінгіздердебұлдүнеді өтікетінегііағандеіідң ка қаа олды нгііөте қат әсеретті ғ қыжыл бұрынық дбыс жазатын студияда,0.958904109589041,0.5040650406504065,73
train-00002-of-00048_001294,мен сексен төртінші жылы,мен сексін төртінші жылы,0.25,0.041666666666666664,4
train-00002-of-00048_001295,алтын дән деген ансамбль деген не сельхоз институт қазіргі аграрлық университеттің ішінде болды сол жерде студенттік ансамбль деген не сосын кейін басқардым,алтындан деген ансан білдеу өне селхоз институт казіргі агралық университеттің ішінде л сол жерде студентті ансан білде өне сосын кейін басқардым,0.5909090909090909,0.1794871794871795,22
train-00002-of-00048_001296,сол жерде,solcırd,1.0,1.0,2
train-00002-of-00048_001297,келіп,كلب,1.0,1.0,1
train-00002-of-00048_001298,мелодия жазған кезде өлең жазған кезде,мелоди жазған кезде өлең жазған кезде,0.16666666666666666,0.02631578947368421,6
train-00002-of-00048_001299,талғат сарыбаев,талза сарба,1.0,0.3333333333333333,2
train-00002-of-00048_001300,кездестірдік бірінші,кезде стірдік біріншіеті,1.5,0.2,2
train-00002-of-00048_001301,талғар сарыбаев дегенді былай сыртынан естуіңіз болмаса көрген емес екенмін,талғары сарып айып дегенді былай сыртынан естуіңіз болмаса көрген емес екемін,0.4,0.09333333333333334,10
train-00002-of-00048_001302,жаңа жүргіздің өзіңізді,,1.0,1.0,3
train-00002-of-00048_001303,танысып,,1.0,1.0,1
train-00002-of-00048_001304,содан кейін мен айттым менің осындай бір әнім бар дедім,содан кейі ме айтым менің осындай бір әнім бардедім,0.5,0.07272727272727272,10
train-00002-of-00048_001305,тыңдайсыз ба дедім,挺该斯و点,1.0,1.0,3
train-00002-of-00048_001306,гитарамен ойнап бердім,جطرم wنpرد,1.0,0.9545454545454546,3
train-00002-of-00048_001307,что сначит та,سسنت,1.0,1.0,3
train-00002-of-00048_001308,егер де сен маған жүктесең,егірде сен маған жүктісің,0.6,0.15384615384615385,5
train-00002-of-00048_001309,мен саған әшейін,ميسغن أشين,1.0,0.9375,3
train-00002-of-00048_001310,жазып берейін аранжировка деп,жазып бірен аражакіді,0.75,0.41379310344827586,4
train-00002-of-00048_001311,тигн,听,1.0,1.0,1
train-00002-of-00048_001312,иә,点,1.0,1.0,1
train-00002-of-00048_001313,әрлеп берейін деп,ئەرلىپ بىرىندى,1.0,1.0,3
train-00002-of-00048_001314,мен айтттым рақмет дедім,متم رخمد,1.0,0.9583333333333334,4
train-00002-of-00048_001315,жақсылап жасап бер де,kahsapjasıp birdi,1.0,0.9523809523809523,4
train-00002-of-00048_001316,соның алдында мен ойнадық,соны алтында мен ойнадық,0.5,0.08,4
train-00002-of-00048_001317,сол мына дыбыс несінде қалды,солдына дыбыс есінде қалды,0.6,0.10714285714285714,5
train-00002-of-00048_001318,мен айтайын деп отырғаным,мен айтайындеп отырғаным,0.5,0.04,4
train-00002-of-00048_001319,талғат сарыбай,қалға сарбай,1.0,0.21428571428571427,2
train-00002-of-00048_001320,өте феноменальный музыкант,wuti finominallى muzыkan,1.0,0.9230769230769231,3
train-00002-of-00048_001321,қалада тұң өссе де,қалада ту өсседе,0.75,0.16666666666666666,4
train-00003-of-00048_000000,енді әкесі болат сарыбаев екенін өзіңіз білесіз иә сол кісінің арқасында отырар сазы ансамблі дүниеге келгенін де білесіз иә сағаттар сол кезде талғат сарыбаев,енді әкесі болат сарбаеп екенін өзіңіз білесіз сол кісінің арқасында отыр асазансанбл дүние келгенн де білесісіз сағата со кезде талғат сарбайп,0.5,0.15723270440251572,24
train-00003-of-00048_000001,орысша сөйлеп орысша жазады ағылшынша сөйлеп ағылшынша жазады қазақша сөйлеп қазақша жазатын орталық мынау золотой квадрат дейміз ғой алтын квадраттағы алматының жалғыз қазақ тұғын,орысша сөйлеп орысша жазат ағылшынша сөйлеп ағылшынша жазат қазақша сөйлеп қазақша жазатын орталық мынау залаты квадрттеміз ғо алтын квадраттағы алматының жалғыз қазақтығ,0.3333333333333333,0.09444444444444444,24
train-00003-of-00048_000002,өзің сөйлеп қараңызшы керемет сағат та енді біреулер былай сөйлейді былай,өзін зөлік құраш керемен сағата енді піреулер былай сөйлетла,0.8181818181818182,0.2876712328767123,11
train-00003-of-00048_000003,үш тілді бірдей біледі,үш тілді бір дейуілет,0.5,0.22727272727272727,4
train-00003-of-00048_000004,бүкіл мына орталықтағы балдар музыкант балдар,бүкіл мына орталықтағы балдар музыканыт балдар,0.16666666666666666,0.022222222222222223,6
train-00003-of-00048_000005,жаңағы да танымал балдардың балдары бар сол қазіргі танымал адамдар бар мысалға да барлығы талғаттан келіп сұрайды екен,жаңағыта балдардың балдары бар сол қазіргі танымалы адамдар бар мысалғата бәріліғы талғаттан кеп сұрайд кен,0.5555555555555556,0.15966386554621848,18
train-00003-of-00048_000006,мысалға битлздың мына бір өлеңінде ана скорпионстың мына бір өлеңінде жаңағы басқа бар жаңағы ансамбльдердің өлеңдерін бәрін сол кісіден келіп сұрайды екен мысалға да гармониясы қандай еді,мсаға битльздің мінәбір өлеңімде ана скорпионсдың мінәбір өлеңімде жаңағы басқа бар жаңағы ансамблердің өлеңдерін бәрін сокістең геп сұрайды кен сағата гармония сағандаетін нәлсетіп баланына дағаде,0.7407407407407407,0.31382978723404253,27
train-00003-of-00048_000007,өзіңіз ойлап қараңызшы,وزن القرش,1.0,0.9545454545454546,3
train-00003-of-00048_000008,болат сарыбаевтың баласы мысалға да енді ол кеткеннен кейінгі ана музеймен байланысты дүниесін білесіз ғой біреу біледі біреу білмейді мысалға да,болат сарыбаіттің баласымсылғата енді ол кеткеннен кейінгі ана музеймен байлансып дүниесін белеібіреу білет біреу ілметн сағата,0.5714285714285714,0.20689655172413793,21
train-00003-of-00048_000009,американецтерге қанша ақшаға сатып аламыз деп тұрған кезде бұл мемлекеттікі деп,американістерге қанша ақшаға сатып аламыздап тұрғын гізді бұл мемлекеттіккі деп,0.5454545454545454,0.11392405063291139,11
train-00003-of-00048_000010,өзінің іздеген музейін берген жоқпын мысалға да вот сол кісілердің аттары көбірек аталса деймін мысалға да,өзінің іздеген музейін берген жоқ қым солғатасол кісілердін аттары көбірег аталса деймсолғата,0.625,0.2169811320754717,16
train-00003-of-00048_000011,ұлт мүддесін ойнаған халықты ойлаған адамдар ғой мысалға да біздер ортада айтамыз айтамыз сол қалып кетпесін деймін де сіздің мынау абай тв арқылы халық етсін деватқан ғой,ұлт мүддесін ойляған қалықты олаған анымдырғым сол қата біздер ортада айтамыз айтамыз сол қалық бетпесін деймті сіздің мынау абай тып арқылы қалық ессінде отқаны,0.5925925925925926,0.2046783625730994,27
train-00003-of-00048_000012,кәсіпкәеу,这,1.0,1.0,1
train-00003-of-00048_000013,ерғалиевтер бар азия дауысы,ерғалифтар бар азиядауыс,0.75,0.18518518518518517,4
train-00003-of-00048_000014,негізі әлемдік деңгеймен кеңесіп тұрмыз десем мен артық айтқан болар едім,негізі әлемдік деңгеймен кеңесп түрмізд сем мен артық айтқан боларедім,0.45454545454545453,0.0821917808219178,11
train-00003-of-00048_000015,бірақ,ร,1.0,1.0,1
train-00003-of-00048_000016,қазіргі,حزرج,1.0,1.0,1
train-00003-of-00048_000017,жастарды,جسترد,1.0,1.0,1
train-00003-of-00048_000018,айтып кету керек,k ptwrk,1.0,0.9375,3
train-00003-of-00048_000019,әлемді таңғалдырватқан,әлемді таң қалдырп атқан,1.5,0.18181818181818182,2
train-00003-of-00048_000020,димаштың өзі,你马是邓五子,1.0,1.0,2
train-00003-of-00048_000021,мысалға кеше ыстамбұлда,мысалға кеше станбулда,0.3333333333333333,0.13043478260869565,3
train-00003-of-00048_000022,өлең айтқан кезде,өлең айтхангізде,0.6666666666666666,0.23529411764705882,3
train-00003-of-00048_000023,сол стамбулдаға жиналған адамдар,сол стамболдаға жиналған адамдар,0.25,0.03125,4
train-00003-of-00048_000024,кәдімгідей қазақтың бәйді дауын бірге айтып тұр,кәнінде қазақтың дайдидауын бірге айтып тұр,0.42857142857142855,0.19148936170212766,7
train-00003-of-00048_000025,америкадан келгені бар қытайдан келгені бар барлығы мысалға да бұл құбылыс негізі құбылыс ұрпақ сабақтастығы бар негізі,америкадан келгені лар қытайдан келгені лар бәрілта мсолғата бұл құбылысы негізлс ұрпақ сабақтастығы бар негізі,0.47058823529411764,0.15966386554621848,17
train-00003-of-00048_000026,мысалға да содан анау жаңағы дос мұқасаннан роза рымбаевадан келе жатқан дүниенің барлығы бар,салғата содан анау жаңағы дос мұқасанынан роз ромбаевадан келжатқан дүненің бәрлығы бар,0.6428571428571429,0.11827956989247312,14
train-00003-of-00048_000027,көп шықса екен дептің де қайтудың қажеті жоқ мысалға ана күнге жас бала ержан максим деген мысалға да мәскеуге барып таңғалдырыватыр тағы басқа жерге барып ол да кәдімгідей қазақстанның жаңағы жалауын үстіне жамылып алып енді ол спорттарды айтпай ақ қояйық мысалға,көпшықсай екендептіңді қайтудың қажет шоғ мысалға анакүне жаспала ер жан максим деген мсалғада мәскелге бор таң қалырапаты тағы л басқа жерге бар олда кәрімде қазақстанның жаңағы жалауын үстіне жамылып алып енді ол спорттарды айтпай қояғ мысалға эстразымызде байланыстайте мсаға,0.6585365853658537,0.26515151515151514,41
train-00003-of-00048_000028,бар дүние негізі оны,бар дүни негізі оны,0.25,0.05,4
train-00003-of-00048_000029,дер кезінде дұрыс айта білуіміз керек,дергезінде дұрыс айта білуіңіз керек,0.5,0.08108108108108109,6
train-00003-of-00048_000030,бағасын біле беруіміз керек олардың жетістігіне қуана білуіміз керек,бағасын біле белуіміз керек олардың жетістігіне қуана білуіміз керек,0.1111111111111111,0.014705882352941176,9
train-00003-of-00048_000031,сол кезде ол еселенеді негізі,со кезде ол еселенет негізді,0.6,0.13793103448275862,5
train-00003-of-00048_000032,бірақ,不着,1.0,1.0,1
train-00003-of-00048_000033,әлі де болса,ألدي بصة,1.0,0.9166666666666666,3
train-00003-of-00048_000034,мысалға звук режиссермен байланысты светотехникпен байланысты деген сияқты кәсіби мамандар көбірек оқыса екен деймін мысалға та өйткені дабыс режиссер деген біз кейбір кезде үлкен концерттерге мысалға,мсалға зыкере сүрумен байланысты сведа техникмен байланысты деген сияқты кәсіби мамандар көбірек оқытсағ екендейім сағата өйткені дыбыс режиссер деген біз кебіргізді үлкеен концерттерге мсалға,0.5769230769230769,0.15,26
train-00003-of-00048_000035,шетелден дыбыс режимін шақырамыз,шетелден дыбыс режерін шақырымыз,0.5,0.09375,4
train-00003-of-00048_000036,қазір қазақ концерттен,қазір қаза концерттен,0.3333333333333333,0.045454545454545456,3
train-00003-of-00048_000037,сазен цаул деген ансамбль,сазен сауыл деген ансамбіл,0.5,0.16,4
train-00003-of-00048_000038,кәдімгі вокалды аспапты ансамбль,kaدمga vakاld sfptan sمبل,1.0,0.90625,4
train-00003-of-00048_000039,шетелде америкада новая арнада жүр ана қазақ концерттің атынан қазақстанның атынан барып өзінің өнерін көрсетіватыр өзіңіз алып қояйыңызшы ол бұрын армандаған жете алмайтын сондықтан,шетелді америкада нома әрланда жана қазақ концерттің атыан қазақстанның атынан бар өзінің өнерін көрсетіп атыр өзінез алық қарашы ол бұрын армандаған треармандығын жет алмайтын сондықтан,0.5833333333333334,0.21428571428571427,24
train-00003-of-00048_000040,жастар көп ол енді мен тек қана эстрада туралы айтыватырмын ғой классик туралы туралы айтпағанда оның арасында мысалы екі мың үш жылдардың басында мысалға ұлытау болды жобасы болды,жастар көп ол енді мен теққана эстратуралы айтпатымы бой классик тұрып тұра айтбағында оның арасында мысалға екі мыш тылардың басында мысалға ұлытауы болды жобасы болды,0.5,0.15,28
train-00003-of-00048_000041,солар барып лос анджелесіне америкада барып кәдімгідей шулатып қайтқан басқа елдерде кәдімгідей өзінің өнерін көрсетіп кәдімгідей қазақтың киімдері мен қазақтың күйлерін ойнап сахнадан скрипкамен домбыраны үйлестіріп сондай нәрселеріміз біздің кәдімгідей,солары барып лосан жалысна америкада барып кәнімдей шулатып қайтқан басқа елдерде кәнімдей өзінің өнерін көрсетіп кәіме қазақтың кийімдері мен қазақтың күйлерін ойнап сахнадан скрипкамін домбыраны үйлестүріп сағата сондай нәрселеріміз біздің кәнімдей,0.36666666666666664,0.1220472440944882,30
train-00003-of-00048_000042,5 жыл сайын болсын 2 3 жыл сайын болсын ба асып тұрған жобаларымыз бар жоқ деуге болмайды,ес жыл сайынбосы екі ш жыл сайын босынба асып тұрған жобаларымыз бар жоқ тегі онмайт,0.5294117647058824,0.20224719101123595,17
train-00003-of-00048_000043,оғай жайын,بجن,1.0,1.0,2
train-00003-of-00048_000044,армы ағайын,фармы ағайын,0.5,0.09090909090909091,2
train-00003-of-00048_000045,бүгінгі сара сөздің қадірлі мейманы,бүгінгі сара сөздің қадірлі мейманы,0.0,0.0,5
train-00003-of-00048_000046,қазақстанның еңбек сіңірген қайраткері жүсіпбек елебеков атындағы республикалық эстрада және цирк колледжінің директоры әнші композитор,қазақстанның енбексінірген қайраткері жүсіппек елебековтв атындағы республикалық эстрада және цирк көліжінін геректоры әнші композитор,0.4,0.0962962962962963,15
train-00003-of-00048_000047,жеңіс сейдоллаұлы,زنس谢得老了,1.0,1.0,2
train-00003-of-00048_000048,қош келдіңіз рақмет бүгінгі біздің,қош келдіңіз бүгінгі біздің,0.2,0.20588235294117646,5
train-00003-of-00048_000049,негізгі тақырыбымыз ол,негізгі тақырыбымыз ол,0.0,0.0,3
train-00003-of-00048_000050,қазақ эстрадасын,さ가 strds,1.0,0.9375,2
train-00003-of-00048_000051,ұлт мәдениетіндегі орны,ұлт мәдениетіндегі ормы,0.3333333333333333,0.043478260869565216,3
train-00003-of-00048_000052,түсінікті иә жалпы,对你饶笨,1.0,1.0,3
train-00003-of-00048_000053,қазақ эстрадасы деген түсінік те,қазақ ресторадыс деген түсінікте,0.6,0.1875,5
train-00003-of-00048_000054,көбінесе мына ғылыми тілде жеңіл музыка дейді,көбінесе мына ғылми тілде жеңіл музыка дейді,0.14285714285714285,0.022222222222222223,7
train-00003-of-00048_000055,кең тараған музыка дейді,кең тараған музыка дейді,0.0,0.0,4
train-00003-of-00048_000056,бірақ ойланып қарасақ,бірақ ойланып қараса,0.3333333333333333,0.047619047619047616,3
train-00003-of-00048_000057,сол жеңіл кең тараған музыканың төңірегінде,сол жеңіл кең тараған музыканың төңірегінде,0.0,0.0,6
train-00003-of-00048_000058,мүйізі қарағайдай кереметтей композиторлардың есімі,мүзі қараға айдай кереметтей композиторлардың есімі,0.6,0.0784313725490196,5
train-00003-of-00048_000059,ахмет жұбановтан бастап,ахмет жуаныптан бастап,0.3333333333333333,0.17391304347826086,3
train-00003-of-00048_000060,қарлығашынан,харылға шұнан,2.0,0.4166666666666667,1
train-00003-of-00048_000061,нұрғиса бабамыз тілендиевтің,нұрғиса баламыз тілендиевтің,0.3333333333333333,0.03571428571428571,3
train-00003-of-00048_000062,тұманбай молдағалиевпен жазған әндері әндері иә тағысын тағы айтайын дегенім,тұманбай молдығ әлиевпен жазған әндеріә иә тағысын тағы айтай ын дегенім,0.6,0.13157894736842105,10
train-00003-of-00048_000063,жиырмасыншы ғасыр ол қазақтың мәдениетінің,жиырмалсыншы ғасыр ол қазақтың мәдениетінің,0.2,0.023809523809523808,5
train-00003-of-00048_000064,замана үй,vamanao u,1.0,1.0,2
train-00003-of-00048_000065,ол жерде тек қана мына жаңа жеңіл музыка деп отырмыз ғой ол емес тек қана академиялық музыканың даму процессі ұлттық музыка жаңа деңгейге көтерілген кезде оркестр симфония поэма дәстүрлі музыка оның даму процессінің бәрі сол жаңағы жеңіл музыка деген эстрадалық музыкамен бірге қалыптасты сіз енді осы салада,ол жерде тек қана мына жәнә жеңіл музыка деп жотрзымыз ғой ол емес тек қана академиялық музыканың даму процессы ұлттық музыка жәнә деңгейге көтерілген кезді аркестр симфония паэма дәстүрлі музыка оның даму процессынің бәрі сол жәнағы жеңіл музыка деген эстрадалық музыкамен бірге қалыптаста сіз енді осы салада,0.2127659574468085,0.05844155844155844,47
train-00003-of-00048_000066,қырықтан астам жыл еңбек етіп келе жатырсыз эстрада не екенін білесіз жалпы эстрадалық музыка деген сипаттама беріп кетіңізші,қырықтан астан жыл енбекетіп кел жатсыз эстрадан не екеңің біліс жалпы эстрадалық музыка деген сипаттама беріп кетіңіш,0.5,0.112,18
train-00003-of-00048_000067,аха,,1.0,1.0,1
train-00003-of-00048_000068,сөздер шықты да,سزل الشخطا,1.0,0.9333333333333333,3
train-00003-of-00048_000069,тұсауға да,走的,1.0,1.0,2
train-00003-of-00048_000070,өзі сіздің айтып отырған әңгімеңіз осы жерде бізде қонақта болған досым сөлеев те айтып кетті мәселен ооо ірі тұлға иә ірі тұлға бұл жеңіл музыка деген тек қана мына қазақтың мәдениетінде емес жиырмасыншы ғасырда мына жалпы заманауи жаңағындай мына жалпыға тараған музыка саласына бұл кереметтей бір дүрбелең көтерілді себебі мы,өсісіздің айтып отырған әңімеңізд ос жерде бізде қонақта болған досым сөлевті айтып бетті мәселең бұл и ретұлға бұл жеңл музыка деген тек қана қазақтың мәдениетінді емес жиырмасыншы ғасырда мына жалпы заманауи жанағындай мына жалпыға тараған музыка саласында бұл керметте бір дүрбөленге төрілді себебі мна когін деген ғылымиз ерттеуші бар сол трети пласт деген бір монография жасды себебіне,0.72,0.3902439024390244,50
train-00003-of-00048_000071,үш,,1.0,1.0,1
train-00003-of-00048_000072,классикалық әдебиет құлып бара жатыр бұның орнына джаз келді бұның орнына рок келді бұның орнына басқа дүниелер келді деп бүгінгі таңда ол сөздерін өзі қайтадан алып себебі себебі,классикалық әдебият құппар жатыр бұның орынына жаз келдібұның орынына рок келді бұның орына басқадай дүниелер келікдеп бүгін таңда о сөздерін өз қайтадан алып себебі себебі,0.5357142857142857,0.11173184357541899,28
train-00003-of-00048_000073,джаз кәдімгі академиялық музыка сияқты сахнаға шығып ол жерде кәдімгідей майталмандар пайда болды мәселен сол сияқты мына біздің өнерімізде біздің өнерімізде сол кереметтей операда өз өнерін көрсетіп жүрген решат мүсілім абдуллиндер ермек серікебаев ағылдарымыз сол жаңа жеңіл музыкаға қызмет етті,джаз каднго академиялық музыка сияқ сақынаға шығып ужерде кәдіңдей майталмандар пайда болды мәселең сол сияқты мына біздің өнерімізде біздің өнерімізде сол кереметтей операда өзенерін көрсет жүрген решат мүслімадолиндер ермек серкебайқааларымыз сол жәна жеңілі музыкаға қызмет етті,0.4,0.11447811447811448,40
train-00003-of-00048_000074,сығытық,صغ的,1.0,1.0,1
train-00003-of-00048_000075,иә енді мен мысал үшін мынандай мәселеге тағы назар аударғым келеді сол жеңіл деген сөзден шығып отыр ғой енді шын мәнінде де мүмкін кейбір саласында осы мына біздің осы музыка жеңілдеп те бара жатқан шығар ол бөлек әңгіме сол әбдірахат еспаев қапан мусиндар оның бер жағы шәмші қалда яқов,енді мен мысал шын мнанда мәселеге тады назар аударың белед сол жеңілдеген сөздін шығып отырға енді шынмәніндеде мүмкін кейбір саласында осы мынан біздің осымозга жеңілдепте бара жатқан шығар ол бөлеуг әңгіме сол әблахат еспаев қапам мусимдар оның бері жаға шәмшы қалдаяқв,0.5714285714285714,0.12802768166089964,49
train-00003-of-00048_000076,иә нұрғиса тілендиевтар мысалы сол одақтың кезінде социализмнің саясаты кәдімгідей өріп тұрған кезде ойбой иә сол кездерде қазақтың жүрегіне,нұрғисатлендиевтор мысалы сол одақтың кезінде сотсереализмның саясаты кәдіңгіді өріп тұрған кезде иә сол кездерде қазақтың жүрегіне,0.3157894736842105,0.15,19
train-00003-of-00048_000077,мына,么暖,1.0,1.0,1
train-00003-of-00048_000078,батыс европа не болмаса жаңағындай осы жалпы мына жеңілдеп отырған жанрлардың төңірегінде шәмшілер қалай,батыс еуропа ниомаса жанағындай осы жалпымда жән жеңілдеп отырған жанырлардың төңірегінде шәмшілер қалай,0.5,0.125,14
train-00003-of-00048_000079,нұр,如,1.0,1.0,1
train-00003-of-00048_000080,қалай ол,қалай ол,0.0,0.0,2
train-00003-of-00048_000081,олардың әндері халық әндеріне айналды,олардың әндері халғандерін айналы,0.6,0.16216216216216217,5
train-00003-of-00048_000082,бүгін шыққан ән,بنشقاآن,1.0,1.0,3
train-00003-of-00048_000083,ертеңгі күні шүбәгер бар,ертенген шіләгербо,1.0,0.4583333333333333,4
train-00003-of-00048_000084,осының құдіреті неде сіздің ойыңызша,осынң құдіретіне де сіздің ойыншшы,0.8,0.19444444444444445,5
train-00003-of-00048_000085,сондықтан суық,س,1.0,1.0,2
train-00003-of-00048_000086,сауатты,s,1.0,1.0,1
train-00003-of-00048_000087,мүмкін,嗯,1.0,1.0,1
train-00003-of-00048_000088,қазақ радио телевидениесінің төңірегінде эстрадалық симфониялық оркестр ашылды,а радиотелевидниясінің төңіругінде істраталық синфониялық аркестр ашылт,1.0,0.1794871794871795,8
train-00003-of-00048_000089,енді өзіңіз жақсы білесіз оны,都زشخصلس,1.0,1.0,5
train-00003-of-00048_000090,және де ең қызығы осы эстрадалық симфониялық оркестрдің төңірегінде,және де ең қызығы осы эстрадалық симфониялық артеструдің төңірегінде,0.1111111111111111,0.04477611940298507,9
train-00003-of-00048_000091,жаңа бір,جنابر,1.0,1.0,2
train-00003-of-00048_000092,жанрлық лептер пайда бола бастады жаңа орындаушылық мектеп пайда бола бастады,жанырлық ілептер пайда бола бастад жаңа орындаушылық мектеп пайда бола баста,0.36363636363636365,0.06493506493506493,11
train-00003-of-00048_000093,лаки кесогл,лакkе согo,1.0,0.45454545454545453,2
train-00003-of-00048_000094,нұрғали ағамыз нүсіпжанов суат әбу сейітов зейнеп қойшыбаев венера қарымбасова осы туралы айтып кетіңіз осы туралы айтып кетіңізші,нурғалияғамыз үсіп жаныв суат абусиитов зенеп қойшыба вениялі қармасыос туралайтые ос туралайтып кетініш,0.9444444444444444,0.3153846153846154,18
train-00003-of-00048_000095,мой,无,1.0,1.0,1
train-00003-of-00048_000096,жазады жазалайды,这ر,1.0,1.0,2
train-00003-of-00048_000097,жазалайды білемін,جزلي,1.0,1.0,2
train-00003-of-00048_000098,бүгінде солай,бугүндү соло,1.0,0.38461538461538464,2
train-00003-of-00048_000099,мүмкін,,1.0,1.0,1
train-00003-of-00048_000100,бір сұрақ туындайды себебі кез келген мәдениеттің кез келген мемлекеттің мәдениетінің ішінде міндетті түрде ұлттық сипат ұлттық менталитет жатады әрине жаңағы айтып отырған біздің кереметтей композиторлардың бәрі міндетті түрде саналы өмірінде осы,ажерден бір сұрақ туындайды себебі кзкезгелген мемлекеттің мәдениетінің ішінде міндетті түрде ұлттық сипат ұлттық менталитет жатады жәнаға айтып отырған біздің кереметтей композиторлардың бәрі міндетті түрде саналы өмірінде осы,0.25,0.16194331983805668,32
train-00003-of-00048_000101,ұлттың мәселесін ойлады енді қараңызшы мынандай дүниеге бір назар аударайық сол жаңағы айтып отырған композиторлар шәмші қалдаяқовтың феномені,ұлттың мәселесіні ойлады менді қараңшы мынандай дүниелі бір назар аудараяқ сол жәнағ айтып отырған композиторлар шәмші қалдаяқовтың финумені,0.3888888888888889,0.09154929577464789,18
train-00003-of-00048_000102,қазақтың жаңағы вальс королі дейді сондай бір құбылыс құбылыс иә сол бірақ,қазақтың жана вальс королі дейді сондай бір қублыс я сол бірақ,0.3333333333333333,0.20270270270270271,12
train-00003-of-00048_000103,мына қазақтың дәстүрлі музыкасының төңірегінде мысалы мына өлшемдер бар емес пе сол мына үш те төрттік өлшем деген сияқты вальсқа жақын дүние мысалы үшін сирек кездеседі бірақ,мына қазақтың дәстүрлі музыкасының төңірегінде мысал мына өлшемдер бар емес па сол мына үште төрттік өлшемдеген сияқты валска жақын дүние мысалшыны серек кездесеті бірақ,0.4074074074074074,0.07428571428571429,27
train-00003-of-00048_000104,сол тұлғалар халықтың жадына оны ұлттық құндылық ретінде сіңіреді ғой,сол туғалар халықтың жадына оны ұлтты құндылғы ретінде сіңіреді ғой,0.3,0.07246376811594203,10
train-00003-of-00048_000105,келісемін осы феномен жайында келісемін,смус финомен жайындалсі,1.0,0.46153846153846156,5
train-00003-of-00048_000106,яғни,,1.0,1.0,1
train-00003-of-00048_000107,түсінікті,,1.0,1.0,1
train-00003-of-00048_000108,музыка шітеді де музыка үлесетін бірақ жүріс,かしててもセみjした,1.0,1.0,7
train-00003-of-00048_000109,көрдіңіз бе менің,人,1.0,1.0,3
train-00003-of-00048_000110,онда отыр,نوتر,1.0,1.0,2
train-00003-of-00048_000111,кәдімгідей қазақ елінің қара домалақ азаматы,кәдүнгіде қазақ керінің қарадомылақ азаматы,0.6666666666666666,0.1590909090909091,6
train-00003-of-00048_000112,қалай ойнау керек,我能و,1.0,1.0,3
train-00003-of-00048_000113,бұл жерде керемет дүниелер жатыр себебі мына ұлттық менталитет дейді мына дәстүрдің ішіндегі қалыптасып қалған феномен бұл жерде оны үйрету өте қиын ол қан да бар нәрсе ғой кенекеңдердің әндерін алсақ мысалы үшін жаңағы айтып отырған нұрғиса ағамыздың әндерін айтсақ және де ең қызығы бар ғой бұл кісілердің,бұ жерде кереметте дүненлер жатыр себебі мына ұлттық менталитеттейді дәстүрдің ішіндеі қалттасып қалған фимумен бұ жерде оны үйрету өте қиын ол қанда бар нәрсе ғой кенікеңлердің әндерін алсақ мысалшын жана айтып отырған нұрғистағамыздың әндерін айсақ және де ең қызығы бар ғой бу кісілердің әндері бүгін жалыса ертеңшілай руіп бітет себебі,0.5625,0.2703583061889251,48
train-00003-of-00048_000114,қазақтың ұлттық бір иісі жатады да сол рухани мәселеге бірден қонады ғой барып,қазақтың ұлттық бір есі жататта сол рухани мәселеге бірден хонады ғой барып,0.3076923076923077,0.08974358974358974,13
train-00003-of-00048_000115,қызығы,قزغه,1.0,1.0,1
train-00003-of-00048_000116,бақыт келмейді,,1.0,1.0,2
train-00003-of-00048_000117,жүйек алтыншы тұрсыз шыққан,يۈلالتىشلار سۆشقان,1.0,0.9629629629629629,4
train-00003-of-00048_000118,мүмкәсіп,嗯,1.0,1.0,1
train-00003-of-00048_000119,беделді беделді ұжым,беделді беделді,0.3333333333333333,0.25,3
train-00003-of-00048_000120,жаңағы өнерді қорғайды,а өнері қорғайт,1.0,0.36363636363636365,3
train-00003-of-00048_000121,біз бірте бірте жеңіл музыкадан кәдімгідей бір сүбелі дүниелерге келе жатырмыз мәселен жаңа айтып отырған досым қасан,біз бірте бірте жеңіл музыкадан кәдіңідей бір суелін дүниеруге келе жатырмыз мәселен жана айтып отырған досымқасан,0.35294117647058826,0.08547008547008547,17
train-00003-of-00048_000122,кезінде,کزند,1.0,1.0,1
train-00003-of-00048_000123,иә,,1.0,1.0,1
train-00003-of-00048_000124,қазақтың жастарының рухани ұйытқысына айналды,қазақтың жастарының рухани үт тұсына айналды,0.4,0.1111111111111111,5
train-00003-of-00048_000125,репрессияға тек адам емес өнерде ұшырады ғой сол қобызымыз сол домбырамыз яғни,репрессияға тек адам емес мүнөрде шұрады қосол қобызымыз сол домбырамыз яғни,0.3333333333333333,0.10256410256410256,12
train-00003-of-00048_000126,құрманғазы оркестрі оның төңірегіндегі музыка,құрманғазы аркестрі оның төңгірегіндегі музыка,0.4,0.044444444444444446,5
train-00003-of-00048_000127,мына бастаушы басқару мәселесіне ұйытқы болды мәжбүрледі жаңа өзіңіз айтып отырсыз ал енді сұрағым бар біз қазір жаңағындай басын шолып өттік мына менеджмент дедік продюсерін дедік өзіңіз айтып қалдыңыз жаңағы тасқын оқапов қазақтың тұңғыш продюсері деп ол да рас келіссем оған мәселе сол кездерде мына жаңағы эстрадалық музыканың дамубүгінгі тілмен айтқан кезде индустрия қалыптаса бастады,мна бастаушы басқару мәселесіне ұйтқі болды әжбүрледі өзіңіз айтып отырсыз ален сұрағын бар біз кәзір жәнағындай басыншолып өттік менжментді продюсерн дедік өзіңіз айтып қадыңыз жана тасқыноқапв қазақтың тұңғыш продюсері деп олды арасы келсем оған мәселе сол кездерде мына жәнаға эсталк музыканың даму процессіне бірден бір бүгінгіз тілмен айтқан кезде индустрия қалыпты сабастад,0.5818181818181818,0.2,55
train-00003-of-00048_000128,жаңа өзіңіз айтып кеттіңіз филармонияның төңірегінде қазақ концерт ұжымы,жәна өзіңіз айтып кеттіңіз филармонинын төңірегінде қазаққан сертәстр,0.5555555555555556,0.20833333333333334,9
train-00003-of-00048_000129,айта беріңіз айта беріңіз,сран айтовер зайто ве,1.0,0.76,4
train-00003-of-00048_000130,өнер мемлекетті мәжбүрледі ғой сол индустрияға айналдырды бүгін енді біз мына шоу бизнес төңірегін айтамыз мына музыканың жеңіл музыка деп айтпаймыз оны кәдімгідей индустрия деймін ол,өнер мемлекетті мәжбүрледі ғой сол индустрияға айналдырды бүгін енді біз мына шоу бизністе өгін айтамыз мына музыканың жеңіл музыка дебі айтпаймыз оны үлкон кәдіңгіде индустрия дейол,0.2692307692307692,0.11475409836065574,26
train-00003-of-00048_000131,әр жаңағы ұзын кәдімгідей бір құбылыс,әр жанағы ұжын қадімгідей бір құбылыс,0.5,0.10810810810810811,6
train-00003-of-00048_000132,мысалы мына қазақконцерт деген гастрольдік дейді яғни немене алматыда шыққан ән жыр басқа дүниелердің бәрі ел елге тарау керек насихаттау керек көрсету керек болу керек деген сияқты мәселе,мысалы мына қазақ концерт деген гәстірелдік дейді яғни не міне алматта шыққан ән жыр басқа дүниелердің бәрі елелге тарау керек мәсихаттау керек көрсету керек болу керек деген сияқт мәселе,0.35714285714285715,0.06914893617021277,28
train-00003-of-00048_000133,гүлдердің феномені сіз соны бір жылдары басқардыңыз бұл енді бір бөлек әңгіме ғой,гүлдердің феномен сіз соны бір жылдары басқардыңыз бұл ені бір бөлу гәңгіме ғой,0.3076923076923077,0.06172839506172839,13
train-00003-of-00048_000134,бағыт,ب,1.0,1.0,1
train-00003-of-00048_000135,республикалық,سولك,1.0,1.0,1
train-00003-of-00048_000136,жаңа өзінің есімін айтып кеттің бұл бөлек бір сұрақ ретінде мен дайындағанмын мәселе,жәна өзінің есімін айтып кеттің бөлік бір сұрақ ретінде мен байындағам мәселе,0.3076923076923077,0.13095238095238096,13
train-00003-of-00048_000137,гүлжихан ғалиева жайында айтып кетсек бұл кісінің мәдениетке сіңірген еңбегі көбі біле бермейді ұшан теңіз,өлжихан ғалиева жайында айтып кетсек бұкүсының мәдениятке сіңірген еңбегі көбі біле бермейді ұшантеңіз,0.4,0.08490566037735849,15
train-00003-of-00048_000138,оны өл,我的无,1.0,1.0,2
train-00003-of-00048_000139,қаншама қазақтың балдары,قانشaمa خaزاق بالدى,1.0,0.9166666666666666,3
train-00003-of-00048_000140,дұрыс мына тұлғаларды айтатын болсақ жаңа ахмет жұбановты айттық мәселен және темірбек жүргеновті өзің айтып отырсың мысалы үшін соның қатарында жаңағындай гүлшахан ғалиева өте әрлі тұлға және де ең қызығы бұл тұлғалар,мына толғаларда айтатын болсақ жәна ахмет жубант айттык мәселең жәна теңербекз жүрген төзүң айтып отусыңмыз салышын соның катарында жана андай көлшыхан галиева өте әре толға және де ең кызығы бул толғалар,0.71875,0.21559633027522937,32
train-00003-of-00048_000141,әртүрлі саланы қамтыған ғой ұлт мүддесін ойлаған болашағын ойлаған сондай дүние жақсы біз өте күрделі мәселелерді айтып кеттік жеңіл музыкадан бастап байқайсыз ғой,әртүрлі саланы қамтыған ғой ұл мүддесін ойлаған ола шағын ойлаған сондай дүние жақсы біз өте күрделі мәселелерді айтық кеттік жеңіл музыкадан баста байқайсыз ғой,0.21739130434782608,0.03067484662576687,23
train-00003-of-00048_000142,қазақтың мына эстрадалық музыкасы дейміз кең тараған музыкасы дейміз бұның астарында жаңа айтып отырған мәселелердің бәрі бүгінгі таңда үлкен бір индустрияға айналды соның бірден бір өкілі бүгінгі таңда өзіңіз кітапты өткен жолы сіз маған сыйладыңыз жасыратыны жоқ мына жерде жеңіс сейдоллаұлы,қазақтың мына эстрадалық музыкасы дейміз кең тараған музыкасы дейміз бұның анстарында жана айтып отырған мәселелердің бәрі бүгінгі таңда үлкен бір индустрияға айналды соның бірден бір өкілі бүгінгі таңда өзіңіз кітапты өткен жолсызмаған сыйладыңыз жасыратыны жоқ мына жерде жеңіз сейдола ұлы,0.1951219512195122,0.030716723549488054,41
train-00003-of-00048_000143,саған әнім депсіз иә иә мына жерде алпысқа тарта әндеріңіз бар екен иә сізді ел енді композитор әнші ретінде жақсы біледі басқа осындай кітаптарды ашатын болсақ мына біздің композиторлардың бұл жерде әрине алты та сегізді күшті төрттік деген ырғақтарды басым болады да мен мына жерден үш төрттік қана ырғақ таптым қалғанының бәрі екі де төрттік т,саған әнім депсіз ә мына жерде алпысқа тарта әндеріңіз бар екен сізді еленді композитор әнші ретінде жақсы біле басқа осындай кітаптерді ашатын болса біздің композиторлардың біжерде әнине алтта сегізді күшті төрттік деген ырғақтарды басым болатта мен мына жерде үш төрт қана ырғақ таптым қалғаның бәрі екі де төрттік төті төртік менің бір байқағаным сізнің әндеріңіз халық тындайды өзіңіздін тындармаңыз бар бірақ,0.5714285714285714,0.37283236994219654,56
train-00003-of-00048_000144,басқа композиторлардан айтарлықтай ерекшеленіп тұрады,басқа композиторлардан айтарықта ерекшегені тұра,0.6,0.11320754716981132,5
train-00003-of-00048_000145,жиар,你呀,1.0,1.0,1
train-00003-of-00048_000146,енді сен сенің тұрамысың,ش م,1.0,0.9583333333333334,4
train-00003-of-00048_000147,сондықтан бөлек,凤放的认,1.0,1.0,2
train-00003-of-00048_000148,мен түсінгенім жәке жаңағындай эстрадалық музыканың дамуы,сен үсүнгөнүм жаке жана кындай эстрадалык музыканын дамуу,1.1428571428571428,0.21052631578947367,7
train-00003-of-00048_000149,мысалы сала сала болып жатыр ғой қазір иә иә ол үлкен индустрияға айналды дейміз иә жаңа,мысал саласалап оп жатырға қазір ол үлкен индустрияға айналыптеміз жәна,0.75,0.2727272727272727,16
train-00003-of-00048_000150,жеңіл музыканың тамыры,жеңіл музыканың тамыры,0.0,0.0,3
train-00003-of-00048_000151,көне де жатыр біз соған көзіміз жетті қазір осы әңгіменің барысында бірақ бұл музыканы басқару мәселесі бар,көнеде жатыр біз соған көзіміз жетті к әзір осы әңменін барысында бірақ бұл музыканы басқару мәселесі бар,0.29411764705882354,0.06542056074766354,17
train-00003-of-00048_000152,бүгін мысалы үшін сіз топ менеджментте жүрсіз,бүгін мысал үшін сіз топ менжіментте жүрсіз,0.2857142857142857,0.08888888888888889,7
train-00003-of-00048_000153,ол жаңағындай жүргенов атындағы академияда жұмыс істедіңіз топ менеджментте гүлдерді басқардыңыз қазақконцертті басқардыңыз жамбыл атындағы мемлекеттік екі бастан оны басқардыңыз бүгін жүсіпбек елебеков атындағы колледжді басқарып отырсыз жалпы мына,ол жәнағындай жүрген фатындағы академияда жұмыс тедіңіз топменжіментті гүлдерді басқардыңыз қазак концертті басқардыңыз жамбылатындағы мемлекетів екі бастан оны басқардыңыз бүгін жүспекэлебек фатындағы колижді басқарып отырсыз жалпы мына,0.5172413793103449,0.10843373493975904,29
train-00003-of-00048_000154,менеджмент мәселесі өнердегі менеджмент мәселесі продюсерлік дүние бұл жерде ұлықпан ағаның есімін айтпай кетуге болмайды иә иә жаңа айтып отырғанмын пономаревтар бар ерғалиевтар бар азия дауысы бар осы туралы бүгін қандай деңгейде,менжімент мәселесі өйердегі менжімент мәселесі продюсерлық дүние ұ жерде ұлықпанағанын есімін айтпа етугі болмай т жәна айтып отырған паноморевтар бар ерғалиевтар блар азиядауысы бар осы тура бүгін қандай деңгейде,0.59375,0.1471861471861472,32
train-00003-of-00048_000155,иә,一爷,1.0,1.0,1
train-00003-of-00048_000156,бұл,,1.0,1.0,1
train-00003-of-00048_000157,мүмүм,嗯,1.0,1.0,1
train-00003-of-00048_000158,керемет,,1.0,1.0,1
train-00003-of-00048_000159,арман арман иә арман тұғын,ر,1.0,1.0,5
train-00003-of-00048_000160,иә қазір әлі болмановтың иә,ә булмантың ҡыян,1.0,0.6666666666666666,5
train-00003-of-00048_000161,мен түсінгенім,мен сіңгөнім,0.5,0.2857142857142857,2
train-00003-of-00048_000162,қазақтың рухани байлығы бар көрсететініміз молынан иә иә тек қана болашақта әлі үйренетініміз бар технология жайынан сондықтан мен ойлап отырмын бұның бәрі біздің алдымыздағы жоспар творчествоңыз биіктей берсін туған жеріңіз сыр елі жыр елі дейді әр жағында сол жыр мен сыр елінің қоры жатыр,қазақтың рухани байлығы бар көрсететініміз молынан тек қана болашақты әлі үйренетіміз бар технология жайнан сондықтан мен ойлап отырмын бұның бәрі біздің алдымыздағы жоспар форстваңыз беікте берсін туған жеріңіз жырелі дейді әлжағында сол жырмен сриелінің қору жатыр,0.4090909090909091,0.10996563573883161,44
train-00003-of-00048_000163,талай талай деген әндермен мына біздің көрермендерді қуанта беріңіз деніңіз сау болсын,қал ай талай деген әндермен мына біздің көрірмендерді қонта беріңіз деніңіз сау болсын,0.3333333333333333,0.05813953488372093,12
train-00003-of-00048_000164,рақмет сізге,م,1.0,1.0,2
train-00003-of-00048_000165,сарасөздің қадірлі мейманы,сарасөздің қадірлі мейманы,0.0,0.0,3
train-00003-of-00048_000166,қазақстанның еңбек сіңірген қайраткері жүсіпбек елебеков атындағы республикалық эстрада цирк колледжінің директоры әнші композитор топ менеджер жеңіс сейдоллаұлы амандыққа жолыққанша,қазақстанның енбек сіңірген қайраткері жүспе келебек фатындағы республикалық эстрада цирк көлжінің директоры әінші композитор топ менеджер жеңіз сейдолалы амандықта жолққанша,0.5,0.0989010989010989,20
train-00003-of-00048_000167,әділет маратұлы,ليت مراطله,1.0,0.9333333333333333,2
train-00003-of-00048_000168,мына баланың кесірінен міне түнде қазыбекті больницаға алып кетті,мынабаланың кесірінен іне түнді қазбекті балінсақалып кетті,0.7777777777777778,0.16923076923076924,9
train-00003-of-00048_000169,өзіңіз сөйлеспесеңіз болмайды мынамен,өзіміз сөліспесеңіз болмайт манамен,1.0,0.16216216216216217,4
train-00003-of-00048_000170,құрметті балалар,құрметті баллар,0.5,0.0625,2
train-00003-of-00048_000171,өнә,ونا,1.0,1.0,1
train-00003-of-00048_000172,біздің,,1.0,1.0,1
train-00003-of-00048_000173,асылайын деп тұрған,عشلاينيطغان,1.0,1.0,3
train-00003-of-00048_000174,ғимаратымыз,غمراتمس,1.0,1.0,1
train-00003-of-00048_000175,құтты болсын,喝不生,1.0,1.0,2
train-00003-of-00048_000176,құрметті балалар,hurmetti bllar,1.0,0.9375,2
train-00003-of-00048_000177,міне алдарыңызда тұрған,міна алдарыңызда тұрған,0.3333333333333333,0.043478260869565216,3
train-00003-of-00048_000178,керемет кісіге сөз бергел тұрмын алматы қалалық балалар үйінің қадағалау департаментінің төрағасы темірхан,кереметкісіге сөзбері келтірмін алматы қалалық балалар үйінің қадағалау департаментінің төрағасы темірхан,0.38461538461538464,0.07547169811320754,13
train-00003-of-00048_000179,болатұлына сөз беруге рұқсат етіңіздер,бола тұлына сөз беруге ұрзад етіңіздері,0.8,0.15789473684210525,5
train-00003-of-00048_000180,аха,,1.0,1.0,1
train-00003-of-00048_000181,темірхан болатұлы сізге рақмет осындай мүмкіншілік бердіңіз маған үмітіңізді ақтаймын жүріңіз сізге дастархан жайып келіп едік жоқ,темірхан болатыл сізге рахмет осындай мүмкіншілік бердіңіз маған үмітіңізді ақтайым жүрміссізге дастарқан жап көредіжқ,0.5882352941176471,0.15384615384615385,17
train-00003-of-00048_000182,рақмет сіздің ұятқаңыз сіздің ұятқаңыз мына уақытты күтеңізге,رхبزن وختفز,1.0,0.9836065573770492,8
train-00003-of-00048_000183,сосын көңкор бол деп ойлаймын да,就说候看贵我给我们,1.0,1.0,6
train-00003-of-00048_000184,елестіріп атыңызбен апарып ұрып соғып жазалап қатыгездікке,еунет тырбасыніз бін апарып урутсолып жазалып кат кездіке тоттакпасма татунитта буйтурам о,1.5714285714285714,0.9482758620689655,7
train-00003-of-00048_000185,халқа біледі,خقبل,1.0,1.0,2
train-00003-of-00048_000186,абаймен,عپمن,1.0,1.0,1
train-00003-of-00048_000187,қанат,可ن,1.0,1.0,1
train-00003-of-00048_000188,ештеңе алып жүрдік,你心了谁,1.0,1.0,3
train-00003-of-00048_000189,ағай ағай пожалуйста,аай агай пожалосто,1.0,0.25,3
train-00003-of-00048_000190,директорге айтпай қойыңызшы,директорге әтпа қойымшы,0.6666666666666666,0.2222222222222222,3
train-00003-of-00048_000191,қалаған затыңыздың барлығын іздеп беремін деп,қалаған затыңыздың барлыныз еп бере дет,0.6666666666666666,0.2,6
train-00003-of-00048_000192,айтпай ақ қойыңызшы деген,i peruns din,1.0,0.92,4
train-00003-of-00048_000193,иә келістік аға,yя kелестгала,1.0,0.5333333333333333,3
train-00003-of-00048_000194,жаңағы жаңағы,,1.0,1.0,2
train-00003-of-00048_000195,сөйтіп асқан ай,й بسق ياsدرdا,1.0,0.9333333333333333,3
train-00003-of-00048_000196,сөйтіп тұрған бас тұрғайы,سبابسرخ,1.0,1.0,4
train-00003-of-00048_000197,науыяны,人未阳啊,1.0,1.0,1
train-00003-of-00048_000198,құрынбайсың ба бозторғайып,қынбысынба босырғаы,1.0,0.4230769230769231,3
train-00003-of-00048_000199,даланы мендей сүйемін сендей бауырма,даны мендей сүйемін сендей бауырмал қосың,0.6,0.25,5
train-00003-of-00048_000200,наздың нөлінде қалдың нөлінде,naznnelese tadnenente,1.0,0.9655172413793104,4
train-00003-of-00048_000201,мені өткен,,1.0,1.0,2
train-00003-of-00048_000202,айнымасқа да бір қуысқа,اينمسقازدرقوصق,1.0,1.0,4
train-00003-of-00048_000203,қыз едің ғой,قosed,1.0,1.0,3
train-00003-of-00048_000204,кең далаға бауыр басқан,кеңдалаға бауырбасқы,1.0,0.17391304347826086,4
train-00003-of-00048_000205,аяздарда тоңбайсың ба бозторғайым,аяздарда тоңбисымба босырғаы,0.75,0.2727272727272727,4
train-00003-of-00048_000206,жылы ұялы,是未阳啊,1.0,1.0,2
train-00003-of-00048_000207,қонбайсың ба бозторғайық,он бсمбабосурғай,1.0,0.5416666666666666,3
train-00003-of-00048_000208,мууууу,,1.0,1.0,1
train-00003-of-00048_000209,базар жоқ,把才知,1.0,1.0,2
train-00003-of-00048_000210,асықп қой же,اصطة ج,1.0,0.9166666666666666,3
train-00003-of-00048_000211,что там балалар ғой,就怎م,1.0,1.0,4
train-00003-of-00048_000212,нормально бәрі,نرملنبار,1.0,1.0,2
train-00003-of-00048_000213,сен жазылғаныңды күтіп жүрміз,сен жазылғанымды күтіп жүрмыз,0.5,0.06896551724137931,4
train-00003-of-00048_000214,қашан шығарасың,他正是着性,1.0,1.0,2
train-00003-of-00048_000215,осына бір екі күн жатасың,осынна бірекуген жатасың,0.8,0.24,5
train-00003-of-00048_000216,сосын көреміз енді ғой,走从科联目节的,1.0,1.0,4
train-00003-of-00048_000217,сіздерге шошқашыңыздар,个说是,1.0,1.0,2
train-00003-of-00048_000218,а то сеанс вообще скучнек,ото сенс вовще скучнек,0.8,0.2,5
train-00003-of-00048_000219,осыдан маған күніне 1 2 рет әкеліп тұрсаң,осы ма күнне біре керәт әкеп тұрсаң,0.875,0.3902439024390244,8
train-00003-of-00048_000220,оз музей,واصمشن,1.0,1.0,2
train-00003-of-00048_000221,бардық бәрін әйрен алдық,nr berne aren alduk,1.0,0.875,4
train-00003-of-00048_000222,қалжымға бардым,ظ مزن,1.0,0.9333333333333333,2
train-00003-of-00048_000223,жақсы,,1.0,1.0,1
train-00003-of-00048_000224,атты граф етсің ғана,特个长他坐了,1.0,1.0,4
train-00003-of-00048_000225,ол қазір жоқ братишка,وخصجق برتشك,1.0,0.9523809523809523,4
train-00003-of-00048_000226,главное ауырмасам болды,ladna ormasa bold,1.0,0.9130434782608695,3
train-00003-of-00048_000227,дөл нұр,人了,1.0,1.0,2
train-00003-of-00048_000228,туған ағамдайсың,多呢那就,1.0,1.0,2
train-00003-of-00048_000229,блев,بلين,1.0,1.0,1
train-00003-of-00048_000230,сен де маған туған бауырым сияқтысың,сенде манын туғаны бауырым саяқтысын,0.8333333333333334,0.16666666666666666,6
train-00003-of-00048_000231,олай болмаса сен туған күніне,лйبمساشن ط كnеم,1.0,0.8620689655172413,5
train-00003-of-00048_000232,мен жинаған ақша,мен жина анақша,0.6666666666666666,0.125,3
train-00003-of-00048_000233,осы тағамдар емес ал асимге подарка үшін,осы тағанымдар емес ал әсемгипадар калычен,0.5714285714285714,0.3,7
train-00003-of-00048_000234,білмеймін,ب了,1.0,1.0,1
train-00003-of-00048_000235,р,,1.0,1.0,1
train-00003-of-00048_000236,гүл немесе,قلني مسا,1.0,1.0,2
train-00003-of-00048_000237,әйтеуір бірдеңе алу керек,әйтеір бірдеңке алу керек,0.5,0.08,4
train-00003-of-00048_000238,өлең жақсы айтасың ғой,شص يتصلي,1.0,0.9545454545454546,4
train-00003-of-00048_000239,сен оған ана анау торғай туралы әніңді айтып берсей,сенн оған ана анау торғай тора алы әніңд әйтп берсей,0.5555555555555556,0.13725490196078433,9
train-00003-of-00048_000240,солай күшті болады ғой,فلاكشتوا,1.0,1.0,4
train-00003-of-00048_000241,ел торғай емес,э торға мез,1.0,0.35714285714285715,3
train-00003-of-00048_000242,какая разница,卡看下的字,1.0,1.0,2
train-00003-of-00048_000243,молодец қызбек,مواجت قزبت,1.0,0.9285714285714286,2
train-00003-of-00048_000244,сондаймын түнгі он екіде,сондамен түңгі өнекі де,1.0,0.25,4
train-00003-of-00048_000245,әсем терезесіне барып,әсем тежздесіне барып,0.3333333333333333,0.14285714285714285,3
train-00003-of-00048_000246,бозторғайды сиренады сияқты айтып берейін айтып берейін ғой,бұ торғайды серенода сақты айтперим бо,1.0,0.4915254237288136,8
train-00003-of-00048_000247,ты красавчик,يرصجك,1.0,1.0,2
train-00003-of-00048_000248,ал тыныш қыз күйкі,سمقك,1.0,1.0,4
train-00003-of-00048_000249,қызбек тыныш өзі қояды қызбек тыныш өтінем тыныш сөйлеуші қызбек өтінем қызбек,сқояды қазбек тұнышы өтінем тұныш өрінші қазбек өтінем қазбек,0.8333333333333334,0.358974358974359,12
train-00003-of-00048_000250,е,一人,1.0,2.0,1
train-00003-of-00048_000251,кайзеровка нашу,казеровка на шиб,1.5,0.26666666666666666,2
train-00003-of-00048_000252,присып сал қалды ма,пресоп сал халдымы,0.75,0.2631578947368421,4
train-00003-of-00048_000253,әйтеуір бірдейке болды,әсері бір зетге болды,1.0,0.36363636363636365,3
train-00003-of-00048_000254,бір минут,不是明了,1.0,1.0,2
train-00003-of-00048_000255,ерсен айтады,ersinaitado,1.0,1.0,2
train-00003-of-00048_000256,сәуір,才我,1.0,1.0,1
train-00003-of-00048_000257,енді ол өзі сұрап,endл ыزsرoب,1.0,0.8823529411764706,4
train-00003-of-00048_000258,мен оған апарып бердім,мен оғон апарып берим,0.5,0.13636363636363635,4
train-00003-of-00048_000259,олай болатындығын,олай болатындығын,0.0,0.0,2
train-00003-of-00048_000260,құрмет,م,1.0,1.0,1
train-00003-of-00048_000261,кешіріңізші,كشنامش,1.0,1.0,1
train-00003-of-00048_000262,одвесовой,بج سغي,2.0,1.0,1
train-00003-of-00048_000263,дозаламайық қой иә,дозаla ma ku,1.0,0.6666666666666666,3
train-00003-of-00048_000264,өйткені сізге шахмат,وكن نس شخل مط,1.3333333333333333,0.9,3
train-00003-of-00048_000265,мен бара берсем болады ма,мен бара берсін боламо,0.6,0.24,5
train-00003-of-00048_000266,а то завтра үлгермей қаламын,атазалтыр қаөлгер мей қалам,1.0,0.42857142857142855,5
train-00003-of-00048_000267,тақырыптың тарқымын салыңыз,算死,1.0,1.0,3
train-00003-of-00048_000268,жоқ нормальный бәрі ешкім ешкімді жазаламайды,зақ нормальныңдары пешкімешкімді жызыламайды,1.0,0.24444444444444444,6
train-00003-of-00048_000269,әсің әлгі күлмедімін,أسام أرجك المدمة,1.0,0.9,3
train-00003-of-00048_000270,жарайсың,وجرت,1.0,1.0,1
train-00003-of-00048_000271,жақсы бастады,大是那是,1.0,1.0,2
train-00003-of-00048_000272,жоқ,jok,1.0,1.0,1
train-00003-of-00048_000273,жай сөйлесті,جيسلسك,1.0,1.0,2
train-00003-of-00048_000274,шахмат ойладық,شاقنطينادخ,1.0,1.0,2
train-00003-of-00048_000275,в общем кешірді,вобщем кешірді,0.6666666666666666,0.06666666666666667,3
train-00003-of-00048_000276,сөйтіп тұр,,1.0,1.0,2
train-00003-of-00048_000277,не салып отырсың,несало потрса,1.0,0.4375,3
train-00003-of-00048_000278,пара ғой,هرغوي,1.0,1.0,2
train-00003-of-00048_000279,онда біз,ندبز,1.0,1.0,2
train-00003-of-00048_000280,енді,يند,1.0,1.0,1
train-00003-of-00048_000281,екеуміз де қырға сияқты өмір бойы бірге боламыз,екімізде қарға сиақты омыр бойы бірге боламызд,0.75,0.1702127659574468,8
train-00003-of-00048_000282,наусинка ма,نلمكم,1.0,1.0,2
train-00003-of-00048_000283,неге лақтырып тасадың,ниге лақтырып тасанын,0.6666666666666666,0.14285714285714285,3
train-00003-of-00048_000284,шын ба,什,1.0,1.0,2
train-00003-of-00048_000285,саған керек емес пе не,саған керген спанит,0.8,0.45454545454545453,5
train-00003-of-00048_000286,сәлеметсіздің өзіңіздің өзіңізді,,1.0,1.0,3
train-00003-of-00048_000287,жаңағы жаңағы жаңағы жаңағы,,1.0,1.0,4
train-00003-of-00048_000288,бұл біздің бала аманбаев қанат,бұл бызын бала амынбалқанат,0.6,0.26666666666666666,5
train-00003-of-00048_000289,мен пеналымды ұмытып кеттім соны алып келе жатырмын,мен пиналымдыңын кеттім соны алып кережатырмы,0.5,0.19607843137254902,8
train-00003-of-00048_000290,жоқ ол алып қойды,жоқ ол алып қойды,0.0,0.0,4
train-00003-of-00048_000291,сен маған өзің бердің ғой шынымды айтсайшы неге алдап тұрсың,сен маған өзін бердің ғой шындайтсайші негле алтап тұрсың,0.5,0.13333333333333333,10
train-00003-of-00048_000292,ағай ол маған өзі берді,ғай омаған өзі берді,0.6,0.13043478260869565,5
train-00003-of-00048_000293,жоқ деспеді,жоқ тиспеді,0.5,0.18181818181818182,2
train-00003-of-00048_000294,ол жай ғана аюды алып қойды,ол жай ғана عавда ал қойда,0.5,0.2222222222222222,6
train-00003-of-00048_000295,сен маған өзің бердің неге алдап тұрсың,сенмаын өзін бердін неге алдып тұрсын,0.8571428571428571,0.1794871794871795,7
train-00003-of-00048_000296,жақсы шабай ғой,шв,1.0,0.9333333333333333,3
train-00003-of-00048_000297,ағай ол өтірік соғады шынында айтамын,ғай өтіргісі ғоды шындай шодын,1.0,0.4864864864864865,6
train-00003-of-00048_000298,я,,1.0,1.0,1
train-00003-of-00048_000299,наман,ndeman,1.0,1.2,1
train-00003-of-00048_000300,ештеңе істеген жоқпын уайымдамаңдар,siesien rfmgndamandr,1.0,0.9714285714285714,4
train-00003-of-00048_000301,ойындамаңдар бәрі жақсы,ойын дамандары бәр жақсы,1.0,0.17391304347826086,3
train-00003-of-00048_000302,шықты,ش,1.0,1.0,1
train-00003-of-00048_000303,жоқ,主,1.0,1.0,1
train-00003-of-00048_000304,нормально,مم,1.0,1.0,1
train-00003-of-00048_000305,мына жақта өте ыстық өзің қалайсың әсем,марлықты өте астық өзін қойсын ашем,0.8571428571428571,0.358974358974359,7
train-00003-of-00048_000306,иә,一,1.0,1.0,1
train-00003-of-00048_000307,ол кетіп қалды бізді тастап,о кетіп қалды біз тастап,0.4,0.1111111111111111,5
train-00003-of-00048_000308,не үшін аяқ астынан кетіп қалды,не ушін аяқ асынан кет қалды,0.5,0.12903225806451613,6
train-00003-of-00048_000309,сонды түсіп жүріп жатыр,сон сім журат,1.0,0.5217391304347826,4
train-00003-of-00048_000310,осен,شو,1.0,1.0,1
train-00003-of-00048_000311,сенің ойыңда ма,现在我你的吗,1.0,1.0,3
train-00003-of-00048_000312,мен сенің қасыңдамын,мен сенің қазындамын,0.3333333333333333,0.1,3
train-00003-of-00048_000313,осы директор бізге ештеңе жасамайды,осы директор бізге іштіңгежі самайды,0.4,0.17142857142857143,5
train-00003-of-00048_000314,төрт бес жыл шыдасақ болды,төрт безшұдасақ болды,0.6,0.2692307692307692,5
train-00003-of-00048_000315,ары қарай бар жақсы болады,عترمفص,1.0,1.0,5
train-00003-of-00048_000316,4 5 жылдан кейін біз астанаға ұшып кетеміз сол жақта жақсы университетке түсеміз сосын үйленіп бізде 3 ойымыз болады,төрт бес жылдангейн біз асталаға ұшып кетеміз солжақса жақсы университетікке түсеміз сосын еленап бізде үш ғонымыз болады,0.5789473684210527,0.1896551724137931,19
train-00003-of-00048_000317,ол жерде үлкен үй болады және де өзімізбен бірге қазыбекті аламыз,жүзде үлкен и болады жәнеде өзімізбен бірге қазбекті аламыз,0.5454545454545454,0.13846153846153847,11
train-00003-of-00048_000318,енді қазыбеков маған туған інімде сияқты,енді қазбек маған туған інімде сияқты,0.16666666666666666,0.075,6
train-00003-of-00048_000319,мен оны жай тастамаймын,mjónur rertastanar,1.0,0.9565217391304348,4
train-00003-of-00048_000320,жақсы,cs,1.0,1.0,1
train-00003-of-00048_000321,келесіз бе иә,kilo siosy mbo ya,1.3333333333333333,1.1538461538461537,3
train-00003-of-00048_000322,иә,一,1.0,1.0,1
train-00003-of-00048_000323,мәңгі біргем,маң біргем,0.5,0.25,2
train-00003-of-00048_000324,мен ажылаған жоқпын,نورهضنجخ,1.0,1.0,3
train-00003-of-00048_000325,күнәм жоқ,跟那这叔,1.0,1.0,2
train-00003-of-00048_000326,ағай мен ол жаққа бармаймын,是吗,1.0,1.0,5
train-00003-of-00048_000327,біздіңіздіңіздіңіздіңіздіңізді,,1.0,1.0,1
train-00003-of-00048_000328,кәсіпкәсібі,س,1.0,1.0,1
train-00003-of-00048_000329,осыңыздар,as,1.0,1.0,1
train-00003-of-00048_000330,а қала түсе ма,قلت سب,1.0,0.9285714285714286,4
train-00003-of-00048_000331,қалайсың,加没过好来死,1.0,1.0,1
train-00003-of-00048_000332,өзің ғой сен жатай келді ме иә,我送关系就大点没,1.0,1.0,7
train-00003-of-00048_000333,мә мен сенің тамағым,me a kente mal,1.0,0.85,4
train-00003-of-00048_000334,ешкім мутит етіп жүрген жоқ,ешкім мутитетіп жүрген жоқ,0.4,0.037037037037037035,5
train-00003-of-00048_000335,уларда настоящая любовь,ورد نستيشى لموف,1.0,0.9130434782608695,3
train-00003-of-00048_000336,ой иә иә ағатай білем ғой білем,言呀对不这为不这,1.0,1.0,7
train-00003-of-00048_000337,биыс отыра ғой,يصوترغي,1.0,1.0,3
train-00003-of-00048_000338,ижан жаңа ғана жаттаған жоқпын дедің ғой,еден шонна ғана шоттаған жоқпіндедің ғой,0.7142857142857143,0.275,7
train-00003-of-00048_000339,иә жатқан жоқ,يارتنجب,1.0,1.0,3
train-00003-of-00048_000340,қалай сонда бір рет оқып жатты болдың ба,қалай жонда біряті қып жотты болдың ба,0.625,0.175,8
train-00003-of-00048_000341,иә ол бұны ұйқып тұрса екен,要我不内ق再,1.0,1.0,6
train-00003-of-00048_000342,иә,你啦,1.0,1.0,1
train-00003-of-00048_000343,буду спеть,بتب,1.0,1.0,2
train-00003-of-00048_000344,суперпотоматты кастафан,سبرت,1.0,1.0,2
train-00003-of-00048_000345,кеше қазақ әдебиетінің жақсыздыққа қойған көрдің бе,кеше қазақ әдебиетін жапшиздап қлапқорғаны көрінда,0.7142857142857143,0.3333333333333333,7
train-00003-of-00048_000346,ильяс сәлем,yased,1.0,1.0,2
train-00003-of-00048_000347,келдің бе сәлем,елдің ба сәлем,0.6666666666666666,0.13333333333333333,3
train-00003-of-00048_000348,сен кабинет әте ұртқым,сеткогнетэтеуртка,1.0,0.5454545454545454,4
train-00003-of-00048_000349,тамақ ішесіңдер ме,مخشيسمدرم,1.0,1.0,3
train-00003-of-00048_000350,сен өлім,,1.0,1.0,2
train-00003-of-00048_000351,рақмет,رخميد,1.0,1.0,1
train-00003-of-00048_000352,сен жейсің бе,进理心边,1.0,1.0,3
train-00003-of-00048_000353,қазақ,,1.0,1.0,1
train-00003-of-00048_000354,директор саған қатты ұрысты ма,деректр саған қат пірыстыма,0.8,0.23333333333333334,5
train-00003-of-00048_000355,жұмыр,如,1.0,1.0,1
train-00003-of-00048_000356,қарғалар жаман емес,қарғалар жаман емес,0.0,0.0,3
train-00003-of-00048_000357,қарғалар өте ақылды мейірімді және адал қыстар,қарғалар өте ақылды мейірімді және адал қыстыр,0.14285714285714285,0.021739130434782608,7
train-00003-of-00048_000358,сен білесің бе,جمሌسب,1.0,1.0,3
train-00003-of-00048_000359,қарғалардың бірі жарақатталса,қарғаларның бірі жарақатталса,0.3333333333333333,0.034482758620689655,3
train-00003-of-00048_000360,өзгелері оған көмектесіп,өзкелері оған көмтесіп,0.6666666666666666,0.125,3
train-00003-of-00048_000361,толық жазылғанша тамақтандырады,тоғы жазылғанша тамақтандырат,0.6666666666666666,0.12903225806451613,3
train-00003-of-00048_000362,үш,,1.0,1.0,1
train-00003-of-00048_000363,яшин,ياشن,1.0,1.0,1
train-00003-of-00048_000364,айшоу қарғалар өмірлік махаббатын тек қана бір рет таңдайды,әншо қарғалар өмірлік махабатын текқана бір рет таңдай,0.5555555555555556,0.11864406779661017,9
train-00003-of-00048_000365,и сол махаббатынан айырып қалса,исол махаббатынын айырып қалса,0.6,0.06451612903225806,5
train-00003-of-00048_000366,қалған өмірін жалғыздық күзетті,қалған өбірін жалғызы күзет,0.75,0.16129032258064516,4
train-00003-of-00048_000367,иә,爷,1.0,1.0,1
train-00003-of-00048_000368,шарайыт,شرهيك,1.0,1.0,1
train-00003-of-00048_000369,канат сенде артық ручка бар ма,қана сензиярды куручка бор,1.0,0.4666666666666667,6
train-00003-of-00048_000370,за өзіңдікі қайда,صي وزنتك خلك,1.0,0.8823529411764706,3
train-00003-of-00048_000371,қайырлы,,1.0,1.0,1
train-00003-of-00048_000372,сұлу атаны обратнан,سل أقن اب,1.0,0.8947368421052632,3
train-00003-of-00048_000373,иә менікі,ي明ن哥,1.0,1.0,2
train-00003-of-00048_000374,ой надоел дуаю,ويندايلضي,1.0,1.0,3
train-00003-of-00048_000375,керек пе,شرتب,1.0,1.0,2
train-00003-of-00048_000376,молодец,علا بير,2.0,1.0,1
train-00003-of-00048_000377,керек емес әкемнің астына алып бере салады,길리금m 아낌r s나들에서,1.0,0.9523809523809523,7
train-00003-of-00048_000378,құрдан құр қалам айтуға айтсайшы енді,قурdаn bور قаmаروs,1.0,0.8378378378378378,6
train-00003-of-00048_000379,а давай,子و,1.0,1.0,2
train-00003-of-00048_000380,пока канады,حكعقلات,1.0,1.0,2
train-00003-of-00048_000381,махамат,妈看来,1.0,1.0,1
train-00003-of-00048_000382,аха қара беріңдер мен қазір келемін,аға мравелнер негас келем,1.0,0.5142857142857142,6
train-00003-of-00048_000383,қанат,حنات,1.0,1.0,1
train-00003-of-00048_000384,салқын емес пе саған,салкын эмес би саган,1.0,0.25,4
train-00003-of-00048_000385,әділет маратұлының кеткенін уайымдап отырмын,әділет маратуның кеткенн ойындаып отырмың,0.8,0.20454545454545456,5
train-00003-of-00048_000386,миммин,任命,1.0,1.0,1
train-00003-of-00048_000387,бірақ ана жаңадан келген директор маған вообще ұнаған жоқ,рақ ана жанадан келген директор маған бапшионаған жоқ,0.4444444444444444,0.19298245614035087,9
train-00003-of-00048_000388,қатыгез адамбыз сияқты,қaтigezada siғt,1.0,0.8636363636363636,3
train-00003-of-00048_000389,ал 4 5 жылдан кейін не болады,ал төрт без жулдан кийи еп алаты,0.8571428571428571,0.5517241379310345,7
train-00003-of-00048_000390,шил,ش,1.0,1.0,1
train-00003-of-00048_000391,жақсы,ش死,1.0,1.0,1
train-00003-of-00048_000392,сөйтіп жүрдіңіздердіңіздерді,,1.0,1.0,2
train-00003-of-00048_000393,контект не қыламыз,векті не ғаламыз,0.6666666666666666,0.3888888888888889,3
train-00003-of-00048_000394,кнатып,لعد,1.0,1.0,1
train-00003-of-00048_000395,нарсаған,来س哈,1.0,1.0,1
train-00003-of-00048_000396,біз екеуміз жүк қарағалар сияқтымыз ғой иә,zеkеmiz jim қаraлar sa tuslaya,1.0,0.8095238095238095,7
train-00003-of-00048_000397,мұх,不他,1.0,1.0,1
train-00003-of-00048_000398,ол жерге қуалды ғой,那这个荒的会,1.0,1.0,4
train-00003-of-00048_000399,біз ескертетін депрессия емеспіз ғой,z iskrded dipresimespozvol,1.0,0.9444444444444444,5
train-00003-of-00048_000400,жүр,这处,1.0,1.0,1
train-00003-of-00048_000401,өбінеткі болайын,هبنتكبري,1.0,1.0,2
train-00003-of-00048_000402,адлид муратович,ادلتوراتج,1.0,1.0,2
train-00003-of-00048_000403,кешегі сіздің интервьюіңіз басшылап ұнамай қалды,geçeni sizin endiriliyorumuz başlar onamayalt,1.0,0.9583333333333334,6
train-00003-of-00048_000404,бүкіл елдің алдында,бү кілердің алдылда,1.0,0.21052631578947367,3
train-00003-of-00048_000405,өкімет ақша бермейді,үкімет ақша бермейт,0.6666666666666666,0.15,3
train-00003-of-00048_000406,қаражат жетпейді деген шынында айтсам,қаражат жетпейтте керугіз шыныдайтсам,0.8,0.2972972972972973,5
train-00003-of-00048_000407,ұят болды,越不子,1.0,1.0,2
train-00003-of-00048_000408,біз енді,人对,1.0,1.0,2
train-00003-of-00048_000409,мемлекеттік мекеме емеспіз бе а,мемлекеттік мекеме емеспізб,0.6,0.12903225806451613,5
train-00003-of-00048_000410,в общем былай,我是不对,1.0,1.0,3
train-00003-of-00048_000411,по собственному желанию,пособственну желанию,0.6666666666666666,0.13043478260869565,3
train-00003-of-00048_000412,ары жазыңыз и сонымен болды,ارجزس يسولمنب,1.0,0.9629629629629629,5
train-00003-of-00048_000413,осы сіздің немереңіз,我是死能里面零,1.0,1.0,3
train-00003-of-00048_000414,грандта оқиды ғой тоже иә,بلنتقدوتميا,1.0,1.0,5
train-00003-of-00048_000415,жақында сессия басталады,жағначе себостола,1.0,0.5416666666666666,3
train-00003-of-00048_000416,ал сессиясын жақсылап,اشسچسن جاقسىلام,1.0,0.9523809523809523,3
train-00003-of-00048_000417,жаппаса гранттан айырылады ар жағында,жаппаса крартан айылат аржағында,0.8,0.21621621621621623,5
train-00003-of-00048_000418,оқудан кетуі мүмкін,وخوضنكيتوب ممكن,1.0,0.9473684210526315,3
train-00003-of-00048_000419,көп көп көп көп,,1.0,1.0,4
train-00003-of-00048_000420,әділет барады,أجلت مرتي,1.0,0.9230769230769231,2
train-00003-of-00048_000421,цин,心,1.0,1.0,1
train-00003-of-00048_000422,рызын,大别你,1.0,1.0,1
train-00003-of-00048_000423,маған сондай бұйрық берді мен сізге соны жеткіздім,mağan sondoy biyrık prdi mensizgi sone cetkisin,1.0,0.88,8
train-00003-of-00048_000424,сіз,是是,1.0,1.0,1
train-00003-of-00048_000425,лендемокс,我怎么,1.0,1.0,1
train-00003-of-00048_000426,ең бастысы арызды жазыңыз,yin bassa arıdıcazımız,1.0,0.96,4
train-00003-of-00048_000427,біз сізді құрметпен шығарып саламыз,біз сізді қүрмет пен шығарып саламыз,0.4,0.05714285714285714,5
train-00003-of-00048_000428,жоқ,ك,1.0,1.0,1
train-00003-of-00048_000429,өлең,,1.0,1.0,1
train-00003-of-00048_000430,әдет мұратович тілегіңізге көп көп рақмет ал балалар,алетмаратеч тлегңизге көп көпрахмет албалалар,0.875,0.25,8
train-00003-of-00048_000431,аныкі құрметтен шапалапты,aنك хrmetter sapalafter,1.0,0.96,3
train-00003-of-00048_000432,ел іссізді,ilissizdi,1.0,1.0,2
train-00003-of-00048_000433,балалар үйінің жаңа басшысы,маллар үйнüң жаңа башсы,0.75,0.2222222222222222,4
train-00003-of-00048_000434,арыстанбаев темірхан болатұлына берейік,арстаnбаyıв темрхан бolатılуна берi,1.0,0.358974358974359,4
train-00003-of-00048_000435,құдай қалай қалай қалай,,1.0,1.0,4
train-00003-of-00048_000436,тоқта,老ت,1.0,1.0,1
train-00003-of-00048_000437,мұнда не істейміздер,undan istimdiyr,1.0,0.95,3
train-00003-of-00048_000438,бөлістіміз бе,بeرشتimسب,1.0,1.0,2
train-00003-of-00048_000439,жарайды бар,cöret bor,1.0,0.9090909090909091,2
train-00003-of-00048_000440,темір хан,对们是恨,1.0,1.0,2
train-00003-of-00048_000441,в обеспределді көріп тұрсың ғой,la بisفred көrtusm,1.0,0.9032258064516129,5
train-00003-of-00048_000442,в общем билік сенің қолыңда,وش بiلkسеنومd,1.0,0.9259259259259259,5
train-00003-of-00048_000443,шарангин,そng,1.0,1.0,1
train-00003-of-00048_000444,мынау сияқтылар тәртіпке сал,ناوسىياقتىلار تەرتىكى سال,1.0,0.9285714285714286,4
train-00003-of-00048_000445,мен кеттім,明نك,1.0,1.0,2
train-00003-of-00048_000446,кездесулерің бар,给是去ل怎不ر,1.0,1.0,2
train-00003-of-00048_000447,жақсы даурен ибрагыч жақсы,цахс даврене браяш х,1.0,0.5384615384615384,4
train-00003-of-00048_000448,қаныш,好不吃,1.0,1.0,1
train-00003-of-00048_000449,мына сіздің демеуіңіздің арқасында осы жерде бір ай директор болу керек жақсы жақсы,мұна сіздің демегііздің арғасылағошід бірай директор болн жақы жаы,0.8461538461538461,0.30120481927710846,13
train-00003-of-00048_000450,ал құрады,花,1.0,1.0,2
train-00003-of-00048_000451,жәкеңе айтасыз жараймын,كن ايتسجلم,1.0,0.9565217391304348,3
train-00003-of-00048_000452,айтпақшы,多不是,1.0,1.0,1
train-00003-of-00048_000453,мәке менің темам туралы айтты ма,наке мен темн турлайтна,1.0,0.40625,6
train-00003-of-00048_000454,аты жоғында еді,اطجننت,1.0,1.0,3
train-00003-of-00048_000455,аманбаев қанат,همن بايف خنات,1.5,0.9285714285714286,2
train-00003-of-00048_000456,құманбаев қала,我不婆呢,1.0,1.0,2
train-00003-of-00048_000457,босалу туралы анықтамаңыздар,босал туралан талн бер,1.3333333333333333,0.42857142857142855,3
train-00003-of-00048_000458,қайда отырасың,还就知死,1.0,1.0,2
train-00003-of-00048_000459,медеуадин,мидеводин,1.0,0.3333333333333333,1
train-00003-of-00048_000460,дом 3 квартира 13,dontri qvartire trenas,1.0,1.1764705882352942,4
train-00003-of-00048_000461,жұмыс жасау ойыншық бола ма,مsesوnc klomrm,1.0,0.9629629629629629,5
train-00003-of-00048_000462,неге,ي,1.0,1.0,1
train-00003-of-00048_000463,сол боп боп,吃不,1.0,1.0,3
train-00003-of-00048_000464,алө,عليه,1.0,1.3333333333333333,1
train-00003-of-00048_000465,ассалаумағалейкүм ұят саян звоню,صوام أليكم يا رسيان زي,1.25,0.9375,4
train-00003-of-00048_000466,сөйтіп жүрген,起要回,1.0,1.0,2
train-00003-of-00048_000467,ассалаумағалейкүм,从磨这口,1.0,1.0,1
train-00003-of-00048_000468,темір ханнан кек алу,темірханнаң кег алу,0.75,0.15,4
train-00003-of-00048_000469,жылдар бойы,залдар боы,1.0,0.2727272727272727,2
train-00003-of-00048_000470,менің басты мақсатым бол,你ن бастмстб,1.0,0.625,4
train-00003-of-00048_000471,ары қарай не болатынын көргің келсе,ар қарай неболатын көріңделсе,0.8333333333333334,0.2,6
train-00003-of-00048_000472,келесі серияларда,келес серияларды,1.0,0.11764705882352941,2
train-00003-of-00048_000473,тв плюс қазақтелекомнан,теві плюс қазақ телекөмні,1.0,0.2608695652173913,3
train-00003-of-00048_000474,көре аласың,これわす,1.0,1.0,2
train-00003-of-00048_000475,сілтеме астында,сілтеме асында,0.5,0.06666666666666667,2
train-00003-of-00048_000476,қысым өттіп жүрген кім болатын шығар,صمكم قموتش,1.0,0.9722222222222222,6
train-00003-of-00048_000477,сен не істейсің десең,是你心这水,1.0,1.0,4
train-00003-of-00048_000478,мен мына жерге сенің несін бастық қылып отырғызды мына,мен нәгерге се не сін бастық қылып отымңыздым да,0.6666666666666666,0.25925925925925924,9
train-00003-of-00048_000479,сонымен ешінші рет полициядан алып шықты,pwrsme nisisit ne palicit nopskt,1.0,0.925,6
train-00003-of-00048_000480,машина ие алмайсың ба,马行一家,1.0,1.0,4
train-00003-of-00048_000481,жеңіл жүр,什用去,1.0,1.0,2
train-00003-of-00048_000482,олмаса тексермен жүр,ومستكسiميجو,1.0,1.0,3
train-00003-of-00048_000483,мәшинесі қосшы,مشنeсоش,1.0,0.8571428571428571,2
train-00003-of-00048_000484,темір ғой,جمرغ,1.0,1.0,2
train-00003-of-00048_000485,өзіңе бірдеме болсаң не болады,узме прден осаневол,1.0,0.5333333333333333,5
train-00003-of-00048_000486,конечно папаның бәрін шешіп тастайды,heni pafan بerin شi iس,1.0,0.8888888888888888,5
train-00003-of-00048_000487,жарайды алып беремін,şerاyd alt بerim,1.0,0.9,3
train-00003-of-00048_000488,бірақ водительмен жүресін,برخفاديت المجلس,1.0,0.96,3
train-00003-of-00048_000489,жарайды сосын сөйлесеміз,زر سوس سولسمس,1.0,0.9166666666666666,3
train-00003-of-00048_000490,только,老快,1.0,1.0,1
train-00003-of-00048_000491,үйгеде,预个的,1.0,1.0,1
train-00003-of-00048_000492,жанельді апарып тастайық,შანელდაფარ სტეხ,1.0,0.9583333333333334,3
train-00003-of-00048_000493,осы мамаңа ештеңе айтушы болма,usu mamanga iştiң aytuşu bolma,1.0,0.8666666666666667,5
train-00003-of-00048_000494,жоқ жұмыстарым,colsumstarım,1.0,1.0,2
train-00003-of-00048_000495,айбекпен сәл шешігіп қалдым,يلكيشق,1.0,1.0,4
train-00003-of-00048_000496,үйде бір жағдай қазір ғана жиналған,geب جadnan,1.0,0.9714285714285714,6
train-00003-of-00048_000497,рақмет,رخميت,1.0,1.0,1
train-00003-of-00048_000498,алматы қаласы әкімшілігіне,алматығаласәкім ісілігіне,1.0,0.2692307692307692,3
train-00003-of-00048_000499,сосын сіздерге,сассеدергe,1.0,0.5714285714285714,2
train-00003-of-00048_000500,үлкен,军,1.0,1.0,1
train-00003-of-00048_000501,алғысымызды білдіреміз,алық ісімізді білдіреміз,1.0,0.3181818181818182,2
train-00003-of-00048_000502,қызым,خزم,1.0,1.0,1
train-00003-of-00048_000503,сен аюмен ойнап,写拿有妹人那,1.0,1.0,3
train-00003-of-00048_000504,құрметті,قرمتا,1.0,1.0,1
train-00003-of-00048_000505,әріптестер,رتستeر,1.0,1.0,1
train-00003-of-00048_000506,және,前你,1.0,1.0,1
train-00003-of-00048_000507,айналай,عينا لي,2.0,1.0,1
train-00003-of-00048_000508,балапан бәрім,طالا فندارم,1.0,1.0,2
train-00003-of-00048_000509,сіздермен танысқаныма өте қуаныштымын,сіздер мен танысқанма өте қуаныштымын,0.75,0.05405405405405406,4
train-00003-of-00048_000510,еден,真,1.0,1.0,1
train-00003-of-00048_000511,өзімнің орынбасарымды,өзімнің орын басарымды,1.0,0.047619047619047616,2
train-00003-of-00048_000512,нұржанов тимурды сіздерге таныстыруға рұқсат етіңіздер,нұржалов темурды сіздерге таныстыруға ұрқсат етіңіздер,0.5,0.07407407407407407,6
train-00003-of-00048_000513,болашақта,وض شختاه,2.0,1.0,1
train-00003-of-00048_000514,бірге жұмыс істейтін боламыз,бірге шұмыстейтін баламыз,0.75,0.17857142857142858,4
train-00003-of-00048_000515,ту тұр,都这,1.0,1.0,2
train-00003-of-00048_000516,анығы жаралы,anaغajanal,1.0,1.0,2
train-00003-of-00048_000517,қыз берді дейсің бе,这ش,1.0,1.0,4
train-00003-of-00048_000518,қалайсыңыз,快你是处,1.0,1.0,1
train-00003-of-00048_000519,тәңір,这,1.0,1.0,1
train-00003-of-00048_000520,мына балаға ойыншықты өзің бердің бе,那不了我都行,1.0,1.0,6
train-00003-of-00048_000521,сен немене кішкентай балаңның ойыншығын тартып аласың,сен немеле күшкен те бола ойынсығын тартіп боласыңе,1.0,0.2830188679245283,7
train-00003-of-00048_000522,мына оңбаған тиіскен жоқ қой,نبانتشكنجا,1.0,1.0,5
train-00003-of-00048_000523,сен немене,cnimri,1.0,1.0,2
train-00003-of-00048_000524,менің қызымды өтірікші деп тұрсың ба,常可这么毒这个都什官,1.0,1.0,6
train-00003-of-00048_000525,жабай оңсында,过有什吧,1.0,1.0,2
train-00003-of-00048_000526,кудыр,不,1.0,1.0,1
train-00003-of-00048_000527,бірге ше,个,1.0,1.0,2
train-00003-of-00048_000528,жап дей ма ол жаппайды,上م这,1.0,1.0,5
train-00003-of-00048_000529,мына оңбағанды бір жерге апарып қалмақ қой,naumbaghand briga parkamaka,1.0,0.9523809523809523,7
train-00003-of-00048_000530,кейін өзім сөйлесем бар,毕牛经最里什饭,1.0,1.0,4
train-00003-of-00048_000531,қазір жақсы ма сен,干才小什么事,1.0,1.0,4
train-00003-of-00048_000532,тимур,听门,1.0,1.0,1
train-00003-of-00048_000533,орынбасармысың,орым басарымсың,2.0,0.2857142857142857,1
train-00003-of-00048_000534,бұл мақсат,ناست,1.0,1.0,2
train-00003-of-00048_000535,сондықтан шығар емес,سشربش,1.0,1.0,3
train-00003-of-00048_000536,отчет дәлізгей маған өзің көрсетесің жақсы ма,ачот тарвке маан өзім көрсстершім жақс ма,0.8571428571428571,0.37777777777777777,7
train-00003-of-00048_000537,мен қазір үйге үйге апарамын,мен казіш саумегді үйге сосын үйгіапарым,0.8,0.7857142857142857,5
train-00003-of-00048_000538,праздан соң келіп,praзna sa pile,1.0,0.8235294117647058,3
train-00003-of-00048_000539,жоқ ма жоқ,点呢,1.0,1.0,3
train-00003-of-00048_000540,а,,1.0,1.0,1
train-00003-of-00048_000541,шекретаршының дауысы расаласып жастау әдемі қыз болса,сефеташmdауsтрасошаста ладiма звуsа,1.0,0.6415094339622641,7
train-00003-of-00048_000542,всё,,1.0,1.0,1
train-00003-of-00048_000543,қайда да хороший,还一点到肉是,1.0,1.0,3
train-00003-of-00048_000544,араб мемлекеттерінде,араб мемлекеттеринде,0.5,0.05,2
train-00003-of-00048_000545,ұрлық жасаған,الشسغ,1.0,1.0,2
train-00003-of-00048_000546,адамның қолын кесіп,адамның холыңдест,0.6666666666666666,0.3157894736842105,3
train-00003-of-00048_000547,бүгіннен бастап болу дейді онда,уйнен бастат болуу дүдомда,1.0,0.3870967741935484,5
train-00003-of-00048_000548,ұрлық жасаған адамға мынадай жасал,رlغsسaنadamقmنaviجasa,1.0,1.0,5
train-00003-of-00048_000549,ал енді таң,阿子这疼,1.0,1.0,3
train-00003-of-00048_000550,кешірім сұрақты,جشرمسرا,1.0,1.0,2
train-00003-of-00048_000551,сосын бара бер,少什马点面,1.0,1.0,3
train-00003-of-00048_000552,әәәәәәәәәәәәәәәәәәәәәәәәәәәәәәәәәәәәәә,ondaжateg mospomist,2.0,1.0,1
train-00003-of-00048_000553,газ ұлттың расходын азайту керек,ضكرسخض نعزيتولك,1.0,0.96875,5
train-00003-of-00048_000554,сразу,s拉s,1.0,1.0,1
train-00003-of-00048_000555,жындап алған кезде кружоктың бәрін қысқартып тастады бос шығын,س داباۋىكپى كۇرجۇق بەرڭ قىسقارتسا بوششىن,1.0,0.9193548387096774,9
train-00003-of-00048_000556,барлығымыз атсалысуымыз керек,بаرلىقىمىس аتساسыم سөرөپ,1.0,0.8275862068965517,3
train-00003-of-00048_000557,мына балалар үйін салдық,nabalları insalda,1.0,0.9583333333333334,4
train-00003-of-00048_000558,қой енді курс жазбайық,قين كل فتسمايق,1.0,0.9090909090909091,4
train-00003-of-00048_000559,қызыл жіпті кесіп,نتكاسب,1.0,1.0,3
train-00003-of-00048_000560,балаларды,بللرتا,1.0,1.0,1
train-00003-of-00048_000561,ғимаратқа кіргізейік,فيمارت خاجرزيك,1.0,0.95,2
train-00003-of-00048_000562,дұрыс дұрыс,那了,1.0,1.0,2
train-00003-of-00048_000563,енді балаларды жеткіземіз деуге ең басты,ен баллар жеттіріміздігі ең басты,0.6666666666666666,0.3,6
train-00003-of-00048_000564,рақмет,шمеt,1.0,0.8333333333333334,1
train-00003-of-00048_000565,ал енді құрметті ағайын баршаңызға тағы да көп көп рақмет меніңше енді мына ғимарат,ал енді құрметті ағайын башаңызғы ктағы да көкпоп рахмет меніг ішені мына қимарат,0.5714285714285714,0.1686746987951807,14
train-00003-of-00048_000566,тағдыры ауыр бүлдіршіндердің көңілінен шығады деген үміттемін,тағдыр ауыр білдішіндердің көңілінен шығат деген үміттемін,0.42857142857142855,0.08196721311475409,7
train-00003-of-00048_000567,сондықтан да қаладағы барша балалар үйінің ғимараттары жаңара берсін,сонықтан да қаладағы барша балдар үйнің ғимараттар жаңыра берсін,0.5555555555555556,0.08823529411764706,9
train-00003-of-00048_000568,мен енді жұмысым бар еді асығыстап едім бара берейін,нененді шумысынбаре асық стаубедн бара беренн,0.8888888888888888,0.3269230769230769,9
train-00003-of-00048_000569,рақмет,你好吧,1.0,1.0,1
train-00003-of-00048_000570,мына ет мәселесі жөнінде балалар келеді,bıнa еt meсele şөndе baлlar кеlеk,1.0,0.6410256410256411,6
train-00003-of-00048_000571,мен айтқанда істейсің ғой,面里团的机上位,1.0,1.0,4
train-00003-of-00048_000572,құдай қалай қалай қалай,好你来,1.0,1.0,4
train-00003-of-00048_000573,жүрек тыңдарыл,是是疼快,1.0,1.0,2
train-00003-of-00048_000574,мына зарядка қойсақшы,نزلفقغيس,1.0,1.0,3
train-00003-of-00048_000575,әңгімелесіп алайық тамақтылық,نملس بليق مخرط,1.0,0.9310344827586207,3
train-00003-of-00048_000576,үзді ме,,1.0,1.0,2
train-00003-of-00048_000577,ет комбинаты туралы,يتكان بنت صوراض,1.0,0.9473684210526315,3
train-00003-of-00048_000578,жақсы тендер шықты,是的,1.0,1.0,3
train-00003-of-00048_000579,егер ұтсақ,一个的这个,1.0,1.0,2
train-00003-of-00048_000580,қазақстандағы бүкіл балалар үйін етпен қамтамасыз ететін боламыз,қазақстандағы бүкіл балаларүйін етпен ғамда масететін баламыз,0.625,0.125,8
train-00003-of-00048_000581,документтердің бәрін нормально алып дайындасың,دكمiتر برنرملقطينداس,1.0,0.9782608695652174,5
train-00003-of-00048_000582,ссылка,谁会,1.0,1.0,1
train-00003-of-00048_000583,астанаға ұшып барып келемін,астана ушпарк пилем,1.0,0.4444444444444444,4
train-00003-of-00048_000584,бірлік адамдармен толығуың керек,бүрлкі адамдар мен солуғ өң геле,1.5,0.34375,4
train-00003-of-00048_000585,бір қаласа тендер біздікі болады,бе хасатендер безтк ат,1.0,0.46875,5
train-00003-of-00048_000586,қызығын,قذف,1.0,1.0,1
train-00003-of-00048_000587,өткендегі мәселе бойынша,بتكندق مسلي مج,1.0,0.9166666666666666,3
train-00003-of-00048_000588,не істейміз,你心实,1.0,1.0,2
train-00003-of-00048_000589,ол мәселеге уақыт керек шай шешіледі,onməsil yو vaxt gerik şeyşişlit,1.0,0.9166666666666666,6
train-00003-of-00048_000590,қазақ,这,1.0,1.0,1
train-00003-of-00048_000591,тендерді ұтып алайық,هتندردتوليق,1.0,1.0,3
train-00003-of-00048_000592,біраз ақша жинау керек,برزحفجناول,1.0,1.0,4
train-00003-of-00048_000593,қанша,很全,1.0,1.0,1
train-00003-of-00048_000594,әмпірек миллиардтай керек,өмпірек миллиардта герік,1.0,0.16,3
train-00003-of-00048_000595,терге түсуа бөлек,这在说都这,1.0,1.0,3
train-00003-of-00048_000596,мұндан рақмет,我怎么了,1.0,1.0,2
train-00003-of-00048_000597,ит комбинаты букмекерлік негізі қарамаймыз,icambinata bukmeked merska karamams,1.0,0.9285714285714286,5
train-00003-of-00048_000598,осы уақытқа дейін жиғанымызды бір айда тауып аламыз,осы ваққа деннш ығанмыз бірәйда тоу боламыз,0.875,0.35294117647058826,8
train-00003-of-00048_000599,құдаймын,,1.0,1.0,1
train-00003-of-00048_000600,құты жүрген,最什,1.0,1.0,2
train-00003-of-00048_000601,тұрс болып кетсе,درсپوпеце,1.0,0.75,3
train-00003-of-00048_000602,а то задал болеть,ату задавт полеть,1.0,0.29411764705882354,4
train-00003-of-00048_000603,иә,今,1.0,1.0,1
train-00003-of-00048_000604,жарайды жарайды сөйлесем бара беріңіз,جر چв سلیسم بربرкس,1.0,0.918918918918919,5
train-00003-of-00048_000605,кел отыр,كلوتر,1.0,1.0,2
train-00003-of-00048_000606,сене білдіргеніңді білесің бе,شنبنس,1.0,1.0,4
train-00003-of-00048_000607,жеңгесіңнен қасбек,جنག سن قس,1.5,0.9444444444444444,2
train-00003-of-00048_000608,ауруханаға түсті,عرخنغتد,1.0,1.0,2
train-00003-of-00048_000609,чынын,今了,1.0,1.0,1
train-00003-of-00048_000610,бүйрек ауыратынын білмеймін,берегауратынбемi,1.0,0.5185185185185185,3
train-00003-of-00048_000611,білсең ондан еке оған,билсең ондонекеуған,1.0,0.23809523809523808,4
train-00003-of-00048_000612,о,,1.0,1.0,1
train-00003-of-00048_000613,жарайды,بلارات,1.0,1.0,1
train-00003-of-00048_000614,бірақ,مرك,1.0,1.0,1
train-00003-of-00048_000615,өзі үшін мен үшін ә,要其身命行呢,1.0,1.0,5
train-00003-of-00048_000616,жазалауың керек,人子老م的,1.0,1.0,2
train-00003-of-00048_000617,үмүм,,1.0,1.0,1
train-00003-of-00048_000618,неге,你给,1.0,1.0,1
train-00003-of-00048_000619,несіне мен сені жазаламаймын,你снمسеنشزlم,1.0,0.8928571428571429,4
train-00003-of-00048_000620,ең негізгі мәселе сол,ليمنادز بالمسلة صوب,1.0,0.9523809523809523,4
train-00003-of-00048_000621,қаржыландырудың,他是望的不,1.0,1.0,1
train-00003-of-00048_000622,бұны әкбір,من,1.0,1.0,2
train-00003-of-00048_000623,мынау бюджеттің бөлгені,نليجتبلجن,1.0,1.0,3
train-00003-of-00048_000624,қаршын,他吃,1.0,1.0,1
train-00003-of-00048_000625,балалар жұмысқа жетпейтіні мәселе сонда,ب jb s,1.0,0.9487179487179487,5
train-00003-of-00048_000626,олардың киім киюіне,олардың кейімге уне,0.6666666666666666,0.3684210526315789,3
train-00003-of-00048_000627,тамақтануына,他まتのな,1.0,1.0,1
train-00003-of-00048_000628,кружоктар хобби,кروжоктار хوبي,1.0,0.5333333333333333,2
train-00003-of-00048_000629,соның бәріне мынау,上大的个吗,1.0,1.0,3
train-00003-of-00048_000630,шектеулі қаражатты жеткізу біз үшін,谁ت孩是ز个,1.0,1.0,5
train-00003-of-00048_000631,үйге алды,你掉,1.0,1.0,2
train-00003-of-00048_000632,әй сендер не қылып тұрсыңдар,现个,1.0,1.0,5
train-00003-of-00048_000633,сабақ басталды,小我多,1.0,1.0,2
train-00003-of-00048_000634,касым,开始,1.0,1.0,1
train-00003-of-00048_000635,машина қарап алайыншы,машна գաрաлынч,1.0,0.5238095238095238,3
train-00003-of-00048_000636,қайдалы машина,点个那师呢,1.0,1.0,2
train-00003-of-00048_000637,сөйтіңдер сабаққа,是真的什么,1.0,1.0,2
train-00003-of-00048_000638,харашуыздар,خرشز دل,2.0,1.0,1
train-00003-of-00048_000639,сәлеметсіздер ме,سلمت سدرما,1.0,1.0,2
train-00003-of-00048_000640,қош келдіңіздер ассаламағалейкүм,خشكلتمزدالسلام غليكم,1.0,0.96875,3
train-00003-of-00048_000641,келемін деп ескеріп бердіңіз ғой,لند بيسكلنصي,1.0,0.96875,5
train-00003-of-00048_000642,иә,爷,1.0,1.0,1
train-00003-of-00048_000643,кіріңіз,krns,1.0,1.0,1
train-00003-of-00048_000644,келегенбіз,كل,1.0,1.0,1
train-00003-of-00048_000645,опропадал,我可不头,1.0,1.0,1
train-00003-of-00048_000646,әлгі,,1.0,1.0,1
train-00003-of-00048_000647,яд,يا,1.0,1.0,1
train-00003-of-00048_000648,тыңдап тұрмын сізді,فندبترمزة,1.0,1.0,3
train-00003-of-00048_000649,иә әрине бірақ,yaa rna brak,1.0,0.9285714285714286,3
train-00003-of-00048_000650,оның бәрі де балалар үшін ғой,оn بeрد بаوаршгو,1.0,0.7241379310344828,6
train-00003-of-00048_000651,тағы,,1.0,1.0,1
train-00003-of-00048_000652,қазірдің өзінде,حصرديzندي,1.0,1.0,2
train-00003-of-00048_000653,талай қайырымдылық қорлары ашылып жатыр солар естіп көмектессе мүмкін дегендей,талай қайрыбылы қорларашылық жатырмымтын солар гесті күміктесе мүмкін дегенде,0.7,0.24358974358974358,10
train-00003-of-00048_000654,әрекетті бұл әрекет,ار,1.0,1.0,3
train-00003-of-00048_000655,керек емес,天得给,1.0,1.0,2
train-00003-of-00048_000656,шын дедіңіз,身备,1.0,1.0,2
train-00003-of-00048_000657,қалай по собственному,ليبسبسنم,1.0,1.0,3
train-00003-of-00048_000658,а,,1.0,1.0,1
train-00003-of-00048_000659,мен жазбаймын ештеңе,منجازبعمشتمي,1.0,1.0,3
train-00003-of-00048_000660,жүз,,1.0,1.0,1
train-00003-of-00048_000661,қандай дәмпісіңді,qandydasnda,1.0,1.0,2
train-00003-of-00048_000662,мен үміткен мен үміткен,你没认么,1.0,1.0,4
train-00003-of-00048_000663,қатысы қанша бұдар,卡次刚这不的,1.0,1.0,3
train-00003-of-00048_000664,сондықтан да,soنttنd,1.0,1.0,2
train-00003-of-00048_000665,осы күнге дейін,وسkم gدن,1.0,0.9333333333333333,3
train-00003-of-00048_000666,бірге істеп келген әрбір әріптесіме,біргестеп берген әрбір әрп тесме,1.0,0.2,5
train-00003-of-00048_000667,игі жұмыстағы,игжmуstarа,1.0,0.7692307692307693,2
train-00003-of-00048_000668,қызметтері үшін,қызмет дәрешіні,1.0,0.4666666666666667,2
train-00003-of-00048_000669,бене,من,1.0,1.0,1
train-00003-of-00048_000670,үлкен алғысымды білдіремін,الكان اوسملبلدري,1.0,0.9615384615384616,3
train-00003-of-00048_000671,ал енді балалар,naaljen de بalalاr,1.0,1.1333333333333333,3
train-00003-of-00048_000672,мен сіздердің,من سدربن,1.0,0.9230769230769231,2
train-00003-of-00048_000673,әрқайсыларыңды,һәр ғай сларында,3.0,0.5,1
train-00003-of-00048_000674,кішкентай сәби кездерінен білемін,skеnteisaبiгеs dernemлe,1.0,0.9090909090909091,4
train-00003-of-00048_000675,сендерді,现天的,1.0,1.0,1
train-00003-of-00048_000676,өз балаларымдай жақсы көрем,өз балаларындай жақсы кре,0.5,0.1111111111111111,4
train-00003-of-00048_000677,оооо,好,1.0,1.0,1
train-00003-of-00048_000678,конечно шешіп стой,конечны шүшп стойт,1.0,0.2222222222222222,3
train-00003-of-00048_000679,түсінікті,c,1.0,1.0,1
train-00003-of-00048_000680,я больше что то не буду,jebuš dotně bůdo,1.0,0.9130434782608695,6
train-00003-of-00048_000681,жауапты,rف的,1.0,1.0,1
train-00003-of-00048_000682,главное мен аманмын,我不那命闹م呢,1.0,1.0,3
train-00003-of-00048_000683,я рядом,يارعات,1.0,1.0,2
train-00003-of-00048_000684,пап,我,1.0,1.0,1
train-00003-of-00048_000685,қалжы,好去,1.0,1.0,1
train-00003-of-00048_000686,можно мне новое теле,م是دم你نبكل,1.0,1.0,4
train-00003-of-00048_000687,пожалуйста,شاوستا,1.0,1.0,1
train-00003-of-00048_000688,я больше так ездить не буду,я будуш так естить не буду,0.3333333333333333,0.2222222222222222,6
train-00003-of-00048_000689,бұл ол,不啊,1.0,1.0,2
train-00003-of-00048_000690,хватитель,把急姐里,1.0,1.0,1
train-00003-of-00048_000691,а можно без водителя папочка,можно бисвотителю попочку,0.8,0.32142857142857145,5
train-00003-of-00048_000692,пожалуйста,بشاس,1.0,1.0,1
train-00003-of-00048_000693,я же сказала я буду аккуратна ей,еж сказал я буду аккуратної,0.7142857142857143,0.25,7
train-00003-of-00048_000694,сен потом үйде қаласың ба,سiمpت ميجغlاسم,1.0,0.96,5
train-00003-of-00048_000695,кешу,这是,1.0,1.0,1
train-00003-of-00048_000696,әсем туған күніне не қылайын деп едің,아시금 동항인 연영하인데에도,1.0,0.9459459459459459,7
train-00003-of-00048_000697,ой зачем әсемге күл,oyzatsha masimgegun,1.0,0.9473684210526315,4
train-00003-of-00048_000698,ол андай творческий қыз ғой табиғатты аспанды,олары точеский кызны табиғатты аспанды,0.7142857142857143,0.26666666666666666,7
train-00003-of-00048_000699,ай,爷,1.0,1.0,1
train-00003-of-00048_000700,а не қазбек,خصب,1.0,1.0,3
train-00003-of-00048_000701,бұл,别天,1.0,1.0,1
train-00003-of-00048_000702,аааа,,1.0,1.0,1
train-00003-of-00048_000703,аха,,1.0,1.0,1
train-00003-of-00048_000704,ана печенье жемесіздер ме,أما بجنجمشز,1.0,0.96,4
train-00003-of-00048_000705,дау дау бер бер деймін,доу доу дер бертеміз,1.0,0.3181818181818182,5
train-00003-of-00048_000706,көрсетіліп жатыр,у каранда әдреп марат ишті курсетежаты,3.0,1.875,2
train-00003-of-00048_000707,әділет ағай қалыңызшы,адетағай қалыңышы,1.0,0.23809523809523808,3
train-00003-of-00048_000708,жарайды онда біз кеттік,جريطنطا بسكيتنك,1.0,0.9565217391304348,4
train-00003-of-00048_000709,неге настя бізге еще тұшқа салу керек,білге нәстәпіскенші тұшқасао герек,1.0,0.4594594594594595,7
train-00003-of-00048_000710,никита жүресің бе,ك他就这сб,1.0,0.8823529411764706,3
train-00003-of-00048_000711,банды да пока қанатты,完点爸kk,1.0,1.0,4
train-00003-of-00048_000712,құдай қалай,,1.0,1.0,2
train-00003-of-00048_000713,өміріміздер,مزل,1.0,1.0,1
train-00003-of-00048_000714,кім кім бұл отправишь меня на счет один миллион,ка отправишь мене насчет один елиа,0.7777777777777778,0.3617021276595745,9
train-00003-of-00048_000715,реквизит осылай жанатылдығында жетеді,rكvizيte asaronatlntgt,1.0,0.972972972972973,4
train-00003-of-00048_000716,мен жоқ кетті оны не істеп тастағансыздар,ينجغكلتمسبتنصب,1.0,1.0,7
train-00003-of-00048_000717,әлі,俺奶,1.0,1.0,1
train-00003-of-00048_000718,келінім,كلم,1.0,1.0,1
train-00003-of-00048_000719,жоқ қазір қалай екен,جوقل وقا,1.0,0.95,4
train-00003-of-00048_000720,в смысле не уақыт,什么谁你,1.0,1.0,4
train-00003-of-00048_000721,мағанаймын өмір,,1.0,1.0,2
train-00003-of-00048_000722,я болады кенен доме,यवतक न द م,1.0,0.8947368421052632,4
train-00003-of-00048_000723,жаңағы,,1.0,1.0,1
train-00003-of-00048_000724,ол жағына тамағын жеп далаға шық екен,ол жана тамағын жеп дашық екен,0.42857142857142855,0.1891891891891892,7
train-00003-of-00048_000725,походы олар мультиздетіп жүрген сияқты ғой,호d 무지s 줄г 작к도,1.0,0.9047619047619048,6
train-00003-of-00048_000726,ой болт болт,بوي ب,1.0,0.9166666666666666,3
train-00003-of-00048_000727,қалжың ғой сестренка,가s 것이 스랑か,1.0,0.9,3
train-00003-of-00048_000728,бірақ любовь наркоз деп,brak ju bos markos cep,1.25,0.8695652173913043,4
train-00003-of-00048_000729,сен шошаңдамай жүрсің ба,sen шo şanda may cırtsүн be,1.5,0.9583333333333334,4
train-00003-of-00048_000730,ана машинаны қараңдаршы,ba amamarnan karener,1.0,0.9565217391304348,3
train-00003-of-00048_000731,ооо трясатка,تريصاتك,1.0,1.0,2
train-00003-of-00048_000732,қайдағы тридцатканы володяны қарашы олар бұрында жеке жеке қолмен селінген мен өскен кезде гонщик болып көп ақша жинап,қайдағы трицатканы вало жаңғараш олар бұрында жеке жеке қолмен селінген мен өскен кезде гончик болып көп ақша жинап,0.2222222222222222,0.0847457627118644,18
train-00003-of-00048_000733,тура осындай машина сатып аламын,турa ос даiмашне зато,1.0,0.53125,5
train-00003-of-00048_000734,өйткені ол даун ғой,ütкen ol danu,1.0,0.8421052631578947,4
train-00003-of-00048_000735,жаңа жүргізіледі,,1.0,1.0,2
train-00003-of-00048_000736,неге едет бар жатсыз,неедет паржасес,1.0,0.4,4
train-00003-of-00048_000737,жеңбек,归,1.0,1.0,1
train-00003-of-00048_000738,оныңызда,س,1.0,1.0,1
train-00003-of-00048_000739,колайсың,خيس,1.0,1.0,1
train-00003-of-00048_000740,үш,,1.0,1.0,1
train-00003-of-00048_000741,жақсы қарап көрсеміз ғой,加口先说,1.0,1.0,4
train-00003-of-00048_000742,ма,,1.0,1.0,1
train-00003-of-00048_000743,ал дәстүм арашқа,那s去快来是,1.0,1.0,3
train-00003-of-00048_000744,одан былай кім не істейді кім туралы,потам была комне стит комтурала,1.0,0.3888888888888889,7
train-00003-of-00048_000745,кынды,肯爹,1.0,1.0,1
train-00003-of-00048_000746,не айтса маған бәрін жеткізіп тұрасың шыным ба,naetsa maan bera jilkis ptrosinsnimba,1.0,0.9130434782608695,8
train-00003-of-00048_000747,беген отбой,比哥安不,1.0,1.0,2
train-00003-of-00048_000748,гоп,你哥,1.0,1.0,1
train-00003-of-00048_000749,имейді аманбаев ханат керемет ма а то что не решается за деньги,эмед амамбаев хана теревекма а то что оне решается задень,0.6666666666666666,0.20634920634920634,12
train-00003-of-00048_000750,қоштасын,我是的,1.0,1.0,1
train-00003-of-00048_000751,құш,,1.0,1.0,1
train-00003-of-00048_000752,блин ана екеуі қайда жүр сабаққа кешігетін болды ғой,біле ен ана екеу қайда жұр сабаға кешікетін болды ғо,0.7777777777777778,0.19230769230769232,9
train-00003-of-00048_000753,жараттың неше алуан жұрт бір құдайым тең етті бәрімізге күн мен айым адамның адам біткен баласымыз қайсым бөлек тудың деп айырайын бәріміз бір адамның баласымыз жігіттер бір біріңе қарасыңыз өмір деген бескүндік кетер өтіп атаң барған орынға барасыңыз,жараттын еше аллан жорт бұрқыдайым теңетті бәрімізге күнмен айым адамның адам біткен баласымыз қайсым бөлек тудың деп айыр айын бәріміз бір адамның баласымыз жігіттер бір біріне қарасыңыз өмір делген бескіндік кетер өтіп атаң барған орынға барасыңыз,0.39473684210526316,0.05179282868525897,38
train-00003-of-00048_000754,қанеки балалар,qaniкibaлlar,1.0,0.8571428571428571,2
train-00003-of-00048_000755,үй тапсырманы тексереміз,итапсырманы текс ереміз,1.0,0.16666666666666666,3
train-00003-of-00048_000756,абырай алтынсарин,براياوكمسارن,1.0,1.0,2
train-00003-of-00048_000757,так,打,1.0,1.0,1
train-00003-of-00048_000758,кім жаттады,كم جطط دا,1.5,0.9090909090909091,2
train-00003-of-00048_000759,дәуіт сенен бастайық айта ғой,داو سiنiم بستق atق,1.0,0.896551724137931,5
train-00003-of-00048_000760,жаттаған жоқпын,تان جقبن,1.0,0.9333333333333333,2
train-00003-of-00048_000761,неге дәуіт,نگتوت,1.0,1.0,2
train-00003-of-00048_000762,вот,وطر,1.0,1.0,1
train-00003-of-00048_000763,келесі жолы жаттап келетін бол,келес шол жатап керетін бол,0.8,0.16666666666666666,5
train-00003-of-00048_000764,бірінші сені сұраймын,برنc سين سرايم,1.0,0.9047619047619048,3
train-00003-of-00048_000765,келесі кім,كيليصكم,1.0,1.0,2
train-00003-of-00048_000766,апай бұл қайталап алайыншы,بيبتطبن,1.0,1.0,4
train-00003-of-00048_000767,несін қайталайсың,несін қайта алайсын,1.0,0.17647058823529413,2
train-00003-of-00048_000768,сабаққа дайын болып келу керек қой,сабаққа дайын болып келу кірек ко,0.3333333333333333,0.08823529411764706,6
train-00003-of-00048_000769,айта ғой,يطغ,1.0,1.0,2
train-00003-of-00048_000770,жақсы қалғандарыңды келесі сабақта сұраймын,жақсы қалғандарынды келесі сабақта сұраймын,0.2,0.023255813953488372,5
train-00003-of-00048_000771,қаныт сендер,қыныт синдат,1.0,0.3333333333333333,2
train-00003-of-00048_000772,абаев,爸谁,1.0,1.0,1
train-00003-of-00048_000773,айтыңыз,pnt,1.0,1.0,1
train-00003-of-00048_000774,қазақстан,زت,1.0,1.0,1
train-00003-of-00048_000775,өзім өкілдер мен өзім өкілдер,dmebrndzk,1.0,1.0,5
train-00003-of-00048_000776,бай ішіп келсең болады ма,аy sukirsеm boлama,1.0,0.8,5
train-00003-of-00048_000777,яппарова,يا برو,2.0,1.0,1
train-00003-of-00048_000778,қазақстан,қазақтың,1.0,0.3333333333333333,1
train-00003-of-00048_000779,аудармашы,أو درمش,2.0,1.0,1
train-00003-of-00048_000780,саяси қайраткер,سياسي قيرة كير,1.5,0.9333333333333333,2
train-00003-of-00048_000781,абай өлең жазуды он жасынан бастаған,абай өлен жазуды он жасынан бастаған,0.16666666666666666,0.027777777777777776,6
train-00003-of-00048_000782,ағартушы,аغртушы,1.0,0.25,1
train-00003-of-00048_000783,жазба жоқ па екен,شاسب سطبكن,1.0,0.9411764705882353,4
train-00003-of-00048_000784,сәлеметсіздер,سلمس,1.0,1.0,1
train-00003-of-00048_000785,шаңғы,,1.0,1.0,1
train-00003-of-00048_000786,отырыңдар,وطرند,1.0,1.0,1
train-00003-of-00048_000787,мысыл просты,s,1.0,1.0,2
train-00003-of-00048_000788,не болып қалды,неуап қалды,0.6666666666666666,0.35714285714285715,3
train-00003-of-00048_000789,білмеймін диалектар жинасың деп жатыр,білмен детовтржинасте жатыр,0.8,0.40540540540540543,5
train-00003-of-00048_000790,им,,1.0,1.0,1
train-00003-of-00048_000791,жаңағы көрсетіп жүргізді,,1.0,1.0,3
train-00003-of-00048_000792,бүгінгі сабағымыз,unგ საბაღmı,1.0,0.9411764705882353,2
train-00003-of-00048_000793,әзірше аяқталды қазір бәріміз жиналып автовый залға барамыз,әзірше аяқталды қазі барімыз жиналып актовизалға барамыз,0.5,0.11864406779661017,8
train-00003-of-00048_000794,но біріншіден кейін судың бәрі өсті,toblشti tuden barوs,1.0,0.9428571428571428,6
train-00003-of-00048_000795,вы так и не вот соншама,вывы так и невосыча,0.6666666666666666,0.43478260869565216,6
train-00003-of-00048_000796,менің қызым қайда,你能可能我的,1.0,1.0,3
train-00003-of-00048_000797,аааа,,1.0,1.0,1
train-00003-of-00048_000798,такие қазір бәрін түсіндіремін бұл жерде дтп болды дтп болған жерде халық көп бәрі білесіз қазір телефонды алып алып сразу түсіріп бастайды фиксировать етіп,тәке кәз бәрін түсіндірем жерде дтіпі болп дітіпі болған жерде халық көп бәрі білес кәз телефонда албап сырағз түсіріп бастайт фиксирі өтетіп,0.6666666666666666,0.26282051282051283,24
train-00003-of-00048_000799,енді резонанс болыватыр елдің бәрі шулаватыр,енді резананц бло батыр елдің ба жола батыр,1.0,0.29545454545454547,6
train-00003-of-00048_000800,тем более анау потерпевшелер сасып бастады енді такие бір мы должны были как то отреагировать управление алып келдік,тимболяна потерпевшылар сасы бастат ен таки мы далжны біли какта атреагиры от управления ғалып келдік,0.8888888888888888,0.25862068965517243,18
train-00003-of-00048_000801,ол бірақ уайымдамаңыз ол көрші кабинеті қазір таке,ол бірақ уындармаң сол көрші кабинетті қазір,0.5,0.26,8
train-00003-of-00048_000802,шимырып алғансың ба,himrubamafuna,1.0,1.0,3
train-00003-of-00048_000803,ол сіздің арқаңызда ғой енді таки,我自经他都会你给,1.0,1.0,6
train-00003-of-00048_000804,талам,هب,1.0,1.0,1
train-00003-of-00048_000805,сен мұнда қайдан шүкір,这梦大概登是,1.0,1.0,4
train-00003-of-00048_000806,қазір,好谢,1.0,1.0,1
train-00003-of-00048_000807,алай,,1.0,1.0,1
train-00003-of-00048_000808,ай не болды құйрығың ба,你许ر,1.0,1.0,5
train-00003-of-00048_000809,ахау,ه,1.0,1.0,1
train-00003-of-00048_000810,тұр тұр ма,ترم,1.0,1.0,3
train-00003-of-00048_000811,неге келмейтін,没你,1.0,1.0,2
train-00003-of-00048_000812,выжым,وج,1.0,1.0,1
train-00003-of-00048_000813,жақсы,上,1.0,1.0,1
train-00003-of-00048_000814,кеттің саған,كتس,1.0,1.0,2
train-00003-of-00048_000815,асалығын,我,1.0,1.0,1
train-00003-of-00048_000816,қалай жетті ме,خلاش تمح,1.0,0.9285714285714286,3
train-00003-of-00048_000817,жаңа,جا,1.0,1.0,1
train-00003-of-00048_000818,мынау соңғы квартал бойынша отчеттер ғой,那松的快头不下去得了,1.0,1.0,6
train-00003-of-00048_000819,ет комбинат және букмекерлердің,et комbинаt bукmeклеdn,1.0,0.5806451612903226,4
train-00003-of-00048_000820,айтпақшы ақшалардың жем шем несіне счетно жібердім,әлпақшыақшылардың женшем не ісіне шөтінә жібердін,1.0,0.3,7
train-00003-of-00048_000821,не таңдар,你等的,1.0,1.0,2
train-00003-of-00048_000822,алейкумсалам,ذكن صام,2.0,1.0,1
train-00003-of-00048_000823,нормально,我م,1.0,1.0,1
train-00003-of-00048_000824,в общем держи здесь вся информация про кого пробивали адреса то что,в общем держи веся информация прокоо пробивали адсаточто,0.5833333333333334,0.1791044776119403,12
train-00003-of-00048_000825,а это от нас бонус чистый,айтат нас бонус чистый,0.5,0.2,6
train-00003-of-00048_000826,тамираспен,لمرسبين,1.0,1.0,1
train-00003-of-00048_000827,пазарымы,وزرم,1.0,1.0,1
train-00003-of-00048_000828,а это так что вы не шумели,а это так чтобы не шумили,0.42857142857142855,0.11538461538461539,7
train-00003-of-00048_000829,весело,比希我,1.0,1.0,1
train-00003-of-00048_000830,ну как говорится хорошая информация стоит хороших денег,ну как говорится хороша информации стоит хороших денне,0.375,0.07272727272727272,8
train-00003-of-00048_000831,а да конечно,а да конешно,0.3333333333333333,0.08333333333333333,3
train-00003-of-00048_000832,түсіп,全,1.0,1.0,1
train-00003-of-00048_000833,атылайшы,اكلش,1.0,1.0,1
train-00003-of-00048_000834,всө ескі шоу дұрыңыздан жақсы көрдіңіз де құдай көрдік,все с чо друг знаш клази не,1.0,0.7037037037037037,9
train-00003-of-00048_000835,иә кіре бер,تربر,1.0,1.0,3
train-00003-of-00048_000836,бола ма,我吗,1.0,1.0,2
train-00003-of-00048_000837,бүгін босатылу,بج مسط,1.0,0.9285714285714286,2
train-00003-of-00048_000838,қалай айт ол,来يك,1.0,1.0,3
train-00003-of-00048_000839,кесте тұрсың бұйыртқан,ссетрсбрх,1.0,0.6818181818181818,3
train-00003-of-00048_000840,ағалап тұрсың ғой бұлдарды,غضبتالخوقدل,1.0,1.0,4
train-00003-of-00048_000841,себебі ақымақ қылыптасу ма не,喜为乐莫口都什么你,1.0,1.0,5
train-00003-of-00048_000842,керектерге барайық,就得给里不的,1.0,1.0,2
train-00003-of-00048_000843,бәрібір,م来ب,1.0,1.0,1
train-00003-of-00048_000844,че транслевері бертертс,kötüns be verim bestat,1.3333333333333333,1.0,3
train-00003-of-00048_000845,ертең онда дер,فيكقبديل,1.0,1.0,3
train-00003-of-00048_000846,ногу сломай ме да правильно сен,ногу сломани вправльном,0.8333333333333334,0.3870967741935484,6
train-00003-of-00048_000847,араларында,عروارداء,1.0,1.0,1
train-00003-of-00048_000848,өмек салады,为三么,1.0,1.0,2
train-00003-of-00048_000849,саламын алейкум,صوم عليك,1.0,0.9333333333333333,2
train-00003-of-00048_000850,олева салл,我ل不س,1.0,1.0,2
train-00003-of-00048_000851,қанатсыз ба,hanatsima,1.0,1.0,2
train-00003-of-00048_000852,есім саян мен мәкеңнің бразишасым,есім саянмен макен братишесм,0.8,0.24242424242424243,5
train-00003-of-00048_000853,что там мекен ғой,就ت مكنغل,1.0,0.9411764705882353,4
train-00003-of-00048_000854,нормально,بار مال,2.0,1.0,1
train-00003-of-00048_000855,күн шық кетті,نcكt,1.0,1.0,3
train-00003-of-00048_000856,короче и осы,кручиосы,1.0,0.4166666666666667,3
train-00003-of-00048_000857,аладильникті болатып,аладемнік толатып,1.0,0.35,2
train-00003-of-00048_000858,бұл жерде енді бір ай екі ай семьялы таба берсең болады,бул жерде энде бира ека семела торверсин булар,0.9090909090909091,0.4,11
train-00003-of-00048_000859,мынау на ход ноги,ن نخط نيي,1.0,0.8823529411764706,4
train-00003-of-00048_000860,но телефон,弄起这风,1.0,1.0,2
train-00003-of-00048_000861,ішінде менің номерім бар 1 нәрсе керек болса айтасың ғой,ишинде менин омерун бар бир нерсе керик боса айтасың,0.8,0.30357142857142855,10
train-00003-of-00048_000862,а иә,离安,1.0,1.0,2
train-00003-of-00048_000863,менің атымнан деп хабарласасың ғой,ممiن аtن دe خاوصس,1.0,0.8823529411764706,5
train-00003-of-00048_000864,уже олар дайындап қалған шығар,ужылар dаiнdа поаншар,1.0,0.5,5
train-00003-of-00048_000865,жақсы енді смело жатып жайғасып демала бер жараймын,жақсы енді смела жатып жайғасып емолаге жарым,0.5,0.19607843137254902,8
train-00003-of-00048_000866,адыша,万不是,1.0,1.0,1
train-00003-of-00048_000867,жәди шәкенұлы белгілі қазақ жазушысы ақын һәм әдебиет тарих зерттеушісі сыншы қазақстан жазушылар одағы мен еуразия жазушылар одағының мүшесі сондай ақ шыңғыс хан халықаралық академиясы мен қазақстан республикасының тарих және қоғамдық ғылымдар академиясының академигі жиырмадан астам тарихи прозалық зерттеу кітаптарының авторы негізгі туындылары шетелдегі,жәдей шәкенұла белгілі қазақ жазушысы ақын хәмәдебиет тарих зерттеушісі сынша қазақстан жазушылар одағымен евразия жазушылар одағының мүшесі сондай ақ шыңғысхан халқаралық академиясымен қазақстан республикасының тарих және қоғамдық ғылымдар академиясының академига жиырмадан астам тарихи прозалық зерттеу кітаптәрінің авторы негізгі туындылары шетелдегі қазақ тағдырын тарихын және көрген тауқіметін бейнелеуге арналған,0.5227272727272727,0.226890756302521,44
train-00003-of-00048_000868,оған,,1.0,1.0,1
train-00003-of-00048_000869,бәрін бәрін тесіп отырған әлгі федор путин келді ғой соның қолында бір не қылып,бан тесодаң ан фелі өчин келді ға сон хбалында онн оп,0.9285714285714286,0.5443037974683544,14
train-00003-of-00048_000870,айтпау керекпіз,都多个部子,1.0,1.0,2
train-00003-of-00048_000871,төрттерек болады,,1.0,1.0,2
train-00003-of-00048_000872,мемлекеттік түк,ني ملكتتكت,1.0,1.0,2
train-00003-of-00048_000873,мен орыс тілімен мемлекет тілімен тек қатты осы елдің президенті сияқты болды деген,еорсльми великатлмента катос это президенция сofти,1.0,0.5903614457831325,13
train-00003-of-00048_000874,содан кейін мынау бізді қазақ деп қарап отырған жоқ,sodogi mula kazafta қara otыr ғanja,1.0,0.8823529411764706,9
train-00003-of-00048_000875,ол хорошо қазір мұнда келіп тұрмыз,ал қарашын қазырманда келіп тұрмыз,0.6666666666666666,0.2647058823529412,6
train-00003-of-00048_000876,жаңа есеп болған соң мен тұрғындарым,sawe si pokol san i probondar mi,1.1666666666666667,0.8888888888888888,6
train-00003-of-00048_000877,еске алуға ешкім жоқ біреулер келіп кеткеннен,бескалғо шкемжоқ біреулеркер көткенден,1.0,0.3111111111111111,7
train-00003-of-00048_000878,инсан да барыңдар деді білесе мұнда бар бұл не деген нәрсе ол,اسان دوارد دیشے من دوار بندی د کنن سو,1.0,0.8688524590163934,12
train-00003-of-00048_000879,әй осыны еске алмағанда кімді еске аламыз,ے ووس وی سکال مغنت کھمدس قللس,1.0,0.8780487804878049,7
train-00003-of-00048_000880,5 миллионға азады,بسملينغزف,1.0,1.0,3
train-00003-of-00048_000881,ол не деген сұмдық біз,个,1.0,1.0,5
train-00003-of-00048_000882,осыған қарап жаңа көңілім қарным ашық тұр,msm kaرa karnı مaşıktır,1.0,0.926829268292683,7
train-00003-of-00048_000883,сослава түсіңізшім,差萨就学兄,1.0,1.0,2
train-00003-of-00048_000884,сонда мен ұрпағымның алдында о дүниеде бабамның алдында не деп барамын,бұнда мен ұрқпағымның алдында одыниеді бабамның алдында не деп парам,0.45454545454545453,0.12857142857142856,11
train-00003-of-00048_000885,мен жолға басым киіп барамын ба,mitlo kapasmbi prama,1.0,0.9354838709677419,6
train-00003-of-00048_000886,бабамның басын жапқан жолға мен басымды иліндеп барамын ба,бабамның басын жапқан жауғамен басым дейдінін деп парам ба,0.5555555555555556,0.22413793103448276,9
train-00003-of-00048_000887,бізде ақсүйектердің тұқымы небәрі қырық пайыз десек құлдардың тұқымы алпыс пайыз бұлардың жартысынан астам ақорда төңірегінде жүр,бізді ақсүйектердің тұқымы не бәрі қырық пайыз десек құлдардың тұқымы алпыс пайыз олардың жартысынанастам ағорда төңірегінде жүр,0.4117647058823529,0.046511627906976744,17
train-00003-of-00048_000888,шегарада тұрған орыстарды көрген кезде мен ата жауымды көргендей сезіммен қарадым бізге қан төгіске себеп болған жаңа империялардың орнында отырған жұрттан неге төлем сұрамаймыз қолдан жасалды ғой себебі қазақ қоғамы қырылмаған болса қазір біз 40 та 45 миллион бола келеді толығынан осы елде 5 миллион қазақ қырылды 5 миллион қазақ шетке кетіп қалды сонда 10 миллион,шегірада тұрған ошысқарды көрген көзде мен ата жауымды көргендей сезіммен қарадым бізге қантөгіске себебі болған жәңа империялардың орында отырған жұртыда еге төлем сұрамайңыз қолдан жасалды ғой себебі қазақ қоғамы қырыл маған болса қазір біз қырық та қырық бес милион болады керек қолығынан осы елді бес милион қазақ қырылды бес милион қазақ жетке кетіп бал сонда о миллион қазақ тағдарына кін жолап елге керек жерге керекті ұрпаққа керек ашынышты сабатты айту керек,0.75,0.39344262295081966,56
train-00003-of-00048_000889,ал айта алмасаң есіне сен,ал айталмасаң есінесен,0.8,0.12,5
train-00003-of-00048_000890,қазақсың,hsхصن,1.0,1.0,1
train-00003-of-00048_000892,ал бұл тақырыпқа неге келдің деген тақырыптан келген кезде мені тағдыр алла тағала өзі осы тақырыпқа табиғи түрде алып келді деп айтуыма болады неге,ал бұл тақырыпқа неге келдің деген тақырыптан келген кезде мені аыр алла тағала өзі осы тақырыпқа тәбиғи түрді алып келі деп айтуыма болады неге,0.16666666666666666,0.04054054054054054,24
train-00003-of-00048_000893,менің өзімнің атамекенім қазіргі шығыс қазақстан облысының,менің өзімнің атам екенім қазіргі шығыс қазақстан облысының,0.2857142857142857,0.017241379310344827,7
train-00003-of-00048_000894,зайсан ауданы,زيسان أوضانه,1.0,0.9230769230769231,2
train-00003-of-00048_000896,өйткені ол шет жұртта болды басқа елде болды,кен ол чет журтта болды басқа елде болды,0.375,0.13636363636363635,8
train-00003-of-00048_000897,орыстар біздің жерімізге қалай келді,орыстар біздің жерімізге қалай келді,0.0,0.0,5
train-00003-of-00048_000898,а қызыл өкімет қалай келді бізде зұлымдық солай басталды дейді болды бірақ ауыз сөз сонда мына орыс деген халық енді орыстың бәрі кінәлі емес шығар орыс ұлты кінәлі емес шығар бірақ соңды сол бір мына сәби санамызға сіңген нәрсе мен өзім бір мың тоғыз жүз тоқсан жетінші жылы он алтыншы қаңтар күні қорғас шекарасы арқылы осы елге ал,қызіл өкімет қалай келді бізде зұлымдық солай бастыалп дейт болды бірақ ауыс сөз сона мына орыш деген қалық енді орыштың бәрі кін ал еме шығар ұлты кін ал еме шығар бірақ сол бр сәбис анамызға сіңген нәрсе мен өзім бір мың тоғыз жүз тоқсан жетінші жыл он алтыншы қангтар көн қорғас шегарасы арқыл осы елге алғашде тұңғышірет қадам аттаған кезде шегарада тұрған оршыстарды көрген көзде мен ата жауымды көргендей сезіммен қарадым,0.7241379310344828,0.4984984984984985,58
train-00003-of-00048_000899,бұл менің ешқандай боямасыз айтқан көңіл күйімді жеткізіп жатқандығым себебі балапан күнімізден басымыздан өткен тағдыр қарияларын құлағымызға құйып тастаған ескілікті шежіресі жаңағы қанды қылышын жалаңдатқан қызыл империяның соққысы зұлматы бізге солай елестетуге мәжбүрледі,бұл менің ешқандай боямасыз айтқан көңіл күйімді жеткізбіатқандығым себебі балапан күнімізден басымыздан үткен тағдыр қарияларын құлағымызға құйыптыстаған ескілікті ше жіресі жәна қанды қылышын жалаңдатқан қызылы империяның соққысы зұлматы бізге солай елестетуге мәжбірледі,0.30303030303030304,0.050724637681159424,33
train-00003-of-00048_000900,бұл ұлттық сананың оянбауы,бул улттук сананың оемболу,0.75,0.34615384615384615,4
train-00003-of-00048_000902,қазақты қырды дейді ал орыс отаршылдығын алғысын патшалық ресейді айтпайық 1917 жылы қазан төңкерісінен кейін,қазақтықарда дейді ал орсы отар шылдыған арғысын патшалықы ресейді айтпайық 1ір мың тоғыз жүз он жетінші жыл қазан төңкерсінен кейін,1.0,0.3486238532110092,15
train-00003-of-00048_000903,осы елде бес миллион қазақ қырылды бес миллион қазақ шетке кетіп қалды сонда он миллион қазақтың тағдырына кім жауап сонда жұңғар жауыз ба жоқ мынау бізде отырған көрші патшалық ресейдің тұқымы болып отырған орыс үкіметінің сол кездегі жандай шаптары жауыз ба деген сұрақ келіп шығады,осы елді бес миллион қазақ қырылды бес милион қазақ жетке кетіп қалд сонда о мілион қазақ тағдырына кім жауапты сонда жұңғар жауызба бізде отырған көрші патшалығы ресейтін тұқмы болып отырған орысы үкіметінің сол көздегі жандай шаптары жауыз ба деген сұрақ келіп шығаты,0.4,0.10915492957746478,45
train-00003-of-00048_000904,ұрпақ құлдық идеядан сақтанбаса ертең тағы да құл болады тағы да кеп біреу басымызды шауып жатса сонда біз айтпауымыз керек пе,орпа құлдық идеядан сақтан быз зерттең тағы да құл болады тағы да кеп біреу басымыз шауып жатса сонда біз айытпауымыз керек пе,0.2857142857142857,0.0873015873015873,21
train-00003-of-00048_000906,күні бүгінге дейін ол жерде қаншама адамдар қырылды қаншама адамның сүйегі қалды оны анықтаған ешкім жоқ,күні бүгінгі дейін өз жерде қанша мадамдар қырылды қанша мадамның сүйеугі қалды онуанықтағын ішкім жоқ,0.625,0.1346153846153846,16
train-00003-of-00048_000907,мына тарбағатай тауларында осы өз көзімен көрген бір қария айтады бір жерде бес мың адамның сүйегі жатты екінші сайда бес мың адамның сүйегі жатты көзім көрді сол бес мың екінші бес мың сүйектен тірі қалған бір қыз тірі қалған екен кішкентай тірі қазы сол қыз апа болғанда соны көзім көріп өз аузынан естідім дейді,мына тарбақатай тауларында осы өз көзімен көрген бір қария итат бір жерде бес мың адамның сөйгіз жат екінші сайда бес мың адамның сүйгіз жат көзім көрді сол бес екінші бес мың сектен тіріқ алған қыз тіріқалған екен кішкендай тірқаз сол қыз апа болғанда соны көзім көрді өз аузына нетідіндейт,0.37037037037037035,0.12738853503184713,54
train-00003-of-00048_000908,міне бұл біздің өзіміздің көзімізбен көрген өзіміздің сезінген және аталарымыздың өз көзімізбен көріп бізге айтқан ақиқаты,міне бұл біздің өзіміздің көзімізбен көрген өзіміздің сезінген және аталарымыздың өз көзімізбен көріп бізге айтқаны ақиқаты,0.0625,0.00819672131147541,16
train-00003-of-00048_000909,ал біз біз білмеген,ال بىز بىلмеген,1.0,0.631578947368421,4
train-00003-of-00048_000910,айтпаған қанша дүние бар,айтпаған қанша дүние бар,0.0,0.0,4
train-00003-of-00048_000911,ал олай болатын болса жаңағы репрессияның зұлымдығын,а олай болатын боса жәңа грепристияның зұлымдығын,0.5714285714285714,0.15384615384615385,7
train-00003-of-00048_000912,репрессияның зұлматын репрессияның қазақ халқына жасаған зұлымдығын айтуымыз керек мысалы ахмет байтұрсынұлы,репрестияның зұлматын репрестияның қазақ халқына жасаған зұлымдығын айтуымыз керек мысалы афмет байтұрсын ұлы,0.4166666666666667,0.037037037037037035,12
train-00003-of-00048_000913,бір мың тоғыз жүз он бесінші жылы қазақ газетіне жариялаған мақаласында,бір мың тоғыз жүз он бесінші жылық қазақ газетіне жәриялаға мақаласында,0.18181818181818182,0.04225352112676056,11
train-00003-of-00048_000914,альхамдулила алты миллионбіз депті,әлхәмдүлила алты миленбіз депті,0.5,0.20588235294117646,4
train-00003-of-00048_000915,сонда бір мың тоғыз жүз он үшінші бір мың тоғыз жүз он бесінші жылдар шетке кеткен сол дәуірдегі шетке кетіп үлгермеген қазақтарды қосқан кезде жалпы қазақтың саны алты миллион еді дейді,сонда 1ір мың тоғы жүз он үшінші 1ір мың тоғз жүз он бесіні жылдар шетке кеткен сол дәуірдегі шетікке кетіп үлгірмеген қазақтарды қосқан кезде жалып қазақтың саны алты мілиенеде дейт,0.3548387096774194,0.0913978494623656,31
train-00003-of-00048_000916,ал содан арада 40 жылдай уақыт салып 1938 1939 жылдарға келген кезде яғни екінші дүниежүзілік соғыстың қарсаңында біздің жан санымыз тағы да 6 миллионның ар жақ бер жағында ғана болған,ал содан арада қырық жылдай уақыт залп 1ір ың тоғы ү оүз сгі оы тоғыынш жылдар кілгіңіз яғни екінші дүние жүзлік соғыстың қарсаңында біздің жансанымыз тағыды алты міллионнің аржақ бер жағындағына болған,0.8,0.33152173913043476,30
train-00003-of-00048_000917,ал ондай болатын да секара деп өсім қайда қайда кетті,ал ондай болатынбас екарада қойсым қайда қайдакет,0.7,0.2641509433962264,10
train-00003-of-00048_000918,а сон сол кездегі өзбек ағайындар мысалы үшін бір мың тоғыз жүз он бес он алтыншы жылдардың ішіндегі үш миллион үш жарым миллион төрт миллион шамасында болған бүгін олар отыз бес миллионға жеттік,сол кезде өзбек ағайындар мысал үшін бір мың тоғыз жүз он бес он алтыншы жылдарыдың ішіндегі үш миллион жар миллион төрт милионін шамасында болған бүгін олар отыз бес милион қажет,0.30303030303030304,0.1282051282051282,33
train-00003-of-00048_000919,егер қазақтар сол қалыпты өсетін болса,егер қазақтар сол қалып өсетін болса,0.16666666666666666,0.05263157894736842,6
train-00003-of-00048_000920,қазақ қоғамы қырылмаған болса қазір біз 40 та 45 миллион болатын едік толығынан,қазақ қоғамы қырылмаған болса қазір біз қырықта қырқ бес мілен болатын ерек қолығынан,0.46153846153846156,0.25316455696202533,13
train-00003-of-00048_000921,көшіп кеткен емес көшіп кеткені 5 миллион неге,көшіп кеткен емес көшіп кеткені бес милльон неге,0.25,0.08695652173913043,8
train-00003-of-00048_000922,көшіп кеткеннің барлығы көшіп кететін жеріне аман есен жеткен жоқ,көшіпкеткеннің барлығы көшіп кететін жернаман есен жеткен жоқ,0.4,0.06153846153846154,10
train-00003-of-00048_000923,жаңа шекара бойында қалып қойған сүйектерді қазірге дейін түгендеген ешкім жоқ,жеңі шегара бойында қалып қойған сүйектерді қазірге ден түгендігін ішкім жоқ,0.45454545454545453,0.10256410256410256,11
train-00003-of-00048_000924,мына жақтағы статикада мысалы шығыс қазақстан бойынша жаңағы мына ресей әріптерінде сақталған сол әріпке кірген кісілердің өзімен сөйлестім,мына жақтағы статикада мысал шығыс қазақстан бойынша жаңамынаверсей әркіптерінде сақталған сол әрқіп кікірген кісілердің өзіме сөйлестім,0.4444444444444444,0.09352517985611511,18
train-00003-of-00048_000925,сонда дерек жоқ,сонда дерек жоқ,0.0,0.0,3
train-00003-of-00048_000926,бәлбі,mلm,1.0,1.0,1
train-00003-of-00048_000927,қашты бұлады бүлдіріп кетті сөйтіп кетті бүйтіп кетті шаруа қожалығы құрып кетті деген сандар бар мысалы үшін жаңа мұхамеджан тынышбаевтың деректерінде бір мың тоғыз жүз жиырма бес жиырма алтыншы жылдар келтірілген осындай осындай жаңағы деректер айтылады да,қашты бұлады бүлдірік кетті сүйтіп кеті бейтіп кеті бәрбәнбай шаруа қоржалғы құрып кетті деген сандар бар місал үшін жәңа мұқаметша тынышпайептың деректерінде бір мың тоғы иырма бес жиырм алтын жылдар келтірілген осындай осындай жәңагі деректері айтылаты та,0.5405405405405406,0.16279069767441862,37
train-00003-of-00048_000928,былайша айтқанда кеткен ізі бар деп айтуға болады ол барды ма жоқ па жол ортада қырылып қалды ма деген бар,былайшатқанда кеткен ізібар деп айтуға болады ол барды ма жоқпы жолартада қырылып қалдыма деген бар,0.5,0.08490566037735849,20
train-00003-of-00048_000929,мысалы сол жақта қашып барып екіара шекарада жүрген кісілердің өз аузымен айтқан біздің аталарымызға өз аузымен айтып кеткен әңгімесінде бар шекарадан өтіп жүрген,мысал сол жақта қашып барып ек шегарада жүрген кісілердің өзауызымен айтқан біздің аталарымыз өзауызымен айтып кеткен әңгімесінде бар шегараданөтіп жүргенаң,0.4782608695652174,0.09876543209876543,23
train-00003-of-00048_000930,бір мың тоғыз жүз жиырма сегіз жиырма тоғыз отызыншы жылдарға елді көшіріп өткізіп жүрдік дейді отызыншы жылдың аяғында отыз бірінші жылдың басында дейді кеңес одағы қатаң түрде бұйрық шығарды дейді шыбын ұшып өтпесін деп айтты дейді ары қарай да бері қарай ол не деген сөз дегенде ары қарай өткен адам болса бері қар,бір мың тоғыз жүз жырма сегіз жиырма тоғы отызыншы жылдарған елді көшіріп өткіз бұрлік еді отызыншы жылдың аяғында отыз бірінш жылдың басында дей кеңес ода қатаң түрді бийрік шығарей шыбын шып өтпесін деп айтта дейт ар қарайда бер қарай ол не деген сөз дегенде ар қарай өткені адамбысда бер қарай өткені адамбысы ата бердеген сөз,0.5660377358490566,0.2302839116719243,53
train-00003-of-00048_000931,ол бала ма шал ма кемпір ме бәрібір,ол балама çалмa кемпірме бәрbір,0.875,0.2,8
train-00003-of-00048_000932,сөйтіп шекарада ата бергенмін,сөйтіп шегірада ата бергем,0.5,0.1724137931034483,4
train-00003-of-00048_000933,сондықтан шекарада қырғын көрген сүйекті санаған ешкім жоқ,сондықтан шегарада қырғын көрген сүйекті санаған ішкім жот,0.375,0.05172413793103448,8
train-00003-of-00048_000934,күні бүгінге дейін жаңағы міне осы алматыда көшіп келген ақсақалдар бар қазірше мен атын айтпай ақ қояйын өз аузыменен 87 88 жасқа келген 2 ақсақал отыр,күнібүгнгедейін жаңағы міне осы алматы да көшіп келген ақсақалдар бар казірше мен атын айтпай ақ қояйын өз аузы менен секен жеті секе сегіз жаспа келген екі ақсақал отыр,0.5384615384615384,0.19736842105263158,26
train-00003-of-00048_000935,солар ет құлағыменен маған өзің көргенін айт,солар ет құлағы менен маған өзін көргенін айты,0.5714285714285714,0.06818181818181818,7
train-00003-of-00048_000936,жаңағы айттым бір сайда 1000 адамның сүйегі бір сайда 500 адамның сүйегі бір айда бір сайда 500 адамның сүйегі жатқанын көзіміз көрді дейді содан тірі қалған бір әжені көзіміз көрді дейді,жәңә де айтты бір сайда мың адамның сүйегі бір сайда бес жүз адамның сүйегі бірайда бір сайда бес жүз адамның сүйегі жатқанын көзіміз көрді дей содан тіріқалған бір әжені көзіміз көрді дей,0.45161290322580644,0.16042780748663102,31
train-00003-of-00048_000937,ал олай болатын болса олардың 1000 деп мөлшерлеген 500 деп мөлшерлеген деп сүйекті бірден шертіп санап шыққан жоқ,ал олай болатын баса олардың мың деп мөлчерлөгөн бе ж0з деп мөлчерлөгөн деп итип сүйекті бірден чертіп санап чыққан жок,0.5555555555555556,0.22123893805309736,18
train-00003-of-00048_000938,ал олай болатын болса 5 миллион қазақ,ал олай болатын бысы бес миллион қазақ,0.2857142857142857,0.16216216216216217,7
train-00003-of-00048_000939,бірінің етін бір жеді,бірнің етім білжеді,1.0,0.19047619047619047,4
train-00003-of-00048_000940,бірін бірі сойып жеді баласын сойып жеді,бірін бір сойып жеді баласын сойып жеді,0.14285714285714285,0.025,7
train-00003-of-00048_000941,ол анау ғабит мүсіреповтің жазған жазбаларында да кездеседі сондай уақиғалар сол кездегі мына орталық кеңес одағы партия орталық комитетіне жазған солардың қатты арыз хаттары бар сонда да айтылған жаңағы қазақ ауылдарында қашықтықтың көріп жатқан ондай болатын болса осы елде қырылып қалғанының да тізімдігін ешкім жасаған жоқ,ол ано ғабитім сүрептің жазған жазбаларында да кездесеті сондай уақиғалар сол көздегі мына орталық кеңесодағы партия орталық комитетіне жазған солардың арыз қаттар бар сонда да айтылған жңі қазақ ауылдарында ғашырықтың боліп жатқаны ондай болатын боса осы елде қырылып қалғанның да тізімдігін ішкім жасаған жоқ,0.34782608695652173,0.09815950920245399,46
train-00003-of-00048_000942,ал тіпті ресми түрде 5 миллион демеген күннің өзінде 3 миллион 4 миллион қазақтың қырылып қалғаны анық,алтіпты ресіми түрді бес милион демеген күннің өзінде үш милион төрт милион қазақтың қырылып қалған анып,0.7058823529411765,0.17647058823529413,17
train-00003-of-00048_000943,ал шетке босып кеткен қазақтың тағдыры онда андай ал сол он миллион қазақтың орны жоқ,ал шетке босып кеткен қазақтың тағыдыр андай ал сол оң миллион қазақтың орыны жоқ,0.26666666666666666,0.10588235294117647,15
train-00003-of-00048_000944,ең қарапайым сөзбен десе 10 миллион қазақтың,ең қарапайым сіз бенесі омүлен қазақтың,0.5714285714285714,0.2727272727272727,7
train-00003-of-00048_000945,саны жоқ,算的肉,1.0,1.0,2
train-00003-of-00048_000946,ал ол үрім бұтағымен қанша болатын еді,ал ол үрін бұтағы мен қанша болатыне,0.7142857142857143,0.13157894736842105,7
train-00003-of-00048_000947,мысалы кезінде,mصل كيz nدي,1.5,0.9285714285714286,2
train-00003-of-00048_000948,шетелден осы тәуелсіздіктен кейін 1 миллион қазақ көшіп келді деген статика бар болатын қазірде оны түгендеп отырған ешкім жоқ,шетелден осы тәуелсіздіктен кейін бір миллиен қазақ көшіп келттіген статика бар болатын қазірде оны түгендіп отырған ішкім жоқ,0.3157894736842105,0.0873015873015873,19
train-00003-of-00048_000949,қазір біз шамалап оны 3 5 миллион болды деп отырмыз немесе 4 миллион болды деп отырмыз енді сіз ойлап көріңіз сол санменен тәуелсіздіктен бергі сан,қазір біз шамалап он үш жар миллион болп деп отырмыз немесе төрт миллион болт деп отырмыз енді сіз ойлап көріңіз солсам менен тәуелсізліктен бергі сат,0.4,0.1292517006802721,25
train-00003-of-00048_000950,ал сол дәуірдегі ондай болатын болса 10 миллион халық өсе беретін болса қаншаға бару керек еді,ал сол дәуірдег онда ұйболатымысы он мілен қал қойсы беретімысы қанша қабару керген,0.875,0.3723404255319149,16
train-00003-of-00048_000951,ал арғы бет барғаннан кейін жаңа біз қытай асып кетті дейміз иә ұжымаққа барды ма,ал арқы бет барғаннан кейін жәңа біз қытай асып кетті деймізде жұмаққа барды ма,0.3333333333333333,0.08641975308641975,15
train-00003-of-00048_000952,жоқ о жақта да тозақтың отына шығырылды,жоқ ожақта да тозақтың отынатшы жығырылды,0.5714285714285714,0.1282051282051282,7
train-00003-of-00048_000953,ол жақта да жаңағы мына қытайдың тепкісіне ұшырады,ол жақтада жәңагі мына қытайдын тепкісіне ұшырады,0.5,0.1,8
train-00003-of-00048_000954,комендантшыл қарағытай одан кейін коммунистік режим кеңес одағының шоқпарын сол жақта да сою сойылушылар болды мысалы жаңа шығыс қазақстан өлкесін алып айттық қой сол өңірден бір мың тоғыз жүз жиырма сегіз жиырма тоғыз отызыншы жылдары әбдікәрім болыс қаратай қамбар шабдан сәлім деген балаларыменен кеткен бір мың тоғыз жүз отыз бірінші жылы ш,гоминданжыл қарақытай онаң ен комунистік режим кеңес одағының шоқпарын сол жақтада союшылар болды мысал жәңе шығыс қазақстанл үлкесін алып айттық қой сол өңірден бір мың тоғыз жүз ырмсегіз ыма тоғы отыыншы жылдар әбтікарім болыс қаратай қамбар шабдан сәлімдеген балалары менен кеткен бір мың тоғыз жүз отыз бірінші жыл шәкәрім қажының ұлы зият шәкәрім олы бердеш әзімбай ұлық қашып өткен солжаққа қарай мене бір мың тоы ырма сегіз ырма тоғы отыз отыз бірінші жылдардағы тәрихи кейіпкерлер,0.9807692307692307,0.5959302325581395,52
train-00003-of-00048_000955,ал солар барғаннан кейін қайтты жаңағы әбдікәрімнің ұлдары жаңағы зият шәкәрімұлы шәкәрім қажының ұлы із тұзсіз жоғалды күні бүгінге дейін оның сүйегі міне жерде жатыр деп дәлелдеп отырған ешкім жоқ,ал солар балғанан кейін қайтты жәңагі әбтікарымның ұлдары жәңагі зият шәкәрім ұлы шәкәрім қажіның ұлы ізстусыз жоғалды күні бүгінгі ден оның сүйегі мінежерде жатыр деп дәлелдеп отырған ішкім жоқ,0.4666666666666667,0.11616161616161616,30
train-00003-of-00048_000956,демек біз ата бабамыздың сүйегін арғы ата бабамызды айтпай ақ қояйық жоңғарды айтпай ақ қояйық,демек біз ата бабамыздың сүйегін арғы ата бабамызды айтпаяқ қояқ жұнғарды айтпа яқ қояйық,0.4,0.09574468085106383,15
train-00003-of-00048_000957,кеңес одағы үкіметі орындағаннан кейін,кеңес одағы үкіметі орындағаннан кейін,0.0,0.0,5
train-00003-of-00048_000958,орыс үкіметі орнағаннан кейінгі қырғын болған аталарымыздың сүйегінің қай жерде жатқанын біз әлі білмейміз,орыс үкімет орнағаннан кейінгі қырғым болған аталарымыздың сүйегінің қай жерде жатқаны біз әлбілмейміз,0.35714285714285715,0.04716981132075472,14
train-00003-of-00048_000959,біз кейде айтамыз ана екінші дүниежүзілік соғысқа кеткен бәленбай деген бабамыздың сүйегі белгісіз қалды деп ол соғыс ол үлкен өрт апат,біз кейді айтамыз жана екінші ніні жүлгіс соғысқа кеткен бәлімбайдеген бабамыздын сүйегі белгісіз қал деп ол соғыс ол көн өрт апат,0.42857142857142855,0.14074074074074075,21
train-00003-of-00048_000960,қалқараны жалмаған ол да сүйектің табылмауы заңды ал бейбіт күнді қырылған қазақтың санын ешкім біле ме,қалқараны жалмаған олда сүйектін табылмауы заңда ал бейбіт күнді қырылған қазақтың саны ішкін білеме,0.5,0.06796116504854369,16
train-00003-of-00048_000961,арғы бетке,арғы бетке,0.0,0.0,2
train-00003-of-00048_000962,кеткендер қайтты одан әрі қашуға мәжбүр болды қайда қашуға мәжбүр болды,кеткендер қайтты оданнарқашуға мәжбір болды қайда қашуға мәжбір болды,0.45454545454545453,0.08450704225352113,11
train-00003-of-00048_000963,гималай асты,क मल y aसत,2.0,0.9166666666666666,2
train-00003-of-00048_000964,сол туралы мен,сол туралы мен,0.0,0.0,3
train-00003-of-00048_000965,жаңағы қаралы көш деген тарихи роман жаздым түрік тіліне аударылды түркия президенті ержеп тайып ердоған оқып,жәңегі қаралу көштіген тарихли роман жаздым түрк тілін аударылда түркия президент дережептәйы бердіоған моқоп,0.8125,0.2018348623853211,16
train-00003-of-00048_000966,мынау түріктердің қазақ түріктерінің қанды жас екен қанды тарих екен мынандай ауыр тарихты әрбір түрік баласы білу керек оқу керек зерттеу керек деп жоғарғы оқу орындарын өз қолымен таратқызғандығын,мынау түріктердің қазақ түріктерінің қанды жасы екен қанды тарих ике мынандай ауыр тарихта әрбір түрік баласы білу керек оқу керек зерттеу керек деп жоғарғы оқу орымдарын өз ғолумен таратқызғандығын,0.1724137931034483,0.03535353535353535,29
train-00003-of-00048_000967,сол елде тұрғанын бүгінгі ғалымдар зиялылар біледі,сол елде тұрған бүгінгі ғалымдар зияллар біледі,0.2857142857142857,0.06,7
train-00003-of-00048_000968,тіқсініп отыр,сkсini отр,1.0,0.6153846153846154,2
train-00003-of-00048_000969,түршігіп отыр,수수그 보들,1.0,0.9230769230769231,2
train-00003-of-00048_000970,біздің түрік қазақтарының басынан ол сондай күн кешіпті деп иә бір ғана қаралы көш емес,біздің түрк қазақтарын басынан сондай күнгешітті деп е бір гәна қаралы көш емес,0.4666666666666667,0.14942528735632185,15
train-00003-of-00048_000971,менің жазғаным бір ғана кітап бір ғана автормын,менің жазғаным бір гәна кітап бір ғана аптырмын,0.25,0.0851063829787234,8
train-00003-of-00048_000972,ал,قل,1.0,1.0,1
train-00003-of-00048_000973,сондай көштен кем дегенде сондай қырғыннан кем дегенде жүзі біздің басымыздан өтті арғы дәуірде емес осы кеңес одағы үкімет орнағаннан кейінгіні айтты,сондай көштең кемдегенде сондай қырғыннан кемдегенде жүзі біздің басымыздан өт арғы дәуірді емес осы кеңес ода үкімет орнағанан кенен айттады,0.5,0.10666666666666667,22
train-00003-of-00048_000974,ал соның барлығы сөйтіп жазылатын болса,ал соның бәрліғы сейтіп жазылатым боса,0.6666666666666666,0.1282051282051282,6
train-00003-of-00048_000975,қопарылатын болса айтылатын болса біз бірінші рет күн тарихтың ашынышты күйін білеміз,қопарлатын боса айтылатын боса біз бірінші өткідін тарихтың ашынышты күйін білеміз,0.4166666666666667,0.10588235294117647,12
train-00003-of-00048_000976,екіншіден ұрпағыңа мына даланы қорға жеріңді қорға осы қызыл қаның бодаумен келді деген сабақ айта аламыз,екіншіден нұрпағыңа мына даланы қорға жеріңді қорға қызылғанын бодауымен келіптеген сабаға айтааламыз,0.625,0.14285714285714285,16
train-00003-of-00048_000977,үшіншіден келешекте дергеңде отырған жаудан сақтан деген,үшіншіден келешекте діргеңде отурған жаудан сақтан деген,0.2857142857142857,0.03571428571428571,7
train-00003-of-00048_000978,біз оларға аталар аманатына сүйеді дейміз,біз оларға аталлар аманатын сүйеттейміз,0.6666666666666666,0.14634146341463414,6
train-00003-of-00048_000979,сондықтан оны біз не үшін айтпауымыз керек,сондықтан оны біз не ушін айтпауымыз ер,0.2857142857142857,0.09523809523809523,7
train-00003-of-00048_000980,мен,م,1.0,1.0,1
train-00003-of-00048_000981,ойбай мына жақта орыс ағайындарға зияны тиіп қалады ма деп,ойбай мына жақта орысағайындар қазда зияны тиіп қаладыма деп,0.4,0.1206896551724138,10
train-00003-of-00048_000982,анау жапония атом бомбасын жарғандығы үшін бүгінгі күндері қытай үкіметіне қытай мемлекетіне,анау жапония атон бомбысын жарғандық үшін бүгінгіні ндер қытай үкіметіне қытай мемлекетіне,0.4166666666666667,0.08695652173913043,12
train-00003-of-00048_000983,төлем төлейді,tlmtlүt,1.0,1.0,2
train-00003-of-00048_000984,ал біздің жаңағы қырылып қалған 5 миллион қазақ жоғалып кеткен 5 миллион қазақты біз біреуден сұраудан қорқады екенбіз,ал біздің жәңега қырылып қалған бес мілиен қазақ жоғалық беткен бес милион қазақтыбіз біруден сұраудын қорқады екеміз,0.6666666666666666,0.17796610169491525,18
train-00003-of-00048_000985,ал менің аталарым өліп жататын болса мен оның сүйегін сұраудан қорқады екем,әмменің аталары мөліп жататын болса мен оның сүйегін сұраудан қорқад екем,0.4166666666666667,0.08,12
train-00003-of-00048_000986,анау қызыл өкімет тұсында патшалық ресей тұсында жаңағы мына кеңестік зұлматтық әлашекеңдік саясат тұсында сталиндік жауыздық тұсында сондайлар болған атасының сүйегін сұраса қорқатын ал енді біз кімге жалтақтап отырмыз,аау қызіл өкімет тұсында патшалығы ресей тұсында жәңагі мына кеңестік зұлмат гәліш екендіг саяса тұсында сталиндік жауыздық тұсында сондайдар болған атасының сүйегін сұраса қорқатын ал енді біз кімге жалтақтап отырмыз,0.3103448275862069,0.0776255707762557,29
train-00003-of-00048_000987,төбемізде көк байрақ желбіреп тұр,төбемізді көк пайрақ жел біреп тұр,0.8,0.09090909090909091,5
train-00003-of-00048_000988,арқамызда алатау арқа көкше,арқамызды алатау арқа көкші,0.5,0.07407407407407407,4
train-00003-of-00048_000989,еділ жайық бойында ен жайлаған қазақпыз деп мақтанып ән айтқан кезде,еділ жайық бойында енжайлаған қазақ біз деп мақтанып әні айтқан кезде,0.36363636363636365,0.07352941176470588,11
train-00003-of-00048_000990,жұлдыздарымыз жер дүниеге симай,жұлдыздарымыз жер дүниеге симай,0.0,0.0,4
train-00003-of-00048_000991,жарқырап кетеді осы әлемнің биігіндеміз деп,жарқырап кетеді сәлемнің бигіндемізде,0.6666666666666666,0.13953488372093023,6
train-00003-of-00048_000992,ал қан сасыған даланың қасіретін айтудан қорқамыз,алқансасған даланың қасіретін айтудан қорқамыз,0.42857142857142855,0.061224489795918366,7
train-00003-of-00048_000993,бабамның басы қалған жерді айтудан қорқамыз,бабамның басықалған жерді айтудан қорқамыз,0.3333333333333333,0.023255813953488372,6
train-00003-of-00048_000994,сол жер арқылы сол ерл арқылы осы елге сабақ беруді,сол жер арқыл сол ерл арқыл осы елге сабақ беруді,0.2,0.0392156862745098,10
train-00003-of-00048_000995,неге айтпаймыз,2が一っぱいます,1.0,1.0,2
train-00003-of-00048_000996,бізге қантөгіске себеп болған жаңа империялардың орнында отырған жұрттан неге төлем сұрамаймыз,бізге қантөгіске себеп болған жәңа империялардың орынды отырған жұртта неге төлем сұрамаймыз,0.25,0.0425531914893617,12
train-00003-of-00048_000997,қолдан жасалды ғой себебі,құлдан жасалды ғой себебі,0.25,0.04,4
train-00003-of-00048_000998,қазақ халқы туралы айтқан кезде мынау зерттеушілердің қазіргі түркі халықтарының айтатын сөздерінің ішінде,қазақ халқы туралы айтқан кезде мынау зерттеушілердің қазіргі түркі халықтарының айтатын сөздерінің ішінде,0.0,0.0,13
train-00003-of-00048_000999,түркіт шаңырағында отырған негізгі ұлттың біреуі қазақ халқы деп айтады,түркіт жаңырағында отырған негізгі ұлттың біреу қазақ қалқы деп ейт,0.4,0.09859154929577464,10
train-00003-of-00048_001000,мысалы түркі халықтары деп отырғанымыз мысалы үшін жалпы түркі халықтары иә,мсалы түркі қалықтары деп отырғанымыз мысал үшін жалпы түрк қалықтар е,0.5454545454545454,0.10666666666666667,11
train-00003-of-00048_001001,осының ішінде мына шығыс түрік қағанаты мен батыс түрік түрік қағанаты арасындағы ұлтанды үш ұлтты айтайын мен ұлтқа бөлген емес,осының ішінде мына шығыс түрк қа ғанаты мен батыс түркқа ғанаты арасындағы ұлтанды ұшұлтты айтай мен ұлтқа бөлугген емес,0.5,0.1328125,20
train-00003-of-00048_001002,бірінші мына біздің шығыс түрік қағанатында тұрған монғолдар,бірінші мына біздің шығыс төркқа ғанатынды тұрған мұңғылдар,0.375,0.13333333333333333,8
train-00003-of-00048_001003,одан кейін осы мына батыс түрік қағанатында отырған қазақтар мен қырғыздар,онынгүйін осы мына батыс түркқа ғанатында отырған қазақтармен қырғыздар,0.5454545454545454,0.12162162162162163,11
train-00003-of-00048_001004,бұл үшеуі,我了十温,1.0,1.0,2
train-00003-of-00048_001005,өте жауынгер болды,өте жауыңгар болды,0.3333333333333333,0.1111111111111111,3
train-00003-of-00048_001006,өте жауынгер бұл,өті жауың гер бол,1.3333333333333333,0.25,3
train-00003-of-00048_001007,қазақ халқы өте жауынгер болды,қазақ қал қөті жауынгер бол,0.6,0.23333333333333334,5
train-00003-of-00048_001008,және ақсүйек болды,cani aksı yok boldum,1.3333333333333333,1.0,3
train-00003-of-00048_001009,өзін тегін жоқтайтын болдың,өзің тегін жоқтайтын болдым,0.5,0.07407407407407407,4
train-00003-of-00048_001010,ал бұлар бірігіп кететін болса бұлар бас көтеретін болса кез келген қауіпті төндіру мүмкіншілігі бар еді,ал бұлар бірігіп кететін болса бұлар бас көтеретін болса кез келген қауіптітөндіру мүмкіншілікке бар еді,0.1875,0.038461538461538464,16
train-00003-of-00048_001011,өйткені бұлар аттың үстінде жүр,көнібұлараттың үстінда жүрді,1.0,0.2903225806451613,5
train-00003-of-00048_001012,бұларды жаңағы репрессияда қолданған шараның біреуі сол ғой астындағы атын ал қолындағы малын ал аяғын қырық деп сөйтіп аяқ қолымызды қанатымызды қырықты ғой,бұларды жәңе реперестеді қолданған шараның біруі солғой асындағы атынал қолындағы малынал аяғын қырық деп сүйге аяқ қолымызды қанатымызды қырықты ғой,0.4782608695652174,0.11464968152866242,23
train-00003-of-00048_001013,а неге қырықты қорықты ақсүйектіктен қорықты тектіліктен қорықты сосын қайтты серкелерін өлтір деді қой бастайтын қой адасады деді,анеге қірықты қорықты ақсүектіктен қорықты тектурктен қорықты сосын қайтты серкелерін өлтір деді қойбастайтын қой адасады деді,0.3888888888888889,0.05384615384615385,18
train-00003-of-00048_001014,ұлттық идеологиясын ойындағы асылын жоғалт деді ой адасады деді,бұлттық идеологиясын ойындағ асылын жоқалып деді оадасады деді,0.5555555555555556,0.1111111111111111,9
train-00003-of-00048_001015,сосын қайтты құлдыққа қамытына кіргіз деді аузына арақ бер,сосын қайты құлдыққа қамытына кіргіздеді аузына арақ пер,0.4444444444444444,0.05172413793103448,9
train-00003-of-00048_001016,шәрәп бер,شربتر,1.0,1.0,2
train-00003-of-00048_001017,оңыздың өкінші қыз,ووsدtss,1.0,1.0,3
train-00003-of-00048_001018,мұсылманшылығынан ортақ идеологиялық бірлігінен ұлттық сенімінен ажырат деді,мұсылманшылығынан ортақ идеологиялық бірлігінен ұлттық сеніменен ажырат деді,0.125,0.013157894736842105,8
train-00003-of-00048_001019,ашық айтты ғой,把是害做,1.0,1.0,3
train-00003-of-00048_001020,бұл мына патшалық ресей тұсында да кеңес одағы тұсында да ашық жазылған ғой,бұл мына патшалықы ресей тұсындады кеңіс одағы тұсындады ашық жазылған ғой,0.46153846153846156,0.08,13
train-00003-of-00048_001021,сталиннің өзінің ана қалай шәкен екеуінің жазасқан хаттарында да бар ғой,сталинның өзтөзінің ана галшакен екеунің жазысқан қаттарында да быр ғой,0.7272727272727273,0.18055555555555555,11
train-00003-of-00048_001022,сарпәлілерден солай ғана құтылу керек оларды құртып құтылу керек деген анық сөз бар ғой қазақтарды тұспалдап айтатын,сарпәллердін солай гәна құтылу керек оларды құртып құтылу керек текен маанық сөз бар ғой қазақтарды тұспалдап айтатын,0.23529411764705882,0.06896551724137931,17
train-00003-of-00048_001023,мына абылай көрген түс деген бір аңыз бен ақиқат арасындағы нәрсе бар,мына абылай көрген түстеген бір аңызызпен ақиқат арасындағы нәрсе бір,0.4166666666666667,0.08695652173913043,12
train-00003-of-00048_001024,басында жолбарыс көрініп түсіне онан кейін көкжал көрініп,басында жолбарыс көрініп түсіне онен күйін көкжал көрініп,0.25,0.03508771929824561,8
train-00003-of-00048_001025,онан кейін жаңағы түлкі көрініп оның кейін аяқ жағы бақа құрт құмырсқа чаян болып кетті деген кезде абылайдың түсін жорыпты дейтін ұлдарың көкжал болады екен қасқыр болады екен кейін бірақ ұрпағың жаңа бақан шаян құрт құмырсқа сияқты жыбырлақ болып кетеді екен дейтін 1 аңызға жуық нәрсе бар,оның күйін жәңагі түлкі көрініп оныңкүйін аяқ жағы бақа құрт құмырысқа чән боп кетте деген кезде абылайдын түсін жорыпты дейтін ұлдарын көк жал болады екен қасқыр болады екен кейін бірақ ұрпағың жәңа бақан сен құрт құмырысқа сияқ жыбырлақ болып кетеді екендейтін біраңызға жуық нерсе бар,0.46808510638297873,0.09965635738831616,47
train-00003-of-00048_001026,лаңызди,لانزدي,1.0,1.0,1
train-00003-of-00048_001027,аздығы,امزدهي,1.0,1.0,1
train-00003-of-00048_001028,бірақ осының біздің өмірімізбен қабысатын тұстарына кішкене ғана тоқтала кетейін мысал үшін,бірақ осының біздің өміріміз бен қабсатын тұстарына күшкені ғана тоқтала кетейін мысал үшін,0.3333333333333333,0.04395604395604396,12
train-00003-of-00048_001029,абылайдың немересі кенесар,абылайдың немере кенесар,0.3333333333333333,0.07692307692307693,3
train-00003-of-00048_001030,жоқ жоқ,,1.0,1.0,2
train-00003-of-00048_001031,1839 жылы патшалық ресейге жазған кенесарының хатында,бір мың сегіз жүз отыз тоғызышы жылы патшалықы ресеге жазған кенесарының қатында,1.2857142857142858,0.6415094339622641,7
train-00003-of-00048_001032,менің атам абылайменен тең мемлекет дәрежелі дипломатиялық қарым қатынас жасаған тең терезелі ұлт едік қой,менің атам абылай менен тең мемлекет дәрежелі диплометиялық қарым қатынас жасаған тең тережделі ұлт едік қойым,0.3333333333333333,0.05660377358490566,15
train-00003-of-00048_001033,шекаралық аймағымыздың белгілері анық белгіленген еді ғой қалайша сіздер келіп қазақ жеріне арт артынан бекініс салып жатсыздар тезірек мына бекіністеріңізді алып кетіңіздер немесе еларалық қарым қатынасын сақтаңыздар деді,шегаралық аймағымыздың белгілдері анық белгіленген еді ғой қалайса сіздер келіп қазақ жерін артартынан бекініс салып жастар тезірек мына бекіністеріңізді алып кетіңіздер немесе ел аралық қарым қатмансын сақтаңыздар деі,0.39285714285714285,0.06306306306306306,28
train-00003-of-00048_001034,бүгінгі сөзбен айтсақ дипломатиялық қарым қатынас тұрғысында,бүгінгі сөз бәнесек дипломатиялық қарым қатынас тұрғысында,0.2857142857142857,0.13333333333333333,7
train-00003-of-00048_001035,ең әділетті демократияның сөзін айтты,ең әділетті деmокраtиyяның сөзін а,0.4,0.1891891891891892,5
train-00003-of-00048_001036,ал орыс билігі оны тыңдады ма тыңдаған жоқ сөйтіп қайтты,ал орыс белгоны тыңдады мы тыңдаған жоқ сөйтіп қайтты,0.3,0.08928571428571429,10
train-00003-of-00048_001037,ол орыстың зеңбірегіне қарсы шапты,ол орыстың зеңбірегіне қаршы шапты,0.2,0.029411764705882353,5
train-00003-of-00048_001038,1900,бірмың тоғз жүз,3.0,3.75,1
train-00003-of-00048_001039,бір 1837 1838 1839 жылдар 1841 жылдар ақмола бекінісін шапты,бір мың сегіз жүз отыз жеті отыз сегіз отыз тоғызыншы жылдар бір мың сегіз жүз қырық бірінші жылдар ақмола бекінісін шапты,1.5,1.3,10
train-00003-of-00048_001040,сонымен қайтты ойда орыс,сонымен қайтты ойда орыс,0.0,0.0,4
train-00003-of-00048_001041,жаңағы кенесарыға қарсы тұрғанда ел ішіндегі ағайындар,жаңағы тенесарға қаршы тұрғанда ел ішіндегі ағайындар,0.2857142857142857,0.05555555555555555,7
train-00003-of-00048_001042,өзінің туғандары немесе біздің бүгінгі мақтап жүрген талай тарихи тұлғаларымыз кенесарыға қарсы шапты,өзінің туғандары немесе біздің бүгінгі мақтап жүрген талай тарихи толғаларымыз кенесарға қарс жапты,0.3076923076923077,0.039603960396039604,13
train-00003-of-00048_001043,сөйтіп жаңағы өрісі отқа оранды,сөйтіп жаңа өрсі отқоранда,0.8,0.1935483870967742,5
train-00003-of-00048_001044,ол ойлады мына жақтан қоқан хиуа хандықтарын былайша айтсақ бүгінгі сөзбен айтсақ өзбек ағайындары да,ол ойлады мына жақтан хоқан қиуа қандықтары былайшасақ бүнгі сөзенсіқ өзбегі ағайындарды,0.7333333333333333,0.2079207920792079,15
train-00003-of-00048_001045,мына жақтан қырғыз ағайындарды мына жақта шығыс түркістан жеріндегі ұйғыр ағайындарды қосып алып өзімнің алып түркілік дәрежемді қалпына келтірмеймін бе деп армандады бір кезде тәуекел бабам оның арғы жағында тәуке ханның тұсында осындай бір біріктіру идеясы болып сол бір мезет іске асып еді ғой сонымен қалпына келтіріп мына орта жауға,мына жақтан қырғыз ақ айындарды мына жақта шығыс түркістан жеріндегі ұйғырақ айындарды қосып алып өзімнің алып түркілік дәріжемді қалпына келтірменбеді бармандады бір кезде тәуекіл бабам оның аражағында тәуке қанның тұсында осындай бір біріктіруу идеясы болып сол бірмезе тіскасіп еді осонымен қалпына келтіріп норта жауға қарш тұрмайынба деді,0.5,0.16023738872403562,50
train-00003-of-00048_001046,бірақ орыстық империя қайтты,бірақ орыстық имперя қайтты,0.25,0.03571428571428571,4
train-00003-of-00048_001047,жаңағы қоқан хандығына қибақ хандығында отырған сол кездегі байларға манаптарға ел биліктегілерге түгел сәлем айтты да қазақ жеріндегілерге болыстарға сендер кенесарыға қосылмаңдар кенесарыға қосылғандар құриды,жаңаға қоқан қандығына қиеуа қандығына отырған согіздегі байларға манаптарға ел биліктегіділерге түгел сәлем айтты да қазақ жеріндегілерге болыстарға сендер кенесарға қосылмаңдар кенесарға қосылғандар құриды,0.36,0.07142857142857142,25
train-00003-of-00048_001048,оны құртқандарға сыйлық береміз деді сөйтіп кенесарының өрісі өртке оранды да,оны құртқандарға силіқ береміз деді сөйтіп кенесарының өрісі өртқоранды да,0.2727272727272727,0.07792207792207792,11
train-00003-of-00048_001049,бір мың сегіз жүз қырық жетінші жылы жаңағы қырғыз ағайындардың қолынан қаза тапты бірақ қырғыз ағайындардың қолынан қаза тапты деп айтқанымызбенен арғы жағында оны дайындап қойған орыстық империяның жаңағы жауыздық қитұрқ саясатын біз әлі айта алмай келе жатырмыз екінің бірінде болса қырғыз ағайындарға,бір мың сегіз жжүз қырық жетінші жылы жәңегі қырғыз ақ айындардың қолынан қаза тапты бірақ қырғыз ақ айындардың қолынан қаза тапты деп айтқанымыз бенен ар жағында оны дайындап қойған орыстық империяның жәңегі жауыздық қитұрқы саясатын бізді әл айталмай келе жатырмыз екінің бірін де боса қырғыз ақ айындарға қанымыз қызып шыға келеді,0.5581395348837209,0.17105263157894737,43
train-00003-of-00048_001050,бұл жерде біз неге соны қалыптастырдық деген империя бізді солай мәжбүрледі,өз жерде біз неге соны қалып тастырдық деген империя бізді солай мәжбүріледі,0.36363636363636365,0.06666666666666667,11
train-00003-of-00048_001051,ал айтайын дегенім не,ал айтайын дегенімне,0.5,0.047619047619047616,4
train-00003-of-00048_001052,біз осылай құлдық санаға дайындалдық,біз осыдай құлдық санаға дайындалдық,0.2,0.027777777777777776,5
train-00003-of-00048_001053,бағанағы абылайдың тұқымдары болған біздер осылай құлдық санаға дайындалдық ал қытай,бағанағ абылайдың тұқымдары болған біздер осылай құлдық санаға дайындалдық ал қытай,0.09090909090909091,0.011904761904761904,11
train-00003-of-00048_001054,жөнінен алып айтқанда,жөннен албайтқанда,1.0,0.19047619047619047,3
train-00003-of-00048_001055,қытайлық билікке алтай жеріне басып кіргенге сол 100 жылдан кейін,қытайлық билікке алтай жеріне басып кіргенге сол жүз жылдан кейін,0.1,0.046153846153846156,10
train-00003-of-00048_001056,туған оспан батыр соған қарсы шықты,туған осыпан батыр соған қарыыпты,0.5,0.14285714285714285,6
train-00003-of-00048_001057,қытайдың зеңберектерін қызыл өкіметін көріп тұрып соған қарсы шықты қытай қара қытай болсын қызыл қытай болсын,қытайдың зеңберектерін қызыл өкіметін көріп тұрып соған қаршы шықты қытай қара қытайы босын қызыл қытай босын,0.25,0.03636363636363636,16
train-00003-of-00048_001058,кім болса болсын кім менің еліме жеріме діліме дініме тіліме тисе сол менің жауым деп күресті,кім босыобосын кім менің еліме жеріме діліме дініме тіліме тисі сол менің жауым деп күресті,0.1875,0.053763440860215055,16
train-00003-of-00048_001059,ал сол кенасары менен оспанменен кім күресті бірінші жауы күресті екінші қазағы күресті,ал сол кенасары менен оспан менен кім күресті бірінші жауы күресті екінші қазағы күресті,0.15384615384615385,0.011494252873563218,13
train-00003-of-00048_001060,соның көзін құртуға ниеттенді,сон көзін құртуған ниеттенді,0.5,0.10344827586206896,4
train-00003-of-00048_001061,ал сол құлдық үйге әліге дейін бізде жүріп жатыр,ал сол құлдық үдее әлігі дейін бізде жүріп жатыр,0.2222222222222222,0.0625,9
train-00003-of-00048_001062,жаңағы абылай туралы айттық қой абылай 1000,жеңі абылай туралайты қой абылайы бір мың,0.8571428571428571,0.37209302325581395,7
train-00003-of-00048_001063,осы екі мың он бірінші жылы абылайдың үш жүз жылдығы өту керек еді он бірінші жылы өтпей қалды да екі мың он үшінші жылы көкшетау қаласында абылайдың үш жылды жылдық тойы көкшетау мәдениет сарайында өтті соның ішінде болдым мен сонда филология ғылымдарының докторы профессор академик тұрсынбек кәкішев дейтін мүйізі қарағайдай ағамыз сақанаға ш,осы екі мың он бірінші жыл абылайдың шы жылдық өту керегеді он бірынші ыл өтпей қалды да екі мың он үшінші жыл көкшетеу қаласында абылайдың жылдық тойы көкшетау мәдениет сарайынды өтті соның ішінде болдыммен сонда филологияқалымдарның докторы профисор акедемик тұрсынбек кәкшіктейтін мюйзі қарақайдай ағамыз сақынаға шығып битіп айтты,0.5094339622641509,0.1686046511627907,53
train-00003-of-00048_001064,мынау абылай деген 300 дің басын қосқан үлкен біздің ханымыз ғой,мынау албылай деген жүздің басын қосқан көм біздің қанымыз ғой,0.45454545454545453,0.15625,11
train-00003-of-00048_001065,елдігіміздің еңсесін көтерген батырымыз ғой,елдігіміздің еңісесін көтірген батырымыз ғой,0.4,0.046511627906976744,5
train-00003-of-00048_001066,соның 300 жылдық тойын,соның ү жылдық тойын,0.25,0.13636363636363635,4
train-00003-of-00048_001067,астана қаласының төрін де тойламай,астана қаласының төрінде тойламай,0.4,0.029411764705882353,5
train-00003-of-00048_001068,астана күнін астана қаласын төрінде дүркіретіп тойлағанда сондайсыңдар астананың,астана күнін астана қаласын төрінде дүркіретіп тойлағанда сондайсындар астананы,0.2222222222222222,0.025,9
train-00003-of-00048_001069,туған күні деп,부관 그에 대,1.0,0.8571428571428571,3
train-00003-of-00048_001070,ал абылайдың тойын астанада өткізуге жарамай неге міне көкшетаудың бір бүйірінде,ал абылайдың тойын астанады өткізге жарамай неге міні көкжетодың бір бүйірінде,0.36363636363636365,0.075,11
train-00003-of-00048_001071,бір қуысқа,بіرқусقа,1.0,0.5,2
train-00003-of-00048_001072,мәдени сарайына тығылып отырсыңдар деді,мәдениса райына тығалып отысыңдар деді,0.8,0.10256410256410256,5
train-00003-of-00048_001073,залдағы халық шапалақты дүркіретіп соқты,залдағы халық шапалақ түдір көретіп соқ,0.8,0.2,5
train-00003-of-00048_001074,жетпіс,是,1.0,1.0,1
train-00003-of-00048_001075,5 минут шапалақ дүркіреп соғылып тұр халықтың жүрегіндегі сөзді айт шын сөзді айт,бес минутс шапалақ түр кіреп соғылып тұрды халықтың жүрегіндегі сөздайт шын сөздайт,0.6923076923076923,0.14814814814814814,13
train-00003-of-00048_001076,сөйткен абылай рухы кенесары рухы оспан рухы бүгін қандай,сөйткен абылай ұруқы кенесі ары ұруқы оспан ұруқы бұгін қандай,0.6666666666666666,0.15789473684210525,9
train-00003-of-00048_001077,бүгін біз абылайды тағы да жоғары дәрежелі көтеріп жүрміз бе кенесарын жоғары дәрежелі көтеріп жатырмыз ба,бүгін біз абылайды тағы да жоғары дәржерді көтеріп жүрміз бе кенесардын жоғарыдәржер көтеріп жатырмыз ба,0.25,0.07547169811320754,16
train-00003-of-00048_001078,олардың ұлттық идеясын пайдаланып жатырмыз ба ұрпаққа сабақ қылып жатырмыз ба,олардың ұлттық идеясы пайдаланып жатырмызы рұтпаққасы сабаққып жатырмыз бы,0.6363636363636364,0.15584415584415584,11
train-00003-of-00048_001079,осында бірнеше жылдың алдында осы оннеше жылдың алдында менің қаралы көш оспан батыр деген кітаптарым шыққан кезде халықарадан бір кинокомпаниясы келді осында,осында бір неше жылдың алдынды ос он неше жылдың алдында менін қаралугі шосқан батірдегін кітаптарым шыққан кезде қалқара адам бір кину компаниясы келді осында,0.7272727272727273,0.13291139240506328,22
train-00003-of-00048_001080,сонымен осы қазақстандық бір бөлім ғалымдар қытайдан келген бір бөлім ғалымдар жиналып осы қаралы көш туралы ма,шынмен озі қажақстандық бір бөлім ғалымдар қытайдан келген бір бөлім ғалымдар жинал босы қаралы көш туралы ма,0.29411764705882354,0.08108108108108109,17
train-00003-of-00048_001081,оспан батыр туралы ма кино фильм түсірсек деді,осыпман батыр туралы ма кинопилім түсірсек деді,0.375,0.10869565217391304,8
train-00003-of-00048_001082,сонан күні қазірде міне тарих ғылымдарының докторы,сонан күні қазірде мене тәри қылымдарының докторы,0.42857142857142855,0.08,7
train-00003-of-00048_001083,бірнеше жаңағы ғалым ағамыз сол жерде тұрып айтты біз мына қаралы көш туралы түсірсек оспан батыр кино түсі туралы түсіп қытаймен екі арадағы біздің жаңағы дипломатиялық қарым қатынасымызға зиян тиюі мүмкін,бірнеше жәңага ғалым ағамыз сол жерде тұрып айтты біз мына қаралы көш туралы түсірсек осыпан батыр күйно тс туралса қытай мен екарадағы біздің жәңага дипломатиялық қарымқатымымызға зиянтиуі мүмкін,0.45161290322580644,0.1262135922330097,31
train-00003-of-00048_001084,абайлануымыз керек дейді,abaylawgimiz gerekdi,1.0,0.9583333333333334,3
train-00003-of-00048_001085,ғалымдарымыздың сиқы осы,ғалымдарымыздың сиқосы,0.6666666666666666,0.08333333333333333,3
train-00003-of-00048_001086,ғалымдар бейшара,alımdar birşıra,1.0,0.9375,2
train-00003-of-00048_001087,зиялы қауым жаңағы бұқпашыл,зиалқауым жәңагі бұқпашыл,0.75,0.2222222222222222,4
train-00003-of-00048_001088,құлдықшыл,خط顺,1.0,1.0,1
train-00003-of-00048_001089,ал олай болатын болса,ал олай болатын боса,0.25,0.047619047619047616,4
train-00003-of-00048_001090,біз абылайдан бастаған кенесарыдан бастаған оспан батыр бастаған ұлттық рухты,біз абылайдан бастаған кенесардан бастаған оспан батыр бастаған ұлттық руқты,0.2,0.025974025974025976,10
train-00003-of-00048_001091,оята алмағандығымыз себепті күні бүгінге дейін ғалымымыз болып залымымыз болып сол тақырыпқа бара алмағанымыз сияқты біз қазір бұқпантайлап,ояталмағандығымыз себепті күні бүгінге дейін ғалымымыз болып залымымыз болып сол тақырыпқа баралмағанымыз сияқты біз қазір бұқпан тайлап,0.3333333333333333,0.03597122302158273,18
train-00003-of-00048_001092,айта алмайтын күйге түстік,айталмайтың үйгө түстік,0.75,0.19230769230769232,4
train-00003-of-00048_001093,мейлі биліктен мейлі тарихшыдан,мейлі биліктен мейлі тарихшыдан,0.0,0.0,4
train-00003-of-00048_001094,ал олай болатын болса,al olay bolatım bosa,1.0,0.8571428571428571,4
train-00003-of-00048_001095,адам бостандық,адам бостандық,0.0,0.0,2
train-00003-of-00048_001096,аңсау үшін бодандық беру керек,таңсау үшін бодандық беру керек,0.2,0.03333333333333333,5
train-00003-of-00048_001097,ал бостандық деген не,ал бостандық дегенне,0.5,0.047619047619047616,4
train-00003-of-00048_001098,өзіңнің керуетей еркіндігің,өзіңнің керейте еркіндігің,0.3333333333333333,0.1111111111111111,3
train-00003-of-00048_001099,ал осыларды қорғау жолында сенің әрбір көтерген бостандық туың азаттық алауың бодаусыз болмайды,ал осыларды қорғау жолында сенің бәрбір көтерген бостандық туың азаттық алауың бодаусыз болмайты,0.15384615384615385,0.021052631578947368,13
train-00003-of-00048_001100,бодаулық деген не,бұдаулық деген не,0.3333333333333333,0.058823529411764705,3
train-00003-of-00048_001101,сен басыңнан бір қанды қасірет өтуі мүмкін халқының басына бір қиындық тууы мүмкін,сен басыңнан бір қанды қасірет өтуі мүмкін қалқының басына бір қиындықтуы мүмкін,0.23076923076923078,0.036585365853658534,13
train-00003-of-00048_001102,немесе көрші елмен зат түсуі де мүмкін араңа,немесе көршелмен саттүсуде мүмкін араңа,0.625,0.13636363636363635,8
train-00003-of-00048_001103,бірақ ең негізгі не нәрсе сақталды ел сақталды жер сақталды діл сақталды дін сақталды ұрпаққа ең асыл қасиет аманаттап қалады,бірақ ең негізгі зіне нерсе сақталды ел сақталды жер сақталды діл сақталды діл сақталды ұрпағқа ең асыл қасиет аманаттап қалады,0.2,0.04,20
train-00003-of-00048_001104,ал ондай болатын болса қазақ халқы қазір де,ал ондай болатын боса қазаққалыққы қазірде,0.625,0.13953488372093023,8
train-00003-of-00048_001105,бодау беруден,boдaу bеrуден,1.0,0.38461538461538464,2
train-00003-of-00048_001106,ойбай ана жерді украина соғысып жатыр мына жақтан қытай жүгіріп келсе орыс бізді құтқарады ау орыс жүгіріп келсе қытай бізді құтқарады ау дейтін сандырақты айтып жатқан ғалымдар мен саясаткерлер бар,ойбаяна жердукір айна соғысып жатыр мына жақтан қытай жүгіріккесі орысбізді құтқарада орыс жүгіріккесі қытай бізді құтқарадау дейтін сандырақты айтып жатқан ғалымдар мен саясаткерлер бар,0.4666666666666667,0.1111111111111111,30
train-00003-of-00048_001107,ал біздің дипломатия дегеніміз осы деп жатқан нәрселер бар қорқатын нәрсе бар қорықпайтын нәрсе бар,а біздің дипломатия дегенымыз осы деп жатқан нәрселер ба қорықатын нәрсе бер қорықпайтын нәрсе бір,0.4,0.0707070707070707,15
train-00003-of-00048_001108,ғылыми түрде дәлелденетін нәрсе бар,ғылми түрді дәлелденетін нәрсе бар,0.4,0.05714285714285714,5
train-00003-of-00048_001109,жаңа бекмаханов,жәңә бекмаканып,1.0,0.3333333333333333,2
train-00003-of-00048_001110,кенесары туралы кенесарының тұқымы кітап жазды,кенесары турал кенесарының тұқымы кітап жазды,0.16666666666666666,0.021739130434782608,6
train-00003-of-00048_001111,25 жылға сотталды,жиырма бес жылға сот талды,1.3333333333333333,0.6470588235294118,3
train-00003-of-00048_001112,кейін азаттық алып шықты,кейін азатты қ алып жықты,0.75,0.08333333333333333,4
train-00003-of-00048_001113,сонда не ол білмей отыр ма бабасының рухын немесе өзіне сондай қысым болатын кеңес одағының қылышынан қанттап тұрған кезде білді,сонда не ол білне отір ма бабасының руқын немесі өзіне сондай қысын болатындың кеңесі одағының қылышынан қанттап тұрыңіз білді,0.45,0.140625,20
train-00003-of-00048_001114,құрбандықтан қорыққан жоқ алаш зиялылар білмеді ме,құрбандықтан қорыққан жоқ алаш сияллар білмеді ме,0.14285714285714285,0.04,7
train-00003-of-00048_001115,немесе жаңағы гималай асқан қазақтардың тірі қалғандарынан сұрадым сендер немене сандалып гималай асып кетті дейді кейбіреулер ана қытайға құлдық ойбай ләппай тақсыр деп бастарыңды десеңдер тірі қалмайсыз дедіңдер,немесе жаңа ана гималайясыптан қазақтардың тірқ алғандардан сұрадым сендер немелеке сандалып гималайясып кетте дейт кебіреулер ана қытайға құлдық ойбай ләппай тақсір деп бастарың десеңдер тірқалмай іспедіндер,0.5714285714285714,0.15492957746478872,28
train-00003-of-00048_001116,десем сен не деп тұрсың басыңды кесіп алайын ба деген шалдар болды,десім сенне деп тұрсың басіңдігесы балайынба деген шалдар болды,0.5833333333333334,0.15151515151515152,12
train-00003-of-00048_001117,неге сонда мен ұрпағымның алдында о дүниеде бабамның алдында не деп барамын,неге сонда мен ұрпағымның алдында одыниеді бабамның алдында не деп барам,0.25,0.06666666666666667,12
train-00003-of-00048_001118,мен жолға басым тиді,m جوغa bas مdي,1.0,0.85,4
train-00003-of-00048_001119,барапақ,点,1.0,1.0,1
train-00003-of-00048_001120,бабамның басын жапқан жолға мен басымды идім деп барамын ба,бабамның басым жапқан жолғамен басым дейдім деп барам ба,0.6,0.13559322033898305,10
train-00003-of-00048_001121,ал балама не бетіммен қараймын,ал баламан ебетіммен қараймын,0.6,0.1,5
train-00003-of-00048_001122,а менің басыма да бағана сөз айттым иә жеке менің басыма да әр күні қуғын сүргін болып жатады менің жәди шәкенұлы иә,әменің басыма да бағана сөз айтты ме жеке менің басыма да әргіні қуғын сүргін болып жататы менің жәли шәкенол е,0.45454545454545453,0.1206896551724138,22
train-00003-of-00048_001123,өткен бір сұхбатында да айтқан сонда да қайталай не сондай бір қуғын сүргіннің,өткен бір шықпатында да айтқан сонда да қайталайыне сондай бір қуғын сүргіннің,0.23076923076923078,0.0641025641025641,13
train-00003-of-00048_001124,жаланың кезінде түркиядан бір азаматтар келіп маған сенің түркия еліні алып кетейік кітабың сол елді аударылды ғой басылды ғой түркия президентінен теңіз жағалауынан ұялып берейік заялы жерде тыныш жатыңыз,жаланың кезінде түркия дан бір азаматтар келіп маған сені түркиеліні алып кетей кітабыңыз сол елді аударылды ғой басылды ғой түркия президентінен теңіз жағалауына нұй алып берек саялы жерде тыныш жатыңыз,0.41379310344827586,0.07804878048780488,29
train-00003-of-00048_001125,мына оянбаған халықпенен мына құлдық санадағы халықпенен алысқанша сіз сияқты қазаққа керек түркіке керек қаламгерді біз теңіз жағасында асырайық бағайық қағайық деді,мына оянбаған қалық пенен мына құлдықсана да қалық пенен алысқанша сіз сияқты қазаққа керек түркке керек қаламгерді біз теңіз жағасын дасырайық бағайық қағайып теді,0.5,0.08433734939759036,22
train-00003-of-00048_001126,сонымен ішім қанжылады неге сөзімнің басында айтты менің аталарым он алтыншы жылы он тоғыз жиырманыншы жылы жиырма бес жиырма тоғыз жиырма сегіз отыз отыз бірінші жылдары арғы бетке қашып өтті,сона мен шім қанжылады неге сөзімнің басындайты менің аталарым он алтыншшы жылы он тоғыз жиырманшы жылы жиырма бс жиырма тоғыз иырма сегіз отыз отыз бірынші жылтар арғыбетке қашіп өтті,0.4666666666666667,0.08333333333333333,30
train-00003-of-00048_001127,аңсап аңсап,ansabansap,1.0,1.0,2
train-00003-of-00048_001128,жанарымнан жас саулап,жанарымнан жассаулап,0.6666666666666666,0.047619047619047616,3
train-00003-of-00048_001129,көкірегімнен нұр саулап,көк күрегімне нұрс саулап,1.0,0.21739130434782608,3
train-00003-of-00048_001130,осы елге азаттық деп жеткеннен кейін,осы елгі азаттық деп жеткеннен кейін,0.16666666666666666,0.027777777777777776,6
train-00003-of-00048_001131,ойбай енесі тепкен құлының еті ауырады ма деп,ойба енеісітіппен құлының еті ауырадыма деп,0.625,0.13333333333333333,8
train-00003-of-00048_001132,осы ел,وs yiل,1.0,1.0,2
train-00003-of-00048_001133,енемдей болып мені теуіп жіберсе мен енді еуропаға ұрпағымды апарып шашып жүрсем не боламын деп,енемдей болып мені теуік жерсе мен енді еуропаға ұрпағым да парт шәшып жерсем не боламын деп,0.4666666666666667,0.10526315789473684,15
train-00003-of-00048_001134,мұндай елге керекті жерге керекті ұрпаққа керекті ашынышты сабақты айту керек,мұндай елдіге керекі жерге керекті ұрбаққа керекті ашынышты сабатты айту керек,0.36363636363636365,0.06493506493506493,11
train-00003-of-00048_001135,ал айта алмасаң несіне сен,ал айт алмасаң несінесен,0.6,0.07692307692307693,5
train-00003-of-00048_001136,қазақсың,қазақсын,1.0,0.125,1
train-00003-of-00048_001137,мысалы шығыс қазақстан жерінде міне қаршыға болысы жерінде найман саржомарт,мысалы қазақстан жеріндеміні қаршыға болысы жерінде найман саржомарт,0.3,0.10666666666666667,10
train-00003-of-00048_001138,жайсаңбай болыс дегеннің ұлы ахметқали деген кісі бір мың тоғыз жүз жиырмасыншы жылы семейде педагогикалық училищеде оқыған,жайсаңбай болыс дегеннің ұлы ақымет қали деген кісі бір мың тоғыз жүз жиырманшы жылы семейде педеиколу өшелшед оққан,0.35294117647058826,0.16260162601626016,17
train-00003-of-00048_001139,бір мың тоғыз жүз жиырма тоғызыншы жылы жаңағы мына өскемен түбінде крепост деген түрмеден қашып шығып арғы бетке өтіп алтайға барып қалипа алтайға ұстаз болып кейін бір мың тоғыз жүз қырық үшінші жылы елтісқан батыр көш бастаған отыз бес жасында қайтыс болған сонымен бірге жерленді күні бүгінгідей пәкістан аймағының дир,бір мың тоғыз жүз жиырма тоғызынш жылы жәңагі мына өскементінде крепуст деген түрмеден қашып шығып арғыб еткөтіп алтайға барып қалипа алтайға ұстаз болып кейін бір мың тоғыз жүз қырық үшінші жылы елсыққан батыр көшбастаған отыз бес жасында қайтыс болған сонымен бірге жерленді күнбінгіден пакістан аймағының дер деген жеріндей жатыр мысал осы кісінің бір өмірінен п айтатын босақ та жәңагі отбасы балашағасы үштертелге шәшылып қалды өскеңес одағында,0.7,0.4968944099378882,50
train-00003-of-00048_001140,қытайда,قطيدا,1.0,1.0,1
train-00003-of-00048_001141,түркия еуропада деген сияқты мысалы бір отбасы оның балаларына немерелеріне жаңа көзі түрі буындарына мен түгел кезіктім әңгімелестім,түркия еуропада деген сияқта мысал бір отпасы оның балаларына немерелеріне жәң көзізтіру бұлындарынымен түгел кезлікті мәңгімілестім,0.5555555555555556,0.12030075187969924,18
train-00003-of-00048_001142,тағы да бір көштен тірі қалған кісінің сөзін айтатын болсам біз гималай жонынан шыққаннан кейін ыс түтек аштық жаңағы суықтан қырылып жатқан кезде бірінші адам өлген кезде апарып оны жерлеуге тырысатынбыз дейді көміп көзін қарға шұқымасын деп,тағы да бір көштен тіріқ алған кісінің сөзін айтатын болсам біз гималай жонына шыққандан кейін ыс түтек аштық жәңаг суықтан қырылып жатқан кезде бірінші адам өлген кезде апарп оны жерлеуге тырысатымбыз дейді көміп көзін қарға шұқымасын деп,0.1891891891891892,0.0371900826446281,37
train-00003-of-00048_001143,екінші оған күйіміз келмеген кезде үстіне жаңағы үйдегі туырлық муырлық киіз мүйіз бірдеңені апарып бастыратын болдық дейді,екінші оған күйіміз келмеген кезде үстіне жәңа үйдегі турлық нурлық киіз миіз бірдеңен апарып бастыратын болдып дейд,0.4117647058823529,0.08943089430894309,17
train-00003-of-00048_001144,төртінші күйіміз келмеген кезде жаңағы үстіміздегі бір лыпаның артығы болса артығы болса әгінің бас бөліміне жаба салатын болдық дейді,төртінші күйіміз келмеген кезде жәңа күстіміздегі бір лыпаның артығы боса артығы боса әгінің басық бөлеміне жабасалатын болыпты,0.5263157894736842,0.13432835820895522,19
train-00003-of-00048_001145,ең соңында жаңағы гималай жонынан асып бара жатқан кезде сөйтіп әкеміз өліп жатқанда шешеміз өліп жатқанда туған қарындас бауырымыз өліп жатқанда,ең соңында жәңаге гималай жонынан асып пара жатқан кезде сүйтіп әкеміз өліп жатқанда шешеміз өліп жатқанда туған қарындасы бауырымыз өліп жатқанда,0.19047619047619047,0.041379310344827586,21
train-00003-of-00048_001146,көзіңнің қырымен ғана қош айтады екенсің дейді былай көзіңнің қырымен ғана,көзіңнің қыр мен гәне қоша айтады кесінде тплай көзіңнің қыр мен гәне,0.9090909090909091,0.24324324324324326,11
train-00003-of-00048_001147,егер сен отырып қалсаң егер сен аялдап қалсаң сен орныңнан тұра алмай қаласың соның қасында өлік болып қаласың,егер сен отырып қасаң егер сен аялдап қасаң сен орныңан тұралмай қаласын сонын қасымда өлік боп қаласың,0.5,0.09090909090909091,18
train-00003-of-00048_001148,сондықтан біз оны жерлеу жылау,сондықтан біз оны жерлеу жылау,0.0,0.0,5
train-00003-of-00048_001149,ысықтау қайғыру деген ол төртінші бесінші мәселе болып қалады екен сонда көзіңнің қырымен ғана қарай алсаң соның өзіне тәуба,сықтау қайғыру деген ол төртінші бесінші мәселе боп қалады екен сонда көзіңнің қырмең әне қарай алсаң соның өзіне тәубә,0.2631578947368421,0.07258064516129033,19
train-00003-of-00048_001150,қай жерде өлгендігін көрдің білдің сөйтіп көзіңнің ишарамен ғана қош айтады екенсің деп сол көштің ішінде болған кісілер соны айтты екінші жаңағы мынау істеген кезде әжелеріміз айтады енді айтуға ұят ұят болса да айтайық жаңағы аталарымыз апаларымыз ұрысады дейді жас балалар далаға кіші дәрет отырып қоймасын сиып қоймас,қайжерді өлгендігін көрдің білдің сөйтіп көжіңнің ишарамен гәне қошайтад екесің деп сол көштің ішінде болған кісілер соны айтты екінші жәңагі мынау істиген кезде әжерлеріміз айта денді айтуға ұ ұятбоса дайтайықжңаі аталарымыз апаларымыз ұрсат тейт жаспаллар талаға кішідәрет отырып қоймасын сиіп қоймасын,0.5625,0.1277258566978193,48
train-00003-of-00048_001151,дейді неге деп сүйсек жаңағы мынандай тостағанға жас балаларының дәретін өткізады да жаңағы істеген кісіге соны ішкізеді соны ішіп тірі қалдық дейді,неге де түсүйсек жәңагі мынандай тостағанға жаспаларың дәретін отқызатта жәңагі істеген кісіге соніш кізеті соншып тір қалдық дейт,0.6818181818181818,0.2635135135135135,22
train-00003-of-00048_001152,қойдың қанын ішіп жылқының қанын ішіп тірі қалдық дейді,қойдың қанын ішіп жылқының қанын ішіп тірқалдыпте,0.3333333333333333,0.14545454545454545,9
train-00003-of-00048_001153,аааа,唉啊,1.0,1.0,1
train-00003-of-00048_001154,малдың есебі түгіл адамның есебін ішіп тірі қалдық дейді,малдың несебі түгіл адамның несебін ішіптірі қалдық дейді,0.4444444444444444,0.05357142857142857,9
train-00003-of-00048_001155,сөйтіп жаңағы далада жатқан көн тулақты кеміріп сүйекті кеміріп тірі қалдық деген кісілердің оны өте көп естідік біз өте көп естідік,сөйтіп жәңагі далада жатқан көн тулатты кеміріп сүйектік кеміріп тірқалдық деген кісілердің он өте көбестідііз өте көбестіді,0.5238095238095238,0.12121212121212122,21
train-00003-of-00048_001156,тамақ деген ол әдеттегі нәрсе,тамақ деген ол әдеттегін нәрсе,0.2,0.034482758620689655,5
train-00003-of-00048_001157,иә сондай сондай сол қырғынды көзімен көрген кісілерді көрдік соның шет жағасын өз ауыздарынан естідік оны аңыз түрінде емес кітап түрінде емес ақиқаттың сол басынан кешкендері күні бүгінге дейін злиха деген апат жүз бес жаста осы ол алты айдан ауған елдің ішінде болған бес жасымды аудым дейді ақыт қажы деген кісі біздің үйге кеп бір апта жатып намаз868 жылдан 1943 жылға дейін өмір сүрген мына абайдан бұрын қазан упа орынбор,сондай сондай сол қырғынды көзмен көрген кісілерді көрдіксо етжағаы өз ауыздарынан естіді о аңыз түрінд еме кітп тұрінд меақиқаттың сол басынан кешкендері күні бүгінідеін злиқа деген аа үзбес жаста л алтайдан ауған елдің ішінде болған бес жасындаудымдейд ақытқаж деген кісі біздің үйге ебірапта жатып намаз оқыды ақытқаүлім жылы деген атақты кісі болған бір ың сегіз жүз алпы сегіші жылдан бір мың тоғызз қырқ шынш жылғыдейін өмір сүрген н абайдан бұрын қазан упа ормбор,0.7428571428571429,0.3621495327102804,70
train-00003-of-00048_001158,баспаларынан он жеті кітап жарық көргенсол кісі жаңағы бес алты жасымызда үйімізге келіп намаз оқыды соны көзіміз көрді дейді кейін тибетке ауып келдік оны көзіміз көрді дейді кейін міне түркияда бала шағамның алдында бақытты ғұмыр сүріп жатырмын деп екі мың жиырма үшінші жылы осында абзал сапарбекұлы деген отандастар қорының басшысы деректік фильм жасаймыз деп мен сол деректік фильмге көркемдік жетек,баспаларынан он жеті кітаб жарық көрген сол кіссі жң бес алт жасымызда үйімізге кеп намаз оқуды соны көзіміз көрді дейт кейін тибеткауіп келді оны көзіміз көрдідейт кейін мене түркияда балашағамның алдында бақыттық ұмыр сүріп жатырым деп екі мың жиырма үшінші жолы осында абызалт сапарбегұлу деген отандастар қорының басшыса деректік пилім жасаймыз деп мен сол деректік пилімға көргемдік жетекші болып сол пилімді түсірдік түркия еуропаға бардық сол түркияға барған сапарымызда жңа зілиқапаның өз аузынан тыңдадық қазірде тірі мысалсол кл көштің уәгерлері,0.8333333333333334,0.4975247524752475,60
train-00003-of-00048_001159,сондай сондай ауыр тағдыр иелерінің талай мысалын естідік ол ұзақ әңгіме,сондай сондай ауыр тағдір иеллерінің талай мысалын естідік ол зақ әңгіме,0.2727272727272727,0.041666666666666664,11
train-00003-of-00048_001160,енді мына адам етін жеген дегенде жаңа біз айттық қой оның барлығы адам етін жеген жоқ,енді мына адамиетін жегендегенде жәңә біз айттық қой оның барлықы адамиетін жеген жоқ,0.5,0.06976744186046512,16
train-00003-of-00048_001161,мысы,我四,1.0,1.0,1
train-00003-of-00048_001162,мына көшіп кеткендер не үшін көшіп кетті,мына көшіп кеткендер не үшін көшіп кет,0.14285714285714285,0.05,7
train-00003-of-00048_001163,біз сол адам етін жейтін ауыр күйден аман болайық ұрпағымызды сақтайық деп,біз сол адам етін жейтін ауыркүйден аман болай құрпағымызды саттайық деп,0.4166666666666667,0.05405405405405406,12
train-00003-of-00048_001164,жеталасып кетушілерге малы бар жаны бар аяқты малға тарта алатын ал енді мына отырықты елде қалып қойған малы жоқ жаны жоқ,жеталасып кетуішілерге малы бар жаны бар аяқты малыға пұтарт алатын ал енді мына отырық телде қалып қойған малы жоқ жаны жоқ,0.23809523809523808,0.06557377049180328,21
train-00003-of-00048_001165,су бойынан балық аулауға тау бойынан аң аулауға шамасы келмей қалған ауылдардың ішінде жаңағындай қыстай жұп жүріп ештеңе қалмай қалған кезде өз етін жегендер болған,су бойынын балық аулауға тау бойынын аң аулауға шамасы келмей қалған ауылдардың ішінде жәңакендей қыстайы жып жүріп іштеңге қалмай қалгіңіз дөзетін жегендер болған,0.4,0.12121212121212122,25
train-00003-of-00048_001166,ал өз етін жегендер күні бүгінге дейін қайтеді қазақтың жауы болып отыр қазақ көшіне жау болып отыр,ал өз етін жегендер күні бүгінге дейін қайтет қазақтың жауа болып отыр қазақ көшіне жауа болып отыр,0.17647058823529413,0.04040404040404041,17
train-00003-of-00048_001167,қазақ ұлтына жау болып отыр қазақ идеологиясына жау болып отыр,қазақ ұлтына жауы болып отыр қазақ идеологиясына жауы болып отыр,0.2,0.03225806451612903,10
train-00003-of-00048_001168,кім жау деп есептесеңіз қазір қазақтың жау ішіңізден ойлай беріңіз иә қазақтың етін жеген баласының етін жеген соның тұқымы деп жаңағы айттым ғой сөзімнің арасында президент тапсырмасымен ерлан қарин мырза отыз неше томдық жаңағы осы қуғын сұрғын құрбандарын жоқтау негізінде соның әкімдік материалдарын кітап етіп шығарды,кім жаубыдеп есептесеңіз қазір қазақтың жауып ішіңізден ұйлай біріңіз қазақтың етінжеген баласының етінжеген соның тұқымы деп жәңагі айттым ғой сөзімнің арасында президент тапсырмасы мен ерлан қарин мырза отыз неше томдық жәңагі ос қуғынсыргын құрбандарын жоқтау негізінде соның әркіптік мәтериалдарын кітап етіп шығарды,0.41304347826086957,0.08074534161490683,46
train-00003-of-00048_001169,орыс қазақ тілдерінде,орыс қазақ тілдерінде,0.0,0.0,3
train-00003-of-00048_001170,ал шын мәнінде сол отыз неше томға қазірге дейін дәл неше том шыққан есімде жоқ,ал шым мененде сол отсыз неше томға қазірге дейін дәл неше том шыққа есімде жоқ,0.26666666666666666,0.06329113924050633,15
train-00003-of-00048_001171,сыймай қалған қаншама тариф бар,симай қалғанған жыма тарихпа,1.0,0.3548387096774194,5
train-00003-of-00048_001172,сол томды құрастырушы,сол томдық құрастырушы,0.3333333333333333,0.047619047619047616,3
train-00003-of-00048_001173,құрамдағы азамат азаматшалар менімен сөйлесті сонда мен айттым ал хатқа түспей қалғандар әкімге кірмей қалғандар қайтеді десем олар кірмей қалды дейді,құрамдағы азамат азаматшылар менімен сөйлесті сонда мен айттым ал қатқа түстей қалғандар әрқіпкі кірмей қалғандар қайтеді десем олар кірмей қалды дейт,0.23809523809523808,0.06666666666666667,21
train-00003-of-00048_001174,ондай болатын болса қазақтың жоғы әлі жоқталып болған жоқ,ондай бонатынмысы қазақтың жоғы әлі жоқталып болған жоқ,0.2222222222222222,0.10526315789473684,9
train-00003-of-00048_001175,қазақтың мұңы әлі түгел болған жоқ қазақтың көз жасы сүртіліп болған жоқ қазақ өзінің ата бабасының қайда жатқандығын қай жерде қурап сүйегі жатқандығын әлі айта алған жоқ,қазақтың мұңы әлі түгеліп болған жоқ қазақтың көз жасы сүртіліп болған жоқ қазақ өзінің ата бабасының қайда жатқандығын қай жерде қурап сүйегі жатқандығын әлі айталған жоқ,0.1111111111111111,0.023391812865497075,27
train-00003-of-00048_001176,ал ол айта алмау не,الول عيط الموني,1.0,0.8947368421052632,5
train-00003-of-00048_001177,бұрынғы бабаларымыз ана түркі заманынан бері,бұрынғы бабаларымыз ана түркі заманнан бері,0.16666666666666666,0.022727272727272728,6
train-00003-of-00048_001178,түркі қандарынан бері қазақ қандарынан бері,түркіқандарынан бері қазақ қандарынан бері,0.3333333333333333,0.023255813953488372,6
train-00003-of-00048_001179,өзі тік,өзі тіп,0.5,0.14285714285714285,2
train-00003-of-00048_001180,жаудың қолында бір кішкентай бала кетіп қапты десе біздің аталарымыз айтатын соны 7 жыл 6 жыл іздеп жүріп тауып келді деп айтатын,жаудың қолында бір кішкендей бала кетіп қапты десе біздің аталарымыз айтатын соны жеті жыл алты жыл іздеп жүріп тауып келді деп айтатын,0.13636363636363635,0.07751937984496124,22
train-00003-of-00048_001181,бір бала бұл бала,бер бала улбала,0.75,0.23529411764705882,4
train-00003-of-00048_001182,неге,니게,1.0,1.0,1
train-00003-of-00048_001183,мысалы үшін сол баланың біреуі кешегі абылай еді,сол баларның біреу кешек абылай еді,0.625,0.3333333333333333,8
train-00003-of-00048_001184,анау бұхар асып кеткен тәшкен асып кеткен,ана бұхар асып кеткен тәшкен асып беткен,0.2857142857142857,0.04878048780487805,7
train-00003-of-00048_001185,жұңғар шапқыншылығы түсінді кейін оянды қайтты қазақ халқына да үлкен медеу болды,жұңғар шапқынчылық тусында кейін оянды айтты қазақ қалқынүд үлкен медеу болп,0.5,0.16049382716049382,12
train-00003-of-00048_001186,біз баяғыда айтатынбыз шетте 5 миллион қазақ бар еді 1 миллионы көшіп келді сол елде 4 миллионы қалды деп,біз баяғды айтатылмыз шетте бес милион қазақ бар еді бір милионі көшіп келді сол елде төрт милиені қалды деп,0.42105263157894735,0.19047619047619047,19
train-00003-of-00048_001187,бір миллион көшіп келген рас шығар сол бір миллион қазақтың өзі қазір үш жарым миллион төрт миллион болды осы елге оралған ал сол елде қалып қойды деген бес миллион қазақ қазір кем дегенде жеті миллион сегіз миллион тоғыз миллион болды ол зерттеу тапқан жоқ,бір милиен көшіп келген ырас шығар сол бір милиен қазақтың өзі қазір іш шар милиен төрт млиен болды ос елгеоралған ал сол елде қалып қой теген бес милиен қазақ қазір кемдегенде жеті милиен сегіз милиен тоғыз милиен болды ұл зерттеу тапқан жоқ,0.4318181818181818,0.11284046692607004,44
train-00003-of-00048_001188,ондай болатын болса қазақтың үштен бірі әлде шетте отыр деуге негіз бар әлде де үштен бір бөлігі шетелде отыр деген ондай болатын болса қазақтың жыртығы жамалып болған жоқ,ондай болатын боса қазақтың үштен бірі әлде шетті отырдеуге негіз бар әлде де үштен бір бөлегі шетелд отырдегім ондай болатын боса қазақтың жыртығы жамалып болған жоқ,0.32142857142857145,0.05263157894736842,28
train-00003-of-00048_001189,қазақтың төгілген қан жасы әлі де сүртіліп болған жоқ,қазақтың төгілген қанжасы әлдед сүртіліп болған жоқ,0.4444444444444444,0.07547169811320754,9
train-00003-of-00048_001190,әрбір қазақ сынық көгаршын сынық қанат көгаршын сияқты оның қанаты әлі қомданып болған жоқ,әрбір қазақ сынық кгршн сыныққанат көгаршін сияқты оның қанаты әлі қомдалып болған жоқ,0.35714285714285715,0.06666666666666667,14
train-00003-of-00048_001191,ондай болатын болса бұны зерттеу керек,ондай болатын мособыны зерттеу керек,0.3333333333333333,0.13157894736842105,6
train-00003-of-00048_001192,ұлтқа қанға деген жанашырлық болу керек,ултка каңга деген жана шырлык болуу керек,0.8333333333333334,0.20512820512820512,6
train-00003-of-00048_001193,сонда халық оянады жер оянады ел оянады ұрпақ оянады,сонда қалы қоянады жер оянады ел оянады ұрпа қоянады,0.4444444444444444,0.09615384615384616,9
train-00003-of-00048_001194,жаңағы шеттегі әрбір қазақ,жәңаг шеттегі әрбір қазақ,0.25,0.11538461538461539,4
train-00003-of-00048_001195,сенің өзіңнің бірге туған жан бауырың,сенің өзіңнің бірге туған жам бауырың,0.16666666666666666,0.02702702702702703,6
train-00003-of-00048_001196,әрбір қазақ қызы сенің бірге туған қарындасың қаракөз ол өзге ұлтқа телегейін еді,әрбір қазақ қызы сенің бірге туған қарындасын қара көз ол өзге ұлтқа телгейінет,0.38461538461538464,0.07407407407407407,13
train-00003-of-00048_001197,шөгіп біреуге тиіп жатса,쇼급으로을 티입자어,1.0,0.9583333333333334,4
train-00003-of-00048_001198,анау мына заман қай заман деп баяғыда елімай жырында жырланатын қарындастан айырылған қиын екен қара көзден өлдіріп жасы келеді деген жолдар бар,анау мына заман қай заман деп баяғыды елмай жырында жырлданатын қарындастан айырылған қиын екен қара көзде мөлдіріп жасы келеде деген жолдар бар,0.2727272727272727,0.041666666666666664,22
train-00003-of-00048_001199,сонда қарындастан айырылған қиын екен деп нені айтып отыр жаудың тақымында шырылдап кетіп бара жатқан қарындасына айтып отыр,сонда қарындастан айырылған қиын екендеп нені айтып отыр жаудың тақымында шырылдап бетіп бара жатқан қарындасын айтып отыр,0.2222222222222222,0.024193548387096774,18
train-00003-of-00048_001200,мынау бізде бағана сөзімізді айттық зерттелмеген ашылмаған қаншама тариф,мұнау бізде бағана сөзімізді айттық зерттелмеген ашылмаған қаншама тарих,0.2222222222222222,0.027777777777777776,9
train-00003-of-00048_001201,соның ішіндегі бір бөлігі ал жерде қалған,соның ішіндегі бір бөлегі ал жерде қалған,0.14285714285714285,0.024390243902439025,7
train-00003-of-00048_001202,аналарымыздың басы,аналарымыздың басы,0.0,0.0,2
train-00003-of-00048_001203,карлагта қалған бабаларымыздың басы,карлақта қалған бабаларымыздың басы,0.25,0.02857142857142857,4
train-00003-of-00048_001204,әлі зерттелген жоқ,әл іздерттелген жу,1.0,0.2777777777777778,3
train-00003-of-00048_001205,альжирдің архивіне кіріп карлактың архивіне кіріп,ал жердең арқыбене кіріп карлактың арқыбене кіріп,0.6666666666666666,0.22448979591836735,6
train-00003-of-00048_001206,соның бүгінгі ресей мәскеуде сақталған түбіртегін қарап,соның бүгінгі ресей мәскеуде сақталған түбіртегін қарап,0.0,0.0,7
train-00003-of-00048_001207,содан үлкен еңбек қорғап еңбек жазып жатқан адамдар жоқтың қасы,содан кен еңбек қорғап еңбек жазып жатқан адамдар жоқтыңғасы,0.3,0.06349206349206349,10
train-00003-of-00048_001208,қытайда қалып қойған қазақтар қазір де репрессия көріп жатыр,тайда қалық қойған қазақтар қазір де репресте көріп жатыр,0.3333333333333333,0.1,9
train-00003-of-00048_001209,мысалы жаңа оспан батырды айттық оспан батырдың немересі болып келетін үш жігітті жақсы білем нұрлан нағыз толпын деген үшеуі мерзімсіз қамаққа бұйырып сол жердің түрмесінде жатыр,мысал жәңе оспан батырды айттық оспон батырдың немересі болып келетінш жігітті жақсы білем нұрлан нағыз толпын деген шөм мерізміс қамаққа бұйырып сол желдін түрмесінде жатыр,0.3076923076923077,0.0893854748603352,26
train-00003-of-00048_001210,ол азаматтардың жеке басын білетінмін атасы туралы мен кітап жазып жүрдім атасы туралы мен ізденіп мақалалар жазып жүрдім менімен сөйлесуден қорқатын қашатын,ол азаматтардын жекебасым білетімін атасы туралы мен кітап жазып жүрдім атасыз туралымен ізден мақаллар жазып жүрдім менімен сөйлесудін қорқатын қашатын,0.45454545454545453,0.06369426751592357,22
train-00003-of-00048_001211,аталар туралы айта алмайтын,аталлар турал айт алмайтын,0.75,0.1111111111111111,4
train-00003-of-00048_001212,сөйткеннің өзің қайтты сен солардың тұқымы болатынсың деп,сөйткеннің өзін қайты сен соллардын тұқымы болатын сың деп,0.625,0.08771929824561403,8
train-00003-of-00048_001213,міне түрменің түбіне тықты,n est tu leme donc tu venait trot,2.0,1.1923076923076923,4
train-00003-of-00048_001214,ол жақтағы көп қазақтың арманы бар болғанмен дәрмені жоқ,ол жақтағы көп қазақтың армана бар болғанмен дәрмені жоқ,0.1111111111111111,0.017857142857142856,9
train-00003-of-00048_001215,ал осы елге келемін дегеннің де маңдайынан жарылқап жатқан жоқ қазіргі мынау заң,ал осы елге келемін дегеннің де маңдайынан жарлыққа жатқан жоқ қазіргі мынау заң,0.07692307692307693,0.0375,13
train-00003-of-00048_001216,азаматтық беруді қиындастырып жіберді де осы елге келген қандастарымыз азаматтық ала алмай,азаматтық беруді қиындастырып жертте осөлге келген қандастарымыз азаматтық ала алмай,0.3333333333333333,0.1,12
train-00003-of-00048_001217,сол елдегі репрессияның қайтадан қармағына ілініп қуғын сүргінге түсіп жатқан жағдайы бар,сол ілдегі репересияның қайтадан қармағынілініп қуғын сүргінге түсіп жатқан жағдайы бар,0.3333333333333333,0.056179775280898875,12
train-00003-of-00048_001218,ондай болатын болса біздің оянбаған сана,ونضي بلتن بس بزد ويامبغاn سنة,1.0,0.875,6
train-00003-of-00048_001219,ұлтқа деген жаңағы өзіміздің безбүйректігіміз,ұлтқа деген жәңаөзіміздің без бүйректігіміз,0.6,0.1111111111111111,5
train-00003-of-00048_001220,әлі де оянбаған жаңағы құлдық идея,әле де оянбаған жәңага құлдығидыя,0.6666666666666666,0.20588235294117646,6
train-00003-of-00048_001221,біздің қандастарымыздың кеудесінен итеріп отыр деуге негіз бар,біздің қандастарымыздың кеудесінен иттеріп отырдеуге негіз бар,0.375,0.03225806451612903,8
train-00003-of-00048_001222,шеттен оралғап жатқан қазақтар бар,шеттен оралығып жатқан қазақтар бар,0.2,0.058823529411764705,5
train-00003-of-00048_001223,орала алмай жатқан қазақтар бар,орал алмай жатқан қазақтар бар,0.2,0.03225806451612903,5
train-00003-of-00048_001224,а тіпті кейбіреу айтады қазақстанға қағазстанға балап жаңағындай көк тудың астында көгеріп жүргенше,тіпті кейбіреу айтады қазақстана қағазыстанға балып жаңа кіндей көктудің асында көгеріп жүргенше,0.6153846153846154,0.12121212121212122,13
train-00003-of-00048_001225,қызыл өкіметтің туында қызара бертіп жүрмейміз бе деп әзіл ысқақ шығарған әңгімелері бар,қызыл өкүмөттің туунда қызыра бөртүп жүрмеймізбе деп әзі ысқат чығарган әңгимелери бар,0.7692307692307693,0.14772727272727273,13
train-00003-of-00048_001226,неге,你给,1.0,1.0,1
train-00003-of-00048_001227,ол елде мысалы қытай туралы айтатын болсақ кейбір мына партияға сенімді кадрлар дейікші,ол елде мысал қытай туралы айтатын босақ кейбір мына партияға сенімді қадірларды екші,0.3076923076923077,0.09195402298850575,13
train-00003-of-00048_001228,солардың алған жалақысы,солардың алған жалақысы,0.0,0.0,3
train-00003-of-00048_001229,біздің сөзбен айтатын болсақ ай сайын 1 миллион теңге жалақы немесе 1 миллион теңге пенсия зейнетақы алады,біздің сөзібен айтатымбысы айсайым бір миллион теңге жалақы немесе бір миллион теңге пенсия зенетақалады,0.5294117647058824,0.16981132075471697,17
train-00003-of-00048_001230,ал осы елге келсе ол не азаматтық ала алмайды екен дәл қазіргі саясат бойынша болғанда,ал осы елге кесе ұл не азаматты қала алмайды екен дәл қазіргі саясат бойынша болғандар,0.3333333333333333,0.05813953488372093,15
train-00003-of-00048_001231,немесе жаңағы әкім боп кеп жүріп қойшының таяғын ұстап,немесе жеңә әкім бопкеп жүріп қойшының таяғын ұстап,0.3333333333333333,0.09259259259259259,9
train-00003-of-00048_001232,сондай кедейлік күйге түседі екен,сонд кдэл күйкө тсでүкөн,1.0,0.48484848484848486,5
train-00003-of-00048_001233,сондықтан бес қол саусағы бірдей емес қой шеттен оралатын қазақтың біз 60 70 80 пайызын патриот десек те оның ішінде де жаңағы 20 30 пайыз кері тартатындар бар,сондықтан бес қол саусағы бірді емес ғой шеттен оралатын қазақтың біз алпыс жетпіс сексен пайызын патриотты өсекте оның ішінде де жәңе жиырма отүз пайыз керітартатындар бар,0.4642857142857143,0.2389937106918239,28
train-00003-of-00048_001234,оның ішінде де жиырма отыз жаңағы құлдың құлдық санада жүргендер бар маталып,оның ішінде де 2 от жаңа кулдук санада жүргөндер бар маталып,0.5,0.2894736842105263,12
train-00003-of-00048_001235,соларға айтады сол өзінің тұрып жатқан елін дәріптейді,солар қайтаты сол өзіні тұрып жатқан елінд әріптейт,0.625,0.16666666666666666,8
train-00003-of-00048_001236,сондықтан да саусақтың басы бірдей емес деп айтамыз ол елден көшіп келіп жатқандар да бар келе алмай қанаты қырқылып отырғандар да бар,сондықтан да саусақтың басы бірде емесі деп айтамыз ол елден көшіп келіп жатқандарда бар келалмей қанаты қырқылып отырғандарда бар,0.36363636363636365,0.05223880597014925,22
train-00003-of-00048_001237,мысалы осынша,것싼 오순자,1.0,0.9230769230769231,2
train-00003-of-00048_001238,ащы сұхбаттарға барып жүрген осынша,ашы сукпаттар кабар жүргөн осунча,1.0,0.34285714285714286,5
train-00003-of-00048_001239,ащты сауалдарға барып ащы тақырыптар қаузап жатқан қосымша,ашты сауалдарға бар башы тақырыптар қаузап жатқан осынша,0.5,0.1206896551724138,8
train-00003-of-00048_001240,қиын тақырыптарға кітап жазып жатқан менің де,қиын тақырыптарға кітап жазып жатқан меніңде,0.2857142857142857,0.022222222222222223,7
train-00003-of-00048_001241,туған ағам,غان عغام,1.0,0.9,2
train-00003-of-00048_001242,туған қарындастарым сол елді жәудіреп отыр,туған қарындастарым сол елді жәудіреп отыр,0.0,0.0,6
train-00003-of-00048_001243,мен бұрын,min burn,1.0,0.8888888888888888,2
train-00003-of-00048_001244,орыстың жауыздығына,орыстың жауыздығына,0.0,0.0,2
train-00003-of-00048_001245,қытайдың жауыздығына таң қалып түршігетін едім бала жасымнан солай кекшіл боп өсті,қатайдың жаузды ғына таңқалып түршікетінедін бала жасымнан солай кекшілбобыст,0.75,0.14634146341463414,12
train-00003-of-00048_001246,ал қазақстанға келіп,ал қазақстанға келіп,0.0,0.0,3
train-00003-of-00048_001247,қазактың,қазактың,0.0,0.0,1
train-00003-of-00048_001248,қазаққа жасаған қиянатын көрген кезде мен соған түршіктім таң қалдым,қазаққа жасаған қиянатын көрген көзде мен соған түршіктім таңқалдым,0.3,0.029411764705882353,10
train-00003-of-00048_001249,аксиндік,ع的,1.0,1.0,1
train-00003-of-00048_001250,жаңаөзен уақиғасында қазақты қазақ атты қаңтар уақиғасында қазақты қазақ атты,жаңөзден уақиғасында қазақты қазақ атты қаңтару уақиғасында қазақты қазақ атты,0.2,0.03896103896103896,10
train-00003-of-00048_001251,бұл менің жүрегімде,бұл менің жүрегімде,0.0,0.0,3
train-00003-of-00048_001252,е,이,1.0,1.0,1
train-00003-of-00048_001253,былдым мен,,1.0,1.0,2
train-00003-of-00048_001254,алдаған болса онда неге мерболат отыр,даған болса онда неге мер болат отыр,0.5,0.08108108108108109,6
train-00003-of-00048_001255,неге думан мұхамедкәрім отыр түрмеде,неге думан мұхаммедкәрым отыр түрмейді,0.4,0.1111111111111111,5
train-00003-of-00048_001256,егер би егер де,ге егерде,1.0,0.4,4
train-00003-of-00048_001257,осы репрессия тоқтаған болса ол жасырын түрде бәрібір жүріп жатыр оны сезіп тұрмыз неге біздің марат жыланбаев думан мұхамедкәрім әйгерім барлық қазақстанның қай қаласын қарасаң да саяси тұтқындар көп неге саяси тұтқындар болуы мүмкін біздің мемлекет тәуелсізбіз кімнен қорқып олар тығып отырмыз олар өкіметті төңкерейік деген адамбіздің қайсымыз болса да мына өзіміздің мемлекетіміз нық болса екен,осы репрессия тоқтағам болса ол жасырын түрді бәрбір жүріп жатыр оны сиістұрмыз неге біздің марачыланбаев думан мұхаммедкарім айгерім барлық қазақстандың қайқаласын қаразаңды саяси тұтқындар көп неге саяси тұтқындар болуы мүмкін біздің мемлекет тәуелсізбіз кімнен орқы болар тығып отырмыз олар өкіметті тоң көрейік деген адамдар емес қой біздім қайсымыз болса да мына өзіміздің мемлекетіміз нық болсы екен,0.4107142857142857,0.09798994974874371,56
train-00003-of-00048_001258,неліктен қазақ халқын жойып жіберуге тырыстық,нерттен қазақ халқын жойып жіберуке тіпістып,0.5,0.17777777777777778,6
train-00003-of-00048_001259,сол боздақтарымызды құрбан болған халықты еске ала алмаймыз ба рухына құран бағыштай алмаймыз ба,сол бұлдақтарымызды құрбан болған халықты еске алалмаймызда рухына құран бағыштай алмаймызда,0.42857142857142855,0.08333333333333333,14
train-00003-of-00048_001260,кеш жарық қымбатты көрермен эфирде ел дауысы студияда мен фарида сейілханқызы біздің бүгінгі қонағымыз жазушы журналист жәди шәкенұлы,кешшарық қымбатты көрермен еферде ел даусы студиядамен фарида сеілханғазар біздің бүгінгі қонағымыз жазушы журналист жәди шәкенұлы,0.3888888888888889,0.08270676691729323,18
train-00003-of-00048_001261,сұхбатымыз отыз бірінші мамыр саяси қуғын сүргін және ашаршылық құрбандарын еске алу күніне арналмақ,сұқпатымыз отыз бірінші мамыр саяси қуғын сүргін және шаршылық құрбандарын еске алу күніне арналмақ,0.14285714285714285,0.03,14
train-00003-of-00048_001262,ал құрметті жәдем мырза студиямызға қош келдің,ал құрметі жәди мырза студиямызға қош келгім,0.42857142857142855,0.10869565217391304,7
train-00003-of-00048_001263,отыз бірінші мамыр саяси қуғын сүргін және ашаршылық құрбандарын еске алу күні бұл,отыз бірінші мамыр саяси қуғын сүргін және шаршылық құрбандарын еске алу күніл,0.23076923076923078,0.04878048780487805,13
train-00003-of-00048_001264,тарихи дата өкінішке қарай күні кеше тойланған бірінші маусым балаларды қорғау күнінде құрылған жоқ,тарихи дата өкінішке қарай күн кеше тойланған бірінші мауысын балаларды қорғау күндей құрылы болған жоқ,0.35714285714285715,0.1111111111111111,14
train-00003-of-00048_001265,қоғам тарапынан да билік тарапынан да бір бейжайлық байқалады,қоғам тарапынан да билік тарапынан да бір бе жайлық байқалат,0.3333333333333333,0.04918032786885246,9
train-00003-of-00048_001266,өзіңіз осы тақырып жайында жиі,өзіңіз ос тақырып жайында жиі,0.2,0.03333333333333333,5
train-00003-of-00048_001267,көтересіз кітаптар жазғансыз,көтересіз таптар жазғансыз,0.3333333333333333,0.07142857142857142,3
train-00003-of-00048_001268,бұл тақырыпқа келуіңізге не түрткі болды,бұл тақырыпқа келіңізге не түрткі болды,0.16666666666666666,0.025,6
train-00003-of-00048_001269,осы саяси қуғын сүргін және ашаршылық құрбандарын еске алу күні,осы саяси қоғынүстүргін және шашылық құрбандарын еске алуы күні,0.4,0.09523809523809523,10
train-00003-of-00048_001270,ескерткіш маңына сай белсенділер жиналды ал белсенділерді әкімдік қызметкерлері мен полиция қуып сол жерде ескерту жасады өкінішке қарай,ескерткі шұмаңына бесенділер жиналды ал бесенділерді әкімдік қызметкерлермен полиция қуып сол жерде ескерту жасады өкінішке қарай,0.3888888888888889,0.07352941176470588,18
train-00003-of-00048_001271,енді ол жердегі белсенділердің айтуы бойынша біз сонда осы тарихи датада құрбан болған сол боздақтарымызды құрбан болған халықты еске ала алмаймыз ба рухына құран бағыштай алмаймыз ба дейді экранға назар аударайықшы сол саяси белсенділердің қатарында болған қоғам қайраткері жұмаш кенебай билік репрессия мен аштық тақырыбынан қорқып отырғанын айтады өзіңіз ай,енді ол жердегі белсенелердің айтуы бойынша біз сонда осы тарихи датада құрбан болған сол боздақтарымызды құрбан болған халықты еске ала алмаймыз ба рухына құран бағыштай алмаймыз ба дейді экранға назаруадарайықшы сол саяси белсенелердің қатарында болған қуғам қайраткері жұмашы кеңебай билік репресиямен аштық тақырыбынан қорқып отырғанын айтады өзіңіз айтқандай,0.2,0.05,50
train-00003-of-00048_001272,ақын мұның жабық тақырыпқа айналып бара жатқанына ресейдің ықпалы бар деп есептейді екен,ақын мұның жабық тақырыпқа айнауып пара жатқанына ресейдің ыхпалы бар деп есептейді екен,0.23076923076923078,0.03409090909090909,13
train-00003-of-00048_001273,осы аштық ашаршылық,осы аштық ашашылық,0.3333333333333333,0.05263157894736842,3
train-00003-of-00048_001274,кедергі келтіріп отырған кім,кедергі келтіріп отырған кім,0.0,0.0,4
train-00003-of-00048_001275,осы жерде ағамен бір статистика айта кетейін ресми дерек бойынша мың сегіз жүз тоқсан жетінші жылы қазақ халқының саны яғни жүз жиырма тоғыз жыл бұрын ғой иә қателеспесем төрт миллионнан астам болған екен а ол кездегі қырғыз халқынан жиырма есе көп болған екен сонда бейресми деректерде біздің аштықтан қырылған ата бабамыздың саны бес миллионға жуық деп айтады,ол жерде ағар мен бір статистика айта кетейін ресми дерек бойынша мың сегіз жүз тоқсан жетінші жылы қазақ халқының саны яғни жүз жиырма тоғыз жыл бұрын ғой я қателеспесем төрт миллионнан астам болған екен ол кездегі қырғыз халқынан жиырма есе көп болған екен сонда бе ресми деректерде біздің аштықтан қырылған ата бабамыздың саны бес миллионға жуық деп айтады ғой негізі,0.15789473684210525,0.055401662049861494,57
train-00003-of-00048_001276,көшіп кеткені бар қаза тапқаны бар,көшіп кеткені бар қаза тапқаны бар,0.0,0.0,6
train-00003-of-00048_001277,сізді тек жазушы ретінде ғана емес тарихшы ретінде де жақсы танимыз ғой,сізді тек жазушы ретінде ғана емес тарихшы ретінде де жақстан еміз қойып,0.25,0.11267605633802817,12
train-00003-of-00048_001278,осы кеңес өкіметінің жалпы қызыл әскердің мынау,осы кеңес үкіметінің жапа қызылы әскердің мна,0.5714285714285714,0.1276595744680851,7
train-00003-of-00048_001279,қазақтарға жасаған қиянаты неліктен қазақ халқын жойып жіберуге тырысты басқа басқа емес дәл қазақ халқына дәл бұндай қастандық жасады,қазақтарға жасан қиянаты неліктен қазақ халықын жойып жіберуге тырысты басқа басқа емес дәл қазақ халықына дәл бұндай қастандақ жасады,0.21052631578947367,0.03731343283582089,19
train-00003-of-00048_001280,білімді саналы сапалы ұрпақ,білімді саналы сапалы орпақ,0.25,0.037037037037037035,4
train-00003-of-00048_001281,қуғынға ұшырап қырылды ең әлсіз ұрпақ мына біз болып тұрмыз ба,қуғынға шырап қырылды ең әлсіз ұрпақ мына біз болып тұрмыз ба,0.09090909090909091,0.016129032258064516,11
train-00003-of-00048_001282,әлеуметтік желіні ақтарып отырып мына тоқмақ,әлеуметтік желін ақтарып отырып мына тухмақ,0.3333333333333333,0.06818181818181818,6
train-00003-of-00048_001283,а маңында,mangendak,1.0,1.0,2
train-00003-of-00048_001284,тамақ жасау үшін,тамақ жасау ұшың,0.3333333333333333,0.1875,3
train-00003-of-00048_001285,енді адам аштықтан бір бірінің адам етін жеді ғой кішкентай қызды ұрлап әкеткен ол қыздың фотосы жарияланды көрген шығарсыз,енді адам аштықтан бірбірің адам етінжеді ғой кішкентай қызды ұрлап ә кеткен ол қыздың фотосы жарияланды көрген шығарсыз,0.3157894736842105,0.04065040650406504,19
train-00003-of-00048_001286,ол қызды,о қызды,0.5,0.125,2
train-00003-of-00048_001287,кәдімгідей ет асқандай асқан қазанға салған ол бұрқ бұрқ қайнап жатыр қазан бірақ соны күтіп жатқан кемпір де жан тапсырды аштықтан жаңағы қыз да қаза тапты өзіңіз жаңағы қарауыл көш романын жазғанда үлкен кісілерден өз аузынан тыңдаған ең жан тебірентерлік оқиғамен бөліссеңіз,конінгіде ет асқандай асқан қазанға салған ол бұрықбұр қайнап жатыр қазан бірақ соны күтіп жатқан кейін бірде жан тапсырды ашытықтан жаңағ қызда қаза тапты өзіңіз жаңаға қаралы көшыраманын жазғанда үлкен кісілерден өз ауызынан тыңдаған ең жан дебрентерлік оқиғамен бөліссеңіз,0.35714285714285715,0.08664259927797834,42
train-00003-of-00048_001288,аха,嗯好,1.0,1.0,1
train-00003-of-00048_001289,расымен адам етін жеген ұрпақпыз ба,расымен адамиетін жеген ұрпақпыз ба,0.3333333333333333,0.02857142857142857,6
train-00003-of-00048_001290,ашаршылықтан шетелге шашырап кеткен қазақтың саны өте көп,ашаршылықтан шетелге шашырап кеткен қазақтың саны өте көп,0.0,0.0,8
train-00003-of-00048_001291,неліктен,нее ліктен,2.0,0.25,1
train-00003-of-00048_001292,бұл кісілердің тағдыры аз зерттелген қашан қайтарамыз сол қаралы көшті,бұл кісілердің тағдыры аз зерттерген қашан қайтарамыз сол қаралу көшті,0.2,0.02857142857142857,10
train-00003-of-00048_001293,ахатшылық пен қуғын сүргін дегенде екеуін ешқашан бөліп жара алмаймыз бірге жүреді,ақатшылық пен қуғын сүргін дегенде екеуі ешқашан бөліп жаралмаймыз бірге жүрет,0.4166666666666667,0.07317073170731707,12
train-00003-of-00048_001294,осы алаш зиялылары атылып кеткенде,осы алаш сиялалары атылып кеткенде,0.2,0.058823529411764705,5
train-00003-of-00048_001295,олардың,олардың,0.0,0.0,1
train-00003-of-00048_001296,жұбайлар туралы,жұбайлар турал,0.5,0.06666666666666667,2
train-00003-of-00048_001297,ү,,1.0,1.0,1
train-00003-of-00048_001298,алжир лагерінде өздері кінәлі болмаса да сол зиялылардың жұбайлары отырды ғой,ал жирлагерінде өздері күнәлі болмаса да сол зиялалардың жыбайлары отырды ғой,0.45454545454545453,0.06493506493506493,11
train-00003-of-00048_001299,сол туралы не дейсіз,сол турал недейсіз,0.75,0.1,4
train-00003-of-00048_001300,ал осы шекараласқан қытайдағы,ал осы шегарасқан қытайдағы,0.25,0.10344827586206896,4
train-00003-of-00048_001301,қазақ қандастарым,қазақ қандастарым,0.0,0.0,2
train-00003-of-00048_001302,өзіңіз жақсы араластыңыз ғой кезінде,өзіңіз жақсыар аластыңыз ғой кезінде,0.4,0.05555555555555555,5
train-00003-of-00048_001303,елге қайтқысы келе ма,елге қайтқысы келе ма,0.0,0.0,4
train-00003-of-00048_001304,көбісі осы алшақшылық кезінде шетел асқан екен шекара асқан екен,көбіз сосашашылық кезінде шетеласқан екен шегар асқан екен,0.6,0.15625,10
train-00003-of-00048_001305,аға,اغ,1.0,1.0,1
train-00003-of-00048_001306,репрессия қытайда ғана емес өкінішке қарай мына бейбіт қазақстанда да әлі күнге дейін жүріп жатыр,репрессия қытайда ғана емес өкінішке қарай ұмылап бейбіт қазақстанда да әл үкінге дейін жүруп жатыр,0.26666666666666666,0.07216494845360824,15
train-00003-of-00048_001307,белсенділер солай дейді,белсенділер солай дейд,0.3333333333333333,0.043478260869565216,3
train-00003-of-00048_001308,егерде ток,جردتوق,1.0,1.0,2
train-00003-of-00048_001309,дынь,ليم,1.0,1.0,1
train-00003-of-00048_001310,дәде мырза өкінішке қарай сұхбатымыз соңына кетіп қалыпты уақытымыз өкінішке қарай іскектеулі,зәдимырза өкілікке қарай сұхпатымыз соңына жетіп қалыпты уақытымыз өкілікке қарай скектеулі,0.5833333333333334,0.10752688172043011,12
train-00003-of-00048_001311,ал осы романды жазу барысында қаралы көш романын жазу барысында ең қатты таң қалдырған оқиға мен ашуландырған дерек қандай,ауысы романды жазу барысында қыралу көш романы жазу барысында ең қатты таңғ алдырған оқиға мен ашуландырған дерек қандай,0.3157894736842105,0.06557377049180328,19
train-00003-of-00048_001312,жәдем мырза алтын уақытыңызды бөліп студиямызға келгеніңізге алғысымыз шексіз аман болыңыз,жәди мырза алтын уақытыңызды бөліп студиямызға келгеніңізге алғысымыз шексіз ама болыңыз,0.18181818181818182,0.03333333333333333,11
train-00003-of-00048_001313,ал қымбатты көрермен құлақ түріп тыңдағандарыңыз үшін сіздерге де рақмет айтамыз міндетті түрде сілтемемен бөлісіп арнамызға жазылып пікір қалдыра кетіңіздер лайк басуды ұмытпаңыздар,ал құмбатты көрермен қуақ тұрып тыңдағандарыңыз үшін сіздерге де рахмет айтамыз міндетті түрде сілтемемен бөлісіп арнамызға жазылып пүкір қалдыракетіңіздер хлайк басуды ұмытпаңыздар,0.34782608695652173,0.04945054945054945,23
train-00003-of-00048_001314,хош сау болыңыздар,хош сау болыңыздар,0.0,0.0,3
train-00003-of-00048_001315,сәлем достар сіздермен болған жылжай тока вольт аннасы достар бұл бізде рум тур болады яғни өзімнің үйіме рум тур түсіретін боламын бұл видео сіздерге ұнайды деп ойлаймын ұнаса менің еңбегімді бағалап лайк дәріңізді басып подписканы басып коллокон жазып кетіңіздер мен сіздерді қаттырақ қаттырақ жақсы көремін ал ендеше видеоны бастайық достар,сәлен достар сзермен болған жол зайтока волт аннасы достар бұл бізде румтур болады яғни өзімнің үйіме румтур түсіретім боламын бұл видео зерге ұнайт деп ойлаймын ұнаса менің еңбегімді бағалап лайктарыңізді басып патпитканадасап колоконшескетіңіздер мен сіздерді қатыра қатырақ жақсы көремін аліндеше видеоны бастайық достар,0.46,0.11661807580174927,50
train-00003-of-00048_001316,мен яғни үйдің ауласында жүрмін мен қазір үйдің ауласына румтор түсіретін боламын потом үйдің ішіне румтор түсіремін мінеки бұл бізде үйдің ауласы неге мына жерде бізде осындай отыратын орындық,мен яғни үйдің ауласында жүрмін мен қазір үйдің ауласына рум турт сіретім боламын потом үйдің ішіне рум тұрт сіремін мінеке бұл бізде үйдің ауласы мінеке мына жердебезде осындай утратынң орлындық,0.41379310344827586,0.09844559585492228,29
train-00003-of-00048_001317,шаршасақ отырамыз енді бізде осындай нәрсе мысықтікі және де осындай бір кішігірім аула өте керемет енді достар үйге кіріп сіздерге үйдің ішіне рум тур түсірейін сол кезде қызықтың бәрі басталады ендеше,шаршасақ отырамыз енді бізде осындай нәрсе мысықтікі және де осындай бір кшікірім ауыла өте керемет енді дұстар үйге кіріп сіздерге үйдің ішене рум тортсірейін сол кезде қызықтың бәрі басталады еңгеше,0.22580645161290322,0.04950495049504951,31
train-00003-of-00048_001318,есікті ашайық,يسكداء ألشايق,1.0,0.9230769230769231,2
train-00003-of-00048_001319,вот так ашылды,вотак ашылдым,1.0,0.21428571428571427,3
train-00003-of-00048_001320,енді үйдің ішіне кірейік,ннd 이dңшн кр,1.0,0.6666666666666666,4
train-00003-of-00048_001321,енді жаба салайық,енді жаба салайық,0.0,0.0,3
train-00004-of-00048_000000,енді достар мен мына жерден бастайын бұл жерде бізде осындай отыратын бір,енді дустар менна жерден бастайын бұл жерде бізде осындай отыратын бір,0.25,0.0547945205479452,12
train-00004-of-00048_000001,диван сондай,च व न स नद y,3.0,0.9166666666666666,2
train-00004-of-00048_000002,и потом взял суда айнан,и потом делсыдая айна,0.6,0.30434782608695654,5
train-00004-of-00048_000003,айнаға қарап тұрсақ та болады әдеміміз ба әдемі емеспіз бе,айнаға қарап тұрзақты болат әдеміміз ба әдемі емеспізбе,0.5,0.10344827586206896,10
train-00004-of-00048_000004,және де достар бізде осындай төбеде осындай свет өте ерекше маған қатты ұнайды осы свет,жәнжезістар бізде осындай төбеде осындай сібет өд ерекше маған қаттынайды осы сбет,0.5333333333333333,0.14942528735632185,15
train-00004-of-00048_000005,және де достар бізде осындай,장n지t스t b지 오습d,1.0,0.9285714285714286,5
train-00004-of-00048_000006,2 000 елдер,two thousand years latel,1.3333333333333333,2.0,3
train-00004-of-00048_000007,білмеймін осындай бір шкаф тұр және де мынандай терезе,брмимуснeбр шкафтор жeнзе омнадай терезя,1.0,0.4444444444444444,9
train-00004-of-00048_000008,достарым міне көріп тұрғандарыңыздай осындай бізде перде өте әдемі ерекше перде,дұстар мене көріп тұрғандарыңыз да осындай бізді перде өтәйдемі ерекше перде,0.6363636363636364,0.12658227848101267,11
train-00004-of-00048_000009,неге жауып қойсақ та болады или ашып қойған дұрыс өте әдемі көрінеді,минки джоп койсакта болат или ашып койган дрос витадема көринеді,0.8333333333333334,0.36764705882352944,12
train-00004-of-00048_000010,достар міне мына жерде бізде эстетикалық фото өте әдеміне осындай бір қыз әтеуір,тістәрмене мына жерде бізде эстетикалық фото өтеәдемі не ұсындай бір қызатеуір,0.5384615384615384,0.125,13
train-00004-of-00048_000011,және де енді біз мына жерде әйтеуір бір нәрсе атын ұмытып тұрмын негізі білетінмін енді ұмытып қалдым мінекей бізде осындай нәрсе білетін болсаңыздар комментарияға жазып кетіңіздер оқитын боламын,жәнеде енді біз мнәжерде әтеуір бір нәрсе атын ұмытып тұрын неңізі білетіммін менді ұмытқалдым мінекеу бізде осындай нәрсе білетін болсаңыздар комментарияға жасіп кетіңіздер оқиттын боламын,0.5,0.08205128205128205,28
train-00004-of-00048_000012,мінеки осындай нәрсе,mnk をsだいnし,1.0,0.95,3
train-00004-of-00048_000013,және де достар бізде осындай,және дезустар бізде осындай,0.4,0.10714285714285714,5
train-00004-of-00048_000014,үйдің кілті өте әдемі күшті кілт ма бұл кілт қатты ұнайды,үйдің кілтті өте әдемі кішті кілт мабұл кілтқа тұнайды,0.6363636363636364,0.12280701754385964,11
train-00004-of-00048_000015,және де достар астында бізде осындай кіп кішкентай сары балапан,жаиндедыстар астында бизде осундай күп кишкен тай сары балапан,0.8,0.1746031746031746,10
train-00004-of-00048_000016,бұл енді менікі емес бұл мысықтікі,бұл енді мен кемес бұл мұсық тікін,0.6666666666666666,0.17647058823529413,6
train-00004-of-00048_000017,және де енді мынау менің сумкам неге осындай ішінде ешнәрсе жоқ,жәнінде енді мынау менің сумкым менкей осындай ішіндей ешнәрсе жоқ,0.45454545454545453,0.12698412698412698,11
train-00004-of-00048_000018,бір жерге келетін болсам осыған заттарыңды салам,бір жерге келеттін болсам осыған зәттарынды салам,0.2857142857142857,0.0625,7
train-00004-of-00048_000019,мінекей достар бізде осы жерді көрсетті және де достар мен бір нәрсені ұмытып бара жатырмын мінекей бұл бізде өте сүйкімді аю кілем өте әдемі ал енді мен сіздерге кухняны көрсетейін,мінекедустар бізде осы жерді көрсетті жәндедұстар мен бір нәрсені ұмытбара жатырым мінекебұ бізде өте сикімді аю кілем өте әдемі ал енді мен сіздерке кухиняны көрсетейін,0.43333333333333335,0.10497237569060773,30
train-00004-of-00048_000020,достар мінекей бұл бізде кухня негізі достар мен басында үйді көргенде тауып қала жаздадым маған бұл үй өте қатынады және де барлығын менің идеям басқа жақтан алған жоқпын өзімнің идеямнан жасадым,достар мнеге бұл бізде кохіния негізі достар мен басында үйді көргенде талып қала жазады маған бұл те қатынаты жәнеде барлығы менің идеам басқа жақтан алған жоқ өзімнің идеамынан жасады,0.45161290322580644,0.11734693877551021,31
train-00004-of-00048_000021,мінекей осындай кішігірім бір кухням,мінеке осындай кішігірім бір қухне,0.4,0.1111111111111111,5
train-00004-of-00048_000022,достарин алдымен біз осы жерден бастайық міне басу осы жерден басталады міне бұл жерде бұл жерде бізде холодильник мінекей ішінде өте толы,дөстарин алдымен біз осы жерден бастайық міне басы осы жерден басталады міне бұл жерде бізде халадинг мінеке ішінде өйте тола,0.36363636363636365,0.15217391304347827,22
train-00004-of-00048_000023,ақтар,tamtar,1.0,1.2,1
train-00004-of-00048_000024,бұл енді бізде бір айға жетеді деп ойлаймын,бул енді бизде бір айғаш жетче бойлайымын,0.75,0.2558139534883721,8
train-00004-of-00048_000025,вот так мники,вот так мніки,0.3333333333333333,0.07692307692307693,3
train-00004-of-00048_000026,міне енді жазда қатты қарның аша бермейді ата квот,міне енді жазда қатты қарның аша бермейді ата квот,0.0,0.0,9
train-00004-of-00048_000027,енді мына жерде бізде осындай бір,енді мінә жерде безде осындай бір,0.3333333333333333,0.09090909090909091,6
train-00004-of-00048_000028,газ сондай,अग स नद ब,2.0,0.9,2
train-00004-of-00048_000029,мінекей шкаф мінекей осындай ыдыс жуатын машинам міне сондайлар міне мына жерден сізге дұрыстап көрсетейін мына жерде бізде газ және де осындай,мінеке шқав мінекей ұсындай ытыш жуатын машиным міне сондайлар міне мына жерден серге дұр ұстап көрсетейн мына жерде бізде газ және де осындай,0.4090909090909091,0.08391608391608392,22
train-00004-of-00048_000030,скара водка ма әйтеуір бір нәрсе и потом осының ішінде пешке бізден осындай бір атын білмейді екенмін,скараводкама теуір вірнерсе ипотом осының ішінге пешке бізде осындай бір атым білметекемін,0.7647058823529411,0.15841584158415842,17
train-00004-of-00048_000031,ну что қазір барлығын ұмытып жатырмын мінекей достар мына жерде бізде осындай қасық велка осындайлар и енді достар мына жерде бізде осындай,мұшто қазірбарлығын ұмту жатырмын менекей дустар мына жерде бізде ұсындай қасық велка ұсындайлар иянді дустар мынай жерде бізде осындай,0.5909090909090909,0.11510791366906475,22
train-00004-of-00048_000032,енді бұл жерге ыдыс жусақ та болады қол жусақ та болады барлығын істесек болады,енді бұл жерге ытіш жусақты болат құл жусақтып болат барлығын сесек болат,0.7142857142857143,0.21518987341772153,14
train-00004-of-00048_000033,енді ыдыс жуатын мен қолмен жумаймын,енді ұрышуаттын мен қолмен жұмаймын,0.5,0.19444444444444445,6
train-00004-of-00048_000034,енді,因在,1.0,1.0,1
train-00004-of-00048_000035,ерініп тұрғанда міне бізде ыдыс жуатын машина бар өте күшті,ерніп тұрғанда міне бізде ыдыс жуатты машина бар өйте кішті,0.4,0.0847457627118644,10
train-00004-of-00048_000036,енді мына шкафта бізде осындай тарелка және де,енді мына шқавта бізде осындай тариялка жәненде,0.5,0.10869565217391304,8
train-00004-of-00048_000037,мындай бір бакал,pendai ber bakal,1.0,0.875,3
train-00004-of-00048_000038,неке жауап қоя салайық,мнике жау қоя салайык,0.75,0.22727272727272727,4
train-00004-of-00048_000039,енді достар мына жерде бізде осындай,енді достар мына жерде бізде осындай,0.0,0.0,6
train-00004-of-00048_000040,тоже бокал мінекей және де сіздер сіздер мынау не деп ойлап тұрған шығарсыздар иә мінекей,тожобакал мнеке және десздәрсіздер мұнау не де ойлап тұрған шығарсыз дар ия мінекей,0.7333333333333333,0.14606741573033707,15
train-00004-of-00048_000041,бұл бізде осындай бір кофе мен шай ішкенді жақсы көрмеймін кофе ішкенді жақсы көремін,бұл бізде өсінда бір кофі мен шәй ешкенді жақсы көремим коф ешкенді жақсы көрем,0.5714285714285714,0.16470588235294117,14
train-00004-of-00048_000042,мінеки,miniti,1.0,1.0,1
train-00004-of-00048_000043,өте,,1.0,1.0,1
train-00004-of-00048_000044,иә маған кофе қатты ұнайды сіздерге не ұнайды шай или кофе маған,ә маған кофе қаттынайды сүзертке ненайды шәй или кофе маған,0.5833333333333334,0.15625,12
train-00004-of-00048_000045,кофе ұнайды енді бұның қасында бізде достар осындай бір тефал,көп яннайды енді бұның қасында біздедістар осындай бір тифал,0.5,0.13114754098360656,10
train-00004-of-00048_000046,және де астында газ бар,जanज aसnda गaजबaर,1.0,0.9130434782608695,5
train-00004-of-00048_000047,және де достар бізде осындай картинка өте әдемі картинка,жанинди дустар бизде осындай картинкам уйтай дяма картинкам,0.8888888888888888,0.26785714285714285,9
train-00004-of-00048_000048,және де мына жерде бізде ыдыс жуатын машина сіздерге және де айттым өте күшті,жәңелде мына жерде безде ұды шуатын машина іздерге жәңелде айттым өйте күшті,0.6428571428571429,0.12987012987012986,14
train-00004-of-00048_000049,енді достар,end dसtर,1.0,0.9090909090909091,2
train-00004-of-00048_000050,бізде осындай яғни,бизе усындай яғни,0.6666666666666666,0.16666666666666666,3
train-00004-of-00048_000051,четтер,seje,1.0,1.0,1
train-00004-of-00048_000052,өте әдемән,وج جمام,1.0,0.9,2
train-00004-of-00048_000053,енді менің мысығымның ішетін жері мінекей осы жерде или менің қасыма келіп отырып ішеді мінекей осындай,енді менің мысығымның шетінжері мінекей осы жерде или менің қасына келіп ойтырып ішеді мінекей ұсындай,0.3125,0.04854368932038835,16
train-00004-of-00048_000054,өте әдемі,wicha adyaman,1.0,1.3333333333333333,2
train-00004-of-00048_000055,енді бізде тоже осындай екі перде мінекей осылай,ненді бізде тожы осындай екі пердем некей осылай,0.5,0.08333333333333333,8
train-00004-of-00048_000056,жабады и ашылады ашылып тұра берсін,жаба де е ашылады ашылып тұраверсің,0.8333333333333334,0.17142857142857143,6
train-00004-of-00048_000057,и вот такенді достар мына жерде бізде,евотақ енді дұстарынә жүрде бізде,0.8571428571428571,0.2972972972972973,7
train-00004-of-00048_000058,осындай бір әдемі гүл,wus endai ber ajamegol,1.0,1.0,4
train-00004-of-00048_000059,мне филет твой көп,من يافيليات فيكك,1.0,0.9444444444444444,4
train-00004-of-00048_000060,сондай араласқан потом төбесінде и вот так шығайық міне төбесінде бізде сағат мінекей,сондай арласқан патом төбесинде ивл такшығайық мене төбесинде бизде сағат менеки,0.8461538461538461,0.15294117647058825,13
train-00004-of-00048_000061,енді достар мен сіздерге келесі бөлмені көрсетейін,енді достар мен серге келесе бүлмене көрсете,0.5714285714285714,0.18,7
train-00004-of-00048_000062,достар мінеки бұл менің бөлмем өте әдемі маған бөлмем қаттырақ ұнады бірақ ішінде мебельдер көп емес,дұстар менеке бұл менің бөлмем өтәде мұмаған бөлмем қаттұрақұнаты бірақ үшінде мебілжер көбеймес,0.6875,0.18,16
train-00004-of-00048_000063,вот так,وت,1.0,1.0,2
train-00004-of-00048_000064,бірақ маған дизайн қаттырақ ұнады дизайн өзімдікі идея да өзімдікі,бірақ маған дизайн қат тұрақ ұнаты дизайн өзімдіккі идеяда өзімдікі,0.6,0.07575757575757576,10
train-00004-of-00048_000065,енді достар бізде осындай төсек қазір мен ұйықтайын десем то есть жатайын десем ұйықтап қалайын деп тұрған түрім бар сондықтан жатпай ақ қояйын мінекей осындай бір төсек көргендеріңізде енді соның үстінде бізде осындай компьютер вот так мен бұл жерде ютуб көремін кино көремін көп нәрсе көремін,енді дүстар бізде осындай төсек қазір мен ұйюқтайндесем жықтайндесем ұйұқтап қалайын деп тұрған түрім барзындан жатпаяқ құяйын мінеке осындай бір төсек көргендеріңіздей енді соның үстінде бізде осындай компьютер вотап мен бұл жерде ютуб көрем кинокөрем көп нәрсе көрем,0.45652173913043476,0.1326530612244898,46
train-00004-of-00048_000066,және де мен блогермін кейбір кезде компьютермен монтаждай или телефонмен маған ыңғайлы негізді телефонмен,жәнедемен блогермің кепіркездек компьютермен мытыждам илей телефонмен маған ыңғайялы негізі телефонмен,0.7142857142857143,0.14285714285714285,14
train-00004-of-00048_000067,жақсы,lح,1.0,1.0,1
train-00004-of-00048_000068,және де достар мінеки мына жерде бізде осындай 1 картина,жайындежостары мекеміна жерде бізде осындай бір картина,0.6,0.26785714285714285,10
train-00004-of-00048_000069,бұл қайықтың картинасы ма,бұл қайықтың картинасы,0.25,0.12,4
train-00004-of-00048_000070,қатырағы ұнады,카त라ह나d,1.0,1.0,2
train-00004-of-00048_000071,өте ерекше бір бөлме сияқтыдан,ite rikshi bir bolme siyaqtidan,1.0,0.9,5
train-00004-of-00048_000072,андай бөлменің сәнін алып тұрады өте әдемі,андай бөл менің санын алып тұрат витэдяма,0.8571428571428571,0.2857142857142857,7
train-00004-of-00048_000073,енді достар мен тезекке өзімнің яғни отырып оянатын,енді түзтар мен сизеке өзімнің яғни отырып оянатын,0.25,0.11764705882352941,8
train-00004-of-00048_000074,отып бір нәрсе істейтін жерімді көрсетсең міне көріп тұрғандарыңыздай осындай,отыппін әрсестийтін жерімді көрсетсен міне көріп тұрғандарыңыздай осындай,0.5,0.1038961038961039,10
train-00004-of-00048_000075,міне мына жерде бізде боянатын заттар және де осындай свет лампа дей берейік міне осындай тең мінекей осындай,мене мұна жерде бізде бойынатын заттарым жәнде осындай свет лампа деберик мене осындай тен мен екей осындай,0.6666666666666666,0.1559633027522936,18
train-00004-of-00048_000076,пудра помада кисточка сондай духи мен тек қана осылай боянамын өте әдемі негізі мен көп косметика аламын,бутрі памадым кезди чк сондай духий мен тек қана осылай боянамын өде әдемі негізі мен көп касмиткі аламын,0.4117647058823529,0.17307692307692307,17
train-00004-of-00048_000077,ну жақындап влог түсіретін шығармын,ну жақында влог түреттін шығармын,0.4,0.11428571428571428,5
train-00004-of-00048_000078,енді достар мен сіздерге өзімнің,енді дұстар меністерге өзімнің,0.6,0.15625,5
train-00004-of-00048_000079,яғни әдемім,يغني أتمام,1.0,0.9090909090909091,2
train-00004-of-00048_000080,папчка,bаpчка,1.0,0.3333333333333333,1
train-00004-of-00048_000081,клемды көрсеттің мики,ཕलཡད ཀ ས ཅ མ ཉ ཀ,2.3333333333333335,0.9047619047619048,3
train-00004-of-00048_000082,бізде осындай көбелек кілем өте әдемі,vجsd kb l k wuچ dmn,1.0,0.8648648648648649,6
train-00004-of-00048_000083,маленький бір клиент,малники бір клен,0.6666666666666666,0.25,3
train-00004-of-00048_000084,енді достар мына жерде бізде осындай,енді дүстар мына жерде бізде осындай,0.16666666666666666,0.027777777777777776,6
train-00004-of-00048_000085,енді лампа және телефоным мен бұл жерде көбінесе видео түсіремін әсіресе мен бөлмемде түсіремін өте әдемі менің бөлме,енді лампа жәніде телефоным мен бұл жерде көбінесе видео түсіремін әсіресе мен бөлмем де түсіремін өйте әдемі менің бөлмем,0.2777777777777778,0.042735042735042736,18
train-00004-of-00048_000086,менің бөлмем эстетика сияқты да өзіме солай көрінеді енді достар мына жерде бізде осындай көп көп көп көп көп көп көп көп киімдер көрдіңіздер ме мінекей бізде осындай киім бар осындай киім бар потом осындай киім бар көрсете берсем ұзақ уақыт алып кетеді енді бізде осындай көп киімдер мына жерде достар бізде осындайең керек заттарым мінекей мына жерде мен ойнаймын шын тысқанда ойындар бар мінекей,менің бүлмем эстетика сияқты да өзме солай көрінеді енді дастар мына жерде бізде осындай кө кеімдер көрдіңіз делме мінеке бізде осындай кейім бар осындай кейімбар бтум осындай кеімбар көрсете берсем ұзақ уақыт алып кетеді нді бізде осындай көп кеімдер мына жерде ұзтар бізде осындай ең керек заттары інеке мна жердемен ойнаймын шымысқанда ойындар бар менкем,0.5230769230769231,0.16080402010050251,65
train-00004-of-00048_000087,және де достар мына жерде бізде менің мани мани ақшам бар,жәны дедустар мінә жерде бізде менің мани мани ақшам бар,0.36363636363636365,0.08771929824561403,11
train-00004-of-00048_000088,ұмыт,,1.0,1.0,1
train-00004-of-00048_000089,достар бұл менің ақшам,дүстәр бұл менің ақшам,0.25,0.09090909090909091,4
train-00004-of-00048_000090,но тоже менің байлығым,нау тожы менің пайлығым,0.75,0.18181818181818182,4
train-00004-of-00048_000091,и вот так қойып қоя салайын,и вотаҡ ҡуюп ҡоясылайн,0.8333333333333334,0.4074074074074074,6
train-00004-of-00048_000092,енді мен андай кейбір кезде шыдасып кететін әріптерім бар да иә,енді мен ындай кебір кезде шыдас кететін әріптерім бардайы,0.5454545454545454,0.12698412698412698,11
train-00004-of-00048_000093,мына жерде тоже киім неге мынандай киім бар бізде не,мн жезді тоғжы киім ненкем мнандай кеім бар безде не,0.7,0.23076923076923078,10
train-00004-of-00048_000094,вот так мына жерде тоже осындай киім бар міне бұл жерде бізде киімдер барлығым,отак міжерде тоғ жысында кейім бар не бұл жүрде бізде кийімдер байлығым,0.7857142857142857,0.24358974358974358,14
train-00004-of-00048_000095,сәтті,st,1.0,1.0,1
train-00004-of-00048_000096,ендіңіздер бізде мына жерде,енді здар бізде мына жерде,0.5,0.1111111111111111,4
train-00004-of-00048_000097,табиғат айласы десек те болады мінекей бізде осындай үлкен терезе мінекей осындай міне бізде осындай гүл тұрады және де осындай перде бұл достар енді бізде өзгеше бір,табиғат айласы ресекте болады мінекей бізде осындай үлкен терезе мінекей осындай міне бізде осындай гүл турады жәнінде осындай перде бұл достәренді бізде өзгеше бір,0.25925925925925924,0.04216867469879518,27
train-00004-of-00048_000098,перде мики,perde miki,1.0,0.9,2
train-00004-of-00048_000099,өте әдемі бір түсі жоқ сондай бір,өйте әдемі бір түсі жоқ сондай бір,0.14285714285714285,0.030303030303030304,7
train-00004-of-00048_000100,енді достар бізде төбеде осындай свет өте әдемі свет маған қатты ұнайды осы свет прям прям прям қатты ұнайды енді достар менің бөлмем осы келесі бөлмеге кеттік,енді дұстар бізде түйбеде осындай свет өте әдемі свет маған қатнай осы свет прм пямпрям қатынайдым енді дұстар менің бүлмем ұсы келісі білмеге кетіп,0.5555555555555556,0.14465408805031446,27
train-00004-of-00048_000101,мінеки достар бұл бізде осындай жуынатын бөлме,мнекей достар бұл бізде ұсындай жунатым бөлмен,0.5714285714285714,0.15217391304347827,7
train-00004-of-00048_000102,мінекей мына жерде бізде ванна және де төбесінде осындай бір заттар негізі маған ванна ыңғайлырақ бұрыштан қарағанда,мінеке мына жерде бізде вана жәнеде төбесінде осындай бір заттар негізі маған вана ұңғайялырақ труштан қарағанда,0.4117647058823529,0.07758620689655173,17
train-00004-of-00048_000103,мінекей бізде осындай шампунь мінекей екі шампунь бұл шампуньлар өте күшті мінекей осындай шампуньдар алыңыздар деп реклама жасап кетейін деп,мінеке бізде осындай шампун мнеке екі шампун бұл шампунлар өте күшті мнеке осындай шампундар алыңыздар деп рекламанышап кетейин деп,0.5,0.09929078014184398,20
train-00004-of-00048_000104,мінеки осындай шампунь,nikе osыnda shamпөn,1.0,0.8181818181818182,3
train-00004-of-00048_000105,мне,منيم,1.0,1.3333333333333333,1
train-00004-of-00048_000106,орнына қоя салайын,ورنا قيسلاين,1.0,0.9444444444444444,3
train-00004-of-00048_000107,мінекей сіздерге видео қызықты болып жатыр ма деп сұрап кетейін анда анда санда,мінекей зерге видео қызықты болып жатыр ма деп сырап кетин анда анда санда,0.23076923076923078,0.08860759493670886,13
train-00004-of-00048_000108,мінекей достар бұл бізде осындай бір бетке жағатын әйтеуір бір нәрсе,минеки дүстар бул бизде осында бир битке жыгаттын жуур бір нерсе,0.9090909090909091,0.2647058823529412,11
train-00004-of-00048_000109,және де бізде осындай тарақ неге обычный тарақ,және де бізде осындай тарақ мнеке апытшыну тарақ,0.25,0.17391304347826086,8
train-00004-of-00048_000110,потом осындай бір маскамен киіп екен осындай бір қалат,патом осында бір маскамеке беткен осында бир қалат,0.7777777777777778,0.2037037037037037,9
train-00004-of-00048_000111,мінекей осындай заттар тұрады бұл жерде,мнеки осындай заттар тұрады бұл жердем,0.3333333333333333,0.10256410256410256,6
train-00004-of-00048_000112,енді бізде төбесінде осындай картинка және де осындай свет ядыздар білесіздер мен көбінесе бөлмелерге картина қоя беремін өзіме білмеймін сондай удобно ма сондай 1 нәрсе ау деймін,енді бізде төбесінде осындай кортинка және де осындай свет ядтар білесіздер мен көп несе бөлмелерге кортина қоя берем өзіме білмеймі сондай добынамы сондай бір нәрсе аудем,0.4444444444444444,0.12290502793296089,27
train-00004-of-00048_000113,енді достар мына жерде бізде осындай жуынатын және де осындай платьянца,енді дұстар мнә жерде бізде осындай жунаттын жәнеде осындай платянса,0.5454545454545454,0.11267605633802817,11
train-00004-of-00048_000114,мінекей қол сүртеміз бет сүртеміз сондай бір нәрсе,мінеки қол сертеміз бет сөртеміз сондай бір нерсеміз,0.5,0.16,8
train-00004-of-00048_000115,енді достар рафинаға көшейік мінекей бізде осындай айна бір сопақ айна және де осындай рафинаның өзі мінекей су ағады істейді осындай бір нәрсе,енді дұстар рофинаға көшек мінеке бізде осындай айна бір сопақ айна және де осындай рофинаның өзі мнеке суағады істеді осындай бірнірсе,0.4782608695652174,0.08391608391608392,23
train-00004-of-00048_000116,енді достар осындай шкафта бізде осындай жуынатын заттар енді тіс жуамыз сабын қолданамыз дегендей осындай заттар,енді күстар осындай шкавта бізде осындай жуынатын заттар енді тышуамыз сабын қолданамыз дегенде осындай заттар,0.3125,0.07079646017699115,16
train-00004-of-00048_000117,енді достар бізде осындай кілем мінекей осындай бір кілем өте әдемі ғажап кілем енді біз келесі бөлмеге кетейік мен бұл бөлмені көрсеттім осындай бір қарапайым көк түсті бір бөлме десем де болады ал енді біз келесі бөлмеге кетейік мен бұл бөлмені көрсеттім осындай бір қарапайым көк түсті бір бөлме десем де болады ал енді,енді дұстар бізде осындай кілі неке осындай бір кілім өйте әдемі ғажап гіле енді біз келесі бөлмеге кетеек мен бұл бөлменім көрсетті ұсытай бір қарапайым көктүсті бір бөлме десем де болады ал енді,0.5925925925925926,0.4192546583850932,54
train-00004-of-00048_000118,мен сіздерге келесі бөлмені көрсетейін,мен істерге келесі бөлмені көрсеттейін,0.4,0.10526315789473684,5
train-00004-of-00048_000119,енді достар бұл жерде бізде мысықтың бөлмесін,енді тұстар бұл жерде бізде мұсықтың бөлмесі,0.42857142857142855,0.08888888888888889,7
train-00004-of-00048_000120,мінекей мына жерде бізде осындай мысықтың шкафы міне мысықтың суреті тұр,мнекей мына жүрде бізде осындай мысықтың шкавы міне мысықтың суреті тұр,0.2727272727272727,0.041666666666666664,11
train-00004-of-00048_000121,бұның ішінде сіздерге не бар екенін толықтай көрсетіп кетейін,бұдың ішінде серге не бар екенін толықтай көрсетіп кетейін,0.2222222222222222,0.06557377049180328,9
train-00004-of-00048_000122,міне біріншісінде бізде осындай ойыншық ники,мене бірінші сінде безде осы да ойын шық меке,1.5,0.20454545454545456,6
train-00004-of-00048_000123,осындай өнші жоқ,وسنلاون شق,1.0,0.9375,3
train-00004-of-00048_000124,ал қалған моншықтар да бар бірақ оны шашып тастаған шығар,ал қалған оңчықтарды бар бірақ она шашп сыстаған чығар,0.6,0.17543859649122806,10
train-00004-of-00048_000125,енді достар мына жерде бізде оның,енді тұстар мына жерде бізде оның,0.16666666666666666,0.06060606060606061,6
train-00004-of-00048_000126,тамақтары енді ол тамақты көп жейді,тамақтары енді ол тамақты көп жиді,0.16666666666666666,0.05714285714285714,6
train-00004-of-00048_000127,неке,نتيم,1.0,1.0,1
train-00004-of-00048_000128,және де бізде бұл жерде тарақ мінекей тарақ,және де бітте бұл жерде тарақ менкей тарақ,0.25,0.09302325581395349,8
train-00004-of-00048_000129,міне осындай бір шампунь ма сондай бір нәрсе,osunday bir sampulme sunday bir nersem,1.0,0.9090909090909091,8
train-00004-of-00048_000130,нау білмеймін айтывыр бір нәрселері,no bilmin machur birnasillari,1.0,0.9142857142857143,5
train-00004-of-00048_000131,және де осындай білмей басынан ұра ма тыңдамаған ба,жәненде осындай білмей басынан ұраматын тамаған ба,0.5555555555555556,0.11764705882352941,9
train-00004-of-00048_000132,сондай шарт тыңдамаса осымен басын ұратын шарт,сындай шарт тыында маса осымен басын ұратын жар,0.5714285714285714,0.13043478260869565,7
train-00004-of-00048_000133,мен бірақ мысықтарды ұрмаймын өйткені мен мысықтарға жаным ашиды,мен бірақ мұсықтарды ырмаймы өйткені мен мұсықтарға жанымашиды,0.5555555555555556,0.078125,9
train-00004-of-00048_000134,енді болды мен сіздерге шкафын көрсеттім толықтай,енді болды менсерге шқавын көрсеттім толықтай,0.42857142857142855,0.12244897959183673,7
train-00004-of-00048_000135,ал енді мысықтың өзіне көшейік,ал енді мұсықтын өзне көшеек,0.6,0.16666666666666666,5
train-00004-of-00048_000136,жаным пырылдап ұйықтап жатыр ғой жарайды білмей ақ қояйын ұйықтай берсін енді достар бізде осындай ойыншықтары міне бұл мысықты ойнатады мінекей,жаным бірылдап ұйықтап жаттыр ғой жарайды білме қояйын ұйықтай берсін енді дұстар бізде осындай ойншшықтары міне бұл мысықты ойнатады мінекей,0.2857142857142857,0.06944444444444445,21
train-00004-of-00048_000137,мен бұл ойыншықты 1000 рет алып бердім,мен бұл оншықты мыңред алып бердім,0.42857142857142855,0.21052631578947367,7
train-00004-of-00048_000138,білмеймін әйтеуір біреуін ойнаттым екіншісін ойнаттым жұрт ұстай береді сондай бір бәле ғой әйтеуір,білмей отелр біреуін ойнатым екінчісың ойнатым жұртстай берет сондай бір бәле ой отер,0.7142857142857143,0.21212121212121213,14
train-00004-of-00048_000139,мінекей бізде осындай доп па бір нәрсе,мінеки бізде осыны доппа бірнәрсе,0.8571428571428571,0.18421052631578946,7
train-00004-of-00048_000140,және де осындай бір өліп қалған бір балық,жәнде осындай бір өліпқаған бір балық,0.5,0.0975609756097561,8
train-00004-of-00048_000141,мінеки көз жоқ,니기 그수주록,1.0,0.9285714285714286,3
train-00004-of-00048_000142,жәнеке маңдай,rng nnd,1.0,0.9230769230769231,2
train-00004-of-00048_000143,тышт,,1.0,1.0,1
train-00004-of-00048_000144,және де бізде осындай мысықтың суреттері,жәніде бізде осындай мысықтың суреттері,0.3333333333333333,0.05,6
train-00004-of-00048_000145,бұл мені асыраған мысық емес просто қоя салдым енді әдемі болып тұрсың деп,бұл мен асыраған мысық емес бұроста қоя салдым енді әдем болп түрсіндеп,0.46153846153846156,0.13513513513513514,13
train-00004-of-00048_000146,мінекей осындай мысығымның бөлмесі өте әдемі,меңекей осындай мұсығымның бің месі вете әдемі,0.8333333333333334,0.18181818181818182,6
train-00004-of-00048_000147,ал достар біз мысығымыз екеуміз сіздермен қоштасатын боламыз сіздерге біздің румтор ұнады деген ойдамын енді достар сіздерге осы видео ұнасса енді көбісіне ұнап жатырса онда біз мысығымыз екеуміз флог челлендж шығарамыз иә,әл достар біз мұсығымыз екеуміз сіздермен қоштасатын боламыз сіздерге біздің румт ұнаттикен ойдамын енді дұстар сүздерге осы видеонасан енді көп ісіне нап жатырса онда біз мысығымыз екеуміз флог челын шығарамыз я,0.4375,0.11261261261261261,32
train-00004-of-00048_000148,мінекей мысықтың өзі де иә деп жатыр естідіңіздер ал енді сіздермен қоштасамыз біздің еңбегімізді қолдап кетіңіздер ал всем пока,мінеке мысықтың өзі деә деп жатыр естідіңіздер ал енді сермен қоштасамыз біздің енбегімізді қолдап кетіңіздер л сем пақам,0.42105263157894735,0.09375,19
train-00004-of-00048_000149,бәріне сәлем сәлем бүгін әдеттегідей влог бүгін ерте тұрып таңертең өзімнің уходымнан бастаған болатынмын бүгін менде наконец то демалыс сондықтан ешқайда асықпаймын,бәрнеселемселем бүгін әтеттегідип лок бүгін ерте тұрып қаңертен үзімінің уход мынан бастаған болатынмын бүгін менде наконецта демалы сондықта евқайда сықпаймын,0.6818181818181818,0.13333333333333333,22
train-00004-of-00048_000150,жалпы таңертең отекқа қарсы мен ылғи да осылай шарикпен жаттығу жасаймын но жаттығу болғанда аяғыма қолыма денеме кәдімгідей өте жақсы көмектеседі,жалпы таңертен атекқа қарсы мен олғида осылай шарикпен жаттығу жүса мна жаттығу болғанда аяғыма қолма денеме кадімгіде өте жақсы көмектесет,0.42857142857142855,0.10273972602739725,21
train-00004-of-00048_000151,бетіме соңғы кезде осыны жағып жүрмін біраз болсын өзгеріс бар секілді,бетіме соңға кесе осыны жағып жұрмын біраз болсын өзгеріс бар секілді,0.2727272727272727,0.07142857142857142,11
train-00004-of-00048_000152,сіздерде де жақып көргем бар ма сіздерге қалай болды бұл үні міндетті түрде таңғашырып алуым керек,сіздер желе жақып көрген барма сіздерге қалай болды бұл өні дет түрде таңға жыбалым керек,0.5625,0.1836734693877551,16
train-00004-of-00048_000153,әйтпесе менде мүлдем әлі де күште болмайды жаттығуға осындай блинчиктар банан и мына жақтар сметаны,әтпесеменде үлдем әльде кіште олмайды жатуға остаблинчикті арбана анеемна жақтар сметаны,0.8666666666666667,0.24242424242424243,15
train-00004-of-00048_000154,өте дәмді,جدم的,1.0,1.0,2
train-00004-of-00048_000155,мен уже массаж шлица уходымды жасап болдым енді қазір үйде жаттығу жасайтын боламын мен бұдан былай үйде жаттығуды себебі мен жалпы кардио немесе силовой,мен ужы маслш лица уходымда жасап болды менді қазір үйде жаттуғ жасайтын боламын мен бұданба үйде жасайтынн боламын жатты оды себебі мен жалпы кардо немесе силовой,0.5833333333333334,0.2222222222222222,24
train-00004-of-00048_000156,жаттығулардан қарағанда йога жасаған наркома жаттығу жасаған жалпы здоровая спина деген секілді сондай жаттығулар жасаған маған тиімдірек және сондай жаттығу жасау керек жалпы өзімнің денсаулығыма байланысты,жаттығылардан қарағанда ога жасаған арқама жаттығу жасаған жалпы аздоровы спина деген секілді сондай жаттуғылар жасаған маған тимдірек және сондай жаттығу жасауы керек жалпы өзіңден салғымы байланысты,0.34615384615384615,0.0966183574879227,26
train-00004-of-00048_000157,оны маған үйден жасаған ыңғайлырақ секілді сондықтан сондықтан деп көп айтып кеттім,оны маған үйдерін жасаған ұңғайлы рақ секілді сонықтан сондықтан деп кіпайдіп кетін,0.5833333333333334,0.13253012048192772,12
train-00004-of-00048_000158,итюж жасаймын деп шешім қабылдадым,иде рузайым деп ше шұм қабылдадым,0.8,0.29411764705882354,5
train-00004-of-00048_000159,осы жерден жаттығулар қарап қазір жасайтын боламын арқаға арнауға жаттығулар,осы жердайын жаттығылар қарап казір жасайтын боламын арқағы арынауға жаттығылар,0.6,0.10526315789473684,10
train-00004-of-00048_000160,мен магазинге шықтым үйге қажетті заттарды,мен магазимге шықты меге қажетті заттарды,0.5,0.09523809523809523,6
train-00004-of-00048_000161,продуктылар біраз азық түліктер алу керек,продуктлар біраз асыктүлктер алып керек,0.6666666666666666,0.17073170731707318,6
train-00004-of-00048_000162,сәтті ақ үйге келдім,асаптақ жүге кердім,1.0,0.4,4
train-00004-of-00048_000163,өйткені бұл биолог бұл өрнек дәмекке қажет,كeng bيolog f ur tameكe قasيt,1.0,0.8809523809523809,7
train-00004-of-00048_000164,сериалдым тазалық етіп,ire aldamu ta augeteab,1.3333333333333333,1.0,3
train-00004-of-00048_000165,жалпы таулығы етін дайындау өте жылдам басқа еттерге қарағанда мен асығыс болған кезде,запы таулы етін дайындау өте жылдан баспа еттерге қараданда минасріс болған кезде,0.5384615384615384,0.13953488372093023,13
train-00004-of-00048_000166,жалпы осы та оқитынмын,жалпы ұсы тауықетіні,0.75,0.36363636363636365,4
train-00004-of-00048_000167,соуыз ретінде пайдалану мәселелерінде,сол сіретінде пайталаным өздедамды,1.0,0.4594594594594595,4
train-00004-of-00048_000168,лавар,板,1.0,1.0,1
train-00004-of-00048_000169,ең соңғы ол бізді түк үнсізді феш және помидор,ең соңғы ол бізді доконтитафяшене понидот,0.5555555555555556,0.34782608695652173,9
train-00004-of-00048_000170,қазір енді түскі ас жасайтын боламын,қазір енде түскәр шысайтын боланын,0.8333333333333334,0.2222222222222222,6
train-00004-of-00048_000171,жалпы мен қазір бұл жерге өзіме шүкірім,жалпы мен кізір бұл жерде өзмеік шікірім,0.5714285714285714,0.1794871794871795,7
train-00004-of-00048_000172,сауырма секілді жасайын деп жатырмын бірақ по по вариантында пиар помидор жаңағы тауық етін саламын соусқа грецкий йогурт қолданамын,шауыр масети жазайын де брат бірақ папа вариантыа пиарбнидор жанак тауық етін саламын совысқа грежиски окуртык қолданамын,0.7368421052631579,0.29545454545454547,19
train-00004-of-00048_000173,үйде бар барлық кокониттерді саламын,иде бар барлықты конттерд заламын,0.8,0.2222222222222222,5
train-00004-of-00048_000174,главное фри секілді майлы заттарды қоспай ма и прямо сондай үлкен болып шықты ну как үлкен бір құлын секілді примерно бірақ та ішінде тек қана пайдалы өнімдер көкөністер тау беті,главна ефри секілді майлажаттарды қоспайма епірямосына үлкен ұпшықтын окагүлкені бір қолың секілді премьеріні бірақта шінде тек ғана пайдалу нәндер көкәністер талық еті,0.8333333333333334,0.24157303370786518,30
train-00004-of-00048_000175,тауық еттінің өзін мен өте аз майға буырдым,тауғетін өзін мен өте азмайға пурдам,0.625,0.23255813953488372,8
train-00004-of-00048_000176,оған,我,1.0,1.0,1
train-00004-of-00048_000177,қазір бірдеңе көріп отырып,كتر بردييي كربودرب,1.0,0.9230769230769231,4
train-00004-of-00048_000178,жетім боламын түскі атымды,жетім ола аман түскатында,0.75,0.3076923076923077,4
train-00004-of-00048_000179,из подкасттар көрген ұнайды өйменді қазір,експоткастар көргенінайда оеменді казір,1.0,0.2682926829268293,6
train-00004-of-00048_000180,сөйтіп жүргеніңіздер ғой,,1.0,1.0,3
train-00004-of-00048_000181,менің бүгін каспи магазиннен жалпы бүкіл тапсырыстарым келді соларды орналастырып қойдым сіздерге көрсететін боламын,менің бүгін каспи магазиннен жалпы бүкіл тапсырыстарым келді соларды орналастырып қойдым дәсіздерге крстетін боламын,0.14285714285714285,0.034482758620689655,14
train-00004-of-00048_000182,ең бірінші аузымын саттым қазір,igrcاوs mزatamن كaser,1.0,0.9354838709677419,5
train-00004-of-00048_000183,давни бутылка,تهبن البتوكة,1.0,0.9230769230769231,2
train-00004-of-00048_000184,болуғыңыз мүмкін иә кәдімгі бутылка бірақ,cubal arus mumkan ya kadum ga butul ka berat,1.5,0.9512195121951219,6
train-00004-of-00048_000185,посмотрите,مرت,1.0,1.0,1
train-00004-of-00048_000186,им,,1.0,1.0,1
train-00004-of-00048_000187,екі литр короче шине,иклитр короче шне,0.75,0.2,4
train-00004-of-00048_000188,достық нұрмұн,бастын мырмымы,1.0,0.6153846153846154,2
train-00004-of-00048_000189,немесе чпт мен де есептесеңіздер болады менде екі литр суым керек бір жарым екі литр кем,немесе чатшипите мен де септесеңездер болады мен де екі литір шум керек бір жарым екі литркем,0.5,0.14772727272727273,16
train-00004-of-00048_000190,кемінде яғни тұрақты түрде жууім керек,kemince yanı traftıtırışum gerek,1.0,0.9210526315789473,6
train-00004-of-00048_000191,сондықтан мен ылғи да ұмытып кетемін су ішуден,сондыктан мен ылгый дамутүп кетем суушудым,0.875,0.30434782608695654,8
train-00004-of-00048_000192,шыны керек мүлдем су ішпейтінмін бұрындары соңғы кезде жаңа әдет қалыптастырып жүрмін,шыны керек мөлдем су шпейтінмін бұрындарым соңқы кезде жаңа дет қалптастырып жүрмін,0.5,0.07058823529411765,12
train-00004-of-00048_000193,жаңа сондай,تمسن,1.0,1.0,2
train-00004-of-00048_000194,бутылка қызықша бөтелке алдым алған затым ол осындай,бутукі қызықша өтелке алдым лесі алған затым ол осындай,0.375,0.17307692307692307,8
train-00004-of-00048_000195,не деп ойлайсыздар блокнот емес блок,тотото недевойлайстар блакнуты мес блак,1.0,0.5,6
train-00004-of-00048_000196,блокнотқа ұқсайды иә бірақ блокнот емес ішіне менің қаржылық сауаттылығыма байланысты осындай,бакнет қоқсайды я брақ блактметтемес ішіне менің қаржылық сауаттылығыма байланысты осындай,0.5,0.16129032258064516,12
train-00004-of-00048_000197,парақшалары бар ну парақша болғанда осындай пакетиктер бар көрсетсем болады осындай біреу,парақшалары бар ну парақша болғанды осындай покетиктері бар искурситемболады осындай трем,0.4166666666666667,0.1348314606741573,12
train-00004-of-00048_000198,жазып салып қоясың мен әр жеріне мысалы үшін былай болашаққа,жазып салтпаясымен әр жерінемісал үшін былай болашаққа,0.5,0.15,10
train-00004-of-00048_000199,там көңіл күй деген секілді секторлар,tam komülki degen sekilde sektorlar,1.0,0.8918918918918919,6
train-00004-of-00048_000200,секілді бөліктерге бөліп қойдым,sekildi bo lib terga bo lib qo ydim,2.0,1.032258064516129,4
train-00004-of-00048_000201,қажеттілікке мысалы үшін қайырымдылыққа шынымен,қажеттілікке мсалшол қайырымдылыққа шінем,0.6,0.2127659574468085,5
train-00004-of-00048_000202,соны енді,所们隐的,1.0,1.0,2
train-00004-of-00048_000203,оқида осы қолдану арқылы мен өзімнің қаржылық сауаттылығымды дамытамын деп ойлап жүрмін өте керемет сырттай блокнот секілді көрінеді өте әдемі және де,ұлғида осы қолдану арқылы мен өзімнің қаржылық сауаттылығымды дамытәмінде бойлап жырмін өте керемет сырттай бакыныт секілді көрінеді өте әдемі жәнеде,0.36363636363636365,0.09333333333333334,22
train-00004-of-00048_000204,ең бірінші осындай қағаздары беріледі сіздің өзіңіздің алдағы пландарыңызды типа заметки секілді жазып қойсаңыз да болады мен ең бірінші бетіне фатиха сүресін жазып қойдым мына жақтарына карточка салуға болады ручка қойып қоюға болады менің ойымша өте ыңғайлы,ең бірінші осындай қағыздары беріледі сізн өзіңізін алда пландарыңызда типазаметкесекін жасып қойсыңізда болады мен ең бірінші бетіне фотиха сүресін жасып қойды на жақтарына картучка залуға болады ручка қопқуға болады менің ойынша өте ыңғ айрлан,0.5945945945945946,0.138996138996139,37
train-00004-of-00048_000205,болады осы жерде тұра берсін,صفرترابس,1.0,1.0,5
train-00004-of-00048_000206,келесі мені берген өте ұзақ күткен жоқ қатты ұзақ күткен жоқпын бірақ өзім қатты соңғы кезде алғым келген десем болады,келесі менің берген өте зақ күткен жо қатты ұзақ көткен жоқ бірақ өзім қатты соңы кезде алғым келгендесемін болады,0.4,0.09322033898305085,20
train-00004-of-00048_000207,зат ол кітап қандай кітап деп ойлайсыздар,sat o kitab qanda kitapti bolaysizdar,1.0,0.8780487804878049,7
train-00004-of-00048_000208,тың,等,1.0,1.0,1
train-00004-of-00048_000209,бауыржан момышұлы жайлы волоколамск тас жолы деп аталады александр бектон жазған,бауыржа мұмшылы жайла валаколамск кашжола деп аталады александр бектон жазған,0.5454545454545454,0.1375,11
train-00004-of-00048_000210,туындысы бұрыннан бері прямо мен сіздерге шындығымды айтайыншы бір жылдан бері оқығым келіп жүр қайта қайта ең керемет туынды шедевр деп еститінмін,туындысы бұрыннан бері пірямместергі шындығындайтайыншы бір жылдан бері оқығым келіп жұрып қайта қайта ең керемет туынды шадәйвірде вестетілмін,0.4090909090909091,0.16326530612244897,22
train-00004-of-00048_000211,және де мен өзім,زnزمnزm,1.0,1.0,4
train-00004-of-00048_000212,бауыржан атамызды бауыржан момышұлы жайлы да жақсы көп жалпы деректер білгім келетін сондықтан,бауыржан атамызды бауыржан момышылы жайлында жақсы көп жалпы деректер бүлгім келетін сондықтан,0.3076923076923077,0.031914893617021274,13
train-00004-of-00048_000213,ұзақ уақыт бойы менің қолым тимей жүрген болатын сабақтарға байланысты мен,ұзақ уақыт боымен құлың теме жүрген болатын сабақтарға байланысты мен,0.36363636363636365,0.10810810810810811,11
train-00004-of-00048_000214,америкада болдым басқа да деген секілді мүлдем кітап оқуға уақытым болмады,эмерикада болды басқа да деген секілді мілдем кітаб оқуға ақтым болмады,0.45454545454545453,0.08108108108108109,11
train-00004-of-00048_000215,енді осы,يndوs,1.0,1.0,2
train-00004-of-00048_000216,жақын арада,جقنردام,1.0,1.0,2
train-00004-of-00048_000217,өзімнің босаған уақытымды пайдаланып осылай кітап бастадым,өзімнің босаған уақыттынды пайдаланы бослы кітап бастадым,0.42857142857142855,0.1206896551724138,7
train-00004-of-00048_000218,өте қуаныштымын,ويتقوامشتمان,1.0,1.0,2
train-00004-of-00048_000219,сіздерге міндетті түрде өзімнің ойыммен оқып кеткеннен кейін бөлісетін боламын,сіздерге міндеті түрде үзімнің ойыңмен оқып тепкенненгейін бөлсетін боламын,0.6,0.10256410256410256,10
train-00004-of-00048_000220,әрине де керемет болады деп мен сенімдімін бірақ та,әлнеде керемет болат өеніні сеніндімін бірақта,0.8888888888888888,0.2549019607843137,9
train-00004-of-00048_000221,дегенмен ютуб арнамда өзімнің жеке арнам болғандықтан пікірімді айтатын боламын,деген мен ютуб арнамда өзімнің жекі арынан болған тұқтан пікірімді айтатын боаламы,0.7,0.11392405063291139,10
train-00004-of-00048_000222,келесі алған заттарым ол,келесі алған заттарым ол,0.0,0.0,4
train-00004-of-00048_000223,өте көп қара ручка гелевый қателеспесем,өте көп карарручка гел гелв кателисписем,0.6666666666666666,0.2564102564102564,6
train-00004-of-00048_000224,құдай қалай өзіңіздерді,,1.0,1.0,3
train-00004-of-00048_000225,көбі білетін шығар жазған кезде осындай ручкалардың постасы тез бітіп қалады,көбібілетін шығар жазған кезде осындай ручикаларын пастас тезбітіп қалады,0.5454545454545454,0.09210526315789473,11
train-00004-of-00048_000226,сондықтан бір ақ алып қойдым жақын арада жалпы қытай тілін оқыған кезде де корейский оқыған кезде жалпы маған әдемі болып жазған ұнайды,сондықтан бірақ алып қойдым жақын арада жалпы кітай тілін оққан кезде де корейске ұққан кезде жалпы маған әлдемі болып жазғанын айт,0.4090909090909091,0.11851851851851852,22
train-00004-of-00048_000227,ең соңғы алған затым осындай,ең соң қалған затам осындай,0.6,0.14285714285714285,5
train-00004-of-00048_000228,полка ну сөре десем де болатын шығар кітаптарымды қойып қойғанға ылғи да мен бірнеше сабақтарды қатар оқығанды жақсы көремін осы үстелдің үсті ылғи да шашылып жататын,полкану сөредесемде болатын шығар кітарптарымды қойыпқылғанға ылғида мен бірнече сабақтарды қатар оққанды жақсы көремін осы үстелімісті ылғида шашылып жататын,0.6153846153846154,0.0963855421686747,26
train-00004-of-00048_000229,осы жерде мысал үшін корейский китайский ағылшын барлықтарын әдемілеп қойып қойдым мына жақта тек оқитын кітаптарым айтпақшы соңғы кезде оқып жүргенім осындай энциклопедия сен білесің бе деген ішінде қызықты,осы жерде мысалшын корейске китаске ағылшын барлықтарын әдемелеп қойып қойдына жақта те оқитін кітаптарын айтпақшысоған кезде оқуп жүргенім озындай энзаклапвезя сембілезінбе деген ішінде қызықта,0.6551724137931034,0.1642512077294686,29
train-00004-of-00048_000230,ақпараттар мәліметтер бар осыны да қатар оқып жүрмін жақында бастағаным жаңа көрсеткен сіздерге бала қаламызда ашу мына жерде,ақпаратар мәлментер бар осыны да қатар оқып жұрым жақында бастағанын жана көрсеткен сетерге валакалансы да жол нәжерде,0.6111111111111112,0.2,18
train-00004-of-00048_000231,мен оқыған кезде былай сызып жазып түртіп алып отырғанды жақсы көремін сондықтан фломастерлер там осындай,мен оқыған кезде блайсызып жазып түртіп алып отырған жықсы көремін антықтан фломастерлер там осындай,0.3333333333333333,0.0761904761904762,15
train-00004-of-00048_000232,түрлі түсті карандаштар,tirli tisti karondashdar,1.0,0.9565217391304348,3
train-00004-of-00048_000233,мына жақта менің өзімнің бағана істерге кіріскен карандаштарым мен ручкаларым,зажақта мені өзімні бағана стерге піріскен корондарштар мин ручикаларымды,0.9,0.22077922077922077,10
train-00004-of-00048_000234,ыңғайлы әрі әдемі жақсы болып қалды негізі алғаным өте керемет болған,ыңғайлы арадияма жақсы болып қалды езі алғаным өте керемет болған,0.2727272727272727,0.14492753623188406,11
train-00004-of-00048_000235,жалпы сіздерге влог көрген қызықты ма жазып кетсеңіздер күшті болатын еді негізі мен өзім влог көрген ұнатамын сондықтан влог түсіремін бірақ мен бір өте қызықты влогтарым деп айта алмас едім себебі менде күнде тұрақты заттар жасау керек,жалпы сіздерке влог көрген қызықты ма жасып кеттеңіздер күшті болатын ет езде мен ізім влог көргенін атамын сондықтан влог сүрем рақ мен бір өте қызықты влогтарым деп айталма сені себебі менде күнде тырақты заттар жасауы кереп,0.43243243243243246,0.12658227848101267,37
train-00004-of-00048_000236,иә,嗯,1.0,1.0,1
train-00004-of-00048_000237,ну не знаю мүмкін сіздерге ұнап қалар,ну не знаю мүмкін стертке напқалар,0.42857142857142855,0.1891891891891892,7
train-00004-of-00048_000238,бүгінде мен тұрақты түрде қазір өзімнің кітабымды оқитын боламын жаңадан алған волоколамск тас жолы одан кейін қытай ағылшын кәріс тілдерінде оқимын,бүгінде мен тұрақты тірде әзар өзімнін кітабындоқитын боламы жаңадан алған вала галамс кта жолы оден кейін қытай ағылшын кәріз тілдерін доқим,0.6190476190476191,0.16216216216216217,21
train-00004-of-00048_000239,сондықтан,سنتقتان,1.0,1.0,1
train-00004-of-00048_000240,бүгін немножко таки влог болат кішкене,богон немножко тади влокплат кшкини,0.8333333333333334,0.2631578947368421,6
train-00004-of-00048_000241,және де блогымды екі күнге жалғастырғым келіп тұр,және де влогымда екі көнге жалғасытырғым келіп тұр,0.375,0.08163265306122448,8
train-00004-of-00048_000242,ертең де түсіретін боламын ертең он алтыншы желтоқсан тәуелсіздік күніміз,ертеңде түсіретін боламын ертең он 6лтыншы жел тоқсан тәуелсіздік күніміз,0.5,0.0410958904109589,10
train-00004-of-00048_000243,бүгін тәуелсіздігімізге 34 жыл соған орай бір баспадан 34 пайыз жеңілдік болып жатыр екен,бүгіл тәңерсіздігімізге отыстып жыл соған райбер баспадан отыз төрт пайз жеңіндік болып жатыр екен,0.6428571428571429,0.2696629213483146,14
train-00004-of-00048_000244,соған өзіме анама жалпы жақындарыма кішігірім сыйлық жасайын деп бара жатырмын,соған өзіме анама жалпы жақындарма кішігірімс ұылжсайындеп бара жатыр,0.5454545454545454,0.15384615384615385,11
train-00004-of-00048_000245,кітап баспасына келсем осы жерді өте әдемі қылып безендіріп қойыпты өзіміздің тәуелсіздік күнімізге орай кімге қызық бұл отбасы христоматия баспасы мен осы жердің кітаптарын өте қатты ұнатамын,кітап баспасына келсем осы жерді өде әдемі ғылп езендіріп қойыпты өзіміздін тәбелстік күнімізге орай кімге қызық бұл отбасы христомадия баспасы мен осы жердің кітаптарын өтеғаттан атамын,0.3333333333333333,0.08333333333333333,27
train-00004-of-00048_000246,вот сіздерге де келуге кеңес беремін,во едергетикие люгеки нес перемен,1.0,0.4722222222222222,6
train-00004-of-00048_000247,мен уже келдім менің алған кітаптарым қазір сіздерге көрсететін боламын бірінші бейсен және болмас бұны,ай рюан мен ужі келдім менің алған кітаптарым қасірсіздерге көрсететін болам бірінші бесен және болмас пұны,0.5333333333333333,0.14563106796116504,15
train-00004-of-00048_000248,мен ағама алдым бұны әрбір ер азамат жалпы әрбір қазақ оқуға міндетті мына жерде тұрған кітаптардың барлығын бірақ та әсіресе бейсен және бомыс көбінесе ұлдарға арналған деп айтады өзім де оқып көргім келеді мен үшін өте қызық өзім оқымағанмын,мен ағам алдым бұна әрбір еразам ат жалпы әрбір қазақ оқуға міндетті мна жерде тұрған кітаптарын барлығын бірақ та әсіресе бесен және болмыз көбінесе ұлдарға арналған деп айтады өзімде оқық көрігімгеледім енішін өте қызық өзім оқмаған,0.41025641025641024,0.09465020576131687,39
train-00004-of-00048_000249,ағам оқып біткеннен кейін мен оқи жатармын,ағамық біткенен кейін мен оқи жатармын,0.42857142857142855,0.11904761904761904,7
train-00004-of-00048_000250,екінші,一跟是,1.0,1.0,1
train-00004-of-00048_000251,жұмабек және жер майданы бұны мен атама алдым осы күндерге дейін атама мен өзбек әлі және қаныш туралы кітаптарды берген болатынмын атам,жұмабек және жирмайданы бұны мен атама алдым осы күндерге дейін атама мен үзбегалі және қаныш туралы китаптарда берген болатым атам,0.2727272727272727,0.08088235294117647,22
train-00004-of-00048_000252,сразу оқып тастады адам бір айға жетпей бітіріп тастайды кітаптардың бәрін сондықтан атама мен бірден екеу алдым,сұразоқ стадада бір айқажетпе бітіріп тысдайт кітірптарындарын сыңыстан атамам мен бірден екеу алдым,0.6470588235294118,0.26785714285714285,17
train-00004-of-00048_000253,жұмабек жер майданы және бесен және болмыс,жұмабек жиырмайданы және бесен және болмыз,0.42857142857142855,0.09523809523809523,7
train-00004-of-00048_000254,ал мына өзімізге,الن وزمزقيم,1.0,0.9375,3
train-00004-of-00048_000255,келесі қаныш және ғылыми майдан бұны тағы да,келесі қаны және ғылыми майдан бұны тағда,0.375,0.06818181818181818,8
train-00004-of-00048_000256,ағама жалпы өзім іске алдым ал анама анам көптен бері мен оқыған затымды айтып берген кезде өте қызығатын өзбек әліке сондықтан,ағама жалпы өзімізке алдым ал анама анам көптен бері мен оқыған заттымды айтып берген кезде өте қызығатын өзбегі әліке сандықтан,0.23809523809523808,0.047244094488188976,21
train-00004-of-00048_000257,анама өзбек әлі және мәдени майдан алдым,анама избегаля және мәдене майдан алды,0.5714285714285714,0.175,7
train-00004-of-00048_000258,бағыт,,1.0,1.0,1
train-00004-of-00048_000259,ал өзіме мен осындай кітапқа арналған қыстырғыштар алдым сіздер қалай атайсыздар қазақшасын білмедім,ал өзіме мен осындай кітапқа арналған қыстырғыштар алдым ісдерқал атайсыз да қазақ шасымын білмедім,0.38461538461538464,0.1,13
train-00004-of-00048_000260,магнит кітап белгі дейді мына жерде қаныш бар абай бар өзбек әлі бар оқыған кітаптарымның қай жерге келгенін ұмытып қалмау үшін қыстырып қояды мен сіздерге кеше көрсеткендей волоколамск тас жолы басқа да кітаптар болсын,магнит кітат белгі дейді нәжерде қаныш бар абай бар өзбек әлі бар оқуған кітаптарымның қа жерге келгенін ұмытып қалмау үшін қыстырып қояды мен сездер етеше көрсеткендей валакаламск та жолы басқа да кітаптар болсын,0.2647058823529412,0.0684931506849315,34
train-00004-of-00048_000261,аха,,1.0,1.0,1
train-00004-of-00048_000262,ортасына қалың кітаптарға өте жақсым,ортасына қалым кітаптарға өте жақсы,0.4,0.05555555555555555,5
train-00004-of-00048_000263,және мынандай екі қаламды өзбекәлі мен қанаттың қаламдары,және мынанда екі қаламды өзбек әлімен қанықтың қаламдары,0.5,0.08771929824561403,8
train-00004-of-00048_000264,а маған сыйлыққа берді,أما غلسو قبير دا,1.0,0.9545454545454546,4
train-00004-of-00048_000265,келесі алған затым не деп ойлайсыздар,келесі алған жатынне деп ойлайсыздар,0.3333333333333333,0.08108108108108109,6
train-00004-of-00048_000266,келесі осындай,길리수 ご습ん다,1.0,0.9285714285714286,2
train-00004-of-00048_000267,тақи алдым сіздерге ашық көрсетпей ақ қояйын,тақи алдым сиздерге аш көрсетпей ақояйын,0.5714285714285714,0.11363636363636363,7
train-00004-of-00048_000268,мына жерге фотосын қоя салайыншы бұл өзбекәлі атамыздың киген тақиясы десе болатын ол кигенде,нажерге фотосын қоя солайынш бұл өзбегәлі адамыздың киген тақиясыз десе боладыкигенде,0.6428571428571429,0.15053763440860216,14
train-00004-of-00048_000269,өзбекәлі атамыз өзіне осындай тақия тік тіріткен болған сол кісіге жұмысты болсын деген секілді мысал үшін қазіргі жастарға деген секілді өзбекәлі атамыздың тақиясы секілді көп тақиялар шығарған,өзбек айлы атамыз өзіне осындай тақия тірткен болған сол кісіге жұғысты болсын деген секілді мсал үшін қәзіргі жастарға деген секілді өзбек айлы атамыздың тақиясы секілді көп тақиялар шығарған,0.3333333333333333,0.08247422680412371,27
train-00004-of-00048_000270,соған мен осындай алдым бірден осындай әдемі қорабыммен ішінде фотосы бар кішігірім кішігірім мәтіні бар қашан,соған мен осындай алдым бірден осындай әдемі қорабымен ішінде фотасы бар іікішікірім әтіні бар қашан,0.3125,0.10909090909090909,16
train-00004-of-00048_000271,өзбекәлі атамыз қалай жасаған бұл тақияны қалай тіктірткен деген секілді,өзбек әлі атамыз қалай жасаған бұлтақияны қалай тіктырткен деген секілді,0.5,0.041666666666666664,10
train-00004-of-00048_000272,тақиясымен осындай алдым,тақиясымен осындай алдым,0.0,0.0,3
train-00004-of-00048_000273,бірден бірден екеу алдым себебі желтоқсан айында біздің отбасымызда жалпы екі туған күн біреуі атамнан және біреуі ағамнан сол кісілерге,іебірден екеу алдым себебі жел тоқсан айында біздең отбасымызда жалпы екі туған күн біреу атамнын және біреу ағамның сол кісілерге,0.45,0.08823529411764706,20
train-00004-of-00048_000274,осындай шүкірім сыйлық менен өте,осындай шүгірім сыйлық менен өтем,0.4,0.0625,5
train-00004-of-00048_000275,әдемі өте күшті секілдім менің әзірше алған сыйлықтарым осы бүгін енді қазір,әдемі өтем күштісекілді менің әзірше алған сыйлықтары моса бүгін енді қазір,0.4166666666666667,0.07894736842105263,12
train-00004-of-00048_000276,сабақтарымды жалғастырып оқитын боламын бірақ ең алдымен түскі ашып алатын боламын себебі таңертең тұрғалы бері мен осындай баспаға барып келдім кітап баспасына кітаптар алдым деген секілді жаттығу жасап үлгердім бірақ,сабақтарымды жаластырып оқитын боламын бірақ ең алдымен түскашып алатын боламын себебі таңгерте тұрғ алып бері мен осындай баспаға барып келдім кітап баспасына кітаптар алдым деген секілді жыттығу жаса білгерудің бірақ,0.3,0.05963302752293578,30
train-00004-of-00048_000277,таңға сүшпедім сондықтан қазір таңғы аз түскі аз,თანღას შპიად მსონდხდენ გაზარ თანღას სკას,1.0,0.9166666666666666,8
train-00004-of-00048_000278,плюс ішетін боламын,pلوs شit boa,1.0,0.8947368421052632,3
train-00004-of-00048_000279,мендеецка асқа тушеный дейді ғой капуста жалпы картошка ет барлығын тек қана буға бұқтырылған және де кола без сахара бірақ,менде түскі асқа тушон дедо капуста жалпы кортожка ет барлығын сетқана буға бұқтырылған және менде кола бес сахыры бірақ,0.55,0.1951219512195122,20
train-00004-of-00048_000280,бүгін қатты прямо газировка ішкім келді бірақ та,бүгүн катты прям газеров күшкүн келди быракта,1.0,0.2916666666666667,8
train-00004-of-00048_000281,сонда да зиро колланы алдым,сон тода zиrо colаnоltоm,1.0,0.6296296296296297,5
train-00004-of-00048_000282,қателеспесем мен ол универге келдім бүгін менде бірінші сессия ужас короче мен өте қатты қобала,хателіспесемнувуниверке келдім бгіменде бірінші сесе ужіз круче мен өтеғаттыққы болаш,0.8,0.28421052631578947,15
train-00004-of-00048_000283,всем привет ребята короче я дома мен екіге келдім қазір енді сессия туралы сөйлесейік қалай болды как болдым,сен превет ребята короче я дома менеке келдім казірендісесе туралы сөйлесей қалай болды как болды,0.5,0.1388888888888889,18
train-00004-of-00048_000284,гороче жалпы мен қобалжыдым ну төртінші курс әрине бірақ та как бы бірінші сессия осы семестрдегі таңғы сағат сегізде болдым мен қобалжығаннан таңғы сағат бесте тұрып алдым,кіруче жалпымен қобалжыдым ну төртінші курс рине бірақта такбы бірінші сессеаосы семестр декі әнеде таңғысаға тегізде болдым мен қобалжғанан таңғысаға бесте тұрб алдым,0.6666666666666666,0.16279069767441862,27
train-00004-of-00048_000285,өте бір қиын сұрақтар келеді деп ойладым негізінде бірақ та жоқ әдеттегідей бірінші курстан бері талқылап жүрген проблемалар сол баяғы мәселелер өте қатты қиын болды деп айта алмаймын үш сағат уақыт берілді сессияға мен бір жарым сағатта жазып,өте бір қиын сұрақтар келетте бойладым негізінде бірақта жоқ әдеттегідей бірінші курстан бері талқлап жүрген проблемалар солбайығы мәселелер өте ғаттық қиын болып деп айталмаймын үш сағат уақыт берілді сесе ағамен бір жарым сағатта жазып,0.3684210526315789,0.08641975308641975,38
train-00004-of-00048_000286,шығып кеттім,شopgetim,1.0,1.0,2
train-00004-of-00048_000287,бүгін бесте тұрып алғандықтан мен,бүгін бесте тұрып алғандұқтан мен,0.2,0.030303030303030304,5
train-00004-of-00048_000288,тез тез үйге келдім де түс қасымды ішіп ұйықтап қалдым как бы,тестезеге келдімда түс касындышып ұұқтапқаалдым кәба,0.9166666666666666,0.32786885245901637,12
train-00004-of-00048_000289,извините меня мен бесте тұрдым деп шекешекке шығып жатқан болатынмын сол сессияға дайындалып,извените мене амен бесте тұрдым де шікешеке шытқан болатынын сол сесеқадайындаалып,0.7692307692307693,0.20652173913043478,13
train-00004-of-00048_000290,та түске ас ішкенімді және ұйықтағанымды сіздерге кеңесе түсірген жоқпын,та түскіас ішкенді және ұйовтағанымды сіздегі денеде түсірген жоқ,0.7,0.19444444444444445,10
train-00004-of-00048_000291,бірақ қазір тұрдым уже бүгінгі нормалық суымды ішуім керек,бірақ казіртордымужым бүгінгі нормалық суымды шуым керек,0.4444444444444444,0.13793103448275862,9
train-00004-of-00048_000292,как бы барлығын толтырған жоқпын 2 литр өйткені мен таңертеңнен бері уже біраз су ішіп жүрмін так что это думаю будет нормально,какбі барлығын толтырған жоқ мы клитор үйткенімен танертенен беру жұбыра сушып жырмын такүшто эта домагудет нормальны,0.9090909090909091,0.2440944881889764,22
train-00004-of-00048_000293,екінші сессияға дейін уақыт бар сондықтан әзірше мен уже емтихандарға универдің сабақтарына дайындалғым келіп тұрған жоқ,екі інші сесе ғаден уақыт бар зондықта әзірше мен ужа емтихандарға универзн сабақтарына дайындалғым келіп тұрған жоқ,0.4375,0.11666666666666667,16
train-00004-of-00048_000294,сондықтан қазір өзім кітап оқып алған кітаптарымды жеңемін,солтыған қазір өзім кітап оқып алған кітаптарымды және,0.25,0.15517241379310345,8
train-00004-of-00048_000295,басқа да қосымша тілдерді оқимын наверное қытай тілін немесе ағылшын көреміз,басқыда қосымша тілдерді оқи мін нәберіні қтай тілін немесе ағлшын көреміз,0.6363636363636364,0.14473684210526316,11
train-00004-of-00048_000296,мен түскі асқа өзімнің қалаған тағамдарымды даже балмұздақ мороженое барлығын жедім өйткені мен таңғы астым мен түскі астым әдеттегідей біреу болды өйткені таңертең сол сессияға дайындалып үлгермедім,мен түскі асқа өзімнің қалаған тағамдарынды да жұбалымыздақ маруожны барлығын жедім үйткенмен таңғасымен түскі асым әдеттегіде біреу болды ийткен таңерсенін сол сесеяғадайдал үлгермедім,0.5555555555555556,0.1708542713567839,27
train-00004-of-00048_000297,барлығын жедім біреу и қазір кешкі асқа жеңіл зат қана жегің келіп тұр наверное отвор,барлу ынжеді бірем и кәзір кешкасқа жеңіл затқана жерінкелтір нейернатвор,0.8666666666666667,0.27058823529411763,15
train-00004-of-00048_000298,әдеттегідей көреміз,атеттегиди көреміз,0.5,0.2631578947368421,2
train-00004-of-00048_000299,және де айта кетейін дегенім қазір мен блокнот жазып жүргенімді сіздерге айттым қателеспесем осыдан бір екі,және де айта кетейін дегенімказір мен блакнот жазып жөткеніндідерге айттымғаделес бізде мыстын бірекі,0.625,0.24299065420560748,16
train-00004-of-00048_000300,бір екі алдыңғы видеоларда,риг алдымғы видеоларда,0.75,0.2692307692307692,4
train-00004-of-00048_000301,вот қазір соны толықтыратын боламын мен жазып бастағалы мен шыны керек өзімді жақсы сезініп жүрмін прямо,вот қазір соның тоық тұратын боламын мен ір жазып бастағ ала мен шілікерек өзімді жақсы сезініп шірмін бірм,0.625,0.18269230769230768,16
train-00004-of-00048_000302,маған өте ұнайды соңғы кезде ұнап қалдың негізі блокнот жазған шынымен де армандарыңызды жазасыздар тілектеріңізді жазасыздар солардан бөлек жалпы жазу ол бір,маған өтеу найт соңғы кезде напқалдың неңзі блатын оп жазған шыныменде армандарыңыз жазастар тілектеріңіз жазастар солардан бөлек жалпы жазу ұлып бір,0.5909090909090909,0.17088607594936708,22
train-00004-of-00048_000303,мен үшін енді сіздерге қалай екенін білмеймін прямо расслабляет,мен үшінемі сіздерге қалай екен білмейм пряма рассылаблет,0.6666666666666666,0.15873015873015872,9
train-00004-of-00048_000304,типа шаршаған күннен кейін мысалы үшін стрессті күннен кейін сіз ойыңыздың бәрін жазасыз мақсатыңызды жазасыз тілектеріңізді жазасыз бүкіл қалаған затыңызды и все,типа шаршаған күннеңкейі мысалшын стрестік күннеңкейін сіз ойыңыздың бәрін жазасыз мақсатыңыз жазасыз тілектеріңіз жазасыз бүкілі қалаған затыңызды үй все,0.5,0.1111111111111111,22
train-00004-of-00048_000305,отпустило ну жақсы болып қаласыздар сіздерге,атпустело жақсы болп қаласытар сиздерге,0.8333333333333334,0.20454545454545456,6
train-00004-of-00048_000306,мен айтуда жолықпаймын жазылып жүріңіздер мен бір блогерден көрген болатын телеграм каналынан сіздермен де бөліскім келіп тұр,мен айтуда жолықпайым жазыңып жүріңіздер мен бір блокерден көрген болатын телеграм каналынан сіздермен де бөлісктін келіп тұр,0.23529411764705882,0.048,17
train-00004-of-00048_000307,ну и наверное был,n nydernabu,1.0,0.9411764705882353,4
train-00004-of-00048_000308,айтуға болады ұрлық деп ойламаймын сондықтан айтайын жалпы мынандай списоктерді көрдім типа,айтуға болады ұрлық де байламай мың сындықтан айтайын жалпы нандай списоктарды көрдім дип,0.5833333333333334,0.13186813186813187,12
train-00004-of-00048_000309,он зат жазасыздар неге алғыс білдіресіздер осы 2025 ті қорытындылау ретінде 2025 те неге разысыздар неге рахмет айтасыздар на что вы благодарны жазасыздар,он зат жазасыздары неге алғыс білдіресдер осы екі мың жырма бесті қортындылау ретінде екі мың жырма бесте неге разысыздар неге рахмет айтасыдарын ашто влблагодарны жазасыздар,0.6956521739130435,0.2792207792207792,23
train-00004-of-00048_000310,и,이,1.0,1.0,1
train-00004-of-00048_000311,өзіңізбен алып кетпейтін мен нені алып кетемін өзімнен екі мың жиырма алтыға нені қалдырамын өзіңіздеріңіздің жүректеріңізді ауырған сәттер болса өздеріңіздің ұнамайтын әдеттеріңіз болса мен осыны екі мың жиырма бесте қалдырамын мүмкін өкпе ренішті қалдырамын деп жазасыздар,өзіңізбен алып кетпейтін мен нені алып кетем өзіңмен екі мың жиырма алыптыға нені қалдырамын өзіңіздеріңіздің жіректеріңізді ауырқан сәттер болса өздеріңіздің ұнамайтын әдеттеріңіз болса мен осыны екі мың жиырма бесте қалдырамын мүмкін өкпереншті қалдырам деп жазасыздар,0.2222222222222222,0.043795620437956206,36
train-00004-of-00048_000312,және әдеттегідей екі мың жиырма алтыға жүз мақсат ну мақсат болғанда тілейік десек те болады желание жазсаңыздар болады,және әдеттегіде екім жиырмалтыға жүз мақсат мақсат боғанда тілет десекде болап жолания жасаңызда болатып,0.7777777777777778,0.19327731092436976,18
train-00004-of-00048_000313,мен уже,你不是,1.0,1.0,2
train-00004-of-00048_000314,қателеспесем үшінші жыл қатарынан,қатяспесем үшінші жылқатарынан,0.75,0.12121212121212122,4
train-00004-of-00048_000315,үшінші жыл подряд осындай жүз тілек жазып жүрмін шыны керек бірінші жылында мен прям,үшінші жыл падриад осындай жүз тілекі жаз жұрмін шыны керек бірінші жылындам мен прм,0.42857142857142855,0.10714285714285714,14
train-00004-of-00048_000316,шоп болдым,说بدم,1.0,1.0,2
train-00004-of-00048_000317,барлығы орындалғанынан емес просто орындалмағанынан,барлу орындалгандан эмес просто орындалмаганынан,0.8,0.1568627450980392,5
train-00004-of-00048_000318,енді орындалмады деп қатты да айтқым келмейді примерно жүз тілегімнің тек жиырмасы ғана орындалды и мен түсіндім бұл тілег өзінен өзі орындалмайды как кентай бір волшебным образом поэтому мен,енді орндалмады деп қаттыдайтым келмейді примерың ж0з тілегімнің тек жұрмасы ғана орындалды еймен түсіндім бұл тілек өзенізі орындалмайды кеім табірім бошебінім образым поэтымумен,0.6551724137931034,0.17801047120418848,29
train-00004-of-00048_000319,действием әрекетсіз әрекеттер жазып бастадым 2024 те,действие әрекетісі әрекетте жасып бастадым екі мың жыырма төрте,1.1428571428571428,0.4230769230769231,7
train-00004-of-00048_000320,2025 те мен бүгін өзімнің 100 тілегімді қарадым,екі мі жылма бестей мен бүгін өзімні жүз тілегімді қарадым,0.75,0.425531914893617,8
train-00004-of-00048_000321,шүкір алла деп па примерно,шкыралладипа примерно,0.8,0.2692307692307692,5
train-00004-of-00048_000322,сексен пайыздай көп айтпасам,сексен пайызда көп айтбасамы а,0.75,0.17857142857142858,4
train-00004-of-00048_000323,қателеспесем мен енді өзімнің болжамым бойынша сондай орындалған өте қатты қуаныштымын шыны керек алғысым да шексіз енді екі мың жиырма алтыға жазып көретін боламын бұйырсам солай солай жүз пайыз бүкіл тілегім орындалатындай жағдайға жетсем екен деген тілектемін,қәтелеспесе мене дөзімнің болжамын бойынша сондай орындалған өте қаттық қуаныштымын шұны керек алғұсында шексіз ендекі мі жиырмалтыға жазып көретін бұлымн бюырса солай солай жүз пайыз бүкіл тілегім орындалатындай жоғдайға жетсем екен деген тілектемін,0.4594594594594595,0.09541984732824428,37
train-00004-of-00048_000324,ал енді қазір мен блокнотымды жаңағы айтқан сіздерге заттарды толтыратын боламын одан кейін,ал енде қазар мен блокнотынды жаңаға айтқан сіздерге заттарды тылтыратын боламадан кейін,0.5384615384615384,0.0989010989010989,13
train-00004-of-00048_000325,кітап оқимын,그たبقн,1.0,0.9166666666666666,2
train-00004-of-00048_000326,бағана айтқандай сіздерге кешкі асыма өзімнің сүйікті торымды жейін деп жатырмын бұрында маған мүлдем сүт өнімдері ұнамайтын қазір соңғы кездері,бағана айтқанда сзірге кешкіасыма өзенің тсикті торгмды жейін деп жатырын бірна маға мілдем сүтенімдері ұнамайтын казір соңы кездері,0.75,0.1527777777777778,20
train-00004-of-00048_000327,менде осындай жеңіл кешкі аз шықты одан кейін мен өзімнің кешкі ходымды жасап бүгінгі блогымды да бүгінгі күнімді де аяқтадым всем пока,менде осындай жеңіл кешкі ашықты одан кейін мен өзімнің кешкі қотымды жаза бүнгі влогымды да бүнгі күнімді де аяқтады мөсембака,0.45454545454545453,0.1259259259259259,22
train-00004-of-00048_000328,иминене,و你ي,1.0,1.0,1
train-00004-of-00048_000329,андай ғой тұлпы келе салған ғой да әңгімесінен жасап салғанбыз ғой анау неде қазір бірдеңе үмітке болуыңыз керек жазыңыз деген қыздармен отырып ақылдасып жасалған нәрсе ғой негізі өйтіп жаңағындай мен даже мейірбекті де танымаймын сол өзі,андайғо тупікеле салған ода аңбісін жаза салған быз уғана неде кәсе бірде үмітке роңз жазыңыз е қыздармен оты ақылдасып жаза салған нәрсе оған негізі өйтіп жаңа демендаж меелбекті де танымайм сөлдіңентанымайм она,0.75,0.35294117647058826,36
train-00004-of-00048_000330,ана подружкам бар ақтауда мына қалың жаман қарайды да а біз енді күні бойы сабақтамыз ғой енді қазір білесің ғой пробка бүйтіп келем дегенше бәрі бітіп кетеді уже,ападыршкім бар ақтаудана қаулын жаман қарайтта а бізен күні ой сабақтамыз ғойн қазуу білесің пропкібеті келемдегінші бәрі бітіп кетеді уже,0.6428571428571429,0.25308641975308643,28
train-00004-of-00048_000331,былай былай инстаграм отрывоктан көріп қаламыз атак былай бүйтіп қарай алмаймыз ғой біздер телевизорды қосып қойды да,бұлайбыла инстаграмм атрибуктарн көрп қаламыз атак былай быйт қарай алмаймыз қол біздер телевидерді қосық қойыпта,0.6470588235294118,0.18803418803418803,17
train-00004-of-00048_000332,содан өшкіме айтамын ана жерде кім бар басы осы тупо дайын болса мейірбек деп ана список жазыватыр екен ғой маған мейірбек содан кейін медет деп жазған мен бірінші мейірбектің жазуды көрдім де айта саламын ғой просто,содан падршкімайтам ан жерде кім бар басы болсты туподаймыы мербет теп ана списил жазба тыр екен құмаған мербет соданкен медет деп жазған мен бірінші мербеттін жазды көрінді айта саламы құрысты,0.6666666666666666,0.2638888888888889,36
train-00004-of-00048_000333,мейірбек деп те ана жаққа да болды ертең келіңіз деді түүү мына деймін мен кел деп отырмын ал шынымен сабақта отырмын таңертең сегізде лекцияда отырмын,мер бек депті ана шаққад бұл тертен кереңізді дануна демен келде атырмашын сабақты тырм таңяртың сегізде лексад тырм,0.92,0.36423841059602646,25
train-00004-of-00048_000334,электрада,ليكتدع,1.0,1.0,1
train-00004-of-00048_000335,мә енді не істеймін қыздар шақырыватыр барайын барайын деп иә бар шеш бар шеш бәрі көтіме жел береді ғой,م نسين قص شخروت بر بر برشش برشش بر كوتمجلبردو,1.0,0.9134615384615384,19
train-00004-of-00048_000336,бақпайды деді де тупо барамын ана адамды бірақ танымаймын ғой ананы ашқан кезде көрдім ғой,баққы айт депті туппа барам ан адамды бірақ танымайм ғананы ашқан кезде көрдім ғо,0.6666666666666666,0.23333333333333334,15
train-00004-of-00048_000337,былып тапқандай бір үлкен ойдан қалдырысып қалдырып кішкене нормально бір өтпайсың ба деп,bulu tafanda birok dan fatıskr kışkenie narmalle fasingadi,1.0,0.9213483146067416,13
train-00004-of-00048_000338,өтіптіңіздер деп ойлаймын,你到到你,1.0,1.0,3
train-00004-of-00048_000339,а оны енді өйтіп танып үлгерген жоқпын,a он енді өтіп тааны біл герген жоқпын,0.8571428571428571,0.21052631578947367,7
train-00004-of-00048_000340,екі рет екі рет бәрі кездестік қой,يكرت يكرت بجز استقوء,1.0,0.9117647058823529,7
train-00004-of-00048_000341,біреуінде жаңағы ана кіммен әлібекпен кім жүрді ана адина дейтін қыз бар калянға барғанбыз төртеуіміз,біреуінде жаана кіммен әлібекпен кім жырт ана аддина дейтынғыз ба каланға барғам суртеуміз,0.6666666666666666,0.2079207920792079,15
train-00004-of-00048_000342,сосын кино қалдық ба ұмытқанмын уже 2 рет қана кездестік қой,صص مكن غت قرا تخلص يكرتقكز قر,1.0,0.9,11
train-00004-of-00048_000343,андай ажиотаж кеткен жоқпын мамам папам айықпай болады,anda yaceta kön cok mamam papam ay kayola,1.0,0.8703703703703703,8
train-00004-of-00048_000344,маман басында жылайтын анайы сөздерді қолданамын ғой,маман басында жылай анайы сөздерде қолданамго,0.5714285714285714,0.17307692307692307,7
train-00004-of-00048_000345,қой ондай әдетім жоқ,غويند يعديتنزور ي,1.0,0.95,4
train-00004-of-00048_000346,ой бұны кім танымайды қарап еді қолың ғой бейшара қыздар келатыр дегендей әңгіме айтады ғой,oй бонөгөм таанымай қарадет қолдыңо бишәра қыздар келәтердегид әнгелетa,0.9333333333333333,0.43956043956043955,15
train-00004-of-00048_000347,қара жердің қолында сеніп жатқаның артық еді деген сөздер айтылды ол анама үлкен соққы а қайсы дұрыс екі рет басын тасқа бағып соққын қол жұмсады,қара жердің қойында сені жатқаны атығеқ деген сөздер айтылды ол анама үлкейен соққола қайсыдұрс екірек басыны тасқабаып соқтын қолжұмсада,0.72,0.15172413793103448,25
train-00004-of-00048_000348,ол кезде мен жүкті болғым,و يميي جبت,1.0,0.92,5
train-00004-of-00048_000349,өзің сияқты сөзіңді десең,stss s,1.0,0.96,4
train-00004-of-00048_000350,намыстанатын ағалар бар,анам станатын ағалар бар,0.6666666666666666,0.08695652173913043,3
train-00004-of-00048_000351,басыма тигеннен кейін барып түсіндім,バすまtg年gd,1.0,1.0,5
train-00004-of-00048_000352,еркектерден көңілім талып қалады деген оттаған нәрсе ашықтан ашық маған жазатын жігіттер де бар,едектеепломент алдыхабатке отытаған нәрсе ашықтан ашық маған жазатын жігіттер де,0.5,0.3263157894736842,14
train-00004-of-00048_000353,ти пайыр,si per,1.0,0.875,2
train-00004-of-00048_000354,видеолары жетеді менде,видеолары жете етменде,0.6666666666666666,0.13636363636363635,3
train-00004-of-00048_000355,келген де жоқ қой көруге таң қалды,келгенде жоққа күрлге таңғалдар,1.0,0.29411764705882354,7
train-00004-of-00048_000356,поскору,scر,1.0,1.0,1
train-00004-of-00048_000357,қабыл,خoب,1.0,1.0,1
train-00004-of-00048_000358,құбалжызу,后报主叔,1.0,1.0,1
train-00004-of-00048_000359,күнде енді аудиториямен былай әңгіме төлесейік қорғау жазады,kındeyında auditoremen bulay enmetgöli kurozun,1.0,0.9333333333333333,8
train-00004-of-00048_000360,қате сияқты,حتيتقت,1.0,1.0,2
train-00004-of-00048_000361,сен сияқты кішкене енді жасың келген ғой енді чуть чуть та енді памятьтан кішкене нашарлап отырған сияқтысың,сяқт решкен енді жасын келген қой енді чечетті енді памиттан шене нажалаға отқан зяқсе,0.7647058823529411,0.3425925925925926,17
train-00004-of-00048_000362,білмеймін,لدين,1.0,1.0,1
train-00004-of-00048_000363,көрген жоқпын деймін точно,그르인 좋분님 토이는,1.0,0.9230769230769231,4
train-00004-of-00048_000364,көрсем айтамын ғой көрдім деп оны несіне жасырамын,көрсем айтамын қо көрдін де оны несіне жасырам,0.5,0.12,8
train-00004-of-00048_000365,теке,ike,1.0,1.0,1
train-00004-of-00048_000366,енді танылған дегенде оны көбісі білмейді негізі,енді тамылған дегенде он көбісі білмейт негізді,0.5714285714285714,0.10416666666666667,7
train-00004-of-00048_000367,көп адам білмейді ол кезде бір,көп адам білме тугезде бір,0.5,0.23333333333333334,6
train-00004-of-00048_000368,асып кетсе мың жарым адам келді инстаграмға шынын айтты иә мың жарым адам келді и осы жақында енді қатты блогер болып анда мұнда шығып бастады ғой бұрынғы келе жатқан сол мың жарымның ішіндегі адамдар біледі ғой сол адамдар енді сұрақ қояды да маған сен қалауыңа бардың ғой деген сияқты сұрақтар да сол кезде көп аудиториямын сен бардың ба не,асық бетте мың жарым адам белт инстаграмма шынынайтк мың жарым адам келт осы жақындайынді қаатты блогер болып андамындар шық басады қо бұрынғы келе жатқан со мың жарымның ішілгеді адамдарын білерді ғо сол адамдар нді сұрақ қоятта маған се қалаумңа бардыңғы деген сияқт сұрақтарда со кезде көп аудитурам сен бардың бәние,0.6101694915254238,0.1695906432748538,59
train-00004-of-00048_000369,деген сияқты таңғалып қалады да а көбісі енді ол жақтан білмейді,деген сияқ таң қалып қалатта а көбіс енді ол жақтан білмейт,0.5454545454545454,0.171875,11
train-00004-of-00048_000370,ол жақта енді асфа болған жоқ өзің білесің ғой екі ақ рет қана шықты,ол жақтай ынд асо болған жық өзің білесіңо екі ағірет қана шықтым,0.6428571428571429,0.17647058823529413,14
train-00004-of-00048_000371,әәәәә,,1.0,1.0,1
train-00004-of-00048_000372,иә ол сонымен бітті ғой аптасы,,1.0,1.0,6
train-00004-of-00048_000373,талай танылған әрине айтпаймыз енді,an tis calit ana rinit pimasin,1.2,0.9428571428571428,5
train-00004-of-00048_000374,енді аз жайлы айтатын болса былай ғой,en das e ek det bote lyrom,1.0,0.8918918918918919,7
train-00004-of-00048_000375,біз енді өзім оқып жүрмін осы алматыда казгу да оқыдым студент болдым жаңағы сестренкаларым бар подружкаларым бар бәріміз бір үйде тұрамыз кешкісін сағат примерно бір алты жетілерде барлығымыз мысалы заттан келіп отырық сабақтан келіп отырық шай ішіп отыр ғой засталом,біз енді өзімі оқу жырмосы алматы да казуда оқыдым студент болдым систронкларын бар падрушкларн бір бәріміз бірейде тұрамыз кешкісін саат премерні бір алты жетілерде барлығымыз жа заттан гел отырық сабақтан кел отырық шәйшы отырқ қой засталом,0.55,0.1828358208955224,40
train-00004-of-00048_000376,аха,,1.0,1.0,1
train-00004-of-00048_000377,естественно кім тұрады да,isيsln كمtرta,1.0,0.96,4
train-00004-of-00048_000378,мә үміткер керек пе жазыңдар деватыр паприкулы жазып көрейік пе дейді,mey ımitkeri gerik bacazım der divatır paprik olacağzı kurik badikt,1.0,0.927536231884058,11
train-00004-of-00048_000379,содан тұрады да кім жазады кім жазады десем анжер деген бәрінің жігіті бар,с다тт к 안제 되 말рн жгт 말,1.0,0.8108108108108109,13
train-00004-of-00048_000380,м,উম,1.0,2.0,1
train-00004-of-00048_000381,сондықтан мен не күйіммін ғой білесің ғой әкел деймін де жаңағыдай ватсап нөмірді теремін де жазамын,son tart mен ne gүymingo blesingo akil diyimda ada wacaпnmeri teрemdе жаzam,1.0,0.82,16
train-00004-of-00048_000382,үміткер болайын деп едім деп сосын суретіңізді жіберіңіз анау мынау таныстыр там қайда оқисыз жасыңыз қаншада он сегіз толғаныс па деген сияқты сұрақтар қойды олардың бәріне жауап бердім суретті жақыннан бір сурет сосын ұзыннан бір сурет жібер деді,үміткер болайындееіде сасын суретіңіз жіберіңіз анамына таныстыртам қайды қисы жасыңыз қанша да он сегіз толғаныспа деген ақ сұрақтар қойды оларын бәрін жауап бердін суретті жақындан бір сурет сосын ұзындан бір сурет жібердеті,0.631578947368421,0.12903225806451613,38
train-00004-of-00048_000383,заңсуретті жібердім кімге үміткер боласыз дейді а мен қарамаймын ол жақта кім бос кімге,сона суретті жібердім кімке мүткер боластейт а мен қарамайым ол жақта кім босо,0.6428571428571429,0.2413793103448276,14
train-00004-of-00048_000384,иә мен танымадым енді сөзін ашық айту керек мынаны негізі мен инстаграмда да өзім аудиториям айтқанмын осы туралы да,биямен танымадымен сөзін ашылайтрек нан негізмен инстаграм яда өзм аудиторам айтқамолыс туралды,0.9473684210526315,0.27586206896551724,19
train-00004-of-00048_000385,мин,من,1.0,1.0,1
train-00004-of-00048_000386,ана жерде кімді айтарымды білген жоқпын паприкол жазып тұр ғой мен реально барамын деп ойлаған жоқпын ғой сонда ақтаудағы өзімнің кластастарымның жаңағы патрущикаларымның группасы болатын сол группасының үстінде 1 қыз бар,ан жерде кімді айтарым білген жұқы пабрик ол жасып тырыы мен рәні барамды ойлағын жұқтынғы содан ақтаудағы өзімнің қастастарымның жападрускларымның группа суатын со группасын істінде бір қыз бар,0.7419354838709677,0.248868778280543,31
train-00004-of-00048_000387,өте қатты қарайды колонкамы жестко қарайды да и соғысқа жазамын да,өтте қатты қарайт қалауынкам жостка қарайтта соғызға жазамда,0.9090909090909091,0.3333333333333333,11
train-00004-of-00048_000388,айтып жіберші маған ана жерде кім бар бос біреуінің атын айта салшы демеймін бе ол маған списокпен жазыватқан ғой бірінші мейірбекті жазып жіберген де содан кейін дәл сол жаңағыдай бойдақтарының списогі кеткен,айтеріш маған ан жерде кім бар бос біруінің атын айтасалыштемен ба ол маған списікпен жазбатқан ғо бірінші мейілбекті жазжеергенді саданкен дәлші жаңадай бойдақтарың списіге кеткен,0.6875,0.21052631578947367,32
train-00004-of-00048_000389,сонымен мейірбекті көріп қаламын да мен ана неге ватсапқа редакторға мейірбект деп жаза саламын,со мен меірбекті көріп қаламда мен ана неге атсапқа жа редакторға меербекті жазда салам,0.7857142857142857,0.2,14
train-00004-of-00048_000390,содан болды онда ертең он отызда сізде эфир адрес жазып жіберді келіңіз дейді,sodaн boлtonda yеrteң 1n otыzasiзdeyi fиr adr caжırт kеlimizдe,1.0,0.7922077922077922,13
train-00004-of-00048_000391,тану ма деп бүйтіп адырайып отырып ей қыздар мынау кел деватыр деймін,тaнунadы бадыраy oты e қыздаr нa келде aтырdiiм,1.0,0.5362318840579711,12
train-00004-of-00048_000392,қыздар тұрады да и қойып бармайсың ғой бәрібір де ешкім серьезно қабылдаған жоқ,қызартратта қоюп бармайсынға бәреді ишкім серезін қабылдаған жоқ,0.8461538461538461,0.31645569620253167,13
train-00004-of-00048_000393,таңертең жетіде ұйқымнан тұрып кәдімгідей лекцияма кеттім,tt jiti གuམ t ར i lis k tm,1.2857142857142858,0.8947368421052632,7
train-00004-of-00048_000394,неде отырмын универде отырмын,неде отырм универде отырм,0.5,0.13793103448275862,4
train-00004-of-00048_000395,лекцияда отырмын редактор жазады маған сегіз отыздарда жазады сегіз отыз бестерде иә сіз білесіз ғой бүгін он отызда келесіз ғой мен сізді күтемін сізде бүгін эфир мынандай уақытта шығасыз анау мынау деп жаңағындай жаз жібереді маған,лекцияд отырмы редактер жазатмаған сегіз отыздарда жазатпаркеле жаіз бестерде я сіз білес қой бүгін он отызда келес қой мен сізді күтем сізде бүгін эфир нандай уақытта шығар сана нау деп жаңада жа жіберет маған,0.5833333333333334,0.18454935622317598,36
train-00004-of-00048_000396,и содан группаластарым қасында жаңағы подругалар ғой анау группада подругаларым тұр,istudan gruppalasıtarım kasında bıza padırugalar goynu gruppada padırgalar matır,1.0,0.9397590361445783,11
train-00004-of-00048_000397,и мына қыздар мен кеше паприколог сөйтіп жазғанмын редакторға и шақырыватыр не істеймін деймін,ема қыздар мекеже паприколу сп жазғам редакторға шақыр батыр нестейіндейм,0.8571428571428571,0.2765957446808511,14
train-00004-of-00048_000398,ей қыздар тұрады да енді ол кезде енді қызуғандымыз ғой бәріміз андай оу деп қалған кезіміз ғой,қыздар тұратты енді угезен қызуғандымызғо бәріміз ана діп қалған кездіміз ғо,0.7647058823529411,0.28421052631578947,17
train-00004-of-00048_000399,қыздар тұрады да ей бар дейді,kzatata e bardi,1.0,0.9310344827586207,6
train-00004-of-00048_000400,бар шеше көріп бер енді қандай екенін сосын айтып бересің бізге дейді,баршише көріккеден қандай екен сосын айтып бересің бізге де,0.5833333333333334,0.2028985507246377,12
train-00004-of-00048_000401,и тупо тұрамын да енді бірінші лекция бітті екінші лекция басталу керек қой соның арасында перерыв та заттарымды аламын да киімім де жоқ қой дұрыс заттарымды аламын сол күні жаңағы универге келіп барған киімім ғой сонымен кете саламын,этуп отырамда ені біріншілексе бітті екіншілексе басталу корып қосоң арасында переривта заттарымда аламда кейміңде жоққы дырыс заттарымда алға сол күні жаңа универге кеп барғн кеймін қол сонымен кете салам,0.7894736842105263,0.23504273504273504,38
train-00004-of-00048_000402,или барамын отырып ешкімге айтқан жоқпын тек жаңағы группадағылар и осы жақта тұрыватырған қыздарым ғана біледі отбасының да хабары жоқ отбасым ешқайсиені мен барамын деп ойлаған жоқпын ғой иә на бум кетіп қалып тұрмын ғой,барам отырып іш кімк айтқан жоқ тек жана группадағылар осы жақта тұрып атырған қыздарым ғана боаым ешқасеңмен барамды ойлаған жоқ қынғо набу імгетіп қалыптырым о,0.8,0.36486486486486486,35
train-00004-of-00048_000403,курейін деп дайын болсын,그리인집때 부슨,1.0,0.9583333333333334,4
train-00004-of-00048_000404,и содан бардық отырдық шықтық шыққаннан кейін андай ажиотаж күткен жоқпын мен телефоныма елу звонок келген,үсодан бардық отырдық ықт шыққанаге андай ажатар күткен жоқ кіме телефонма елу занып келген,0.625,0.2358490566037736,16
train-00004-of-00048_000405,мамам папам айқай болыватыр ана жерде деген,маман папам айқай болбатарана жөрсе деген,0.5714285714285714,0.16279069767441862,7
train-00004-of-00048_000406,енді біз маңғыстаудың қызы болғасын ондай түсінбейді ғой бізде,енді біз маңгстаудыңғыз оғасын ондай түсінбейдіға бізде,0.5555555555555556,0.16129032258064516,9
train-00004-of-00048_000407,андай,عندي,1.0,1.0,1
train-00004-of-00048_000408,ерсі қылып қабылдайды,ер сығып қабылдай,1.0,0.2857142857142857,3
train-00004-of-00048_000409,негізі ондай передачаға бару бай іздеп жүр деген сияқты да,негіз ондай передачыға бару байздеп жөр деген сияқты да,0.5,0.08620689655172414,10
train-00004-of-00048_000410,тіке қабылдайды ғой,تكيغابللهيدغ,1.0,1.0,3
train-00004-of-00048_000411,сол мен не керек сөйтіп айқай болды бірінші эфир шықтым ғой енді сол кезде енді таныстық өйттік бүйттік екінші эфир шықтым,со бен некерек сейту айқай болт бірінше фир шықтым қоян со кезден таныстық үйттіқ беттік екінше фир шықтым,0.8095238095238095,0.22131147540983606,21
train-00004-of-00048_000412,и үшіншісінде папам айтты,이 쉬주은데 밥험 있든,1.0,0.88,4
train-00004-of-00048_000413,егер енді шығатын болсаң,егер енді шығатын болсаң,0.0,0.0,4
train-00004-of-00048_000414,оқудан шығасың,وخdشس,1.0,1.0,2
train-00004-of-00048_000415,алматыдан ақтауға қайтасың бітті деді,ал матыдан ақтауға қайтасың бітті деті,0.6,0.05405405405405406,5
train-00004-of-00048_000416,айтқан сөзін айтқан деді,alkan sodum akandi,1.0,0.9166666666666666,4
train-00004-of-00048_000417,ол бір сөй апа бабам негізі бір сөйлейді болды,ол бір сө апаболам негіз бір сөлек болды,0.5555555555555556,0.1956521739130435,9
train-00004-of-00048_000418,ол жаңағыдай оны көндіру бүйтіп жайлап бүйтіп не істеу,ол жаңадай оны көндіру бит жайлап нисти көңі,0.5555555555555556,0.3333333333333333,9
train-00004-of-00048_000419,нөл,نن,1.0,1.0,1
train-00004-of-00048_000420,бірі айтты ма содан қайтпай қалатын адам ғой,бір айттымa содан қаyтпай қалатын адам o,0.625,0.1590909090909091,8
train-00004-of-00048_000421,сонымен сөйтіп сосын жазып жібердім ғой редакцияға,so men suйtip sosun жaz jierdim oyridakta,1.0,0.86,7
train-00004-of-00048_000422,ата анам қарсы бара алмаймын деп те дәл,аtaнam karsы баrаlmаymı dеpт,1.0,0.6923076923076923,8
train-00004-of-00048_000423,қайда келіп шығады,аيтa келіп s,0.6666666666666666,0.5555555555555556,3
train-00004-of-00048_000424,бір шешім болған сияқты негізі енді ол кезде мен жаспын ғой он тоғыздан ба сондаймын примерно да,дұршекініқыллан сияқта не енд олкездемен жаспонғыл он тоғыздамын ба сондай премиермода,0.8823529411764706,0.3125,17
train-00004-of-00048_000425,19 жаста ондай передачада отыру негізі ұяттау сияқты,он тогуз жаста ондай пердачида отуруң негизи яттау сыякта,0.875,0.34615384615384615,8
train-00004-of-00048_000426,ондай передача басынан жиырма бестен жоғары адамдарға арналған сияқты негізінде де енді жиырма беске дейін көшеден де таныса салады соңғы ол қиын емес қой ана жерде біз енді балалыққа айтсам болады,ондай передач васынаным жиырма бестен жоғар адамдар арналған сияқты негізіңде ді енді жиырма бескеден көшеденде таныса сала сұңғы о қиын емес по ана жерде біз енді балалық қайтсанбат,0.5483870967741935,0.14213197969543148,31
train-00004-of-00048_000427,андай балалық интерес болды ма ол кезде бізде,андай балалық интерес болды ма олкіздебізде,0.375,0.06666666666666667,8
train-00004-of-00048_000428,солай болған сияқты сөйтіп бара салдық қой а так жаңағыдай реально бай іздеп барған ештеңеміз жоқ,солай болған сияқты сүйтіп бара салдық қо атак жаңадай релні баиз деп барған іштеңгемізо,0.625,0.17525773195876287,16
train-00004-of-00048_000429,құнады,nunada,1.0,1.0,1
train-00004-of-00048_000430,әлі қызбын ғой енді кішкене майысып қалған қазіргідей дерсіз істейміз ондай жоқ қой,әлі қызмы қойыд өйт кішкене майсық қалған кәзіргі де деріз істейміз ондай жоққолқ,0.6923076923076923,0.2289156626506024,13
train-00004-of-00048_000431,тьютист болды байқадың ба сен,cucis oldin ay kadim ba senz,1.2,0.896551724137931,5
train-00004-of-00048_000432,бақытты,,1.0,1.0,1
train-00004-of-00048_000433,ай сенде қатысу позитив болу иә,айсенде карсы позитив болгэ,0.8333333333333334,0.2903225806451613,6
train-00004-of-00048_000434,танымайлардың да просто сөзін ашып мейірбек көріватсаң ренжіме деп айтады дейді ол,hanımayı vardunda praspe söznaşı mirbi kurvatsı grinci ve deydattiido,1.0,0.926829268292683,12
train-00004-of-00048_000435,иә екеуіміз вообще екі түрлі адамбыз ғой иә содан кейін подушкамен неге оны оны айтасың деп звондаватырмын ғой кішкене бір менің типажыма келетін адамды айтпадым ә мен саған список жаздым ғой сен бірінші списокте кім жазып жібердің соны айтып жіберіпсің ғой деп,екендіши екі түрлі адамыз ғо да палушкма неге о он айтатсын де бізанда атырм ғо кішкенебел мен типажыма келетін адамдайтпадм э мен саған списіг жаздың қосы бірінші списікті кімжа жердін сон айт жерсің ғо деп,0.7857142857142857,0.3103448275862069,42
train-00004-of-00048_000436,сондай бір қызық жағдай оны,сондай бір қызық жағдай орны,0.2,0.037037037037037035,5
train-00004-of-00048_000437,негізі бұл инстаграмнан бөлек қалаулымнан бөлек баяғыда бізде нокия телефон кішкентай телефондар болады ғой,негізі бұл инстаграмнан бөлек қалаулымнан бөлек баяғыда бізде нокия телефонжа кішкенді телефондар уатығы,0.2857142857142857,0.11214953271028037,14
train-00004-of-00048_000438,сондай телефонға мен өзім видео түсіріп жүретінмін өзім қатты қызығамын баяғы вконтакте агент деген болды ғой енді мой мир деп иә мой мирді активный болады мен өзім жақсы көремін фотоға түскенді жүрген жерімді фотоға түсіргенді видеоға түсіргенді өзімде әуелден қызығушылық бар бұрыннан бері и соның постоянно мен андай инстаграмға да жүктей беремін вконтакте қарай ма қарамай ма,сондайтелефонғаен өі і іққедіығдіжнідіддііәлқыыұятққықғнаын,1.0,0.8601583113456465,57
train-00004-of-00048_000439,мен негізі вообще блогер боламын деп те ойлаған жоқпын блогер болып кетемін енді халыққа бәріне ұнаймын деп айта алмаймын адам болған сен біреуге ұнайсың біреуге ұнамайсың ғой жоқ жалпы аудитория екіге бөлінеді ғой,мен негіз баше блогер болам деп те ойлаған жоқпын блогер болып кетемін енді халыққа бәріне ұнаймын деп айталмайм адам болғасын же біреге ұнайсым бірее ұнамайсыңауде тор екке бөлнеді,0.5454545454545454,0.21495327102803738,33
train-00004-of-00048_000440,блогер болып кеткен кезде өзім таңғалдым,жаыш кінгеелгер опітжүсмізде өзім таң қалдым,1.0,0.625,6
train-00004-of-00048_000441,мия,য,1.0,1.0,1
train-00004-of-00048_000442,прямой эфирге келген кезде үш адам бар отыратын өзі сол үш адаммен мәз болып әңгімемді айтып қояды сөйтіп жүретінмін ғой,primoifirga grengizdi is adam bir o tratini ozi so is adam me mezibop әңmemdi aytıq qo ya sitcuritimgo,1.0,0.8666666666666667,20
train-00004-of-00048_000443,қалауымнан кейін бір 1500 адамдай келді,қалаулымынан кейін бір мың жарым адамдай келді,0.5,0.28205128205128205,6
train-00004-of-00048_000444,мың жарым адамдай келіп былай былай жүргізіп жүрдім,мың жарым адамда келіп бұлай бай жүргіздіп жүрдім,0.5,0.09803921568627451,8
train-00004-of-00048_000445,ухым,,1.0,1.0,1
train-00004-of-00048_000446,өзімше жаңағыдай неге атып кетеді атып кететін шығар деп,өزіm se жaңغلa meн kіd atkуtى чыغаرdп,1.0,0.7857142857142857,9
train-00004-of-00048_000447,ол кезде давсмэш жаңағы снапчат дейтін кездері ғой иә соларды түсіремін қоймай сөйтіп сол видеоларым жақсы пабликтерге өтіп кетеді,о кезде дабысымі жана сінапчат деке кездері ғоя солар түсірем қоймай сөйтіп сол видеоларым жақсы публиктерге өтікпететі,0.631578947368421,0.2076923076923077,19
train-00004-of-00048_000448,сөйтіп сөйтіп аудитория жиналып кетеді ғой бірақ негізі көбісі білмейді ол қалауыма барғанымды жақында осы аудитория жиналғаннан кейін айтқан кезде біразы барып кері қайтып барып ютубқа қарап қайтып келген ғой жаңағы нелерді выпусктарды,сүйтіп аудитора жиналып кетеді қом бірақ нелгзі көбісі білмейт ол қалауымға барғанды жақында осы аудитура жиналғандайн айтықан кезде бірәзі барып керіқ айтып бар бле топқа қарақ қайтып келген ол жаңа ағнелерді ұпысыктарды,0.696969696969697,0.211864406779661,33
train-00004-of-00048_000449,оқудан шығасың деп ақтауға қайтасың деп,болы оудан шығасын де ақтауға қайтасын де,1.0,0.23076923076923078,6
train-00004-of-00048_000450,иә ұмытылған,ә умытылغа,1.0,0.3333333333333333,2
train-00004-of-00048_000451,иә ұмытылды ашу басылды,a ұнытылды ашу басылды,0.5,0.13043478260869565,4
train-00004-of-00048_000452,бәрі де мамаң айтасың ғой бәрін мамам ашу басылатын арман білесің ғой әкеңді деп сөйтеді,бәrдi мамаң айтаsыңgo бeriн аşу баsлатнarмaн білisiңgo әкеңdедеп сөдет,0.9333333333333333,0.45454545454545453,15
train-00004-of-00048_000453,сонымен қалды өйтіп қозғалған жоқ ортада ондай,сон мен қалды ойт қозғалған жоқ қортада онда ә,0.8571428571428571,0.15217391304347827,7
train-00004-of-00048_000454,ол да ұрысты,олда орусты,1.0,0.25,3
train-00004-of-00048_000455,ол бәрібір де қазақстанға енді келіватқан бағдарлама болды ғой ол кезде кәдімгідей айқай шу болыватырды ол бағдарлама и біздің маңғыстаудың менталитетіне ол кішкене қарама қайшы болды да,бәрібірде қазақстанға ендікеле отқан бағдарлама болды ғо ол кезде кәдімгідейі айқай шу ол отырт ол бағдарлама біздің маңыстаудың менталитетіне ол кішкене қарама қайшы болыпта,0.48148148148148145,0.11827956989247312,27
train-00004-of-00048_000456,сол үшін бәрібір де қолдамайтын еді заң,солтүсын бәрібірде қолдамайтын етті,0.8571428571428571,0.2564102564102564,7
train-00004-of-00048_000457,иә енді ол уақыт өте келе түсінеді ғой,энде л уақтөтигеле түснедуг,1.0,0.4473684210526316,8
train-00004-of-00048_000458,енді ол кезде алғаш рет жаңағындай қалауылым бірден шу болып шыққан кезде,енді ол кезде алғаш рет жаңдай қалаулын бірден шу олп шыққан кезде,0.25,0.1095890410958904,12
train-00004-of-00048_000459,андай,د,1.0,1.0,1
train-00004-of-00048_000460,қайтсам құлаққа түрпідей естілетін болды да,қайтсамот құлаққа түрпіде естілетін болыпта,0.6666666666666666,0.13953488372093023,6
train-00004-of-00048_000461,ол кезде қарсы болды біздің маңғыстаулықтар,о кезде қарсы олыт біздің маңысталықтар,0.5,0.13953488372093023,6
train-00004-of-00048_000462,одан кейін мен қызы болды таңдадым,kangini rrodu tandadim,1.0,0.9411764705882353,6
train-00004-of-00048_000463,а басында тіпті блогерлік жолға да қарсы болған менің әкем деген,басында тіпті блогерлік жолға да қарсы оған мен әкем деген,0.2727272727272727,0.09375,11
train-00004-of-00048_000464,не тірлігі ол деп,nېtirli goldi,1.0,0.9411764705882353,4
train-00004-of-00048_000465,сосын айтамын,سميتم,1.0,1.0,2
train-00004-of-00048_000466,енді ол заман талабына сай жаңа мамандықтар пайда болады ғо бұл да бір жаңа мамандық,енді ол заман талабына сай жаңа мамантықтар пайда болаты ғо бұл да бір жаңа мамандық,0.13333333333333333,0.023809523809523808,15
train-00004-of-00048_000467,жұмыс ретінде қабылда деп әкеме біраз уақытқа дейін соны енді түсіндірдік,жұмыс ретінде қабылда деп әкеме біраз уақытқа дейін сонеін түсіндірдіп,0.2727272727272727,0.0821917808219178,11
train-00004-of-00048_000468,жайлап қабылдай бастады сосын айт дегенде инстаграмда біздер контент жасаймыз мысалы актер актриса қандай сценарий береді соған сайын мысалға ойнап береді ғой рөлін ол оның жұмысы тура сол сияқты бізде аудитория қызықты болу үшін неше түрлі форматтағы біреулар түсіреміз контенттер түсіреміз деп сол түсіндіріп әйтеуір бүйтіп бүйтіп жайлап кішкене лекерлеп бері қарай бетін қараттық,жайлап қабылдай бастады сосын әйттыменде инстаграмда біздер контент жасаймыз мсал актер актриса қандай сценари беред соған сайм алға ойнап береді өрулін ол оның жұмысы тура сол сияқта бізде аудитория қызықтыыл үшін шетүрлі форматтағы е олар түсіреміз кнтенттер түсіремізде сотүсіндіріп әйтер үйтіп бит жайлап кішкене лекеліп берқара бетін қараттық қо,0.5,0.13612565445026178,54
train-00004-of-00048_000469,нормально олар уже үйреніп кеткен,нарманы олар ужы үремп кеткен,0.6,0.24242424242424243,5
train-00004-of-00048_000470,иә ол жұмыс сияқты қабылдайды да ол да олар,ол жұмыс сияқталып қабылдайт та олда олар,0.6666666666666666,0.23255813953488372,9
train-00004-of-00048_000471,қолдау сатысына көшті иә мен айтамын да былай өмірде қандай екенімді білесіңдер ғой жиырма төртте жеті қастарыңда жүрмін қандай адам екеніңді білесіңдер бірақ енді инстаграмда ол видео түсіреміз контент түсіреміз аудиторияның жаңағыдай екіге бөлінеді ғой біреуі жақсы қабылдайды біреуі жаман қабылдайды деген сияқты негативтерді қабылдамаңдар деп сразу,қолдаусатысына өшті я н айсамда былай өмірде қандай екенді білесіңдер ғо желм төртт жеті қастарыңда қандайдамкеді білесіңдер бірақ енді инстаграмда ол видео түсіреміз контент түсіреміз аудиторияның жаңағыдай екке өлінеді ғо біреу жақсы қабылдайт біре жаман қабылдайт деген сияқты негативтерді қабылдамандар деп сыразылайтып қоям,0.5319148936170213,0.16193181818181818,47
train-00004-of-00048_000472,мамам басында жылайтын,маман басында жылайтын,0.3333333333333333,0.045454545454545456,3
train-00004-of-00048_000473,негативтер маған негатив жазады енді мен,にがちくてるまが二がちざてでみ,1.0,1.0,6
train-00004-of-00048_000474,негатив жазатындай дүниелер жасаймын ғой себебі енді сөзін ашыға керек контент жасағасын жерде комментария көп болу керек,негатив затындай дүниелер жасайм қо себебі енді сөзін ашалы керек контент жасағасын жерде комментары көп болу керек,0.29411764705882354,0.09090909090909091,17
train-00004-of-00048_000475,ол жерде кішкене жаңағыдай негатив жазатындай нәрселер сол үшін жасаймыз да,ол жерде кішкене жаңадай негатив жазатындай нәрселер сол үшін жасаймызда,0.2727272727272727,0.04,11
train-00004-of-00048_000476,әдейі,هدي,1.0,1.0,1
train-00004-of-00048_000477,ашығы иә әдейі солай көрсетеміз да,ашығы ә әди солай көрсетемізді,0.6666666666666666,0.17647058823529413,6
train-00004-of-00048_000478,өзімді жаман қылып көрсетемін бір сөйтіп айтқанда бәрі өзін жақсы қылып көрсетіп жаңағындай қайырымдылық салып уатады ғой мен,өзін жаман қылып көрстен бірсіл айтқанда бәрі өзін жақсы қылып көрсетып жаңада қайырымықсап у отадыға мен,0.5555555555555556,0.216,18
train-00004-of-00048_000479,керісінше жүремін де ағысқа қарсы жүретін адаммын да өзім жаман жағынан көп көрсетемін де сол кезде анашым жаңағы оқып қалып кішкене көңіліне алып жылап қалатын кездер болған,керсінші жүремді ағысқа қарсы жүретін адам ы өзімі жаман жағынан көп көрістемді солгезде анашым жаңағы оқып қалып кішкене көңіліне алып жылап қалатын кездер болған,0.37037037037037035,0.11494252873563218,27
train-00004-of-00048_000480,қазір уже қабылдады,qazruz qabldadı,1.0,0.9473684210526315,3
train-00004-of-00048_000481,мен айтамын көп көз бар жерде көп сөз болады,найттам көп көз бар жерде көп сөз болад,0.3333333333333333,0.1590909090909091,9
train-00004-of-00048_000482,соны қабылдап білу қажет,умы қабылдабиле гажит,1.0,0.375,4
train-00004-of-00048_000483,сонымен қазір енді нормально бәрін қабылдайды қолдайды уже біледі де оның жұмысы екенін,солмен қазір енді нарманны бәрін қабылдайт қолдайт білет та оның жұмыс екен,0.6923076923076923,0.2413793103448276,13
train-00004-of-00048_000484,енді ерекшелену керек халық,يلشلين بركا,1.0,0.9629629629629629,4
train-00004-of-00048_000485,ерекшелену керек қой бір жағынан анандай ғой ол тек ағысқа қарсы жүзгендей емес өзімнің табиғатым сондай да,ерекшелінгереқа бір жағнанандайғо ол тек ағысқа қарсыз жүзгенді емес өзіңнің табиғатым сондайда,0.6470588235294118,0.17757009345794392,17
train-00004-of-00048_000486,тіке айтам,كايتا,1.0,1.0,2
train-00004-of-00048_000487,енді сөздің ашығы керек анайы сөздерде қолданамын ғой менің блогымда анайы сөздер көп айтылады менің тарапымнан да былай өмірде бірақ барлығымыз айтамыз ол сөзді қолданамыз да связка слов деп айтамыз ғой но көбісі оны аудиторияға көрсетпейді,енді сөзін ашағ керек анайы сөздерде қолданам ғо мен блогымда анайы сөздер көп айтылат мен тарапыннан да былай өмірде бірақ барлығымыз айтамыз ол сөзде қолданамызда свяскслоқта айтамыз ғол но көбісі оны аудиторияға көрсетпейт,0.4444444444444444,0.11203319502074689,36
train-00004-of-00048_000488,ал мен сол шынайылығыммен алып қалған сияқтымын аудиторияға қалай бар солай сөйлеймін ойымды тіке ашық айтамын өзімнің өмірім мынандай роскошь қылып ойбай те керемет шетел метел у деп көрсеткім келмейді де,амен сол шынайлығы мен ап қалған сияқтын аудиторияға қалай бар солай сөлеймін ойымды тікке ашық айтамын өзімнен өмірімнандай рос қышқалап ойбай те керемет шетел метел у де көрсеткін келметті,0.5483870967741935,0.14146341463414633,31
train-00004-of-00048_000489,қалай бар қарапайым өмір,қалай бар қарапайым өмір,0.0,0.0,4
train-00004-of-00048_000490,менде лайф формат қой бастан оны инстаграмда жүргізе алмаймын,مندي لايف فارمة قوبصن إنستgرام جز,1.0,0.9180327868852459,9
train-00004-of-00048_000491,тоқсан пайызы шынайы деп айта аламын,тоқсан пайсшын аиде байталам,0.8333333333333334,0.3888888888888889,6
train-00004-of-00048_000492,сондықтанбай,تسمسي,1.0,1.0,1
train-00004-of-00048_000493,қалған он пайыз енді жеке өміріме қатысты,қалған оны паэзенді жеке өміріме қатысты,0.42857142857142855,0.0975609756097561,7
train-00004-of-00048_000494,андайда мен аудиторияма негатив шашқым келмейді де,андайда мен аудиторияма негатив шашқымгенмекті,0.42857142857142855,0.16,7
train-00004-of-00048_000495,аха,,1.0,1.0,1
train-00004-of-00048_000496,сен де жаңағы сау сиырдың боғы емессің ғой деген сияқты әңгімелер айтыватады ғой мен ол кезде өзімді ақтап анадан да жамандағым келмейді де сол үшін көбіне он пайыз,сенде саусиердің боғ мессіңғо деген зияқты әңмедарайт отады ғо мен ол кезде өзімді ақтап ан адамда жамандағым келмейтті сол үшін көбіне он пайыз,0.5714285714285714,0.20121951219512196,28
train-00004-of-00048_000497,менің өмірімде болған адамдар туралы шындықты жасырып қалатынмын,менің өмірімде болған адамдар туралы шындықты жасырып қалатын,0.125,0.046875,8
train-00004-of-00048_000498,мен өзіме жаман нәрсені қабылдай беремін маған жаман реакцияны өзімдікін қабылдай беремін да,мен өзіме жаман нәрсен қабылдай берем маған жаман реакцияны өзімедкен қабылдай берем да,0.3076923076923077,0.08695652173913043,13
train-00004-of-00048_000499,но ана екінші тараптағы адамдарды жамандап аудиторияға өтіп негативіне шашқым келмейді,но ана екінші тараптағы адамдарды жамандап аудиторияға өтіп негативііні шашкібгенметті,0.2727272727272727,0.11627906976744186,11
train-00004-of-00048_000500,иә жасыруға тырысамын,上四路我的上,1.0,1.0,3
train-00004-of-00048_000501,а так былай өзіме қатысты тоқсан пайыз полный шындық,атак бұлай өзіме қатысты тоқсан пайыз полыне шындық,0.4444444444444444,0.09615384615384616,9
train-00004-of-00048_000502,өзің,,1.0,1.0,1
train-00004-of-00048_000503,мен өзім кішкене тас жүректеумен көп нәрсені қатты жүрекке қабылдамаймын да,мен өзім кішкен тас жүректеуі мен көп нәрсені қатты жүрекке қабылдамайымда,0.45454545454545453,0.08,11
train-00004-of-00048_000504,барлығын енді и өмір ғой,барлығыненде өмір ғой,0.6,0.16666666666666666,5
train-00004-of-00048_000505,м,,1.0,1.0,1
train-00004-of-00048_000506,мүмкін сол үшін шығар,يمكن صوشش,1.0,0.9523809523809523,4
train-00004-of-00048_000507,иә негізгі иә,你怎,1.0,1.0,3
train-00004-of-00048_000508,әян,إيا,1.0,1.0,1
train-00004-of-00048_000509,әлі кәсіби емес сияқты кімнің өзі ме,الكحسبيمسوزمي,1.0,1.0,7
train-00004-of-00048_000510,азы ма негізі негізі,азыма негізі негізі,0.5,0.05,4
train-00004-of-00048_000511,бір он шақты адамдай бар олар,بر оن شقт ادمدي ورالل,1.0,0.7931034482758621,6
train-00004-of-00048_000512,әрқайсысының,әрғайсыны,1.0,0.3333333333333333,1
train-00004-of-00048_000513,және жеке қызметі бар оның көбісі камерада көріне бермейтіндер деп айтады,ее жеке қызметі ары оның көбісі камерада көріней бермейтіндер дебақтан,0.45454545454545453,0.1506849315068493,11
train-00004-of-00048_000514,мысалы,مصاو,1.0,1.0,1
train-00004-of-00048_000515,енді біреу жаңағыдай үйде көмекші деген сияқты үй жұмысына көмектеседі біреуі жанымда жүреді,енді біреу жанағдай үйде көмекші деген сияқты үйжұмысына көмектесет біреу жанымда жүреді,0.38461538461538464,0.06521739130434782,13
train-00004-of-00048_000516,қалаларға басқа жақтарға кеткен кезде көмектесу керек болады енді концерттер аз маз болыватады ғой сол кезде жанында жүретін адам киімдерін қарап заттарын тексерді деген сияқты мобилографтары бар иә мобилограф монтаж жасайтын адамдар аха видеограф бар рилстерді мысалы видеографпен түсіріп жатамыз видеографтар бар а одан бөлек жаңа инстаграмда қарап отыратын хакер деп айтамыз ғой хакер бар енді инстаграмда жұмыстамауда одан бө,қалаларға басқа жақтарға кеткен кезде көмектесу керек еді концерттер азмаз болып атадғ сол кезде жанымда жүретін адам кейімдерімді қатарын тексеріптегег вдеогрф бар релстар салы видеогрфпен түсіріп жатамыз вдеогфтр б одан бөлек нгамды қара отыратын хаккердеп айтамызғ хаккер бар енді нгм жұмысыад ода блек,0.6666666666666666,0.34965034965034963,60
train-00004-of-00048_000517,иә бір айтишник деп айтқан дұрыс енді өздерін бірақ енді хактер деп айтады ғой жалпы,иә бір айтешірдеп айтқандасы енді өздерін бірақенді хаккердеп айтады қо жалпы,0.6,0.16666666666666666,15
train-00004-of-00048_000518,иә иә иә мен енді активныймын болсын ішкі кеңістерімде постоянно маған бан береді да,iyayaya menendi aktivinin buzlişki ensterimdi pastayanı maga bam beritti,1.0,0.9047619047619048,14
train-00004-of-00048_000519,үнемі сөйтіп жаңағыдай,يزيد وج فضية,1.0,0.9090909090909091,3
train-00004-of-00048_000520,назарына қойып қоямыз да қарап отыр парақшаны,назарына коп қоямызда қарап отыр парақшаныд,0.5714285714285714,0.1111111111111111,7
train-00004-of-00048_000521,иә кәдімгідей үлкен жұмыс одан бөлек сосын жаңағы мен бұрын,ә кәнімуде үлкен жұмыс одан бөлек сосын жаңағы мен бұрын,0.2,0.0847457627118644,10
train-00004-of-00048_000522,оптом товарлармен айналыстым әлі де айналысамын,optum tavarlarmen aynalıstım elde aynalsam,1.0,0.9148936170212766,6
train-00004-of-00048_000523,сол скаттағы тауарларды сататын менеджер қыздарым бар жұмыс жасайтын да,сол сқаттағы тауарларды сататын мәнәжер қыздарын бар жұмыс жасайтынды,0.5,0.09859154929577464,10
train-00004-of-00048_000524,одан бөлек инстаграмда жа жауап беретін менеджер қыздар бар,қодамды лек инстаграмда жажауып беретін мәне жырғыздарба,0.7777777777777778,0.23728813559322035,9
train-00004-of-00048_000525,тыныштамайды менің өмірім бұл деген нәрсе,とスかマメもるボてい思んで,1.0,1.0,6
train-00004-of-00048_000526,жылайым да бұл,a bu,1.0,0.9285714285714286,3
train-00004-of-00048_000527,жоқ әлде бұл иә,جoғardi bul yaya,1.0,1.0,4
train-00004-of-00048_000528,сен жүкті болып өз өміріңмен ойнап хайп жасау деген өте қате сияқты мен үшін,сен жүкті болып өз өміріңмен ойнап қайып жасау деген өте қате сияқты мен үшін,0.07142857142857142,0.02631578947368421,14
train-00004-of-00048_000529,оны хайп қылып жасамайсың но халық хайп деп қабылдайды,оны хайып қылда самайсын но халық хайып деп қабылдайт,0.5555555555555556,0.16666666666666666,9
train-00004-of-00048_000530,қабылдайды енді бәрі емес енді мынау басым көпшілігі солай қабылдайды,қабылдайт ені бәрі емес ені но басым көпшілігі сой қабылдайт,0.6,0.17391304347826086,10
train-00004-of-00048_000531,әдейі жасаған,عديجة صغا,1.0,0.9230769230769231,2
train-00004-of-00048_000532,иә,lie,1.0,1.5,1
train-00004-of-00048_000533,мен ештеңе демеймін жігітім бірдеңе демеймін как видео есебіне салып қоямын өздері әкетеді ғой,мен іштеңе демейымкүі қайынде атырым жігіттін бірдеңе демейым как видео исебенде салыпқа өздер әкетеді ол,0.7857142857142857,0.3723404255319149,14
train-00004-of-00048_000534,алып кетеді әрі қарай өз өзімен жаңағыдай хайп болып кетеді де,алып кетет әрқара өз өзімен жаңағыдай қайполып кететта,0.6363636363636364,0.20967741935483872,11
train-00004-of-00048_000535,а так жаңағындай ұйымдастырылған ондай нәрсе болған жоқ мысалы жақында да болған кезде мың бір роза берді ғой көрген шығарсың примерно затыңнан инстаграмнан,атақ жаңада ұйымдастырылған ондай нерсе оған жоқ мсал жақында да болған кезде мың бір оза берді ол көргеншасын премлеріне затынан инстаграммнан,0.5652173913043478,0.16025641025641027,23
train-00004-of-00048_000536,сол кезде бәрі хайп хайп деп сөйтеватыр да,so biзe bәrі hayыp hayыp de sүйdеbatыrda,1.0,0.7619047619047619,8
train-00004-of-00048_000537,мың борозаны өзі сатып алды там өзі жасай салды деп те а негізінде ол бізде жаңағы стрим білесің ғой тик токта отырамыз стримде ұтылып қалып сол кезде жаңағыдай ұтқан адам енді сұрайды ғой бір нәрсе,мың бір озаны өзі сатып алды там өзі жасайсалық деп та анегізінде ол бізде жаа стрим білесің озң тек токта отырамыз стримді ұтылып қалып сыкөзде жаңадай ұтқан адам мен сұрайдыо бір нәрсе,0.4857142857142857,0.13636363636363635,35
train-00004-of-00048_000538,приколға мың бір роза деп айта салған,приколға мың быроза деп айта салғам,0.42857142857142855,0.10810810810810811,7
train-00004-of-00048_000539,сол кезде,送给姐,1.0,1.0,2
train-00004-of-00048_000540,алып берді сөйтіп иә соны алып беріп сол өзінің енді несін жасап тұр ғой заданиясын жасап тұр ғой а оны адамда жаңағыдай қайып қылып қабылдайды ол ешқандай да қайып емес өйтіп оны екі жыл бұрын уәде берген ол,тіп соны алып беріп сол өзінің енді несін жасап тұрғызаданиясын жасап тұрғы а оны адамдар жаңағыдай қайып қылып қабылдайт ол ешқандайда қайбеміз ите оны екі жыл бірін уәде берген ол,0.4473684210526316,0.1875,38
train-00004-of-00048_000541,енді мың бір бір роза деген оңай,y ma berbr rosa deke onayim,1.0,0.90625,7
train-00004-of-00048_000542,я иә иә,ياي,1.0,1.0,3
train-00004-of-00048_000543,көрсетіп жатқандар көрсеткеннің кесірінен не істесең де бәрін хайптей береді де,өлсеткеннің кейсірінен неістесеңде бәрін қайптей беретті,0.9090909090909091,0.379746835443038,11
train-00004-of-00048_000544,үйреніп қалды ет үйреніп қалды,رنقا tرn قال,1.0,0.9333333333333333,5
train-00004-of-00048_000545,ештеңе демеймін әрі қарай видеоларымды салып жалғастырып жүре беремін,işçin edemeyim ergarre videolarım salıp sal hastıra züreverim,1.0,0.9130434782608695,9
train-00004-of-00048_000546,ринь,海لن,1.0,1.0,1
train-00004-of-00048_000547,комментарияларды оқимын,كمدردووقيم,1.0,1.0,2
train-00004-of-00048_000548,кітаптарда да,tardada,1.0,1.0,2
train-00004-of-00048_000549,вопросы қоямын сұрақтарына жауап беремін менде коннект жақсы аудиториямен,вопросы қоямын сұрақтарына жауап беремін менде конект жақсы ауди торамен,0.3333333333333333,0.0547945205479452,9
train-00004-of-00048_000550,тікелей аны ашық сөйлесемін де қалай бару ойымды солай айтамын комментарияларды кейде оқимын енді всегда емес енді уақыт жоқ оның каждыйын жағдай қарап отыруға да но қолын тиген кезде босаған кезде тикток болсын инстаграм болсын екеуінде де комментарияларды қарап отырамын,келек ам ашық сөйлесемінді қалай бар ойымы солай айтам комментариларды күде оқим нісигдай емес енді уақыт жоқ оның қаждын жада қара отырға да на қолым тиген кезде болсаған кезде тикток болсын инстаграм болсын екеуіндегде комментариларды қара отрғ,0.6,0.14705882352941177,40
train-00004-of-00048_000551,қой қайдан маған талап қатынды дейді ғой,파이다 마 더ら같니도,1.0,0.95,7
train-00004-of-00048_000552,жоқ жоқ сен оны,女セのの,1.0,1.0,4
train-00004-of-00048_000553,яғни сен,ياغنسن,1.0,1.0,2
train-00004-of-00048_000554,иш,يش,1.0,1.0,1
train-00004-of-00048_000555,бәріне бұйырыватыр деп иә,رري,1.0,1.0,4
train-00004-of-00048_000556,ммм,嗯,1.0,1.0,1
train-00004-of-00048_000557,ондайлар біздің қаламызда да көп өзіміздің ақтолда да үй жоқ,ондайлар біздің қаламыздада көп өзіміздің ақтабзада үйі жоқ,0.5,0.1,10
train-00004-of-00048_000558,бірақ жаңағындай үй бар сияқты қылып үй алдым деген сияқты қылып көрсетеді көлігі жоқ,бір ажанды үйі бар сияқта қалап үйі алдым деген зияқталып көрсітеді көлігі жоқ,0.6428571428571429,0.2235294117647059,14
train-00004-of-00048_000559,бірақ көлік алдым деген сияқты көрсетеді да,бірақ көлік алдымын деген сияқталш көрстетті,0.5714285714285714,0.2558139534883721,7
train-00004-of-00048_000560,а менде керісінше мен бар нәрсені көрсетпеймін,аменде керсінше мен бары нарсені көрсетпен,0.8571428571428571,0.15217391304347827,7
train-00004-of-00048_000561,ондай нәрсеме мақтанғым келмейді де,ундай насiе мактан кумгелмiктa,1.0,0.5142857142857142,5
train-00004-of-00048_000562,арғы жақта енді аудиторияңда білмейсің ғой кімде қандай жағдай болып жатыр да,арығ жақтай енді аудиторияңда білмейсі кімде қандай жағдай болып жатырды,0.5,0.12987012987012986,12
train-00004-of-00048_000563,барлық блогер әдемі өмір сүріватыр ойбай тек олар үлде мен бүлдеге ораныватыр деп ойланы ойлап мысалы көбіне күйеулеріне ренжитіндері бар,барлық блогер әдемі өмір сүріп атыр ойбай тек олар үлде мен бүлдеге ораны атыр деп ойны ойлап мысал көбіні кеулер неренжетіндері бар,0.45,0.08759124087591241,20
train-00004-of-00048_000564,ананы қарашы күйеуі қалай гүл алып беріватыр анаң қараш мың бір роза берді оны ешкім білмейді мысалға да по факту ар жағында қалай екен ол шынымен сол үйде алдыма машина алдыма білмейді ғой бірақ күйеуіне ренжиді соның арасында конфликт пайда болады ғой сол үшін мен көп нәрсені көрсетің айтпын мен инстаграмнан көрген шығарсың ондай бір жаңағынд,анан қараш күйо қалай үлалып берыпаара расрочкеліг алыбатым он ишкім білмейті мысалға да пофактуажады қаен олшынмен сол үйді алдыа мәшан алдыма білмейді бо бірақ күйюуіні рендит соң арасды конфликт пайдаоды солшымен көпнәсен крсетімет ме инстаграммнан көрген жарсың ондай бір каадай мақтанатындай ме андай алдым й адамдар деген зияқты әнмен ишқандай контент салмайн шынайлық бұрысы күнделікті өмір,0.9821428571428571,0.6184971098265896,56
train-00004-of-00048_000565,былай былай жүз түр сым сосын аудиториямен коннект болды,бұл аймлай жүз тұрсым сосы аудиториямен қае болды,0.6666666666666666,0.25,9
train-00004-of-00048_000566,сол жаңағы блогерлердің осылай өзінде жоқ нәрсені бар қылып көрсеткенінің кесірінен бүкіл блогерді бай қылып қабылдайды да,сол жаңаға блогерлердің осылай өзінде жоқ нәрсенін барғып көрсеткеннін кесерінен бүкіл блогерді байғылып қабылдайтты,0.5882352941176471,0.13114754098360656,17
train-00004-of-00048_000567,арасында қаншамасы қаңғып жүргенін де білеміз ғой,о арасында қанчамас қаңгу жүргенде білеміз ғо,0.8571428571428571,0.22448979591836735,7
train-00004-of-00048_000568,иә оның барлығы мәселе,ә оның барлығымыз,0.75,0.3181818181818182,4
train-00004-of-00048_000569,әйямын,أي,1.0,1.0,1
train-00004-of-00048_000570,бар енді бізде андай ғой,баr иndе бizyandaйгo,1.0,0.75,5
train-00004-of-00048_000571,үлкен жаңағы аға,الكinجnaغa aغa,1.0,0.9375,3
train-00004-of-00048_000572,ағалары бар енді солар деген,ағалар бар енді солар деген,0.2,0.03571428571428571,5
train-00004-of-00048_000573,намысқа тырысып,намыз қатырсып,1.0,0.26666666666666666,2
train-00004-of-00048_000574,біздің батыстың қыздары ондай болмау керек деп енді мен бәрін ашық айтамын анайы сөздер қолданамын ғой,біздің батыстың қыздары ондай болмау керекті бейніме бәрдын ашық айтамы анайы сөздері қолданамго,0.5625,0.17647058823529413,16
train-00004-of-00048_000575,намыстанатын ағалар бар,намыстынатыны ағалар бар,0.3333333333333333,0.08695652173913043,3
train-00004-of-00048_000576,өйтіп біздің батысымызды көрсетпе дегендей қылды да,өйтіппіздің батысымызды көрсетпе дегенде қылыпты,0.7142857142857143,0.13725490196078433,7
train-00004-of-00048_000577,бірақ енді тек жаңағы батысымызды емес бүкіл қазақстан жалпы барлық адам,бірақ енді тек жаңағы батысымызды емес бүкіл қазақстан жалпы барлық адам,0.0,0.0,11
train-00004-of-00048_000578,солай ана тілде сөйлейді ғой,عنايتلديسليد,1.0,1.0,5
train-00004-of-00048_000579,просто менің солай шынайы көрсеткенім,прысты мен соай шынай көрсеткенім,0.8,0.16216216216216217,5
train-00004-of-00048_000580,а ұнамайды,onamaydı,1.0,1.0,2
train-00004-of-00048_000581,аха,,1.0,1.0,1
train-00004-of-00048_000582,батыстағы кішкене ағаларымызға а кейбіреулері бар түсінетін,батыстағы кішкене ағаларымызға а кейбірулері бар түсінетін,0.14285714285714285,0.01694915254237288,7
train-00004-of-00048_000583,дұрыс бетке айтады тіке айтады өзін жаңағыдай өтірік адамның кейпінде танытпайды қалай бар солай көрсетеді деп қолдайтындар да бар бірақ солай қолдамайтындар да кішкене жаңағыдай біздің батысымызға кір келтіріватсың деген сияқты сөздер айтатындар да жоқ емес,дұрыс бетке айтат тікке айтат өзін жаңағыдай өтірік адамның кейпінде танытпайт қалай бар солай көрсетет деп қолдайтындарда бар бірақ солай қолдамайтындарда кішкене жаңағдай біздің батысымызға кіркелтірбасың деген сияқты сөздір айтатындарда жоғ емес,0.4444444444444444,0.07364341085271318,36
train-00004-of-00048_000584,қолдай,قولدى,1.0,1.0,1
train-00004-of-00048_000585,иә қолдаймын,ي قلي,1.0,0.9166666666666666,2
train-00004-of-00048_000586,адам өмірге бір ақ рет келеді ғой нені қалайды не істегісі келеді барынша қолдау білдіруге тырысамын мен,қалайнежаенді адам өмірге бір ақрет келеді қо нені қалайда не істегісі келеді барынша қолдау білдіруге тырсанмен,0.4117647058823529,0.21153846153846154,17
train-00004-of-00048_000587,өзін қалай көрсетеді егер өзі көтере алатын болса сол негативті жаман реакцияны көтере алатын болса,өзін қалай көрсес егер өзі көтер алатын болса сол негативті жаман реакцияны кутер алатын болса,0.2,0.0707070707070707,15
train-00004-of-00048_000588,онда жасай бер,我们的是赛越,1.0,1.0,3
train-00004-of-00048_000589,мен қарсылық танытпаймын,meн qаршлыk таныtтаm,1.0,0.5,3
train-00004-of-00048_000590,жалпы мен өзім андаймын да балаларымды өтіп шектеуде өсіргім келмейді,жалпы мен өзім андаймында балаларымды шектеуде өсіргім келмейт,0.4,0.11594202898550725,10
train-00004-of-00048_000591,өзімнің қалаған ережеммен балаларыма осылай жаса осылай жүр деп айтқым келмейді,өзімнің қалаған ережеммен балаларыма осылай жаса осылай жүр деп айтқым келмейті,0.09090909090909091,0.012658227848101266,11
train-00004-of-00048_000592,әр адам жеке тұлға ғой,أرادا مجيكي طلغغو,1.0,0.9545454545454546,5
train-00004-of-00048_000593,сен анасың иә баланы босандың иә өмірге әкелдің де бірақ әрі қарай өміріне араласып оның қалауына қарсы келу дұрыс емес деп ойлаймын неге екенін айта кетейін осы тарапта,анасың ия баланы болсандың ия өмірге әкелдің да бірақ әрқарай өміріне араласып оның қалауына қарсы келу дұрс еместе олең нег еккен айта кетейн остарапты,0.5714285714285714,0.16568047337278108,28
train-00004-of-00048_000594,кезінде мен негізі,кезінде ме негізі,0.3333333333333333,0.05555555555555555,3
train-00004-of-00048_000595,өнер жолына түскім келген қатты мен соны қаладым өзімнің ішкі жандүнием бірақ бізде енді үлкендер жағы,өнер жолына түскім белген қатты мен соны қаладым өзіммен ішке жаңдынем бірақ бізд енді үлкендер жағы,0.3125,0.08823529411764706,16
train-00004-of-00048_000596,баяғы енді ссср да өмір сүріп қалған не істейсің ол жақтан нан жоқ қан қып жаңа экранның алдында не керек деп түсінбейді ғой енді ондай жолда сөйтіп мені дипломатқа түсірді ғой иә халықаралық қатынастар оқыдым оқыдым дипломатты қазір дипломатпын ба жоқ,баяқ ынді сысырды өмір сүріп қалған мистесің ол жақтан ан жоқ қаңғып ж экранның алдында мегерек деп түсінбейді ғоенді ондай жолда сүйтіп мені дипломатқа түсірді ғооқыдым дипломатты каз дипломаттын бажқ,0.6097560975609756,0.2619047619047619,41
train-00004-of-00048_000597,бәрібір де енді блогерді бір өнерге бір жақындау соның бір ішіндегі сала деп айтар едім менде,бәрібірде енді бұл өгерді бір өнерге бір жақындау соның бір ішіндегі сала деп айтаредінменде,0.4375,0.07526881720430108,16
train-00004-of-00048_000598,бізде енді халық қарайды аудитория бар деген сияқты енді әнші актриса болмасақ та сол өнер адамдарына ұқсайды біздің өміріміз,біз дейенді халық қарайт аудитория бар деген сияқтыенді әнші актриса болмасақта сол өнер адамдарына ұқұсайды біздің өміріміз,0.42105263157894735,0.056,19
train-00004-of-00048_000599,ақыры сол бағытқа қарай келе жатырмын да,ақыр сол бағытқа қара келе жатырмында,0.5714285714285714,0.075,7
train-00004-of-00048_000600,сол кезде мен ойладым,소그 지이고려द,1.0,0.9523809523809523,4
train-00004-of-00048_000601,негізі ана ата ана қарсы болмау керек екен,негізді ана ата на қарсы болмеу керек екенд,0.5,0.09523809523809523,8
train-00004-of-00048_000602,бала нені қалайды соны істеткен дұрыс екен,бала нені қалайда соны істеткен дүрс екен,0.2857142857142857,0.07142857142857142,7
train-00004-of-00048_000603,себебі мен дипломат не істедім дипломатқа оқыдым жұмыс жасадым сол дипломат мамандығымен де,себебімен дипломат нестедім дипломатқа оқыдам жұмшысадымыз ол дипломат мамандығы менде,0.7692307692307693,0.15384615384615385,13
train-00004-of-00048_000604,жұмыс жасаған кезде бір өзімде андай бір,smsangzibr uزmdandbr,1.0,0.975,7
train-00004-of-00048_000605,не в своей тарелке дейді ғой солай сезіндім,니소의 다리어게이도고 소 시은점,1.0,0.9302325581395349,8
train-00004-of-00048_000606,бір күнде бір дискі бүйтіп шайналыватырған сияқты а мен адреналин адаммын ғой каждый раз новая эмоция керек новая реакция керек деген сияқты,бір күнде бір дискібейтп шайналып отарған сияқты а мен адринәлинеандалама ғо кажерас новы эмоция керек нови ракция керек деген сияқты,0.5,0.18571428571428572,22
train-00004-of-00048_000607,сөйтіп ақыр уақытта жұмыстан шығып кеттім де тик ток түсіріп бастадым ғой жаңағыдай,siti aqыr uyяqta жumslan sыk betinda tiklok tir boslazmosaaday,1.0,0.8674698795180723,13
train-00004-of-00048_000608,штордың артында содан басталып кетті ғой бәрі,штордың артында содан басалы боттоғы бәрім,0.5714285714285714,0.2,7
train-00004-of-00048_000609,тұлғалық ерекшелік,тұлғалық ерекшілік,0.5,0.05555555555555555,2
train-00004-of-00048_000610,қазіргі балаларға вообще қарсы бола алмайсың соны айтамын қазіргі балалар сені тыңдамайды да қыстырмайды да біздер ғой баяғыда тыңдап,қазіргі балдарғы бапше қарсы болалмайсым сонайтқазіргі балдар сен тыңдамайтта қыстырмайтты біздерғо баяғда тыңдапе,0.8947368421052632,0.2556390977443609,19
train-00004-of-00048_000611,тәрбие беру деген өзінің осы өмірдегі,тәрби беру деген өзінің осы өмірдегі,0.16666666666666666,0.02702702702702703,6
train-00004-of-00048_000612,көрген,كركiن,1.0,1.0,1
train-00004-of-00048_000613,неше түрлі жолдарың бар ғой,нишетүле жолдарң барғо,1.0,0.25925925925925924,5
train-00004-of-00048_000614,жақсы кезеңдерің бар жаман кезеңдерің бар сол кезден алған сабақтарыңды өзіңнің өмірлік тәжірибеңді балаңа айтып,жақсы кезеңдерің бар жаман кезеңдерің бар сол кезден алған сабақтарыңды өзіңін өмірлік тәжірбеңді балаңа айтып,0.13333333333333333,0.026785714285714284,15
train-00004-of-00048_000615,мен осылай жасағанда осы жерде қате кеттім,мен осы жасағында осы жерде қате кеттім,0.2857142857142857,0.09523809523809523,7
train-00004-of-00048_000616,сен ондай қателік жасама деп сен тәрбиеңді бересің ол әрі қарай қалай қабылдайды ол уже балаға байланысты кейде байқайсың мынандай адамдар әке шешесі өте күшті тәрбиелі айтатын сөз жоқ ана әке шешесіне де,сен ондай қателік жасама деп сен тәрбиңді бересің ол әр қарай қалай қабылдайды ол ужы балаға байланысты кейдеп айқайсың мандай адандар баттап әкесшесі өтке күшті тәрбиелі ам айтатын сөз жоқ ғана әкесшесінеда,0.45454545454545453,0.1323529411764706,33
train-00004-of-00048_000617,бірақ баласы,бірақ баласы,0.0,0.0,2
train-00004-of-00048_000618,оң бағыт,我板,1.0,1.0,2
train-00004-of-00048_000619,сөздің ащы,这是怎小,1.0,1.0,2
train-00004-of-00048_000620,бірақ ана әке шешесіне қалай мынандай адамдардан мынандай бала шыққан деп ойланып қаласың ғой,бірақ ана әкешесіне қалай нандай адамдардан нандай балашыққан дай ойланып қаласың ғо,0.5714285714285714,0.11827956989247312,14
train-00004-of-00048_000621,ол енді әр адамның қабылдауына байланысты,ол енді айрадам қабыл дауына бойланызда,0.6666666666666666,0.2682926829268293,6
train-00004-of-00048_000622,қалай қабылдайды енді соған байланысты ғой барынша енді өзіңнің иә өзіңнің енді өмірлік жолыңды тәрбиеңді айтасың барынша жақсы нәрсе жақсы болғанын қалайсың ғой жақсы нәрсені айтасың бірақ әрі қарай да ол адамның өзінің қабылдауына байланысты да,қалай қабылдайды енді соған байланыстыбарынша енді өзімніңя өзімнің енді өмірлік жолыңды тәрбиіңді айтасың барынша жые жақсы болған қалайсың жақсы нәрсені айтасың бірақ әрі қарайда ол адамның өзінің қабылдауына байланысты да,0.3611111111111111,0.10569105691056911,36
train-00004-of-00048_000623,сен оған ешнәрсе жасалмайсың оның жаратылысы жаңағыдай капризный болатын болса ол бәрібір де сені тыңдамай кетеді,сен оған ішнерсле сыламайсің оң жаратылсы жаңадай капризни олатын болса ол бәрібірде сен тыңдама кететің,0.75,0.18584070796460178,16
train-00004-of-00048_000624,енді болары болады дейсің бе,енді болары болады дизін бі,0.4,0.17857142857142858,5
train-00004-of-00048_000625,иә аман болсын деп иә көрсін деп бір күні тәубесіне келер деп қоясың ғой,аман болсын деп ә көрсін депбірбіні тәубесінде келердік қоясың ғол,0.6428571428571429,0.18055555555555555,14
train-00004-of-00048_000626,абай жолын оқыту,абай жол ноқту,0.6666666666666666,0.1875,3
train-00004-of-00048_000627,тек біз білмейміз ғой тәрбиенің ортасы да бар ғой оның достары да бар а қазіргі орта қандай,тек бізулемізға тәрбияна ортасыз да барға он достарда бар а казіргі орта қандай,0.6470588235294118,0.21978021978021978,17
train-00004-of-00048_000628,палыс,跑死,1.0,1.0,1
train-00004-of-00048_000629,кім таңдағанмен енді сен қалада тұрыватсың бәрібір де ол балаңды алып ауылға кетіп қалып ауылдың мектебіне беріп қарап отырмайсың ғой,кім таңдаға мен енді сен қалда тырпатсың бар те ол балаңдаалып ауылға кетіп қалып ауылдың ектебене беріп қарап отырмайсім ғо,0.55,0.13533834586466165,20
train-00004-of-00048_000630,амал жоқ сол қаладағы өзіңнің көшеңдегі мектепке бересің,амал жоқ со қаладағы озуның көшеңдегі мекепке бересің,0.375,0.10714285714285714,8
train-00004-of-00048_000631,сол ортаға байланысты кіммен танысады кіммен дос болады жаңағы анандай сөз бар ғой досыңды әкел мен сенің қандай екеніңді айтамын дейді ғой иә,сол ортаға байланысты кіммен таныса кіммен доспа ж андай сөз барғы досында келмесен қандай экеңіңде айтамдүйді,0.6956521739130435,0.28169014084507044,23
train-00004-of-00048_000632,тура сол сияқты қазіргі барлығы пафос,тура солсияқта қазіргі балдардың барлығы павт,0.6666666666666666,0.40540540540540543,6
train-00004-of-00048_000633,инстаграмға текті қатты әсер етіватқан сияқты соның барлығына,i nstagrama kikto qatta əsir zatxan cehti sonun varlığınar,1.125,0.9016393442622951,8
train-00004-of-00048_000634,а,啊,1.0,1.0,1
train-00004-of-00048_000635,елбай,il pay,2.0,1.2,1
train-00004-of-00048_000636,басында әрине барлығы пайдакүнемдер болды,басында рене барлығы пайда күнемдер болды,0.6,0.07317073170731707,5
train-00004-of-00048_000637,пайда үшін сен тек,画迎的是性,1.0,1.0,4
train-00004-of-00048_000638,пайдаланып кету сенің,パイdlンdきとうちの,1.0,1.0,3
train-00004-of-00048_000639,аха,,1.0,1.0,1
train-00004-of-00048_000640,менің подружкам мысалға сексен алтыншы жылға,мен падрушклар мысаға сексен алтынжы жылғы,0.8333333333333334,0.20454545454545456,6
train-00004-of-00048_000641,тоқсан тоқсан бірінші жылы өзім тоқсан жетім ғой хотя барлық подругаларым үлкен,тоқсан тоқсан біріншілық өзім тоқсан жетіммқатя барлық қадурғаларымы үлкен,0.5,0.21518987341772153,12
train-00004-of-00048_000642,и ортам андайда саған болсын деп тұрады қазіргі,э ортам андайда саған болысын деп тұраты қазіргі,0.375,0.06382978723404255,8
train-00004-of-00048_000643,қазіргі орталық иә кезіндегі емес кезіндегілер келең жаңағыдай пайда іздеп қалған сондай ғой өтірік мақтайды да сыртыңа барып даттайды ғой,қазіргі оқтатыя кезіндегі емес кезіндегілер келең жаңада пайда зеп қалған сондай қо өтірік мақтайтта сыртың абарып таттайдығо,0.55,0.15942028985507245,20
train-00004-of-00048_000644,а қазіргі ортам саған болсын деп тұрады құрттай бір жаңағыдай нем болыватады ма той томалақ бір қуаныш деп айтамыз ғой,а қазіргі ортам саған болысын деп тұрад құрттай бар жаңа ғдай нен бол ата ма той томала қ бір қуанішдеп айтамыз ғо,0.65,0.11864406779661017,20
train-00004-of-00048_000645,хотя бәрі алматыда қызылордада астанада жан жақта,хатя бәр алматыда қызлордада астанада жан жақта,0.42857142857142855,0.061224489795918366,7
train-00004-of-00048_000646,кез менде еще ай сайын мереке ғой әйтеуір бірдеңе жасайын даже там ерінбей бәрі ұшып келеді,мендеше ай сайын мереке ғуайтер бірдеңе жасайындажтам ерімбей бәрі ұшып келет,0.625,0.2087912087912088,16
train-00004-of-00048_000647,жаңа жүргізіп жүргізіп жүрген,,1.0,1.0,4
train-00004-of-00048_000648,иә құрметі бөлек өте ерекше сондай бір жақсы жандармен доспын қазіргі кезде,ия құрметі өлек өте ерекше сондай бір жақсы жамдармен доспан қазіргі кезде,0.3333333333333333,0.05333333333333334,12
train-00004-of-00048_000649,аха,,1.0,1.0,1
train-00004-of-00048_000650,иә жақсы,,1.0,1.0,2
train-00004-of-00048_000651,айтқан,айтқан,0.0,0.0,1
train-00004-of-00048_000652,тілін алмады ма иә,تلنالمادميا,1.0,1.0,4
train-00004-of-00048_000653,әдейін отырғызып кеткеннен кейін басыма тигеннен кейін барып түсіндім ғой,әрден отырғызып кеткеннен кейін басыма тегеннен кейін бартысындым о,0.5,0.1643835616438356,10
train-00004-of-00048_000654,аяяя,إيا أيا,2.0,1.75,1
train-00004-of-00048_000655,пока өзің қабылдамайынша қанша адам айтса да сен тыңдамайсың да оны,пака өзін қабылдамайынша қанша адам айтса да сен тыңдамайсың да он,0.2727272727272727,0.04477611940298507,11
train-00004-of-00048_000656,нағы,妈了,1.0,1.0,1
train-00004-of-00048_000657,шынайы достық па деп айта алмаймын себебі мен блогер қыздармен қатты жақын дос емеспін араласамын,шынай достықпар деп айталмаймын себебімен блогерқыздармен қатты жақын дос емеспен арласамын,0.7333333333333333,0.09278350515463918,15
train-00004-of-00048_000658,аха,,1.0,1.0,1
train-00004-of-00048_000659,енді ол араласқан адамның барлығын дос деп қабылдау дұрыс емес қой,енді ол арласқан адамның барлығын дос деп қабылдау дұрс емес қо,0.2727272727272727,0.045454545454545456,11
train-00004-of-00048_000660,былай жаңағыдай коллега деп айтамыз ғой коллектив қой бізде басқа коллектив жоқ қой әріптес есебінде араласамыз той томалақтарда бірге боламыз қуаныштарымызда төбемізді көрсетіп дастархандас боламыз,былай жаңағыдай коллега де айтамыз коллективбізде басқа коллектив жұқа әріптесі есебінде арласамыз тойтамалықтарда бірге боламыз қуаныштарымызда түенмізді көрсетіп дастархандас боламыз,0.48,0.11616161616161616,25
train-00004-of-00048_000661,бірақ жақын дос болып мен араласқым келмейді,бірақ жақын дос болып мен арласқым келмейті,0.2857142857142857,0.045454545454545456,7
train-00004-of-00048_000662,себебі себебі,谢喜弟分,1.0,1.0,2
train-00004-of-00048_000663,мына блогерлердің арасында құттай бір конфликт болып қала ма қандай,nаbлoгерлердиң арасында кұттай бир conфit опқалама қандай,0.8,0.31343283582089554,10
train-00004-of-00048_000664,инстаграм шығып анау маған бүйтті мынау маған сүйтті деп бәрін елге жариялайды да а мен ондай нәрсені жақтырмаймын,истарамшық анаумаған битті мынаумаған сүйтті деп бәрін елге жарилайты да амен ондай нәрсенін жақтырмайн,0.6666666666666666,0.14035087719298245,18
train-00004-of-00048_000665,менде де мысалы қаншама жаман нәрселер болды блогерлермен де бірақ ешқайсысын жаңағыдай айтып оны халықтың алдында шешіп не керек,мендеді мысал қаншама жаман нәрселері болды блогерлер мен да бірақ ешқайсын жаңадай айтып оны халықтың алдында шешпі некерек,0.631578947368421,0.10077519379844961,19
train-00004-of-00048_000666,екі адамның арасында ма жеке екі адам шешу қажет те осы нәрсені блогерлер шатастырып алады да,екі адамның арасындамы жеке екі адам шешу қажетті осы нәрсені бұлокелеша тастар боладты,0.5,0.20430107526881722,16
train-00004-of-00048_000667,айтсам да әй білесің ғой менің адресімді,мәтамді ей білесің ғой менің адырсымді,0.5714285714285714,0.225,7
train-00004-of-00048_000668,келшиш,كلشش,1.0,1.0,1
train-00004-of-00048_000669,екеуміз дұрыстап сөйлесейік көзбе көз екеуміздің арамыздағы мәселе халыққа не керек,екеміз дұрстап сөлесе көзбегөз екеміздің арамыздағы мәселе халыққа мегерек,0.7272727272727273,0.14457831325301204,11
train-00004-of-00048_000670,аха,,1.0,1.0,1
train-00004-of-00048_000671,оның бәріне жариялап не керек оның арасында өтірігі бар шыны бар да өзіңді өйтіп жақсы қылып көрсете алмайсың жаман болып қаласың бәрібір де,о бәріне жариялапынерік оның арасында өтірігі бар шынабарда өзіңді өйтіп жақсы қалып көрсіті алмайсың жаман буқ қаласың бәрі бірде,0.5217391304347826,0.14285714285714285,23
train-00004-of-00048_000672,біреуді жамандаватсаң да аудиторияңа,prude žaman dapatsen d auditoranga,1.25,0.9444444444444444,4
train-00004-of-00048_000673,сол себепті мен блогерлермен қатты жақын дос болғым келмейді,сол себепті мен бұлокерлермен қатты жақын дос боғым келмек,0.3333333333333333,0.1,9
train-00004-of-00048_000674,былай шеттен ғана араласамын,我 しってがな あлさん,1.0,0.8928571428571429,4
train-00004-of-00048_000675,бәрібір де,بار بردي,1.0,1.0,2
train-00004-of-00048_000676,мен ешкіммен бәсекелеспеймін,م ك을 بس كلسب,1.3333333333333333,0.9285714285714286,3
train-00004-of-00048_000677,мысалы мынандай таза,mısalomınan daye taza,1.0,1.0,3
train-00004-of-00048_000678,болған жоқпын,чу полганcу,1.0,0.9230769230769231,2
train-00004-of-00048_000679,байқасаң мен көбіне тренд деген нәрселерді вообще түсірмеймін,байқасаң мен көгіне трент деген нәрсреді бәпше түсірмей,0.625,0.21311475409836064,8
train-00004-of-00048_000680,видеоларды,videolardı,1.0,1.0,1
train-00004-of-00048_000681,тек енді қазіргі кезде өзімнің досым ба,дегенді қазіра кезде өзімнің досым бар,0.5714285714285714,0.15384615384615385,7
train-00004-of-00048_000682,бірге контент түсіріп жүрген сол қатты қарайды да трендтарды,бірге coнtент сүр жүрген со қатты қарайтта тренттарды,0.6666666666666666,0.23333333333333334,9
train-00004-of-00048_000683,аха,,1.0,1.0,1
train-00004-of-00048_000684,менің байқасаң контентім андай ғой тойға барамын,менің байқасан контенті мандайғо тойға барам,0.7142857142857143,0.14583333333333334,7
train-00004-of-00048_000685,тойда доллар шашыватырмын шеттен түсіріп алып сала салдым инстаграмға болды,тойда доллар шашыпатырым шеттен түсір бар сала салдым инстаграмқа ол,0.5,0.17333333333333334,10
train-00004-of-00048_000686,андай трендті қуып қазіргі кезде не зат хит болып жатыр соны жасайын деген ондай жоқ менде,андай трентті қуып қазіргі кезде незат хит бол жатыр соны жасайын деген ондай жоқменде,0.375,0.05555555555555555,16
train-00004-of-00048_000687,бір доллар біле ол енді,бірд олар али ол етді,0.8,0.30434782608695654,5
train-00004-of-00048_000688,жоқ бұл әрекет қой бұл жерде ақшаның сомасы емес,جقفو عركتقبجدي عقشا صمسيم,1.0,0.9375,9
train-00004-of-00048_000689,бізде маңғыстауда анандай шашу деген бар біз нағашы жақпыз ғой нағашы жақ міндетті түрде ақша шашады тек мен емес маңғыстауда барлық нағашы жақ солай жаңа жиеннің тойында міндетті түрде ақша шашады,бізде маңгыстауда андай шашу деген бар біз нағаш шақ пыз ғо нағаш шақ міндетті төрде ақшашат тек мен емес маңгыстауда барлық нағашы жақ солай жаңа жиіннің тойында міндетті төрде ақшашат,0.5161290322580645,0.116751269035533,31
train-00004-of-00048_000690,иә мен көрсетіп қалдым да и как будто тек мен шашқан сияқты болып қалдым атак бізде бәрі шашады оның деген любой тойда бар ондай шашу деген беташар болсын бәрін де шашамыз біздер маңғыстаулықта бір менталитетке айналып кетті деуге болады жоқ оған,я мен көрсетік қалдындай какпутта тик меншашқан сияқт оқ қалдым атак бізді бәрі шаша тыны деген лубойтойдабар ондай шашу деген биташар болсын бәрінде шашамыз біздер маңыз тауықта бір менталитетке айналып кетті деуде болат,0.6585365853658537,0.18292682926829268,41
train-00004-of-00048_000691,иә байқаған шығарсың,ي byقaغشen,1.0,0.95,3
train-00004-of-00048_000692,иә иә бәрі ақша бері секілді иә,य य पर आक ष व द स कटह,1.2857142857142858,0.8387096774193549,7
train-00004-of-00048_000693,ендігі сөзбен айтқан көрініп қалып тұр ма,ق,1.0,1.0,7
train-00004-of-00048_000694,олардың тарапынан барша,олардың тарапынан баслар,0.3333333333333333,0.13043478260869565,3
train-00004-of-00048_000695,ол блогерлердің тарапынан да,ол булогерлердин тарапынада,0.75,0.17857142857142858,4
train-00004-of-00048_000696,а мен ондайым жоқ,aminnda ymجu,1.0,1.0,4
train-00004-of-00048_000697,сен шақырама иә,ser sak ramaya,1.0,0.9333333333333333,3
train-00004-of-00048_000698,жаңағыдай араласпасам да сөйлеспесем де кезінде жаңағыдай мен туралы әңгімелер айтса да,жаңада арласпасанда сөлеспесемде кезінде жаңадайымен туралы әңмелер айтса да,0.6666666666666666,0.14942528735632185,12
train-00004-of-00048_000699,үндемей маған өзімнің жаңағыдай ниетіне арна қалдырамын,үндемен аған өзінің жаңадай ниетінее арына қалдырам,1.0,0.16363636363636364,7
train-00004-of-00048_000700,өзі көреді бір сәлемін,رسال,1.0,1.0,4
train-00004-of-00048_000701,иә иә отыра беріп ей мен сосын тойға барған кезде де анау болмау керек мен барған кезде мынау вообще ондай нәрсе айтпаймын мен адамдарды өйтіп рангқа бөлмеймін таптық бөлініске бөлгім келмейді де,иә иәотыра беріп ий мен сосын тойға барған кездеді анау болмау керек мен барған кезде мынау бол дәппіше ондай нәрсе айтпайм мен адамдарды өйті бранққа бөлмен таптық өлінісге бөлім келмейтта,0.46875,0.14871794871794872,32
train-00004-of-00048_000702,ол адам айтты жамандады сен туралы негатив айтты ничего страшного ол өзінің қандай екенін көрсетті болды зачем мысалы мынандай бір сөзіме мен постоянно айтамын егер дейді де ит,ол адам айтты жамандады сентуралы негатив айтты ничұстырашын ол өзін қандай екені көрсеті болды сатше мсал мынандай бір сөзім ірмен пастайян айтамын егердекта т,0.5714285714285714,0.20454545454545456,28
train-00004-of-00048_000703,төрт аяқтап тұрып саған үрсе,төр таяқтап тұрып саған үрсе,0.4,0.07142857142857142,5
train-00004-of-00048_000704,сен де төрт аяқта тұрып үретін болсаң адамдық қасиетіңе не қалады,сенде төрт аяқтап тұрып іретін болсаң адамды қасиетіңне не қалады,0.5454545454545454,0.07692307692307693,11
train-00004-of-00048_000705,ол ит құсап үріватыр ма,oл it қisаb өrbаtirma,1.0,0.6956521739130435,5
train-00004-of-00048_000706,сен адамды қасиетіңді сақтап қал,сен адамдық қасиетін сақтап қау,0.6,0.15625,5
train-00004-of-00048_000707,себебі қазіргі кезде көп адамдарда байқасаң адамгершілік жоқ та,себеби қазир кезде көп адам дайла байқалсаң адам кершилик жоқта,0.8888888888888888,0.20634920634920634,9
train-00004-of-00048_000708,бәрі ит құсап абалап кеткен,бәرى итقىса абалаپ кеتكەн,1.0,0.37037037037037035,5
train-00004-of-00048_000709,сол барынша мен адамгершілігіме баяғы енді кемпір шалдың қызымын ғой мен ата әжемнен алған тәрбиемді,со барынша мен адам кершілдіде баяқ енді кеңпір шалдыңғызым ғоймен ата жемне алған тәрбиімді,0.7333333333333333,0.17,15
train-00004-of-00048_000710,көрген,こ業,1.0,1.0,1
train-00004-of-00048_000711,енді атаңның,d tn,1.0,0.9166666666666666,2
train-00004-of-00048_000712,жаңағы әжеңнің қандай,这si 看t,1.0,0.9523809523809523,3
train-00004-of-00048_000713,іс әрекеттер жасаватқанын көріп өсесің ғой,ісәрекеттер сауатқаны көрібе сесің ғо,1.0,0.21428571428571427,6
train-00004-of-00048_000714,сол нәрседе аттап кеткім келмейді де,そ나시는 아た겠끔일니た,1.0,0.9722222222222222,6
train-00004-of-00048_000715,олар айтатын,олар айтатын,0.0,0.0,2
train-00004-of-00048_000716,саған біреу тас лақтырыватса да,саған біру тасляқтары атса да,0.6,0.16129032258064516,5
train-00004-of-00048_000717,сен керісінше оған тас лақтырма сен адамгершілігіңді сақта деп,сен керсінше оған таслияқтырма сен адам кершілігімді сақта дек,0.6666666666666666,0.12903225806451613,9
train-00004-of-00048_000718,астенді айтады,askan gayda,1.0,0.9285714285714286,2
train-00004-of-00048_000719,мен андай негативке барғым келмейді де ол адамның жасаған дәрежесіне дейін түскім келмейді,ме андай өйтым негативке барғын келмет да о адамның жасаған дәрежесіне дейін түзкім келмейті,0.6153846153846154,0.16666666666666666,13
train-00004-of-00048_000720,бірақ өз шарапына сосын көркіңе жаңағыдай,braكniجanagday,1.0,1.0,6
train-00004-of-00048_000721,мимо жібере саламын,مي ماجبير صلام,1.0,0.8947368421052632,3
train-00004-of-00048_000722,иә байқаймын және және,ا بйقаيم جعني جاني,1.0,0.7727272727272727,4
train-00004-of-00048_000723,солай жаңағыдай кезінде мен туралы жаман айтып айтып өсек таратып алып,солай жаңа да кезінде мен туралы жаманы айтып айтып үі өсек таратып алып,0.36363636363636365,0.1,11
train-00004-of-00048_000724,үш төрт жылдан кейін алла разылығы үшін кешірім сұраймын сенен деп,үштөрт жылдан кейін алла разылығы үшін кешірім сұраймын сенен деп,0.18181818181818182,0.015151515151515152,11
train-00004-of-00048_000725,мүм,嗯,1.0,1.0,1
train-00004-of-00048_000726,мысалы маған показуха керек болатын болса соның барлығын инстаграмда жариялап қараңдар міне кезінде мені жамандады қазір кешірім сұраватыр енді білесіңдер ғой кімнің дұрыс кімнің дұрыс екенін деп айтуыма болатын еді,мысал маған показуха керек болатын бұсы соның бардың инстаграмма жариялап қараңдарміне кезімде мені жамандады қазір кешерім сұрап атыр енді білесіңдер ғой кімнің дұрыс кімнің бұрыс екенін деп айтума болатын ет,0.43333333333333335,0.08372093023255814,30
train-00004-of-00048_000727,бірақ мен өйтіп ол адамның дәрежесіне түскім келген жоқ та бірақ көбісі кешірім сұрады,бірақ мен өйтіп ол адамның дәрежесіне түскім келген жоқта бірақ көбісі кешірім сұрады,0.14285714285714285,0.011627906976744186,14
train-00004-of-00048_000728,кезінде жамандап алды жаман нәрселер таратты жаман нәрселер айтты мен туралы содан кейін,кезінде жамандап алды жаман нәрселер таратты жаман нәрселер айтты мен турал судан кейін,0.15384615384615385,0.022727272727272728,13
train-00004-of-00048_000729,өзінің тәубесіне келді да,ozন tobisni kiলiদ,1.0,0.92,4
train-00004-of-00048_000730,уақыт емші дейді ғой,وقتيمش的د,1.0,1.0,4
train-00004-of-00048_000731,адам асыққанмен алла асықпайды дейді ғой,адам асыкқан мен алла асыкпайтдейдиго,0.8333333333333334,0.25,6
train-00004-of-00048_000732,мен де сол асықпай күтемін,менде сол асықпай кітем,0.6,0.15384615384615385,5
train-00004-of-00048_000733,өзінің түсінген уақытында,은길는 わقてだ,1.0,0.96,3
train-00004-of-00048_000734,кейде шашамын,不所我提的杀想,1.0,1.0,2
train-00004-of-00048_000735,маған тыныштық ұнамайды,妈怎吗,1.0,1.0,3
train-00004-of-00048_000736,яғни ашық адам,يعني عشطي,1.0,0.9285714285714286,3
train-00004-of-00048_000737,кейде болады енді бір екі күн демалып қаламын да енді инстаграмды жүргізе беремін мынау бүкіл шаруамды ысырып тастаймын да демалайыншы деп өзіме бір айына бір рет демалыс жариялап тұрамын,кейде бұлат енді бірек күн демалып қаламда енді инстаграмды жүргізде берем на бүкіл шаруамды ысырпістаымта демалайыншідек өзіме бір айна бір рет сейт демалшар оптырым,0.5862068965517241,0.24064171122994651,29
train-00004-of-00048_000738,не істерімді білмеймін ғой,你ستر들ل命过,1.0,1.0,4
train-00004-of-00048_000739,мен андаймын да бір күн жұмыс жасамасам бір күн ақша таппасам өзімді қоқыс сияқты сезінемін,мен андайымда бір күн жұмыс жасан балсам бір күн ақшатап балсам өзімді қоқыс сияқты сезнен,0.4666666666666667,0.15384615384615385,15
train-00004-of-00048_000740,уақытым босқа кетіп жатырған сияқты да мен істеп жатырмын деп ойланып қаламын а бірақ кейде енді адам болғасын жерде демалу қажет қой а мен демалғым келмейді білмеймін неге екенін,уақытты бұсқа кетіп жатырған сияқты да нестеп жатыр мын де ойланып қалам а бірақ кейде енді адам болғасын жерде демалуға жет қо амен демалғым кілнек білмем неге екенғтаңдауы менітңдауы маған жақпат де демалған пастаын жұмысысапет қарып алас ажата жұмыртасына жүрген жақсы өр,1.0,0.7262569832402235,29
train-00004-of-00048_000741,мысалы әсіресе соңғы,صوسش سنغ,1.0,0.95,3
train-00004-of-00048_000742,таптан қатардан емес,gemotan katarna,1.0,1.0,3
train-00004-of-00048_000743,мен бір мақсат қойдым ба не болса ол болсын соған жетуім керек,мен бір мақсат қойным ба не болса ол болсын соған жетуім керек,0.08333333333333333,0.016129032258064516,12
train-00004-of-00048_000744,біреудің сөзі біреудің әңгімесі біреудің негативі маған вообще әсер,бىредىң сөزі бىрудىң әңгимىсى бىрүдىң негативى маңан һәпشә әсеретпеك,1.0,0.40298507462686567,9
train-00004-of-00048_000745,әсер ететін болса менің өмірімде қаншама зат болғанын сен примерно білесің,әсер ететін болса менің өмінімді қанша мазат болған сен примьерні ділесі,0.5454545454545454,0.13513513513513514,11
train-00004-of-00048_000746,ғана емес бүкіл оқырмандарын біле,анемес бүкіл оқырмандарым лі,0.8,0.21212121212121213,5
train-00004-of-00048_000747,менің мақсатым отызға жеткенше балаларым ешнәрседен тапшылық көрмесе екен,мен мақсатым отызға жеткенше балаларым еш нерседен таршылық көрмес екен,0.5555555555555556,0.0821917808219178,9
train-00004-of-00048_000748,мен енді өзім бір күшті үлде мен бүлдеге оранып өстім деп айта алмаймын шүкір қарапайым сол орташа отбасыда өскен қызбын ғой,мененді өзім бір кішті ілдемен білдеге ораны өстін деп айталмайым үшкер қарапайым сол орташа отбасты өскенғізбұңғы біздедіарболды кішкентегкін,0.7142857142857143,0.3870967741935484,21
train-00004-of-00048_000749,иә менің көбейтескен сәттерім де болды әрине бірақ енді әке шешем бізді өсіру үшін біраз нәрседен өтті ғой,я менін күлітіскен сәттерімде болда рине бірақ анда әкесшем бізді өзіру үшін бірәз нерседен өттіғы,0.8333333333333334,0.20754716981132076,18
train-00004-of-00048_000750,жаңағы,,1.0,1.0,1
train-00004-of-00048_000751,мен балаларыма барынша жақсы тамақты қойғым келеді де,мен балаларма барынша жақсы тамақты қойғым келекті,0.375,0.11320754716981132,8
train-00004-of-00048_000752,жақсы тамақты жылы төсекті,жақсы тамақты жылы төсекті,0.0,0.0,4
train-00004-of-00048_000753,ішкен алдында ішпеген артында болғанын қалай қалаймын да менің мақсатым негізі сол,ішкен алдында ішпеген артында болғанын қалаймында мені мақсатын негізі сол,0.4166666666666667,0.10975609756097561,12
train-00004-of-00048_000754,солай ғой бірақ әлі мен ойлағандай емес та,солай қой бирақ әлі мен ойлағанда емесда,0.625,0.11904761904761904,8
train-00004-of-00048_000755,мен ойла енді адамның өзінде бір ана,من ل د عدممsدبرانا,1.0,0.9166666666666666,7
train-00004-of-00048_000756,пассив доход болу керек менде пассив доход иә менде қазір активный доход қой иә мен жұмыс істесем ғана келеді маған ақша,асив дақот болу кереквқанказір активнің дақотқу мен жұмыс істесем ғана келет маған ақша,0.6666666666666666,0.38333333333333336,21
train-00004-of-00048_000757,ауырып қалсаң болмай қалады ауырып қалсам немесе бір жағдай болып қалса ол уже тоқтап қалады да,аурқалаеомайқа ауырып қалсам немесе бір жағдай болып қалса олыстоқтап қалатта,0.5625,0.24210526315789474,16
train-00004-of-00048_000758,а пока пассивный доходқа шыққанға дейін мен осылай активпен өмір сүріп жатырмын да,пока пасивны дахотқа шыққанға дейин мен услай актив пен өмірсіруп жатырмында,0.7692307692307693,0.17073170731707318,13
train-00004-of-00048_000759,айына енді таза,あいないんでタ ザ,1.0,0.9333333333333333,3
train-00004-of-00048_000760,он мыңдай салып келді иә шүкір,ن بصقت شكر,1.0,0.9333333333333333,6
train-00004-of-00048_000761,бүгін,م,1.0,1.0,1
train-00004-of-00048_000762,сағалбаймын сенің анандай тікелей араласқаның,жарабо сенің анаңды келей араласқаның,0.6,0.28888888888888886,5
train-00004-of-00048_000763,иә иә иә иә қатты жаңағыдай активно жұмысты талап етпейтін сондай пассивный доход болса,ya ya ya қatta жaңada aktivni жұmыstы talab et betin soda yo pasivn daho t bolsa,1.1428571428571428,0.7931034482758621,14
train-00004-of-00048_000764,кішкене тынышталар едім деймін бе,مش كنة نشطلاردديا,1.0,0.9393939393939394,5
train-00004-of-00048_000765,әрекет етіватырмын қазір соның артында жүрмін негізінде,әрекететватормын қазір соның артында жүрнегізінде,0.5714285714285714,0.12727272727272726,7
train-00004-of-00048_000766,бұл жоспар,бұл боспар,0.5,0.1,2
train-00004-of-00048_000767,ал уже жетіске жетіске жоқ,ауж жетіске жетістіске за,0.8,0.34615384615384615,5
train-00004-of-00048_000768,барымынша көп жұмыс жасалды уже,كوب مش اصل,1.0,0.9354838709677419,5
train-00004-of-00048_000769,өзгереді,زгل,1.0,0.875,1
train-00004-of-00048_000770,кішкене андай стористер азайып қатты андай белсенді болмайтын сияқтымын,кішкене андай стористар азайы қатты андай белсенді болмайтын зияқтымын,0.3333333333333333,0.04225352112676056,9
train-00004-of-00048_000771,себебі мен қазір осы белсенділіктен,себебі мен казір осы бесенділіктен,0.4,0.05714285714285714,5
train-00004-of-00048_000772,көп отбасыма уақыт болып жатырған жоқпын да,кө п отбасыма вақыт бө л жатырган жукпында,1.0,0.23255813953488372,7
train-00004-of-00048_000773,менің өмірімнің бәрі жұмыс болып кетті отбасыммен көп жаңағыдай уақыт бөліп бала шағама қарап бір кәдімгі соның қасында отырып бірге шығып қыдырып жүре алмаймын да себебі ана жақта сенгім бар анаған баруым керек мынаған бару жұмыс жасауым керек енді бізде үйде отбасы енді ешкім жұмыс жасамайды ғой жалғыз өзім ғой,мен өмірімнің бәйяр жұмыс тоқбетті отбасынмен көп жаңадай уақыт бөліп балашағама қары ап біркәм соң қасында отырып бірге шығып қыдырып жүре алмаймында себебі ана жақта сүймкім бар анағам баруым керк мынағам бар жұмысшы сауым кергенді бізде үйде отбасдн ешкім жұмысы самайды жалғыз өзім го,0.58,0.16878980891719744,50
train-00004-of-00048_000774,барлығын енді бірінші әуелі алла әрине екінші енді асырап соған әрекет етіватқан жалғыз өзім болғандықтан,барлығын енді бірінші әуел ала рине екінші енді асырап суған әрекетет отқан жалғыз өзін болғандықтан,0.4666666666666667,0.08571428571428572,15
train-00004-of-00048_000775,маған қиындау да,妈可都的,1.0,1.0,3
train-00004-of-00048_000776,барлығын бірге алып жүру да бала шағаны да жұмысты да алып жүру қиын сол үшін менің әке шешем менің бала шағама қарайды да,барлығын бірге алып жүруді балашағаны да жұмысты да алып жүр қиын сол шін мен әкесшем мен балашағама қарайтта,0.6086956521739131,0.13934426229508196,23
train-00004-of-00048_000777,мен қатты олардың өміріне атсалысып жатырмын деп айта алмаймын,мен қатты олардың өміріне ат салысып жатырмын деп айталмаймын,0.4444444444444444,0.04838709677419355,9
train-00004-of-00048_000778,материалдық жағынан иә,материалды жағынан я,0.6666666666666666,0.13636363636363635,3
train-00004-of-00048_000779,бірақ жаңағыдай жаныңда болып моральдық жағынан жаныңда емес мынау да,бірақжаңадай жаңыда болық моральдық жағынан жандайымізгіді,0.8,0.2898550724637681,10
train-00004-of-00048_000780,иә аналық қамқорлық жағынан кішкене иә кемдеу болып жатыр,аналық қамқорлық жағынан істене кемдеу болып жатыр,0.3333333333333333,0.15789473684210525,9
train-00004-of-00048_000781,жан қалауы да бар арасында кейбір бір жеткізгім келетін әрине оның ішінде бәрі бар ғой бірақ барлығы,жаңғалауда бар арасында кейбір бір жеткізгін келетін әринеоныңішінде бәрі бар ғой барлығ,0.5294117647058824,0.15,17
train-00004-of-00048_000782,содан кейін,sodn gin,1.0,0.9090909090909091,2
train-00004-of-00048_000783,ә,大样,1.0,2.0,1
train-00004-of-00048_000784,енді кейде болады енді былай адам жаңағыдай мен енді бастап жатырмын деп жағдайын түсіндіріп айтып жатса қатып қалған баға жоқ қой,енді кеде болат енді былайын адам жаңадай мен енді бастап жатырмын деп жағдайын түсіндеру айтып жатса қатып қалған баға жуқ қо,0.3333333333333333,0.09230769230769231,21
train-00004-of-00048_000785,өйткені көп блогер,ول كك بل,1.0,0.8888888888888888,3
train-00004-of-00048_000786,жоқ егер де жаңағыдай кішкене положениесіне кіресің ғой,སগ,1.0,1.0,8
train-00004-of-00048_000787,ол сенде құдайдың кіндігіне салбырап түскен ештеңең жоқ қой,시인데 고다이는 근들는 사버럽스게 이시진이좋고,1.0,0.9322033898305084,9
train-00004-of-00048_000788,енді бастап жатырмын осындай тіпті даже кейде тегін де жасай саламын мен,енді бастап жатырм осынесо тіпті дажы кейде тегінде жасай саламмен,0.5833333333333334,0.1388888888888889,12
train-00004-of-00048_000789,ол нәрсені айту керек,ونرسي نعيت جري,1.0,0.9047619047619048,4
train-00004-of-00048_000790,тегін де бара саламын открытесіне тегін көмектесе аламын өзімнің тарапымнан да болсыншы саған депті,тегінде бара салам аткіртесіне тегін көмекте салам өзімнің таратынан да болсыншысаған деп ті,0.7142857142857143,0.15151515151515152,14
train-00004-of-00048_000791,а так тек ақысын берсем оқысын шығарамын деген әңгіме жоқ бұл жерде,атактек ақсын берсең оқысын шығарамын деген әңгеме жоқ болжаде,0.6666666666666666,0.13432835820895522,12
train-00004-of-00048_000792,сосын дұрыстап таңдап талғап тұрып аламын да,сосын дұрстап пандап талғап тұрып аламында,0.5714285714285714,0.09090909090909091,7
train-00004-of-00048_000793,міндетті түрде,міндетті түрде,0.0,0.0,2
train-00004-of-00048_000794,қалай қарайсың,个了一层,1.0,1.0,2
train-00004-of-00048_000795,қалмасын,غرمسو,1.0,1.0,1
train-00004-of-00048_000796,иә әрине болады сыныптастарым мен иә деймін көмектесемін иә дейсің,рiнibo сынтастарым еле мен yяdiм көмектесе,0.9,0.6060606060606061,10
train-00004-of-00048_000797,иә әрине әлі күнге дейін сыныптастарым барлығы мен араласамын мен өзімнің бұрын мына блогер болмай тұрған кездегі достарым бар ғой барлығы мен араласамын а көбісің де байқағаным блогер болып кеткеннен көбісі типа менсінбей танымай типа сен кімсің деген сияқты қалып қарайды екен де а менде ондай жоқ,ә әрине әлөнгідеген сыныктастарын барлығы мен арласам мен өзімнің бұрылына блогер болмай тұрған кездег достарым барғо барлығы мен арласам а көбісінде айқағанын блогерлуып көткене көбіс депа менсінби танымай деп сен кімсің деген сияқталып қарайды екен ді а менде ондай жоқ,0.5319148936170213,0.15384615384615385,47
train-00004-of-00048_000798,бәріме араласа беремін олар жаңағыдай мысалы біреу алма сатады мысалға екі жәшік алмасын әкетіп тастайды ғой кастасын үйге да болды ақша ешнәрсесін сұрамаймын чисто от души өзімнің сыныптасым ретінде қасымдағы адам көтеріліватса күшті ғой негізі,бәріме арласаберм олар жаңадай мысала біреу алмас атат мысаға екі жашк алмасын әкетптеек астасым үйге да бұл ақша иш нәрсесін сұрамайн чисті адуши өзімің сыныптасым ретінде қасымда ғы адам көтеріліп атса күштіғы негізді,0.7142857142857143,0.2,35
train-00004-of-00048_000799,мүмкін мүмкін иә мен негізі көп өте көп адамға негізі тегін жарнама жасадым сөзін ашығын айтайын базарға барамын туфлиды көріп қаламын ұнайды ма ақшасын төлеймін,мүмкін мүмкін е ненегізді кү өте көп адамға негіз тегін жарнама жасадын сөзін ашағнайтейын базарға барам төплиде оріп қалам ұнайма ақшасын төлеймен,0.6,0.16770186335403728,25
train-00004-of-00048_000800,кәдімгідей мына туфли қанша теңге тұрады сол ақшасын беремін плюс еще жарнамасын жасап кетемін болсыншы осы адамға депті,кәдімбіленә туфлей қанша теңге турады сол ақшасым беремін пліс ишше жарнамасынзап өтем бұлсыншы осы адамға депті,0.6111111111111112,0.2,18
train-00004-of-00048_000801,өйткені,иттені,1.0,0.42857142857142855,1
train-00004-of-00048_000802,мен мен ондай нәрсе ақталмаймын ғой,مننمشمسقطمو,1.0,1.0,6
train-00004-of-00048_000803,просто чисто по человечески видео,просто чиста почеловический дидо,0.8,0.18181818181818182,5
train-00004-of-00048_000804,иә көңіл мәселесі кейде бір көңілім тартып қалады бір адамға да,көңілмәсілес кеде бір көңілім тартық қат бір адамға да,0.5454545454545454,0.19047619047619047,11
train-00004-of-00048_000805,тегін жасай саламын,气跟就谁次了,1.0,1.0,3
train-00004-of-00048_000806,үң,嗯,1.0,1.0,1
train-00004-of-00048_000807,ол кісімен может мен 2 3 рет қана танысқан шығармын мүмкін де бірақ сол адамның аурасы энергетикасы ұнап қалады ғой,ол кісімен можтымын екі шүрет хана танысқан шығарым мүмкін да бірақ сол адамның ауырасы энергетика сұнап қалады ғой,0.55,0.1391304347826087,20
train-00004-of-00048_000808,көмектескім келіп тұрса ешқандай ақшаны сұрамай еді сол заттың барлығы істеп бере береді,көмектескімгетп тұрса ишқандай ақшаны сұрамая солдатын берлы істеп бере береп,0.6923076923076923,0.2159090909090909,13
train-00004-of-00048_000809,отырыптың енді,تتند,1.0,1.0,2
train-00004-of-00048_000810,өтірік дүние дегенде таза кәдімгі дүниеден өтірік мысалға үйім жоқ бірақ үйім бар деп бүйтіп көрсетеді а яғни иә ондай жағынан көрсетпес едім,өтірік дүние дегенде таза кәм дүниеден өтірік мысалға үйін жоқ бірақ үйін бар деп көрсеттяғни он ме жағна көрсетпеседім,0.5217391304347826,0.19858156028368795,23
train-00004-of-00048_000811,жоқ нәрсені бар қылып көрсетпес едім иә,жоқ нәрсені арғы көрсетпеседім е,0.7142857142857143,0.23076923076923078,7
train-00004-of-00048_000812,соны ғана қолданбас еді алматы,сона ғана қолдан басени матап,0.8,0.3,5
train-00004-of-00048_000813,барлығын жасап жатырған сияқты,بر了就ص就的家,1.0,1.0,4
train-00004-of-00048_000814,инді қазір арасында,اضرا,1.0,1.0,3
train-00004-of-00048_000815,бағасын айтқым келмейді себебі әртүрлі ғой енді ол танысың болып қалса,бaz ат bелмeтсеbе бәr түрlі қoyыndi otaнысын boлp қалsa,1.0,0.6142857142857143,11
train-00004-of-00048_000816,жағдайға байланысты жағдайға байланысты кіріп кете бересің бергенін ала бересің жаңағыдай қатып қалған осы баға демейсің де берген ей бала береді ей өзінің көңілінен,жағдайға байланысжағдайға бйланыс кірікпете бересің берген ала бересің жағдай қатық балған осыуаға демейсіңді берген й бола бередей өзін көңінненшіонда бира,0.7916666666666666,0.23636363636363636,24
train-00004-of-00048_000817,ең аз жүз жүз мың беретіндер де бар бар оған да келісе салады келісе саламын иә өзінің көңіліне шыққан кейде болыватады тіпті бермейді керісінше мен оған көмектесіп кетемін ғой бизнесіне мен беріп кетемін ғой оған бірақ а онда былай қояйыншы,іжүз мың беретіндерде барғада келісеакелсе салам өзін көңінешқан кейде болата тіпті берме керісінше менді оңгі мектесіп кетем о бизнесіне мен беріп кетем ғол оған бірақ няқтан онда бақш,0.75,0.3112033195020747,40
train-00004-of-00048_000818,қымбат алған жағынан,متغ,1.0,1.0,3
train-00004-of-00048_000819,а жаңағыдай не ғой мысалы қалада бір кафе бір нәрсе ашылып жатады ғой иә иә,а жан ағдайын не ғой мысал қала да бір кафе бір нәрсе ашылып жатады ғой,0.4666666666666667,0.17333333333333334,15
train-00004-of-00048_000820,сол кезде жаңағындай жүргізіп берші осы кафемді дейді ғой,so kezia жaңda жүrgіzi bersh os kafemde diydiғo,1.0,0.7719298245614035,9
train-00004-of-00048_000821,екі миллион,يكمل,1.0,1.0,2
train-00004-of-00048_000822,иә мендей бір андай,你مد不ر的,1.0,1.0,4
train-00004-of-00048_000823,бәрі ойлайды негізі бар ғой маған қарап енді доллар шашып жатсаң әрине бір доллар ғой ол бәрі шашып отыр маңғыстауға келсең де бәрі бір доллар шашып кетеді,бәрі олайт негізе арға маған қарап енді доллар шашып жатсаңғене бір доллар ғой ол бә сашы отыр маңыс таға көлсеңдер бәрі бір долларалыстанл,0.5185185185185185,0.2064516129032258,27
train-00004-of-00048_000824,жасырмаймын да мен оны төрт жүз доллар жасатындай ондай жағдайым жоқ енді,жасырмайым да мен о өт жүз доларсатынде ондай жағдайым жоғанда,0.5833333333333334,0.2191780821917808,12
train-00004-of-00048_000825,я я,ياي,1.0,1.0,2
train-00004-of-00048_000826,иә,哎呀,1.0,1.0,1
train-00004-of-00048_000827,сол кісінің жаңағыдай кафесін несін жүргізіп береміз,со кісінің жаңағыдай калфесін несін жүргізіп береміз,0.2857142857142857,0.038461538461538464,7
train-00004-of-00048_000828,ақтаудан мысалы бір кафе ашады сол кафені бір ай бойына жарнамалап,ақтыдад мысал бір кафе ашат со кафены бірай ойына жарнамалап,0.7272727272727273,0.15151515151515152,11
train-00004-of-00048_000829,халыққа таныстырып айтып ұсынамыз да,halққa tanысtыrып aytыp ұsыnamыzda,1.0,0.6111111111111112,5
train-00004-of-00048_000830,бәрі ойлайды да андай ойбай бұл 15 20 30 40 алады деп те,berolettande oi bab onbes jirma otaz qirk alat dipdi,1.0,0.8928571428571429,13
train-00004-of-00048_000831,енді,,1.0,1.0,1
train-00004-of-00048_000832,бұл менің,い明,1.0,1.0,2
train-00004-of-00048_000833,әй ай ай,أيايا,1.0,1.0,3
train-00004-of-00048_000834,негізі,niدes,1.0,1.0,1
train-00004-of-00048_000835,өнер жолына әншілікке түсіреді,уне желнан стаки цередні,1.0,0.5666666666666667,4
train-00004-of-00048_000836,ән жаңартылың сүрегім ұнайын,أنش أكلكترجنيم,1.0,0.9642857142857143,4
train-00004-of-00048_000837,ой мен деген бес жыл бұрын ба бастадым ғой ән жазып әлі жағаласып келатырмын ғой сол әнмен иә ондай ғой енді бір ән жаздым болды тек хит болып кетеді деген жоқ қой мен ол нәрсені түсінемін и қабылдаймын да бір уақытым болады деймін,ой мен деген бес жылы бұрымба бастадым ғо әнжаз әлі жағаласып келатрм осол ә андай ғо енді бір ән жаздым болдыга хет укутет деген жоққы мен о нәрсенін түсінем и қабылдаймында бір уақыты болаты дем,0.6511627906976745,0.21212121212121213,43
train-00004-of-00048_000838,басында да блогер болған кезде ешкім мені қабылдаған жоқ қой,басында да бұл ойыр болған кезде иш кім мен қабылдаған жоққы,0.7,0.16666666666666666,10
train-00004-of-00048_000839,аха,,1.0,1.0,1
train-00004-of-00048_000840,ешкім мойындағысы келген жоқ а қазіргі кезде көбісі мойындап қабылдайды осы блогер ретінде,ешкі мойындақсы келген жоқ а қазірі кезде көбісі мойындап қабылда айтуш бұлы керетінде,0.5384615384615384,0.18888888888888888,13
train-00004-of-00048_000841,ахы,,1.0,1.0,1
train-00004-of-00048_000842,сол сияқты әншілікті де қазір көбісі қабылдап жатырған жоқ значит мен точно әнші боламын деген сияқты,сол сыякты әнчиликтедек азір көбіс кабылдап жатырған жок зна читмен точда әнч болам дегенсез,0.875,0.25742574257425743,16
train-00004-of-00048_000843,бірақ мен өзі 5 жыл бұрын бастағанмын,брах миныңыз бысыл бурын бастаған,1.0,0.3783783783783784,7
train-00004-of-00048_000844,а көбісіне енді бастаған сияқты болып көрініп қаламын,а көб ісіне енді бастаған зяқ тоб көрініп қалам,0.625,0.20754716981132076,8
train-00004-of-00048_000845,жоқ ондай жоқ менде әркімнің өзінің уақыты болады ғой сол нәрсені білемін де,жондай жупмен де әркімнің өзінің уақытты оладығұ сол нәрсені білемінді,0.6923076923076923,0.18421052631578946,13
train-00004-of-00048_000846,сол себепті өзімнің иә уақытымды күтемін де біреуде болып кеткен уақыт менде де болу керек деген міндет емес қой,сол жекті өзімнің уақытымды күтемінді біреуде болып кеткен уақыт мендеді болу керек деген міндетемез бой,0.47368421052631576,0.125,19
train-00004-of-00048_000847,қарашы енді,还的神谢,1.0,1.0,2
train-00004-of-00048_000848,төрт,ت,1.0,1.0,1
train-00004-of-00048_000849,алланың бұйыртқаны ғой бәрібір де,алан биртقаныға бәрбىрде,1.0,0.3939393939393939,5
train-00004-of-00048_000850,бұйырған кетпейді қуған жетпейді дейді ғой бұйырып тұрса сен блогер болсаң да болмасаң да,бұйырған кетпейті қуған жетпеттейді ғо бұйыріп тұрса сен блогер болсаң да болмасаң да,0.35714285714285715,0.0898876404494382,14
train-00004-of-00048_000851,әншілікке келесің,أنجل ككلس,1.0,0.9411764705882353,2
train-00004-of-00048_000852,егер де бұйырт тұрса,igrde buyтtursa,1.0,0.9,4
train-00004-of-00048_000853,бұйырмаса кім болсаң да келмейсің де,bұыrmasa kіm boлsaңda gеlmейsіңdі,1.0,0.6388888888888888,6
train-00004-of-00048_000854,кенстат,كينsتا,1.0,1.0,1
train-00004-of-00048_000855,арманым шын арманым ол кәдімгідей балалық арманымды айтсам болды,арманың тшын арманы ол кәрімде балалық арманын реттін бол,0.7777777777777778,0.265625,9
train-00004-of-00048_000856,бала кезден бері армандаймын,fala giziyim bir armandayım,1.0,0.9285714285714286,4
train-00004-of-00048_000857,кішкентай кезімнен сөйтіп жаңағыдай мектептің кезінде сайыстар болады қысына деген сияқты,кішкентіәй кезімнен сұйып жаңадай мектептен кезінде сайстар болады қыс сына деінақт,0.7272727272727273,0.21348314606741572,11
train-00004-of-00048_000858,қалмайтынмын,قوميتم,1.0,1.0,1
train-00004-of-00048_000859,линекада ән айтатынбыз постоянно мен ән айтып жүретінмін,linikıda enek atımbız pastayanımine enek çürütümmün,1.0,0.9285714285714286,8
train-00004-of-00048_000860,өзімнің жаным соны қалайды негізі,өзімнің жаным соны қалайты негізді,0.4,0.06060606060606061,5
train-00004-of-00048_000861,мен енді өзім өйтіп жазуға жоқпын бірақ өзімнің өмірімдегі жағдайларды композиторге айтамын да,мен енді өзім өйтіп жазуға жоқпын бірақ өзімнің өмірімдегі жағдайларды композитерге айтамында,0.23076923076923078,0.02127659574468085,13
train-00004-of-00048_000862,түсіндіремін яғни сен арнайы тапсырыспен иә осылай сәйкестендіріп жасайсың ба деп,주슨들리약님신 아 세스 에야 오스이 세키스t들리이라서 있습거지,1.0,0.9259259259259259,11
train-00004-of-00048_000863,менің типажыма сәйкес келетіндей деп,менің типажма сәйкес келетін дей деп,0.6,0.05555555555555555,5
train-00004-of-00048_000864,өзімнің жаңағыдай состояниемді айтам түсіндіремін,өзімнің жаңағыдай састаянемді айтам түсіндірем,0.4,0.10204081632653061,5
train-00004-of-00048_000865,ол соған байланысты жазып бер,ол соған байланысты жазып берек,0.2,0.06896551724137931,5
train-00004-of-00048_000866,бір кісі барлығын жазыватырған сол бұрыннан бері,бір кісі барлығын жазубатырған сол бұрына бер,0.42857142857142855,0.10416666666666667,7
train-00004-of-00048_000867,арман қайда қалды,арман кайда калды,0.6666666666666666,0.11764705882352941,3
train-00004-of-00048_000868,жазылып қойған уақытың болмай жүр енді,ازق وقت بمجرين,1.0,0.9473684210526315,6
train-00004-of-00048_000869,енді ол арманды орындау үшін ақша керек қой,indi ol armandu urndaos aksa girko,1.0,0.8837209302325582,8
train-00004-of-00048_000870,арман,عرماض,1.0,1.0,1
train-00004-of-00048_000871,жоқ тікелей вокал деп айта алмаймын енді да бірақ былай дайындықтарға барамын,жоқ фікеле вакал деп айталмайменді ді бірақ бұлай дайындықтарға барамын,0.5833333333333334,0.12987012987012986,12
train-00004-of-00048_000872,іске жаңағыдай вокалға бір дем қойып осы деп өйтіп бармаймын да неге бірақ енді дайындаламын енді дайындалатын адамым бар,іске жаңадай вакалға бір дем ғойып осы деп өйтіп бармаймындабірақ енді дайындала мынен дайындалатын адамын бар,0.5263157894736842,0.1322314049586777,19
train-00004-of-00048_000873,сонымен дайындалып осы әнді көрсетіп премияны қалай жасауға болады деген сияқты ол барынша өз білгенін үйретеді,сомен дайындалып осы әнімді көрсеті премьернің қалай жасауға болаты деген сияқталып ол барынша өзбірілгенін үйретет,0.5625,0.17117117117117117,16
train-00004-of-00048_000874,а так жаңағындай бір уақытты қойып қойып бір пунктуальный өйтіп айналысып отырған жоқпын да,атак жаңағыдай бір уақытты қойып қойып бі пунктуәне өтіп айнал с атарған жұқпында,0.7142857142857143,0.17582417582417584,14
train-00004-of-00048_000875,мүмкін судан шығар иә мүмкін судан шығар,ممكن سودا شغارية ممكن سودا شغر,1.0,0.875,7
train-00004-of-00048_000876,енді жақын арада бұйырса барамын деп тұрмын ғой енді,ند جاخ نرد يرسا برمdtرمnد,1.0,0.9230769230769231,9
train-00004-of-00048_000877,а яғни,ي,1.0,1.0,2
train-00004-of-00048_000878,дұрыстап айналысады,друстав вожилс,1.0,0.5789473684210527,2
train-00004-of-00048_000879,иә осы жақта,ي وشقطه,1.0,0.9166666666666666,3
train-00004-of-00048_000880,мұхаттар алдық,得了茶,1.0,1.0,2
train-00004-of-00048_000881,білмеймін мен өзім ақтаудан көшкім келмейді,білне мен өзім ақтыдан көшкіп гелмейді,0.6666666666666666,0.20930232558139536,6
train-00004-of-00048_000882,бірақ ақтауда қалғым да келмейді де,бірақ ақтауда қалғымда келмейтті,0.6666666666666666,0.17142857142857143,6
train-00004-of-00048_000883,ойым өзгеріп жатыр ма алматыда бірақ тұрғым келмейді яғни өз өзім түсінбей жүрмін негізі себебі екі апта алматыдамын екі апта ақтаудамын да пока маған нормально орынып тұр да енді екі жақта жүрген бірақ соған,ойым өзгеріп жатыр ма алматта бірақ тұрғыу келмейдәна өз ізін түсінбей жүрмегіз себебі екі апты алматтамын іақтаудамында пакамаған нормальлик орынып тұрда енді екі жақта жүргенд,0.6176470588235294,0.21634615384615385,34
train-00004-of-00048_000884,бірақ,,1.0,1.0,1
train-00004-of-00048_000885,иә бірақ ақтауда ұзақ болып қалсам ішім пісіп кетеді де алматыға келгім келеді,бирақ ақтауда ұзақ болып қалсам ишім пісікпететта алматыға келмгелек,0.6153846153846154,0.24358974358974358,13
train-00004-of-00048_000886,алматыда ұзақ болып қалсам ішім пісіп кетеді де үйдегілерді сағынып кетемін де ақтуда болғым келеді,алматта ұзақбоп қалсан ішімбіс кілетті үйдеулер сағынып кетемді ақтуда болғын кереті,0.8666666666666667,0.2828282828282828,15
train-00004-of-00048_000887,бір кішкене сөйтіп человек настроение болып жүрмін қазір,бір кішкен өзөйт чоловек настрани олжум газір,0.875,0.32142857142857145,8
train-00004-of-00048_000888,енді алда енді сіңілім бар белгісіз оқуға түсетін сол үшін де де,ен алдай енде сімелім бар берсі оқуға түсейтін сол үшіндеде,0.75,0.203125,12
train-00004-of-00048_000889,мұны,,1.0,1.0,1
train-00004-of-00048_000890,ай ай ай,呀,1.0,1.0,3
train-00004-of-00048_000891,бизнес,,1.0,1.0,1
train-00004-of-00048_000892,қате сияқты пока,خaتىسeقt paك,1.0,0.9375,3
train-00004-of-00048_000893,себебі мен кәсіппен айналыстым ғой біраз уақыттан бері бірақ,себе мен кәсіппен айналыстыңғо бір әз уақтамбер бірақ,0.6666666666666666,0.2,9
train-00004-of-00048_000894,тұрақтылық жоқ болып тұр да менде тек осы блогерлікке ғана тұрақтылықты ұстап тұрмын,тұрақтылық жоқ болып тұрдаменде тек осы блогерлікке ғана тұрақтылық тұстаптұрмын,0.46153846153846156,0.07142857142857142,13
train-00004-of-00048_000895,аха,,1.0,1.0,1
train-00004-of-00048_000896,кәсіптің өзіне салыну керек қаражат басқа жаққа кетіп пе,кәсіптің өзіне салым гере қаржат басқа жаққа етіп қа,0.5555555555555556,0.14285714285714285,9
train-00004-of-00048_000897,сол жағынан менің қаржылық сауаттауым кішкене нашарлау деп айтар едім,сол жағнан мен қажлық сауаттағым кішкенен нашарлудиойтари,0.9,0.2608695652173913,10
train-00004-of-00048_000898,сол себепті өзін кәсіпкер есебінде көрмейді,সস প স করমi,1.0,0.9302325581395349,6
train-00004-of-00048_000899,бірақ қайтадан сол кәсіппен айналысайын деп жатырмын,бірақ қайтадан со кәсіппен айналсайын деп жатырмы,0.42857142857142855,0.057692307692307696,7
train-00004-of-00048_000900,иә иә кәсіп төндіру жобасы,э касыптын түр жобасы,0.8,0.5,5
train-00004-of-00048_000901,ә,唉呀,1.0,2.0,1
train-00004-of-00048_000902,бірақ өзім,bरक s,1.0,0.9,2
train-00004-of-00048_000903,иә әлі мен өзімді бизнес жағында мойындаған жоқпын,ә әлі ме өзімді бизнес жағында мойындаған жоқп,0.375,0.08,8
train-00004-of-00048_000904,а мойындату,amoinda tu,1.0,1.0,2
train-00004-of-00048_000905,жоқ дегенде кем дегенде бес жыл тұрақты жұмыс жасап тұруым қажет қой сол кәсіп жабылып қалмай,жоқ дегенде кемдегенде бес жыл тұрақты жұмыс сап тұрмға жетқо сол кәсіп жабылып қалмай,0.375,0.10752688172043011,16
train-00004-of-00048_000906,жақсы аты шығып кәсібің әрі қарай дөңгеленіп кетсе сол кезде айтуға болады,жақсы аты шығып қәсіуің әрі қарай дөңгелендіп кетсе сол кезде айту қалат,0.3333333333333333,0.12162162162162163,12
train-00004-of-00048_000907,айына мысалға жақсы аборт алып келіп жатырса онда өзіңді кәсіпкермін деп айта аласың ал екі үш ай жасап жауып қалатын болсаң оны кәсіпкермін деп айтқан қатесі еді,айына мсалға жақсы аборат алып келіп жатырса онда өзінді кәсіп керме деп айта аласың ал екішай жасап жалық қалатын болса он кәсіп керме деп айтқан қатесе,0.5555555555555556,0.12345679012345678,27
train-00004-of-00048_000908,магазин ашар едім,妈غ你نشر,1.0,1.0,3
train-00004-of-00048_000909,иә дегелі кәсіпкер болар еді бәрібір,يا ديجلكسكرولرد بارب,1.0,0.9444444444444444,6
train-00004-of-00048_000910,бірақ ол жақта адамдай барлығы енді пайда алып келді ғой ешқайсысы минусқа кеткен жоқ қай кәсібімді алсам да ешқайсысы минусқа кеткен жоқ өздерін ақтады тіпті екі есе пайдада алып келді,бірақ жақты адамдайатамшта барлықы енді пайдалып келді о ешқайсы мийнусқа кеткен жоқ қай кәсілінді алсамда ешқайсы минусқа кеткен жоқ өздерін ақта тіпті екесе пайдад алып келді,0.5666666666666667,0.15675675675675677,30
train-00004-of-00048_000911,бұл,p,1.0,1.0,1
train-00004-of-00048_000912,әйелдердің киіміне деген қызығушылық қатты өзімде,әйелдердің кемне деген қызғушылық қатты өзімде,0.3333333333333333,0.08163265306122448,6
train-00004-of-00048_000913,сондай бір әйелдердің киімін сатқым келеді,сондай бір әйелдерін кеімін саттым келек,0.6666666666666666,0.14285714285714285,6
train-00004-of-00048_000914,саудамен айналысқан өзіме ұнайды негізі әншіліктен бөлек те былай саудамен айналысқан,саудам айналысқан өзме ұнайт негізі әншіліктен бөлік деп ұлай саудаме айналысқан,0.6363636363636364,0.12941176470588237,11
train-00004-of-00048_000915,турцияға барып сауда жасап келген болатынмын қытайға барып та жасап блогер болсам да турцияға барып та қытайға барып та сауда істеп келдім білмеймін бір бүйрегім тартып тұрады саудаға қарай,турцияғы барып сауда жасақ белген болатыын қытайға барпта жаса белді блогер болсам да турцияғ барыпта қытайға барыпта сауда сек белдім бөліне бір бүйрегім тартып тұрат саудаға қарайт,0.5862068965517241,0.15343915343915343,29
train-00004-of-00048_000916,беложство,مب,1.0,1.0,1
train-00004-of-00048_000917,иә үй бір біріне көмек,ee siberbani panda,1.0,0.9090909090909091,5
train-00004-of-00048_000918,кетпей деген,кетпей деген,0.0,0.0,2
train-00004-of-00048_000919,әке шешем жастардан айтып кетейін көбісі көбісі негізі аудитория таңғалады,әкешешем жастардан айтып кетейн кс көбісі негіз аудитора тан қалат,0.8,0.1891891891891892,10
train-00004-of-00048_000920,менің әкем 67 жылғы мамам 79 жылғы арасы 12 жас,мен әкем алпыс жетіншылғы мамам жетпі тоғызын шылы арасы өникі жасып,0.8,0.723404255319149,10
train-00004-of-00048_000921,мамам әлі жас папам енді үлкендеу кішкене үлкейіп келе жатыр,мамам әлі жас папа менді үлкендеу күшкене үлкейіп келе жатыр,0.3,0.05,10
train-00004-of-00048_000922,екеуі енді сол қарапайым ауылдың адамдары,екеуін сол қарапайын ауылдың адамдары,0.5,0.12195121951219512,6
train-00004-of-00048_000923,үйленген,يلنgين,1.0,1.0,1
train-00004-of-00048_000924,тоқсан жетінші жылы дүниеге келдім үйдің үлкенімін мен меннен кейін үш қыз бар,тоқсан жетінші жылы дүрнеге келдім үйдік үлкенімін тұңышымын мен менен кейін үш қыз бар,0.3076923076923077,0.16666666666666666,13
train-00004-of-00048_000925,ең қызығы ең соңғы сіңілім екі мың он тоғызыншы жылы менің қызым екі мың он тоғызыншы жылы мамам екеуіміз бір жылда босандық та ал қазіргі кезде қызым мен сіңілім қатар өсіп келатыр тете өсіп келе жатыр да,ең қызығы ең соңғыз сіңгілім екі мың он тоғызыншы жылы менің қызым екі мың он тоғызншы жылы мама мекеміз бір жылда осандықты ал қазір ікезде қызыммен сіңгілім қатар өсіппе тетеу өсіп келе жатырды,0.4594594594594595,0.11707317073170732,37
train-00004-of-00048_000926,үйде 4 қызбыз ұл жоқ,үйде түрткызбыз ұл жок,0.6,0.3,5
train-00004-of-00048_000927,ол жоқ иә үлкені мен менен кейін енді сол жаңағы артымнан ерген үш сіңілім бар менен кейінгі сіңілім тұрмысқа шыққан альбина есіме тоже маңғыстауда блогер мен маңайыма,ол жоқ я үлкені мен мененге ен солжан артынан ерген үш сіңілім бар менеңгең сіңілім тұрмысқа шыққан әльбинә есіміз толжа маңгсауда блогер мен маңайма,0.5185185185185185,0.19760479041916168,27
train-00004-of-00048_000928,альбина тестеренком ол да блогер тұрмыс құрған,әльбина дисірөнкім ол да блогер тұрмыс құрған,0.2857142857142857,0.15217391304347827,7
train-00004-of-00048_000929,баласы бала шағасы бар жолдасы бар деген сияқты одан кейінгілер сіңлілерім әлі кішкентай,балашағасы бар шолдасы бар деген сияқты одан кеңгілер сіңіллерім әлі кішкентай,0.46153846153846156,0.1590909090909091,13
train-00004-of-00048_000930,біреуі он алтыда біреуі жаңағыдай қызыммен қатар жетіде,біреу он алт та біреу жанағдай қызммен қатар жеті де,1.0,0.14545454545454545,8
train-00004-of-00048_000931,ата анаң немен айналысады,атанаң неменайнаңсы,1.0,0.28,4
train-00004-of-00048_000932,а менің папам вообще оқымаған,a min papam vasiغukmagan,1.0,0.896551724137931,5
train-00004-of-00048_000933,жаңағыдай бұрын енді білесің ғой өзің көбісі жаңа колледж оқиды институт оқиды деген болған жоқ қой бұрын жағдай болған жоқ қой мектепті тастап кеткен,жағдай бұрын енді білесіңғы өзің көбісі жаа колежоқитуы институту оқит деген болған жұққы бұрын жағдай болған жұққыолкіш меетепіді тасап кет,0.625,0.22,24
train-00004-of-00048_000934,ел енді,o yel yenza,1.5,1.4285714285714286,2
train-00004-of-00048_000935,ол әкем қарапайым қара жұмысшы болған,ол әкем қарапайым қара жұмысшы болған,0.0,0.0,6
train-00004-of-00048_000936,қара жұмыс жоқ жалданып жұмыс істады мамам мұғалім болды оның үстіне әкеме маған үйленген кезде мамам әлі нені оқып бітірмеген ғой не себептен 17 жасында күйеуге шықты ғой маған,қара жұмыс жоп жалданып жұмыссады мама мұғалім болды оның үстіне әкеме маам үйленген кезде маам әлі нені оқып бітірмеген қо есенді он жеті жасында күйге шықтон,0.4827586206896552,0.1807909604519774,29
train-00004-of-00048_000937,он жеті жасында күйеуіш папам жиырма тоғызда болған ол кезде,о он жет часында күшабом 2иырма тоғызда болған окисте,0.8,0.3,10
train-00004-of-00048_000938,бабам оқытты,папама оқытты,0.5,0.25,2
train-00004-of-00048_000939,анамды,anamda,1.0,1.0,1
train-00004-of-00048_000940,жаңағы мен әлі есімде,عمي قاليسمدي,1.0,0.9523809523809523,4
train-00004-of-00048_000941,менің өзімде уже жасым нормальный болып қалған,менн өзде ужы жасым нармалы оп қалған,0.7142857142857143,0.2608695652173913,7
train-00004-of-00048_000942,бір төрт бестен бе есімде ғой сол кезде жаң мамамда институттан колледжден күтіп отыратынбыз машинаның ішінде екеуміз күтіп отырамыз мамамды алып кетеміз жаңағы неден колледжден үйге барамыз тамақ ішеміз үшеуміз,бір төртпестемін ба есімде ғол со без жа маламда институттан колледжден күті отыратымыз мәшинан ішін екеуміз күті отырамыз маламда алып бетеміз жаңа ғынеден коллежден үйге барамыз тамақшеміз үшуміз,0.7,0.14218009478672985,30
train-00004-of-00048_000943,үй жалдап жүрміз жаңағы,gld 주rms각,1.0,0.9565217391304348,4
train-00004-of-00048_000944,ақтаудан қаладан да сондай бір қарапайым отбасыдан шыққан қызбын ғой мамам мұғалім,ақтудан қаладанда сондай бір қарапайым отбасытан шыққанғызмың ол маңа мұғалім,0.6666666666666666,0.13414634146341464,12
train-00004-of-00048_000945,папам жаңағындай қара жұмысшы,바범장하고데 가라좀은,1.0,0.9655172413793104,4
train-00004-of-00048_000946,сөйтіп,谁这,1.0,1.0,1
train-00004-of-00048_000947,статистикада өмір сүреді отбасы да өсті,енадіаистикада өмір сүретін от паста өс,0.8333333333333334,0.358974358974359,6
train-00004-of-00048_000948,иә иә сол оташағы отбасы ғой,ييا صوط اشق ثبطوء,1.0,0.8928571428571429,6
train-00004-of-00048_000949,иә ата әжемнің қолында енді мен мамам жаңа 17 жаста деп айтып қаламын ғой әлі жас,ата жемнің қолында еңді мен маамжа он жет жасадеп айтып қалдым қол әлі жас,0.625,0.24691358024691357,16
train-00004-of-00048_000950,бірінші тұңғышы мен болғасын кемпір шал өзіміз бағамыз деген ғой енді ол келін енді түсіватыр келіндік міндеті көп баяғыда білесің ғой енді келіндерге талап қатты болды деген сияқты келіндік міндеті көп шаруасы көп ауылда тұрады жер үйде тұрады түйе салады деген сияқты сырттың шаруасы да бар іштің үйдің де шаруасы бар сөйтіп анам,бірінші тұңғшымен олғасынкеміралөзіміз ғаыдедлідіүсідііі көяілідқлеқелінді міндеіаыкаылда а жердетесеқттңтіңүйдіңде ы сйтіанаенді ндйажа жүренздееліаен әемің ортаынд тыкіәеемің қаыеәеңоыджтаыаде,0.9811320754716981,0.649546827794562,53
train-00004-of-00048_000951,иә бәріміз бірге тұрдық бірақ жаңағыдай әке шешем бөлек бөлмеде мен ата әжеммен жаңағы залда жатамыз ғой біздер енді,ия бәріміз бірге тұрдық біра жаңда әкешішем бөлек бөлмеде мен ата жемімензалда жатамыз ғыпбіздеренді,0.5789473684210527,0.1896551724137931,19
train-00004-of-00048_000952,иә жоқ бұны,也就姑能,1.0,1.0,3
train-00004-of-00048_000953,өзөзө,عززة,1.0,1.0,1
train-00004-of-00048_000954,жоқ мамам жас болғасын әжем енді түсініп,жа мамам жас болғасын әжеменді түсініп,0.42857142857142855,0.075,7
train-00004-of-00048_000955,ол бауырына басқан ғой мені,бауырына басқанғы мені,0.6,0.2222222222222222,5
train-00004-of-00048_000956,әлі жас бала бағып білмейді мен өзім қара сайын көмектесейін деп солай атам мен әжемнің ортасында өскенім бар 7 жасқа дейін,әлі жас бала бағып білмейт мен өзім қара сайын көмектесейін деп солай атам мен әжемнің ортасында өскенін бір жит жасқа дейен,0.23809523809523808,0.06504065040650407,21
train-00004-of-00048_000957,ата әжемдер,تجمد,1.0,1.0,2
train-00004-of-00048_000958,мама папа девай таңдаймын,ما فبدعتميا,1.0,0.96,4
train-00004-of-00048_000959,аоо,و,1.0,1.0,1
train-00004-of-00048_000960,япык,呀不,1.0,1.0,1
train-00004-of-00048_000961,иә иә келіп бір жылдың қызығын болды,ي كبشdغز,1.0,0.9722222222222222,7
train-00004-of-00048_000962,қалайсың ба қай жағынан,他我什么还讲呢,1.0,1.0,4
train-00004-of-00048_000963,тамап,م,1.0,1.0,1
train-00004-of-00048_000964,апам сияқты болып қабылдап қалған ба,сағандаи апамз яқто қабылдап қалғана,0.8333333333333334,0.5,6
train-00004-of-00048_000965,я бароны,iya bar undoy,1.5,1.5,2
train-00004-of-00048_000966,эй осы төлескенде,es siluskini,1.0,0.9411764705882353,3
train-00004-of-00048_000967,соның мамалары сияқты онда,мамалары сияқтымын тоа,0.75,0.4230769230769231,4
train-00004-of-00048_000968,иә,,1.0,1.0,1
train-00004-of-00048_000969,ұмытпақ,谢这,1.0,1.0,1
train-00004-of-00048_000970,мен ерке де өзімді айтпас едім,مین یر کی دے ہوز بیکپسج,1.0,0.8666666666666667,6
train-00004-of-00048_000971,ата әжеме енді мал бабаға еркеледі ме әрине,атажеменді малбабаға еркеледі мәрине,0.875,0.16279069767441862,8
train-00004-of-00048_000972,иә,উম,1.0,1.0,1
train-00004-of-00048_000973,ешкім еркелемеймін,ешкім ер келемен,1.0,0.2222222222222222,2
train-00004-of-00048_000974,мен даже қазір енді әке шешем вообще еркелемеймін,mindas kazirend akisim wapisi yir kilimi,1.0,0.9183673469387755,8
train-00004-of-00048_000975,адамға еркелеген ғой еркелегім қалып кеткен,адамга еркелегим у еркелегим қалк бөткен,1.0,0.2558139534883721,6
train-00004-of-00048_000976,тем более енді өзім әке шеше емес енді ата әжеммен болдым ғой,темболи енді өзім әкесше емес енді ата әжемен болдым о,0.5,0.14754098360655737,12
train-00004-of-00048_000977,ата ежем ерекелететін кәдімгідей ол екеуі бар кезде мен өте ерке болатынмын,ата жем елкелететін кәдім гөдей ол екеу бар кезде мен өті ерке болаты мын,0.6666666666666666,0.10666666666666667,12
train-00004-of-00048_000978,а ол екеуі өмірден өткеннен кейін еркек солаймен кетті ғой,а ол экеу өмірден өткенен кейін еркел соғаймен кеткі,0.6,0.1724137931034483,10
train-00004-of-00048_000979,қай жағынан айт басыңнан,じな бすыなん,1.0,0.875,4
train-00004-of-00048_000980,алла жасайтын,була жаса йтп,1.5,0.38461538461538464,2
train-00004-of-00048_000981,құнның күйін а,mفin,1.0,1.0,3
train-00004-of-00048_000982,сол атама тартып кеткен сияқтымын сол кісілердің тәрбиесі ғой,со атаматартып беткен сияқтымын со кісілердің тәрбиесіо,0.7777777777777778,0.11475409836065574,9
train-00004-of-00048_000983,мүм,উ,1.0,1.0,1
train-00004-of-00048_000984,өмір бір ақ рет береді қалай өмір сүргің келеді солай өмір сүруің келеді мына өмірден өкініп өтпей ешқашан деп сөйтіп айтып кеткен ғой,өмір бірақ рет белед қаллай өмір сүргін кере солай өмір сүргін керек мын өмірден өкін өтпе ешқашан деп айтып кеткен ғой,0.5217391304347826,0.1791044776119403,23
train-00004-of-00048_000985,содан қалып қойған,소단 가걸간,1.0,0.9444444444444444,3
train-00004-of-00048_000986,әке шешем бірдеңе айтыватса да ананы істемей ақ өйтпей ақ қойса тыңдамаймын мен өзім істей біліп тұрмын істеп кете беремін,әкес шен бірдең әйтыбатсада анан істемейқы етпайқоды тыңдамайынмен өзім істе бір тұрма істеп кете ере,0.85,0.2786885245901639,20
train-00004-of-00048_000987,бұны еркелік деп айтпас едім,бұны еркелік деп айтпас едің,0.2,0.03571428571428571,5
train-00004-of-00048_000988,қызықты,ني يسكن,2.0,1.0,1
train-00004-of-00048_000989,жырсықтық деп айтар едім,فسكتويتارد,1.0,1.0,4
train-00004-of-00048_000990,өзінің айтқанынан айтпайтын қырсықтық ол еркекке жатпайды ғой ол,өзің айтқаннаң айтпайтын қырсықтыко еркелікке жатпай ғой,0.7777777777777778,0.21875,9
train-00004-of-00048_000991,оларың ба,وار,1.0,1.0,2
train-00004-of-00048_000992,иә бәрібір де бар,إيا بار برديبار,1.0,1.0,4
train-00004-of-00048_000993,кемпір шалдың қызы деп өздері де айтады,кем бір шалдың қызы деп өздерде айтад,0.7142857142857143,0.1282051282051282,7
train-00004-of-00048_000994,бізді тыңдамайды бұның тәрбиесінің барлығын кемпір шал айналыста кемпір шалдың қызы деп енді басқа балаларына қарағанда бөлектейді ол нәрсені мен ол саған жағым,бізді тыңдамайттәрвизінің барлығыны кемпір шал айналысты кемпіршалдың қызы деп енді басқа балаларына қарағанда бөлеккейт ол нәрсені менолсаған жағы,0.5217391304347826,0.13125,23
train-00004-of-00048_000995,иә не былай не былай емес нормально қабылдаймын мен оны,я не былай не былай имес нормальны кабылдаймин,0.6,0.2545454545454545,10
train-00004-of-00048_000996,енді анам да өзі қазір енді өзімнің де балам бар өзімде тұрмыс құрдым ғой енді,енді анамда өзі тәзіренда өзімінде балам бар өзімде тұрмыс құрдым қой енді,0.4666666666666667,0.11538461538461539,15
train-00004-of-00048_000997,бұрын тұрмыста болғанмын ғой,бул бурын турмыста болғамынго,1.0,0.35714285714285715,4
train-00004-of-00048_000998,түсінемін де анамда жас болды өзі,тісінемді анамда жас полт өзі,0.5,0.24242424242424243,6
train-00004-of-00048_000999,енді бірінші баласын қарайласа мен оны андай қылып қабылдамаймын да мені кемпір шалға ысырып тастады мені балалардан бөлектейді деп қабылдамаймын,ен бірінші баласын қарайласта мен он андай аып қабылдамайым да мені кемпіршалға ысырт тастады мені балалардан булектейді деп қабылдамайым,0.5,0.10344827586206896,20
train-00004-of-00048_001000,жоқ әрине,čotadnе,1.0,0.8888888888888888,2
train-00004-of-00048_001001,и қисынын жаза қойған,يرقسن نز,1.0,0.9523809523809523,4
train-00004-of-00048_001002,сондай кезде,看的一情,1.0,1.0,2
train-00004-of-00048_001003,оған ешкім кінәлі,غانيشكمكنالي,1.0,1.0,3
train-00004-of-00048_001004,э,,1.0,1.0,1
train-00004-of-00048_001005,ол кезде мен жұтты болғанмын,гزемин вктувғмi,1.0,0.75,5
train-00004-of-00048_001006,тиіп кетті ме сол содан кейін уже қатты болып кеттім мен,ta tiк piттima sбi sodanginuжu kaтт bitimi,1.0,0.8571428571428571,11
train-00004-of-00048_001007,бұрын негізі адамдардың көңіліне қарап тұратынмын,бұрын негізі адамдардың көңіліне қарап тұратумын,0.16666666666666666,0.04081632653061224,6
train-00004-of-00048_001008,аха,ہ,1.0,1.0,1
train-00004-of-00048_001009,көңілін ойлап тұратынмын,konilni ulaktratimin,1.0,0.9583333333333334,3
train-00004-of-00048_001010,ал қазір бұл маған бәрібір тисе терекке тимесе бұтаққа деп жүре беретін болғанмын да,ал қазір бұл маан бәру тесетерекке темесе бұтаққа деп жүре еретін болғамынды,0.5714285714285714,0.14285714285714285,14
train-00004-of-00048_001011,ал бұрын кәдімгідей адамдардың көңілін бірінші қоятынмын,ал бұрын кәріңгіде адамдардын көңілін бірінші қоятымын,0.42857142857142855,0.08928571428571429,7
train-00004-of-00048_001012,қатты ойлайтынмын,قط وليتم,1.0,0.9411764705882353,2
train-00004-of-00048_001013,ал қазір содан кейін өзімді бірінші қойып кеттім ғой сол еркеліктің бәрі қалғаннан кейін,ал қазір содан кейін өзімді бірінші құйып беттімғы со еркеліктің бәрі қалғандан кейін,0.35714285714285715,0.07954545454545454,14
train-00004-of-00048_001014,сонымен кетті ғой тас жүрек болып кеттің бе,소명겠또 다수리 것붙든 말,1.0,0.9302325581395349,8
train-00004-of-00048_001015,жүкті кезінде қатты әсер етеді әсер етті сол ата әжемнің өмірде өткен,сүті кезінде қатта етасерет со атажеммана бірде өткен,0.8333333333333334,0.36231884057971014,12
train-00004-of-00048_001016,әрине психологиялық тұрғыда бәрібір де сондай,әлине психалы доқтырығда бәрібірде сондай,0.8333333333333334,0.28888888888888886,6
train-00004-of-00048_001017,қорғаныс,ҡурғанс,1.0,0.375,1
train-00004-of-00048_001018,табиғатына жат болғанмен солай жеңіл өмір сүреді кез,табиғатына жат болғанымен солай жеңіл өмір сүреді кесі,0.25,0.057692307692307696,8
train-00004-of-00048_001019,жүрегіңе енді ешкімді кіргізбейсің ғой,жрегннд ешкімд кіргезб исінғо,1.0,0.3684210526315789,5
train-00004-of-00048_001020,жеңіл өмір сүресің қандай жағдай орын алса да,жеңіл өмір сіресің қандай жағдай орын алса да,0.125,0.022222222222222223,8
train-00004-of-00048_001021,депрессияға кіріп өзіңді жоғалтып алу деген болмайды,депрессияға кіріп өзіңді жоқ алты алуы деген болмайт,0.5714285714285714,0.11538461538461539,7
train-00004-of-00048_001022,ол жағынан үлкен плюс ал екінші жағынан әйел болғасын жерде бәрібір нәзік жанды болу керек қой,ол жағынан үлкен плюс ал екінші жағынан әйел болғасын жерде бәрі бір нәзік жанд олкірікқо,0.375,0.09574468085106383,16
train-00004-of-00048_001023,бұл ютуб,priو,1.0,1.0,2
train-00004-of-00048_001024,иә ол енді әйелдің жаратылысы ғой,إيا أيجرتsغo,1.0,0.9696969696969697,6
train-00004-of-00048_001025,бірақ мен сол әйелдің жаратылысын ысырып тастадым да тасжүректік дұрыс екен дедім,бірақ мен со әйелдің жаратылысын ысырт тастадында тас шүректік дұрыс екендеді,0.5833333333333334,0.1111111111111111,12
train-00004-of-00048_001026,тас жүректікті әбден қостым жүрегімнен ешкімді кіргізбеймін де,тас жүректікті әбденқұстым жүрегіме ешкімдікіргізденді,0.75,0.1774193548387097,8
train-00004-of-00048_001027,жиырма сегізде сұрамай айта берейін,,1.0,1.0,5
train-00004-of-00048_001028,ржанчо,režando,1.0,1.1666666666666667,1
train-00004-of-00048_001029,қалай бір солай қабылдаймын,qalay birsoy qabldi,1.0,0.9259259259259259,4
train-00004-of-00048_001030,ондай қиялдығым жоқ мен,ондай қыyялдыgым зуkмен,0.75,0.30434782608695654,4
train-00004-of-00048_001031,өмірім қалай болып жатыр қалай бар солай қабылдаймын болды,өмірім қалай бол жатыр қалай бар солай қабылдайын бол,0.3333333333333333,0.08620689655172414,9
train-00004-of-00048_001032,ол нәрсе қатты мен бермеймін,كونسيقت مبرمن,1.0,0.9642857142857143,5
train-00004-of-00048_001033,жұмыс істеп жүргізіп отыр,这么,1.0,1.0,4
train-00004-of-00048_001034,өзіндік қалыптастырып қалды,өзінді хаптасы бол,1.0,0.4444444444444444,3
train-00004-of-00048_001035,бірақ енді жетпіс сексен пайызда көбісі ажырасып кетіватыр,бірақ енді жетпіс сексен пайызда көбісі ажырасық бет отыр,0.375,0.08620689655172414,8
train-00004-of-00048_001036,қазір өзің білесің ғой айналада ажырасу слишком көп,кәзір өзін білесінғ айналада ажырасу сілешкім көп,0.625,0.19607843137254902,8
train-00004-of-00048_001037,қайсысынан сұрасаң да ажырасқан,қайсыдан сұрасаңда ажырасқан,0.75,0.12903225806451613,4
train-00004-of-00048_001038,соның барлығы ерте тұрмыс құрғанның кесірінен сияқты қазір енді,соның барлығы ерте тұрмыс құрғанын кесерінен зияқты қазір енді,0.3333333333333333,0.06349206349206349,9
train-00004-of-00048_001039,заман басқау ғой сол заман талабына сай кішкене,заманбасқаы сол заман талабына сай кішкене,0.375,0.1276595744680851,8
train-00004-of-00048_001040,өзіңді дамытып өзіңнің жағдайыңды жасап,өзіңде дамытып өзіңнің жағдайыңді жасап,0.4,0.05128205128205128,5
train-00004-of-00048_001041,оссознаны тұрмысқа шығу керек те,а созныны тұрмысқа шоу керек ті,0.8,0.1875,5
train-00004-of-00048_001042,менің,嗯,1.0,1.0,1
train-00004-of-00048_001043,андай ойбай тек бәрі үйленіватыр жаңағыдай мен де үйлене саламын немесе бәрі тұрмыс құрыватыр мен де тұрмыс құра саламын деп шықпау керек,андай ойба тек бәрі үйлені батыр жаңадай менде үйлене салым немесде бәрі тұрмыс құра атыр менде тұрмыс құра салам шықпау керек,0.5454545454545454,0.1386861313868613,22
train-00004-of-00048_001044,өзіңнің адамың ол адами тұрғыдан саған сәйкес келеді ме екеуіңнің мінездерің сен ол адамды жақсы көресің бе әрі қарай өмір сүре аласың ба ол адам натурасы сен натурамен келеді ме соның барлығын біліп барып тұрмыс құрған дұрыс қазір,өзіңнің адамың ол адами тұрғыдан саған сәйкес келема екеуіңнің мінездерің сен ол адамны жақсы көресің ба әрқарай өмір сүре аласың ба ол адам натурасы сеңатураңмен келема соның барлыған біліп бар тұрмыс құрған дұрыс қазір,0.3157894736842105,0.08225108225108226,38
train-00004-of-00048_001045,ал бұрынғыда бұрынғыда,а бұрынғы да бұрынғы да,1.6666666666666667,0.13636363636363635,3
train-00004-of-00048_001046,а,啊a,1.0,2.0,1
train-00004-of-00048_001047,кімге күйеуге шықтың бітті,кімге күйге шықтың пөтті,0.5,0.15384615384615385,4
train-00004-of-00048_001048,өлгенше сол үйде боласың деп сондай менталитет қалыптасқан ғой,өлгенше сол үйде боласын деп сондай менталитет қалыптасқан ғо,0.2222222222222222,0.03225806451612903,9
train-00004-of-00048_001049,ал қазіргі кезде ондай менталитет жоқ,ал қазір кезде ондай менталитет жоқ,0.16666666666666666,0.05405405405405406,6
train-00004-of-00048_001050,енді спорный вопрос мына жерде,ендо спорный вопрос вначерте,0.6,0.2,5
train-00004-of-00048_001051,бірақ енді бәрібір де,brakında ber vırdü,1.0,0.9523809523809523,4
train-00004-of-00048_001052,енді бұрын мысалға сөздің ашығын айтайық,ені бұрын мсалға сөзің ашығнайтя,0.8333333333333334,0.225,6
train-00004-of-00048_001053,күйеулері налево направо кетіп қалса да,күулері налеванаправа кетіп қалсада,0.8333333333333334,0.15384615384615385,6
train-00004-of-00048_001054,әйелдері үндемей отыра берген ғо,әйелдер үндими утыра бергенго,1.0,0.21875,5
train-00004-of-00048_001055,ұят болады жұрттан ұят болады ертең ажырасып кетсем,ят болат жұрттан ұят болат ертең ажырасып петтем,0.5,0.13725490196078433,8
train-00004-of-00048_001056,а мен не деп айтады өсекке қаламын әке шешем жамандықты қаламын өйтемін бүйтемін деп бәрін ойлап кетеді ғой жертва болады да өзінің соңғы орынға қояды,әмен недеп айтаты өсекке қалам әкешшем жамааттығам үйтем үйтемді бәрін ойлап өтеді қо жертва болатта өзім соңғы орынға қоят,0.76,0.26666666666666666,25
train-00004-of-00048_001057,а енді адамға өмір бір ақ рет берілгесін,а енді адамға өмір бірaқлек берілгесін,0.375,0.125,8
train-00004-of-00048_001058,жұрттың көңілі үшін ананың сөзі мынаның сөзі демей өзіңнің қалауыңмен өмір сүрген дұрыс сияқты,жұрттың көңілі үшін ананың сөзі мынаның сөзі деме өзіңің қалауменөмір сүрген дұрыс сияқты,0.2857142857142857,0.05319148936170213,14
train-00004-of-00048_001059,мен үшін иә өмір бір ақ өйтпесең 9 өмірің жоқ қой бітті ғой,드인쉬야 우을 말라그 되친 도준으름 좋것부또,1.0,0.9152542372881356,13
train-00004-of-00048_001060,тегі әр,จ ก at,1.5,0.8571428571428571,2
train-00004-of-00048_001061,енді менің әлемде ондай жағдай болған,инми намда ондай жағдай болған,0.5,0.32432432432432434,6
train-00004-of-00048_001062,бірақ шүкір әйтеуір ол жақсы таңдау жасады ғой иә менің әкем вообще андай ішімдікке неге жоқ жаман прогресске вообще жоқ,бірақ тікір әйтер ол жақсы таңдауы жасадығы әме әкен вәпше анда ішімдікке неге жоқ жаман піргелісіжәпише жоқ,0.6,0.26666666666666666,20
train-00004-of-00048_001063,ол да анандай мүмкінбейтін шығар енді ерте шыққанына,شغار ديتشقن,1.0,0.9807692307692307,8
train-00004-of-00048_001064,әрине енді айтып отырмын ол кезде менталитет сондай болды,erinendi aytotum ol bizdi mintaridet sonday boldu,1.0,0.8947368421052632,9
train-00004-of-00048_001065,болды қалай бар не болса да жаңағы андай сөз бар ғой әке шешелер бұрыннан андай болған ғой қызын беретін кезде еті сендердікі сүйегі біздікі деп айтып кететін болған ғой,болды қалай бар не болса да андай сөз барғо әкесшілер бұрн андай болған ғо қызым беретін кезде еті сендердікі сүйегі біздіккі деп айтып кететіннғо,0.41379310344827586,0.16568047337278108,29
train-00004-of-00048_001066,сол сияқты олар сондай ортада өсіп қалғасын сондай тәрбиемен сондай менталитетпен өсіп қалғасын олар солай қабылдап не жағдай болса да бір бірінен ажырасқан жоқ ажыраған жоқ,сол сияқты олар сондай ортада өсіп қалғасын сондай тәрбиямен сондай менталитетпе өсіп қалғасын олар солай қабылдап не жағдай болса да бір бірімен ажырасқан жоқ ажыраған жоқ,0.11538461538461539,0.017341040462427744,26
train-00004-of-00048_001067,а қазіргі кезде қиындықтар заттар болыватса мысалы адам ұнамай бастаса адам бір қателік жасаса сен өзің қаламасаң мен өзім сондай адаммын енді мен бұрынғы заманда болсам да да сондай болатын шығармын деп ойлаймын,а қазіргі кезде қиындықтар заттар болбатса мсал адам ұнамай бастаса адам бір қателік жастаса сеңі өзін қаламаса мен өзім сондай адаммын енді мен бұрынғы заманда болсамда да сондай болатын шығармын де олейм,0.30303030303030304,0.07075471698113207,33
train-00004-of-00048_001068,иә қырсықтық мінез ғой сол мен өзім қалаумен өмір сүріп қалғанда енді ол әркімнің өзінің таңдауы ғой өзі біледі ғой,қырсықтық мінеңіз ғо сол мен өзім қалаумене мірсіп қалғанд енде әркімнің өзінің таңдауғы өзі біледіғо,0.65,0.19130434782608696,20
train-00004-of-00048_001069,бұрыс деп айта алмайды иә ерте шық кеш шық демейді ғой но мен өзім енді қазір енді басыма титып қалды енді бір емес енді екі рет басым тасқа барып соқтым ғой былай,ешұрыіе айт лмайды ерте шық кеш шық темейді қо на мені өзім енді қазір ені басыма тидуға ден бір емес енде екірет басымын тасқа барып соқтын қо былай,0.59375,0.2085889570552147,32
train-00004-of-00048_001070,сол себепті қыздарға айтарым кішкене ойланып дұрыстап саралап,сол себепті қызарқа айтарым кішкене ойланып дұрыстап саралып,0.25,0.04918032786885246,8
train-00004-of-00048_001071,7 рет өлшеп бір рет кес дейді ғой,جitret wلs rt kistido,1.0,0.9090909090909091,8
train-00004-of-00048_001072,солай шыққан дұрыс сияқты өз өзіңді дамытып өзіңнің жағдайыңды жасап страховка дейміз ғой,солай шыққан дұрсияқты өз өзіңді дамытып өзіңін жағдайыңды жасап стырахопкідейміз ғол,0.46153846153846156,0.11235955056179775,13
train-00004-of-00048_001073,қазір көбісі той жасаватыр қыздар,خازر كوب الصوج صوطلوقزر,1.0,0.9393939393939394,5
train-00004-of-00048_001074,жас баламын,жас болмо,0.5,0.36363636363636365,2
train-00004-of-00048_001075,эмоциямен шығып кеттің иә массың деген сияқты ол кезде,эмоция мен шығыөттіңеассың дегенсол безде,1.0,0.3333333333333333,9
train-00004-of-00048_001076,жиырма адамын жиырма бір жасымда күйеуге шықтым ғой,jirma adamin jirma bir rasndakiushintimgo,1.0,0.9215686274509803,8
train-00004-of-00048_001077,иә,那呀,1.0,1.0,1
train-00004-of-00048_001078,бақытты болашаққа деген сенім,бақытты болашаққа деген сене,0.25,0.06896551724137931,4
train-00004-of-00048_001079,алты айдың ішінде ғой мен негізі жүкті кезімде кетіп қалғанмын жүкті кезімде бірінші,алтайдың ішінде қол мен негізі жүктік езімде кетіп қалғам жүктік езімде бірінші,0.6153846153846154,0.13095238095238096,13
train-00004-of-00048_001080,бірінші затым болды ғой жаңағыдай,бірінші затым болду жынада,0.6,0.30303030303030304,5
train-00004-of-00048_001081,развод деп айтсақ болады,razwotiwicakwad,1.0,1.0,4
train-00004-of-00048_001082,өйткені бала кішкене,ейткенін бала кішкендер,0.6666666666666666,0.2,3
train-00004-of-00048_001083,бірақ ол жерде ешкім кінәлі емес тікелей күюімен байланысты барлығы да,бірақ ол жерді ишкім кінәліместі келе күйюммен байланысты барлығда,0.7272727272727273,0.15714285714285714,11
train-00004-of-00048_001084,ешқандай үшінші адам төртінші адам қатысы жоқ екеуміздің ажырасуымызға келісімізге да,ешқандай үшінші адам төртінші адам қатысы жоқ ейкеуміздің ажырасумызға керісімізге ді,0.36363636363636365,0.047058823529411764,11
train-00004-of-00048_001085,екеулеріміздің арамызда ғана болды да,екіл улеріміздің арамызда ғана олқты,0.8,0.24324324324324326,5
train-00004-of-00048_001086,сөйтіп кетіп қалғаннан кейін қайтадан тіл табыстық бірақ андай екен баяғы жартас бір жартас дейді ғой,сүйтіп кет қалғандан кейін қайтадан тіл табыстық біра анда кен баяқ жартасып бір жартастейді ғо,0.6875,0.13861386138613863,16
train-00004-of-00048_001087,сол қате болды да сол кезде кері барғанын,со қатемұлтта со кезде кері барғанын,0.625,0.21951219512195122,8
train-00004-of-00048_001088,одан босандым сол жақта болдым,одан босандым солжақта болдым,0.4,0.03333333333333333,5
train-00004-of-00048_001089,қызым қырқынан шыққаннан кейін қырық бесінші күні,қызым қырқнан шыққанаен қырық бесінші күні,0.42857142857142855,0.14285714285714285,7
train-00004-of-00048_001090,әлі есімде қырық бесінші күні,عليسمدي قبسنجكنا,1.0,0.9655172413793104,5
train-00004-of-00048_001091,ажырасып кеттім ғой үзілді кесілді болды дедім,azraskitama zdigisda budadi,1.0,0.9565217391304348,7
train-00004-of-00048_001092,енді оны аудиторияның барлығы біледі,inдi онu aditoreн барлығы бөле,0.8,0.5,5
train-00004-of-00048_001093,кезінде енді қол жұмса да,кезінденді қол жұмсада,0.8,0.12,5
train-00004-of-00048_001094,бірінші жолдасым,бірінші жолдасым,0.0,0.0,2
train-00004-of-00048_001095,сол қол жұмсағанның кесірінен,со қолжым сағанның кесірінен,0.75,0.13793103448275862,4
train-00004-of-00048_001096,енді мен ешқашан маған қол көтермеген ешкім,эммен ешқашыман колкүдермеген ешкім,0.8571428571428571,0.32558139534883723,7
train-00004-of-00048_001097,отбасыда әкелері мысалы қыздарын ұрып жатады ғой енді ол өтірік нәрсе емес қой,отбасты әкелер мысал қыздарын ұры жатадығода ол өтірік нәрсеміз қо,0.7692307692307693,0.21794871794871795,13
train-00004-of-00048_001098,бірақ менің әкем ешқашан қол көтермеген менде мынандай болды,бірақ м әкем ишқашан қолып өтермеген мен дей манда ол,0.8888888888888888,0.26666666666666666,9
train-00004-of-00048_001099,міне әкем маған қол көтермегенде ол кім маған қол көтеретін,мен әкем маған қол көтермеген де окі маған қол күтеретін,0.5,0.11864406779661017,10
train-00004-of-00048_001100,және әкем де қатты ренжіп қалды менің бірінші жолдасыма бірақ қазір енді бала үшін арамыз жақсы бірінші жолдасыммен әлі де араласамыз дос болып жаңағыдай,және әкемде қатты риншып қалт менің бірінші жолдасыма бірақ қазір енді бала үшін арамыз жақсы бірінші жолдасыммен әлде арласамыз дос болып жаңадай,0.3333333333333333,0.0718954248366013,24
train-00004-of-00048_001101,мен басынан қарсы болған жоқпын иә екеумізде конфликт болса да екеуміз енді жаңағыдай осындай айқай үлкен шу даумен ажырастық қой,мен басынан қаршы жылған жоқпын я екеумізде конфликт болса да екеуміз енді жаңағыдай осындай айқай үлкен шу даумен ажрастық қо,0.25,0.05426356589147287,20
train-00004-of-00048_001102,сондай болса да,sonday bулsa da,1.0,0.8,3
train-00004-of-00048_001103,мен айттым мен бала үшін шешім қабылдай алмаймын дедім де,ме айттым мен бала үшын шешім қабылдай алмайым дедім да,0.4,0.08771929824561403,10
train-00004-of-00048_001104,екеуміз керістік пе оған баланың ешқандай да қатысы болмауы қажет,екеуміз керсіпі оған баланың ишқандайды қатысы болмау қажет,0.5,0.13846153846153847,10
train-00004-of-00048_001105,баламды көремін араласамын десең мен ешқашан қарсы болмаймын,баланды көремін арласамын десең мен ешқашан қарсы болмаймын,0.25,0.03333333333333333,8
train-00004-of-00048_001106,сен маған не істесең де қандай сөз айтсаң да қандай әрекет жасасаң да,сен маған нестесеңде қандай сөз айтсаңда қандай әрекет жасасаңда,0.5384615384615384,0.07246376811594203,13
train-00004-of-00048_001107,ол балаңа ешқандай да қатысы жоқ балаңды көре бер деймін қызына келіп тұрады араласамыз әлі күнге,ол балаңа ішқандайды қаты жоқ балаңды көре бердем қызына келіп тұрад арласан әлігөндеде,0.5625,0.20618556701030927,16
train-00004-of-00048_001108,кетабыс,اب,1.0,1.0,1
train-00004-of-00048_001109,достық қарым қатынас мен ешқашан қызыма әкесін жамандамаймын,достық қарым қатынас мен ешқашан қызма әкесін жамандамай,0.25,0.06666666666666667,8
train-00004-of-00048_001110,иә әрине ол сосын ертеңгі еркектерге жеккөріністік сезіммен өтеді де қыз баласы,әрине о сосын ерттеңге еркектергі жек көрінштік сезім мен өсетті қыз аласын,0.8333333333333334,0.24050632911392406,12
train-00004-of-00048_001111,қу,,1.0,1.0,1
train-00004-of-00048_001112,бұрды,رد,1.0,1.0,1
train-00004-of-00048_001113,бір жерде тағы бар ғой,لد tغ ولو,1.0,0.9090909090909091,5
train-00004-of-00048_001114,енді бәрібір де таңдап тұрған саламыз блогерлік болғасын,енді бәрібірде таңдап тұрған саламыз бұлакерлік болғасын,0.375,0.07142857142857142,8
train-00004-of-00048_001115,сен айтсаң да айтпасаң да ол ақпарат сыртқа бәрібір де шығып кетеді,сен айтсаң да айтпасаң да ол ақпарат сартқа бәр бірде шықп кететі,0.4166666666666667,0.08955223880597014,12
train-00004-of-00048_001116,одан да өзің айта салған дұрыс сияқты,оданда өзің айта салған дұрс сиқ,0.5714285714285714,0.13513513513513514,7
train-00004-of-00048_001117,сол үшін мен өзім айта салдым сол нәрсенің барлығын қандай дау болғаны да бірақ ертеңгі күні қызыммен отырып жеке сөйлесеміз,сол үшін мен өзім айта салдым сол нәрсенің барлығын қандай дау болғаны да бірақ еқтенгі күні қызыммен отырып жеке сөйлесеміз,0.05,0.016129032258064516,20
train-00004-of-00048_001118,ол сөйлесе алатындай уже жасқа келген кезде түсіндіріп айтамыз,ол сөйлесе алатындай о жасқа келген кезде түсіндіріп айтамыз,0.1111111111111111,0.04838709677419355,9
train-00004-of-00048_001119,бәрібір де ашумен біраз нәрселер айтылып қойылады,бәрберде ашумен берәз нәрселер айтылып қоялады,0.5714285714285714,0.14285714285714285,7
train-00004-of-00048_001120,ол уже қаншама уақыт өтіп кетті,o ujы қaнcama waqыt өdіk bеttі,1.0,0.6129032258064516,6
train-00004-of-00048_001121,маған жаңағыдай сол кезде жамандық жасағанмен сен үшін ол жақсы болып қалу қажет,маған жаңағыдай сол кезде жамандық жасағанымен сен үшін ол жақсыолып қалу қажет,0.23076923076923078,0.0375,13
train-00004-of-00048_001122,жаңағы енді ол бірінші жолдасыммен арадағы болған мәселе саған әсер етпеу керек ол әкелік қызметін атқарып жатыр сен әке есебінде қара менің көзіммен мен мысалы енді күйеуім есебінде қарадым ғой менің көзіммен ондай айтар едім иә тек әке ретінде қабылда деп менің қызым түсінеді деп ойлаймын мен негізі ашық сөйлесемін өзім қызыммен,жаңағы енді ол бірінші жолдасым мен арадағы болған мәселе саған әсеретпеу керек ол әкел қызметін атқарып жатыр сен әкел есебінде қара менің көзіммен мемсал енді күйеум есебінде қарадым о менің көзіммен ондай қарама айтаредім я тег әкеретінде қабылда деқызым түсінетте олаееашық сөлесем өзім қызммен,0.5192307692307693,0.1686746987951807,52
train-00004-of-00048_001123,иә болды сен екінші жолдасыңда өйтіп тұрсың ғой да иә екінші жолдасында,ya boldim sen ekinchi joldasında ibir songa da ya ekinci joldasında,1.0,0.8873239436619719,12
train-00004-of-00048_001124,бала бар иә,تسيد,1.0,1.0,3
train-00004-of-00048_001125,ертең,,1.0,1.0,1
train-00004-of-00048_001126,ол кезде енді ол түсіндіру керек болады да себебі оның тарапынан айтылды ғой,отез дегинде ол түсіндіру керек батта себебі оның тарапынан айтылдығу,0.5384615384615384,0.21052631578947367,13
train-00004-of-00048_001127,баланы алдатып ұстауың керек еді деп ол айтты ғой,бааналдап құстауын керекет деп олайттығу,0.8888888888888888,0.2857142857142857,9
train-00004-of-00048_001128,ол ертең мен,ол ерсең ме,0.6666666666666666,0.16666666666666666,3
train-00004-of-00048_001129,мысалы еркектің психолог,ны енкектің психалы,1.0,0.375,3
train-00004-of-00048_001130,а не жемейді,نجمي,1.0,1.0,3
train-00004-of-00048_001131,ер бала бол,ер бала бол,0.0,0.0,3
train-00004-of-00048_001132,а ер бала болған соң енді дұрыс қабылдайды деп ойлаймын,агер бала болғансын ен дұрс қабыл айт де олейм,0.9,0.2727272727272727,10
train-00004-of-00048_001133,қыз сияқты нәзік болмайды ғой енді ер адамның кішкене өзінің бір жаратылысы болады ғой,айды сезімі жықсияқы нәзік болмайды қойында ер адамның кішкене өзінің бір жаратылысы болады ғо,0.42857142857142855,0.20930232558139536,14
train-00004-of-00048_001134,жоқ ондай болған негізі менің әкем ұл күткен ғой,жобындай болған негізі меәкем ұл күткен ғол,0.5555555555555556,0.16666666666666666,9
train-00004-of-00048_001135,а мен енді қыз болдым ғой енді тұңғышы қызбын,а менді қыз болым она тоңғызшы қызбын,0.6666666666666666,0.26666666666666666,9
train-00004-of-00048_001136,мені ұл сияқты киіндірген мен кішкентай кезімдегі фотоларды көрсем ер баланың киетін спортивкасы кроссовкасы мен ол үшін ренжімеймін,мені ұл сияқты кеіндерген мен кішкентәйкезімдегі фотоларды көрсең кәм ер баланың киетін спортивкасы кросовкасы мен олсын үренжімей,0.5,0.12878787878787878,18
train-00004-of-00048_001137,екеуін салыстыруға келмейді ғой сені ұл қылып кетті ғой сен қыз болдың бірақ сен қыз екеуіңді біліп тұрса да сенің үстіңе ер баланың киімін кигізіп қойып тұр,ұл олсы енді енді ойлашаа сені ұлғылып күттіғо сен қыз болдың бірақ сен қыз екеніңді біліп тұрса да сенің үстіңе ер баланы киімін кигізіп қойып тұр,0.4074074074074074,0.21019108280254778,27
train-00004-of-00048_001138,жоқ енді сені андай әлі де мынау ер бала болса екен деп тұр ғой енді іштей сен оны біліп тұрсың ғой мысқа қарағанда,жоған сені андай әл жәнір ер бала болса екені деп тұрқоерді ішнен се оны біліттен соғнкенарағандар,0.6956521739130435,0.34782608695652173,23
train-00004-of-00048_001139,а ол маған бурный емес я думаю менің солай қабылдайды деп,а ол маған бойна емес ядамой менен балдарымда солай қабылдайт деп,0.45454545454545453,0.40350877192982454,11
train-00004-of-00048_001140,айтсам ашық сөйлессем түсінеді деп ойлап жарайды,айтсам ашық сөйлессен тішінетте олжәрет,0.7142857142857143,0.3541666666666667,7
train-00004-of-00048_001141,бәлкім мысалы бала,бәлкі мысал бал,1.0,0.16666666666666666,3
train-00004-of-00048_001142,оны жариялады деген де бар ғой сен ол басқа адамдар негізі жариялап жүрген мен емеспін мен,оны жариялат дегенде барғо сен ол басқа адамдар негіз жариялап жүрген мен емес бөлген,0.5,0.12222222222222222,16
train-00004-of-00048_001143,сөйтіп айтыпты ғой сізге деп,сүй деп айтыпты ғой сізге деп,0.4,0.14285714285714285,5
train-00004-of-00048_001144,ол өзінің солай жеке айтқан видеолары былай тарап кетті да,ол өзінің сойы жеке айтқан видеолары былай тарап кетті да,0.1,0.05172413793103448,10
train-00004-of-00048_001145,содан мен жауап беруім керек болды,そ다 민 자업 이름 그리 복,1.0,0.8529411764705882,6
train-00004-of-00048_001146,мәжбүр болдым иә ол бәрібір де тұр ол өзі не істеп қойды так что ол менің тарапымнан деп айта алмаймын негізі ол маған айтқан біраз сөздері бар біраз нәрселері біраз видеолары жетеді менде бірақ ешқайсысына өйтіп жаңа жарияланған ертеңгі күні,мәжгір олды мен ол бәрі бірде тұр ол өзі нестеп қойтта күшті ол менін тарапындан деп айта алмайм негізі ол маған айтқан біраз сөздері бар біраз нәрселері бірз видеолары жетет мен де бірақ ешқайсын ойтужжалалм ертеңгі күні,0.525,0.1859504132231405,40
train-00004-of-00048_001147,баламандай бір ішінен бір әкесіне деген реніш берсе де болмасын міне,баламандай бір ішінен бір әкесіне деген ренш ө болмасынм,0.45454545454545453,0.19117647058823528,11
train-00004-of-00048_001148,шығар бәлкім,شغار باركب,1.0,0.9166666666666666,2
train-00004-of-00048_001149,иә оның видеолары негізі көп шығып кетті өзі әлеуметтік желіге бірінші шығып кетті де оныкі,оны бүдолары негіз көп шық бетті өзі әлеметтік желге бірінші шық бетті да оныкі,0.7333333333333333,0.2087912087912088,15
train-00004-of-00048_001150,мен тек жаңағындай ажырастым деп жарияладым,мен тек жаңадай ажырыстым деп жарияладым,0.3333333333333333,0.09302325581395349,6
train-00004-of-00048_001151,болған,我爸,1.0,1.0,1
train-00004-of-00048_001152,құрамшар,م,1.0,1.0,1
train-00004-of-00048_001153,денгейді,,1.0,1.0,1
train-00004-of-00048_001154,мүмкін бірақ бала деген жауапкершілік,бірақ бала деген жауып тершлік,0.6,0.2972972972972973,5
train-00004-of-00048_001155,бала деген жоқ,бала деген жо,0.3333333333333333,0.07142857142857142,3
train-00004-of-00048_001156,оны енді қазір мына ер адамдардың кесірінен негізі осындай ажырасу көптігі,онелге тазір мына ер адамдарыны кесіріне негіз осынай ажырасу көптігі,0.6363636363636364,0.16216216216216217,11
train-00004-of-00048_001157,жауапкершілігі жоқ жұмыс жасамай отбасын қамтамасыз еткісі келмейді әлі де жас күніндегідей қыдырып жүре бергісі келеді оған біреу приказ беріп бүйт бүйт деп айтқанын қаламайды,жауапкершілік жоқ жұмыс жасамай отбасына қантамасы еткісі келмейді әлі де жас күнндегі де қыдырып жүре бергісі келеді оған біреу приказберіп үйтпеттеп айтқанын қаламайды,0.4,0.09090909090909091,25
train-00004-of-00048_001158,отбасылық өмірге дайын емес болып отбасы құратынын жамандау осы ер адамдардың егер де осознанно отбасы құрамын деп ер адам шешім қабылдаса,отбасылық өмірге дайын емес болып отбасы ғұратынын жаманда осы ерадамдардың егерде асозыны отбасы құрамын деп ерадам шешім қабылдаса,0.42857142857142855,0.07246376811594203,21
train-00004-of-00048_001159,ол налево направо жүрмейді сол отбасы үшін жұмыс жасайды до конца ажыраспаудың әрекетін істер еді қазіргі ер адамдар жеңіл ойлайтын болып кеткен әрине барлығына топырақ шашпаймын бес саусақ бірдей емес жақсы ер азаматтар бар өзінің отбасына кәдімгідей бас көз болып отырған отағасы деген атқа сай болып отырған ер адамдар бар бар бірақ басым көпшілігі жеңіл ойлайды да,ол налева напырауа жүрмейді сол отбасшы үсін жұмыс жасайды аканса ажғас болдың әрекетін істереді қазіргі ер адамдар жеңіл олайтын ок көткен әрине барлына тұлпырақшашпаймын бес осақ бірдей емес жақсы ер азаматтар бар өзінің отбасына кәнімудей бас көз болып отырған отағасы деген атқа сай болп отқан ер адамдар бар бірақ басың көпшілігі жеңіл олайтті,0.40350877192982454,0.1358695652173913,57
train-00004-of-00048_001160,әйел ғой болды алып алдым үйде отырады бала шағаға қарайды жаңағыдай,әйел ғой болды албалдым үйде отырат балашағаға қарай жыңағда,0.6363636363636364,0.16176470588235295,11
train-00004-of-00048_001161,әкет өзі қаңғып қыдырып кетіп қалады,aki uzi қangib қidab titi ko,1.0,0.8055555555555556,6
train-00004-of-00048_001162,а ол қазіргі әйелдерге ұнайды ма,ауыл қазіргі әйелдерге ұнай мы,0.6666666666666666,0.15625,6
train-00004-of-00048_001163,ұнамайды олар бұрынғы әкелерінен көрген жасағысы келеді да,ұнамайды олар бұрынғы әкелерінен көрген жасақсы келекті,0.375,0.1206896551724138,8
train-00004-of-00048_001164,бірақ бұрынғы әкелер сияқты болғысы келгенімен бұрынғы аналар сияқты қыздар жоқ та қазір,бірақ бұрынғы әкелер сияқты болғысы келгенмен бұрынғы аналар сияқты қыздар жоқта қазір,0.23076923076923078,0.022727272727272728,13
train-00004-of-00048_001165,қазіргі қыздар,қазіргі қыздар,0.0,0.0,2
train-00004-of-00048_001166,бұрынғыдағыдай отбасым әке шешем не дейді анау мынау деген нәрселердің барлығын ысырып тастаған,бұрынғыдағыдай отбасы мен әкесшеміне дейт анамнау деген нәрселердің барлығын ысырт тастаған,0.6153846153846154,0.14736842105263157,13
train-00004-of-00048_001167,өмір бір ақ рет беріледі мен қалғанда өмір сүруім керек дейді,өмір бірақ рет берлет мен қалғандай өмір сіруім керекте,0.6363636363636364,0.18032786885245902,11
train-00004-of-00048_001168,бірақ енді әлі де кішкене бұрынғы менталитетпен отырған әйел адамдар да жоқ емес бар енді бірақ аз,бірақ енді әлді кішкене бұрынғы ментаитетпен отырған әйел адамдарда жоғ емес бар енді бірақ аз,0.35294117647058826,0.061224489795918366,17
train-00004-of-00048_001169,осындай әйел адам өзімді таңдаймын мен өзім бақытсызбын мына еркек,осындай әйел адам өзімді таңдаймын мен өзім бақытсызбын мына еркек,0.0,0.0,10
train-00004-of-00048_001170,жаңағындай жүріп кетіватыр отбасын асырамай айтты тіпті даже бар ғой,жanada jirp bitbatir o tbasin asramayat itіptі dajibargo,1.0,0.8970588235294118,10
train-00004-of-00048_001171,үйдің шаруасын бітіріп отқан бала шағаны бағып отырған тіпті асырап отырған әйелдерді деп ойлаймын,үйдің шаруасын бітірп отқан балашағаны бағы отырған тіпті асырап отырған әйелдертте білем,0.5,0.14285714285714285,14
train-00004-of-00048_001172,аха,,1.0,1.0,1
train-00004-of-00048_001173,еркек просто ән жерде,еркек пұрыстан жерде,0.5,0.23809523809523808,4
train-00004-of-00048_001174,куп,ه,1.0,1.0,1
train-00004-of-00048_001175,просто күйеу ме күйеу есебінде бар өзің білесің ғой қаншама әйелдер мысалға кілең жағдайы бар әйелдерге жақындап кеткен ер ер азаматтар көп,пұрысты күйю ма күю есебіндеп бар өзін білесің о қанша ма әйелдер мсалға кілең жағдайы бар әйелдерге жақындап кеткен еразаматтаркө,0.6363636363636364,0.1510791366906475,22
train-00004-of-00048_001176,мен енді оны қазір,ميn דن كازr,1.0,0.8888888888888888,4
train-00004-of-00048_001177,астының барлығын ашып айтқым келмейді біраз адамның көңіліне тиіп кетуі мүмкін мына жерде,асын барлыған ашып айтқын келмет біразіланмын көңелне текпеду мүмкін мнәжерде,0.8461538461538461,0.2808988764044944,13
train-00004-of-00048_001178,бірақ енді солай әйелге көп сеніп алған да ер азаматтар,бірақ енді солай әйелге көп сену алғанда еразаматтар,0.5,0.07272727272727272,10
train-00004-of-00048_001179,үйдің де шаруасын бітіру керек баланы да туу керек әке шешеге де қарау керек келіндік қызметті де атқару керек жұмысты да жасау керек ақшаны да табу керек,үйдіңдей шаруасын бітіру керек балантта туы керек әкешшеге де қарау керек кейдінгі қызметтіде атқару керек жұмыстыздаштау керек ақшанында табу керек,0.5555555555555556,0.12337662337662338,27
train-00004-of-00048_001180,солай қабылдап қалған көп ер адамдар,солай қабыл тапқалған көп ер адамда,0.5,0.1111111111111111,6
train-00004-of-00048_001181,және ашықтан ашық маған жазатын жігіттер де бар сөздің ашығы,және ашықтан ашық маған жазатын жігіттер де бар сөздің ашығы,0.0,0.0,10
train-00004-of-00048_001182,қазір сондай бір прикол шықты ғой милфа дейді ме бірдеңе деп айтады екен ғой,кәзі сондай бір прикол шықты мил фадима бір деңе деп айтады екен ғо,0.5,0.2236842105263158,14
train-00004-of-00048_001183,әйел қамтамасыз ететін болса анау просто тек жаңағыдай тип пай еркек те бір жері ғана еркек мынау еркекті,әйел қантамас ететін болса анапросітек жаңағдай типа еркекті бір жері ғана еркек на еркектік және саған кәліміде,0.7777777777777778,0.3619047619047619,18
train-00004-of-00048_001184,ашықтан ашық жазады одан ұялып тұрған жоқ өзі еще,ашықтан ашық жазады одан ұялыптұрған жоқ өдеш жо,0.4444444444444444,0.14285714285714285,9
train-00004-of-00048_001185,бұл сені шүкір,现的是,1.0,1.0,3
train-00004-of-00048_001186,жоқ қара не,조하라니에,1.0,1.0,3
train-00004-of-00048_001187,әдетсе,अद तस,2.0,1.0,1
train-00004-of-00048_001188,сен ол адамды позор деді мүмкін бір күн тәубесіне келеді,шем ол адамды пазортеті мүмкін бір күн тәубесіндекелер,0.5,0.17857142857142858,10
train-00004-of-00048_001189,енді тәубесіне келер енді может андай мыстықпен қазіргі немен жасап қалған шығар,ен тәубесіне келеріңмоштандай масқытпен қазіргі немен жасып қалғанша,0.75,0.225,12
train-00004-of-00048_001190,таңдауды біз жасаймыз әрине,تندود بالجصيم سارين,1.0,0.9259259259259259,4
train-00004-of-00048_001191,сәлеметсіздің өздерінің өздерінің өздері,,1.0,1.0,4
train-00004-of-00048_001192,екіншісіне былай болды ол сөзбен әдемі ұйықтатады да,екіншітіне бойылд ол сөзбен әдемі ұйықтататты,0.625,0.25,8
train-00004-of-00048_001193,қатты ұйқатады енді ондай еркектер бар сөзбен ұйықтатқанда енді ойбай алдыңа парижді алып келеді ғой,қатти қызат енді ондай еркектер бар сөзбен ұйқтатқандайна ойбай алдыңа париждалып келеді ол,0.4666666666666667,0.16,15
train-00004-of-00048_001194,ол бар,我板,1.0,1.0,2
train-00004-of-00048_001195,мен болды түсіндім мен де жаңағыдай осындай өмірден өттім сен де бұндай өмірден енді ол да тоже ажырасқан ғой,мен болда түсіндім мен де жаңағыдай осындай өмірден өттім сен де ұндай өмірденд ол да тожы ажырасқан ғо,0.3157894736842105,0.07339449541284404,19
train-00004-of-00048_001196,мен болды уже әрі қарай бүкіл балалығым бәрін тастаймын,мен болды ожа әрі қаре бүкілі ала алығын бәрім тастайын,0.7777777777777778,0.2,9
train-00004-of-00048_001197,отбасы деп сөз берген ғой,отбасы деп сөз берген ғо,0.2,0.04,5
train-00004-of-00048_001198,енді жасы біразға келіп қалды енді,енді жасы бір әзға келіп қалды енді,0.3333333333333333,0.058823529411764705,6
train-00004-of-00048_001199,сөзінде тұратын шығар деп ойлайсың ғой басында барлығы әдемі әрине содан кейін қалды сол баяғы қыдырыс сол баяғы әуен,сөзінде тұратын шығарды өлейсіңғ басында барлығы әдем әрине соданген қалды собаяғы қыдырыс собаяғы әуен,0.5789473684210527,0.1623931623931624,19
train-00004-of-00048_001200,енді сол сөзіне сеніп қалып тұрмын ғой,in sو tuزn sen قطرmغa,1.0,0.8947368421052632,7
train-00004-of-00048_001201,төлемаңыздер,点慢不起,1.0,1.0,1
train-00004-of-00048_001202,отбасыларыңызбен,пасларыңыз ин,2.0,0.375,1
train-00004-of-00048_001203,меннен кейін тағы бір сіңілім болған иә,مجن اغبرسgل بغن,1.0,0.9487179487179487,7
train-00004-of-00048_001204,қайтыс болғаным,قسبهن,1.0,1.0,2
train-00004-of-00048_001205,ол кезде біздер қалаға енді көшіп келіп жатырмыз енді мен ауылда өсіп қалған қызбын ғой,ол кезде біздер қалаға енді көшіп келіп жатырмыз енмін ауылда өзіп қалғанғызмың ғо,0.4,0.11494252873563218,15
train-00004-of-00048_001206,қалада пейсоход жолда көліктер көп жүреді ауылда көлік жүрмейді ғой иә,қалада пешехот жолда көліктер көпжеді ауылда көлік жүрмейді ға,0.45454545454545453,0.17142857142857143,11
train-00004-of-00048_001207,екеуміз жаңағыдай мен қолымда мусор мусор пакет бар мамам енді күнделікті далаға шығатын кезде мусор төкте мусор пакет ұстатып жіберді мусор пакет бар алдында гүл жаннат бар,екеміз жаңағдай мен қолымда мусыр мусыр пәкет бар мауаменді күнделікті дала жатын кезде мусыр түкте мусыр пәкет ұсат жерет мусыр пәкет бар алдында гүлжәнат бар,0.7037037037037037,0.16184971098265896,27
train-00004-of-00048_001208,екеуміз подъезден осылай шығып келе жатамыз,екеміз подиздин осай шық бел жатан,1.0,0.32558139534883723,6
train-00004-of-00048_001209,мен де кішкентаймын иә,مين ليكش كينطيمنيا,1.0,0.9545454545454546,4
train-00004-of-00048_001210,так,tak,1.0,1.0,1
train-00004-of-00048_001211,ол кезде менің жасым примерно 1 жеттіде ме сондай,акөзде мен жасым премьеріні бір жетті дема сондай,0.7777777777777778,0.32653061224489793,9
train-00004-of-00048_001212,аха,好,1.0,1.0,1
train-00004-of-00048_001213,жетіде ол төртте болатын ол кезде,жеті де ол түртте олатын о кезде,0.8333333333333334,0.12121212121212122,6
train-00004-of-00048_001214,7 жасымда ғой осылай өсіп жаңағыдай пакетті ұстап келе жатырмын гүлжан ата алдымда келе жатырған,жет жасымдағы осыдай өсіп жаңадай пакетті ұстап келе жатыр мын гүлжәнаті алдымда келе жатырған,0.5333333333333333,0.13541666666666666,15
train-00004-of-00048_001215,бір уақытта жаңағы көрші қыз болған бізде сол көрші қыз ана мусорный бактың жанында тұрды да соған қарай жаңа соның атын атап жүгіріп баратады ғой,біруақытта жаңағы көр шығыз болғанбыз де со көршығыз жана мусырне бактың жанында тұртты соған қарай жсоның атын атап жүгіріп баратады,0.64,0.19863013698630136,25
train-00004-of-00048_001216,тоқта деп мен айтып үлгермейм газель көз алдымда қақып кетеді сол сіңілімді,тоқта деп мен айтып үлгермен газел көз алдымда қақып көтет сол сіңілімді,0.25,0.08,12
train-00004-of-00048_001217,үлкен кәдімгідей газель ғой,lkenkan bure kaselgo,1.0,0.9629629629629629,4
train-00004-of-00048_001218,иә менің көз алдымда қақып кетеді бірақ қақып кеткенмен ол қазір тоқтады ғой енді,иә менің көз алымда қақп кететі бірақ қақ кетке мен ол гәзел тоқтады ғой енді,0.5,0.12345679012345678,14
train-00004-of-00048_001219,тоқтағанмен ол сіңілімнің үстінде ешқандай да жарақат қан ешнәрсе болған жоқ,тоқтаған мен ол сіңілімнің үстінде еш қандайда жарақат қан ішнәрсе болған жоқ,0.45454545454545453,0.05263157894736842,11
train-00004-of-00048_001220,сөйтсе ол қаншы тең кетіватқан екен біз білмедік те мен бірден мусорты ұстап сіңілімді көтеріп алып үйге кіремін,сөйтсе оқан іш тең кетеп атқан екенбіз білмекіпті мен бірде мосыртыстап сіңілімді көтері алып үйге күрем,0.6666666666666666,0.19642857142857142,18
train-00004-of-00048_001221,аха үйге кірем де жаңа мамам айтам осылай қағып кетті мамам қатты қабылдамайды,үйге кіремда жамам айтам осай қақ көт маам қатт қабылдамайт,0.8461538461538461,0.2948717948717949,13
train-00004-of-00048_001222,енді қан жоқ дым жоқ қой жарақат жара ешнәрсе жоқ бірақ сіңілім деген жылаватыр енді енді іштен қан кетіватыр ауыртып отырған болды да иә содан больницаға апарайық дейді сонымен больницаға алып барады алып барғанда,енді қан жоқ тым жоққ жарақат жара иш нәрсе жоқ бірақ сіңілім деген жыла латыр ендді іштен қангитр алтатырған болыпта я содан банизағаппар яқ дейт с баницағ ыпа алып барғанда,0.6470588235294118,0.2850467289719626,34
train-00004-of-00048_001223,бірден реанимацияға түседі ғой реанимацияға түсіп бір сағатқа жетер жетпес өмірден өтіп кетті дейді,бірден раниматсаға тседо раниматсаға түсіп бір сағатқа жизер жет бес өмірден өдік петтідейт,0.7142857142857143,0.23232323232323232,14
train-00004-of-00048_001224,ол анама үлкен соққы,ол анама үлкен соккт,0.25,0.15,4
train-00004-of-00048_001225,енді жасып қалды ол кезде өзі,into sascochis diose,1.0,0.9310344827586207,6
train-00004-of-00048_001226,оның үстіне жаңағыдай қалаға енді көшіп келіватыр енді адам боламыз үлкен арман мақсатпен келеді ғой адам,оның үстіне жаңағыдай қалаға енді көшік беліп атыр енді адам болаымыз үлкен арман мақсат пен келеду қадам,0.5,0.10476190476190476,16
train-00004-of-00048_001227,бүкіл арман мақсатының барлығы алдында құлағандай болды да,бүкіл арма мақсатының барлығы алдында құлақандай болтта,0.5,0.10344827586206896,8
train-00004-of-00048_001228,сол кезде енді мен әйел ретінде ана ретінде қазір түсінемін,со кезде енді мен әйел ретінде ана ретінде қазір түсінем,0.2,0.05084745762711865,10
train-00004-of-00048_001229,ол кезде бірақ түсінген жоқпын ренжідім іштей анама деген андай өкпем ренішім қатты болды,ол кезде бірақ түсінгей жоқпын ренжідім іште анама деген андай өкпем реншім қатты олт,0.2857142857142857,0.06741573033707865,14
train-00004-of-00048_001230,қазір енді өзім ана болған соң түсінемін енді балаңнан иә мені кінәлағаны үшін,қазір еңді өзім анаолғасын түсіне мені баланнан аялудеген өте ауыр иә менігінайлаған үшін,0.7692307692307693,0.47435897435897434,13
train-00004-of-00048_001231,енді ол ашумен айтып қалды деп ойлаймын эмоциямен ол кезде тіпті өзінің,эндa ол ашумен айтып катте oлем эm отсамен oгезесіпті өзінің,0.6666666666666666,0.38028169014084506,12
train-00004-of-00048_001232,есі креслі шыға сұлу болды ғой,есі кресілі шығасылы болдыға,0.8333333333333334,0.23333333333333334,6
train-00004-of-00048_001233,үйде қаза болыватыр үлкен,үйде қаза бол батыр үлкен,0.5,0.08,4
train-00004-of-00048_001234,ол қыз еще өте қылықты болатын ол сіңілім,оғызіші өте қылықты болатын ол сыңелім,0.5,0.21951219512195122,8
train-00004-of-00048_001235,андай қылықты пысық болады ғой андай бір тартып тұратын тәтті қыздар болады ғой сондай тәтті қыз болатын,دа قىлقتا پىсىق بوлادىғاн دа بىر тارتىپ تۇрاтم тەтتىғىزلаر بولاۇ сۇа тەтتى ғىز بولاт,1.0,0.7115384615384616,17
train-00004-of-00048_001236,сөйтіп одан да қара жердің қойынында сенің жатқаның артық еді деген сөздер айтылды,стіп одан да қара жердің қойында сенн жатқаның артық ет деген сөздер айтылды,0.3076923076923077,0.0975609756097561,13
train-00004-of-00048_001237,иә анамның тарапынан айтылды,анамның тарапынын айтылды,0.5,0.14285714285714285,4
train-00004-of-00048_001238,оның барлығы енді сен дұрыстап қарамайсың ба сіңіліңе саған сені тапсырдым ғой деп ойлаймын,оның барлығы енді сен дұстап қарамайсың бәсігіліңе саған сен тапсырдымғо деп ойлайм,0.5,0.10989010989010989,14
train-00004-of-00048_001239,сол неде айтты деп ойлаймын да,소 니디있てで 올れ다,1.0,0.9333333333333333,6
train-00004-of-00048_001240,бір енді менің бір өлімімді қалады деп айта алмаймын әрине баласын қимайды ғой иә біразға дейін енді анам жібере алған жоқ,бір енді менің бір өлімінді қала еп айталма қанаасын жерде ә аласын қиймайды ғоя біраз қаген енді ана жегер алған жоқ,0.6666666666666666,0.27049180327868855,21
train-00004-of-00048_001241,баласын,妈老斯,1.0,1.0,1
train-00004-of-00048_001242,өте ауыр жас кезде ол баладан айырылып қалу деген,өте ауыр жас кезде о баладан айырып қалу деген,0.2222222222222222,0.061224489795918366,9
train-00004-of-00048_001243,мен мысалы қазіргі елестете алмаймын мысалға,ме мсал қазір елесет алмай мысалға,0.8333333333333334,0.22727272727272727,6
train-00004-of-00048_001244,мен баламды жаңағыдай өзімді осындай неде мүлдем үйретіп жатырмын құдай сақтасын әрине,мен баламда жаңады өзімді осындай неде мүлде мелес жатарма қодай шықты сын нәрине,0.75,0.2441860465116279,12
train-00004-of-00048_001245,ол нәрсені қабылдау өте қиын деп ойлаймын қай қай ғана,оннарсен қабылдыр өте қиын де олен қайқа анағады,0.8,0.35185185185185186,10
train-00004-of-00048_001246,енді біраз жақтан мен ренжіп келдім ғой мен,енді біра жатқане ренжіп кезімғымен,0.75,0.27906976744186046,8
train-00004-of-00048_001247,сұлтты,,1.0,1.0,1
train-00004-of-00048_001248,иә иә осы берік ретте ана болғаннан кейін барып қана түсіндім де,ә я осы бергіректі ана бол ғана кейін барып қана түсіңдіңді,0.6666666666666666,0.234375,12
train-00004-of-00048_001249,неге өйдеп айтты менің негнам бар солай болу керек болып тұрған ғой иә не үшін мені кінәлады деген сияқты сұрақтар мазалады біраз,неге өйдеп айтты мен негі нәнбар соғай олу керек болып тұрған ғо я не үшін мені кінайлат деген сияқты сұрақтар мазалады біраз,0.36363636363636365,0.12403100775193798,22
train-00004-of-00048_001250,но ана болғаннан кейін мен уже түсіндім,ну ана болған әңгел мен уже түсіндім,0.42857142857142855,0.23076923076923078,7
train-00004-of-00048_001251,сол мен мен де солай ойладым да,сомен де солай ойладым да,0.42857142857142855,0.1935483870967742,7
train-00004-of-00048_001252,және ең қызығы сол қабылдадым ғой солай анамды ол ауруым біразға дейін негізі жалғасып келген менде,және ен қызығы сол қабылдадым ол солай адамды ол аурум біразға деннегіз жалғасып келгенмен де,0.5,0.1111111111111111,16
train-00004-of-00048_001253,ол ауруды андай қаратамыз мұнда қаратамыз бірақ барлығы нормально дейді де но ол ауру өздігінен қайта қайта жаңағыдай соны кішкене тарқатып,ол ауруды андайы қаратамыз мұнда қаратамыз бірақ барлығы нормалініз етті но ол ауру өздігінен қайта қайта жаңағыдай соды кішкен,0.3333333333333333,0.1510791366906475,21
train-00004-of-00048_001254,ол оказывается аурудың 2 түрі де бар екен ғой психологиялық жағынан да болады екен адамда травма болса,ол оказуится аурун екі түрде бәр екен ғо психологиялық жағнанда болады екен адамда травма болса,0.5294117647058824,0.14705882352941177,17
train-00004-of-00048_001255,жаңағындай қатты көңілге алып қалған бір жағдай болатын болса ол ауру біразға дейін болады екен бірақ сол жаңағындай қалай мен қабылдадым,жаңада қатты көңілге алып қалған бір жағдай болатын болса оләуру біразғадем болады екен бірақ сол жаңағыдай қалай мен қабылдадым,0.2857142857142857,0.08029197080291971,21
train-00004-of-00048_001256,қалай мен жағдайын түсініп қазір мысалы ренжімеймін отпускке кеттім ғой уже мен отпускке кеткеннен кейін ол ауру да жоқ қой,қалаймен жағдайын түсініп қазір мсала ренжемим атпус катеттім құжымен атпұс катеткененген ол ауруда жоқ қы,0.75,0.2764227642276423,20
train-00004-of-00048_001257,елмек сеніп психология ғой,жемек цны птехологияла,1.0,0.46153846153846156,4
train-00004-of-00048_001258,а ол қалай көрініс тапты оған,aw kavаy krin sapt,1.0,0.8620689655172413,6
train-00004-of-00048_001259,иә мектептік шақта төртінші сыныптан басталды солай,әмектептік шақта төртінші сынтытан басталды соай,0.5714285714285714,0.09803921568627451,7
train-00004-of-00048_001260,и басында енді жоқ мектеп бітіргенге дейін андай қатты бір қуғым ауыра беретінмін де өз өзіме,басында енді жоқ мектеп бітіргенге дейін андай қатты бір қуғым аура беретінді өзөзме,0.375,0.10752688172043011,16
train-00004-of-00048_001261,а вроде ол ауру негізі босанған әйелдерде болу қажет аурудан негізінде де босанған әйелдерде тұрмыс құрған келіншектерде болу қажет ауру ғой бірақ менде сол төртінші сыныптан басталды,вроди ол ауру негізі бұлсанған әйелдерде болу қажет ауруда негізімде да бұлсанған әйелдерде жа тұрмыс құрған келіншектерде болу қажет ауру ғо бірақ менде сол төртінші сыныптан басталды,0.3333333333333333,0.07650273224043716,27
train-00004-of-00048_001262,керегіңдер бардың ба,dinge bardna,1.0,0.95,3
train-00004-of-00048_001263,бірақ ана ауру мазалап тұр сөйтсек оның барлығы психологиядан болған екен ғой ол аурудың соңы мына мен оқуға түскен кезде алматыға университетке түскен кезде уже қатты жалғасып кетті ғой,бірақ ана ауру мазалаптұр сүйттек оның барлықы психологиядан болған екен ол аурудың соңы мнае оқуға түскен кезде алматыға университитке түскен кезде жі қатты жалғасық бектіғы,0.41379310344827586,0.11290322580645161,29
train-00004-of-00048_001264,уже маған судорогы беріп бастады енді ұзақ уақыттан бері психологиялық сол травмада жүрген болып тұрмын ғой судорогы беріп бастады талып құлайтын болдым сабақтың үстінде құлап қаламын жаңағындай дірілдейм судорог ұстайды сондай нәрселер болып кетті,ожо маған судыргі беріп бастат енді ұзақ уақыттан беріп психологиялық сол травма да жүрген болптырм о судыргі беріп басат талып қылайтын болдым сабақтың үстінде құлап қалам жаңадай дірілдейм судыр кұстайт ұсындай нәрселер өкбетті,0.5588235294117647,0.17338709677419356,34
train-00004-of-00048_001265,давлением түсіп кетеді өлемін деп ойладым мен сол кезде,tabli nimski ked wulim di wulad min sokise,1.0,0.8909090909090909,9
train-00004-of-00048_001266,сөйтсем соның барлығы сол травманың кесірінен болған екен ғой,실지 소는 말서 트라하는 기을니 모л가 있경거,1.0,0.8852459016393442,9
train-00004-of-00048_001267,екінші күні,很,1.0,1.0,2
train-00004-of-00048_001268,жатқан,ت,1.0,1.0,1
train-00004-of-00048_001269,а анамның тарапынан ба,anam nng tarapnamba,1.0,0.9545454545454546,4
train-00004-of-00048_001270,білмеймін енді ол жағынан анамын қазір сөйлеспейміз ол жақ,біл неменді олжағнан анамы казір oсулеспейміз олжа,1.0,0.25862068965517243,9
train-00004-of-00048_001271,ол бұрын өтіп кеткен нәрсе болғандықтан,бұруну бөтүп көткен нәрсе болган тыктан,1.0,0.3076923076923077,6
train-00004-of-00048_001272,маған келіп көп нәрсені ашық айта алмайтын сияқты,маған келіп көп нәрсені ашық айталмет сақты,0.375,0.16326530612244897,8
train-00004-of-00048_001273,қорқатын сияқты өзінің де ішінде бір,құрқатын сияқты өзінеде ішінде бір,0.5,0.1111111111111111,6
train-00004-of-00048_001274,әттеген ай дегені бар сияқты анамның да,әттегенай дегені барсыяқты анамныңда,0.8571428571428571,0.10256410256410256,7
train-00004-of-00048_001275,бірақ енді ашықтықке келіп маған айтпайды оның барлығын,bиrаq inдa аsыpы кегеliп mаgан айтbайт уnың баrыld,1.0,0.4909090909090909,8
train-00004-of-00048_001276,иә мен де айтпаймын мен өзім негізі былай әңгімеге ашық адам болғаным мен ішкі жан дүниемде жабық адаммын ішкі жан дүниемде сырларымды ешкімге ашпаймын негізі,иә менде әйтпейм мен өзім негізі былай әңгімегі ашық адам болған мен ішкі жан дүниемде жабық адамын ішкі жан үниемі сырларымды ешкімбе ашпайм негізі,0.36,0.0949367088607595,25
train-00004-of-00048_001277,иә сол кездерде мен қайта қайта жаңағы ауылға кетіп қалатынмын,сол кездерде мен қайта айтта жаңарғы ауылға кетіп қалатымын,0.4,0.11290322580645161,10
train-00004-of-00048_001278,ата әжеме да,أقجيمدا,1.0,1.0,3
train-00004-of-00048_001279,ата әжемнің қасында көп болатынмын,ата жемнің қасында көп болаты мын,0.6,0.058823529411764705,5
train-00004-of-00048_001280,а мен тұрмай ақ қояйыншы аналармен мен сендермен тұра берейінші деп кәдімгідей ата әжеме жылағаным да бар,мен тұрмайа қойыншы аналар мен ме сендермен тұра береніш деп кәдімгде ата жеме жылағанымда бар,0.6470588235294118,0.13333333333333333,17
train-00004-of-00048_001281,қашып кетемін айтпай кетіп қаламын,قاшق بىتем аيтبە كېтىك باлام,1.0,0.6764705882352942,5
train-00004-of-00048_001282,газельгеменен 580 теңге әлі есімде 580 теңгісін беремін газельгеменен ауылға кетіп қаламын,гәзелге менен бешсексендеге әлесімде бешсексендегсім берім гәзелге мненді алға кетіп қылым,0.9166666666666666,0.4666666666666667,12
train-00004-of-00048_001283,үйдегілер білмейді мені таппай қалады қайтпаймын барғым келмейді уже,үйдеглер білмейті менн таппай қалады қайтпайым барғым келмейтуже,0.6666666666666666,0.11764705882352941,9
train-00004-of-00048_001284,жаңа енді ол кезде енді,抓应毒个进的,1.0,1.0,5
train-00004-of-00048_001285,қаза болыватыр ғой енді үйде,қаза болбатыр ғой енді үйге,0.4,0.10714285714285714,5
train-00004-of-00048_001286,қаза болыватыр анамның андай сөзі болды деген сияқты ол кезде маған қабылдау кішкене 7 жасар қызға енді қабылдау қиын болды сол үшін қайта қайта ауылға кетіп қалатынмын,қаза бол атыр анамның андай сөзі болып деген сияқты о кізде маған қабылдау кішкене жет жасар қызға енді қабылдау қиым болп сол үшін қайта қайта ауылға кетіп қалатымын,0.3333333333333333,0.07738095238095238,27
train-00004-of-00048_001287,ата әжемнің жанында,ата жемнің жаныда,0.6666666666666666,0.10526315789473684,3
train-00004-of-00048_001288,көп болғанды қалайтынмын,көп болғанда қалайды мын,1.0,0.125,3
train-00004-of-00048_001289,жоқ ашық айтқан жоқ,жок ашык айтканж,1.0,0.3157894736842105,4
train-00004-of-00048_001290,білмеймін бір моменті болмай жүрген сияқты,білмен бір маменді болмай жүргінсяқ,0.6666666666666666,0.23809523809523808,6
train-00004-of-00048_001291,мән бермейтін де сияқтымын ба мен қатты оған бір сөйлесу керек ау деп әлі қабылдамаған сияқтымын өзім,мәнберметінде сияқтын ба мен қатты оған бір сөлесу керег ау деп әлі қабылдамаған сәі,0.47058823529411764,0.18811881188118812,17
train-00004-of-00048_001292,иә ол да бірінші рет ана болып тұр ғой,ол да бірінціт ана олтурғу,0.6666666666666666,0.39473684210526316,9
train-00004-of-00048_001293,былай енді сөйлесеміз ғой қатты енді ашық емес,была енді сөйлесеміз ғой қатты енді ашық емес,0.125,0.021739130434782608,8
train-00004-of-00048_001294,жаңағы,一下,1.0,1.0,1
train-00004-of-00048_001295,үңілі,مل,1.0,1.0,1
train-00004-of-00048_001296,құрбы сияқты сөйлесеміз негізі иә ана мен қызына қарағанда құрбы сияқты сөйлесеміз,құрбы сияқты сөйлесеміз негізі иә анамен қызына қарағанда құрбы сияқты сөйлесеміз,0.16666666666666666,0.012195121951219513,12
train-00004-of-00048_001297,ешкімге төгілмеймін мен ешкімге айтпаймын,ишкімге төгілмегмен ишкім гетпе,1.0,0.3902439024390244,5
train-00004-of-00048_001298,өзім ішімде өзім шешуім керек өзімде қалу керек болды,өзім ішімде өзім шешуім керек өзімде қалу керек болды,0.0,0.0,9
train-00004-of-00048_001299,әкеме вообще айтпаймын,aكm waفstn,1.0,0.9545454545454546,3
train-00004-of-00048_001300,нөл әкем екеумізде қатты бір андай арада әңгіме де жоқ,нөл әгемекемізде қатты бырандай арада әңдемеде жоқ,0.6,0.14814814814814814,10
train-00004-of-00048_001301,иә иә менің әкеге деген махаббатым қатты,яя мен әкеге деге мақабатын қатты,0.7142857142857143,0.275,7
train-00004-of-00048_001302,әкеме ананы алып берсем екен мынаны үйтсем екен бүйтсем екен әкемді қуантсам екен деген махаббатым қатты,әкем ананалып бірсі мекемн аны үтсі мекем үтсі мекені әкемді қуантса мекендеген махаббатым қатты,0.8125,0.2403846153846154,16
train-00004-of-00048_001303,бірақ қыз ретінде енді әкем деген қалай айтсам болады қатты бір андай не адам емес те эмоцияға жақын адам емес те баяғының адамдары сол ғой,бірақ қызы ретінде енді әкемдеген қлайтсымбот қатты бір андайы не адам месті эмоцияғы жақын адам месті баяғының адамдар солғы,0.6,0.17266187050359713,25
train-00004-of-00048_001304,жылы сөзді көп айтпайды қатты ашылмайды өзін кішкене алыстан алшақтан ұстайды ғой,жылы сөзді көп айтпайт қатта ашылмайт өзін кішкене алыстан алшақтан ұстайды ғо,0.3333333333333333,0.07407407407407407,12
train-00004-of-00048_001305,әкеммен де өйтіп қатты әңгіме етпейді екенбіз,اكمند وتقبت أنجلs بدي كمس,1.0,0.9111111111111111,7
train-00004-of-00048_001306,жоқ машинаға отырам да машинаға отырам да,жоқ машинаға отырамды машинаға отырамды,0.5714285714285714,0.0975609756097561,7
train-00004-of-00048_001307,музыка қосып қоямын да болды сонымен шығара саламын иә иә иә андай подругаға барып айтып қазір біреуге бірдеңе айтуға қорқасың,музыка қосық боямда бұлтсомен шығарасыла еіезіғана шығарасыңия андай падрга ғабарып айтып кәз біругі бірдең айтуға қорқасын қорсыністіқұрсында,0.85,0.5,20
train-00004-of-00048_001308,иә құрсын бәлестен аулақ дейсің ғой өз өзіңмен ғана проблема болса бір жаман не болып қалыватса,қырсын бәлесінен аулақтийсыңғы өз өзіммен ғана проблема болса бір жаман неоқ қалбатса,0.625,0.22105263157894736,16
train-00004-of-00048_001309,көлікке барамын да музыкам бақытты болып сол жерде,күлкке baрамдa музкан bақыт қoп sолжiрdi,1.0,0.44,8
train-00004-of-00048_001310,бүкіл нәрсені сырымды өз өзімнің аттары,бүкіл нәрсеңі сырымды көз өзімлақтары,0.6666666666666666,0.1794871794871795,6
train-00004-of-00048_001311,бүткен ақтық та,pitkin,1.0,1.0,3
train-00004-of-00048_001312,иә кішкентай кезінде иә жетінші сыныптың кезінде ғой,ә kіskен ta кеzімде ya jетінs сынпtің кеzімде o,1.125,0.4230769230769231,8
train-00004-of-00048_001313,бір,بر,1.0,1.0,1
train-00004-of-00048_001314,тумаласымыз туысымыз,tuğumalasımız tusımız,1.0,1.05,2
train-00004-of-00048_001315,бәріміз енді ауылда жаңағыдай садақа болады той томалақ болады сол кезде бәріміз жиналамыз ғой,бәріміз енді ауылда жаңадай садаққы болат тойтомалақ болаты сөгезде бәріміз жиналамыз қо,0.6428571428571429,0.14893617021276595,14
train-00004-of-00048_001316,бәрі күшті көлікпен келеді жаңағы тумалыстардың барлығы,бәр күштү көлк пенгре чеңа тумаластардын барлыга,1.0,0.32727272727272727,7
train-00004-of-00048_001317,күшті көліктен түсіп кетеді бізде енді ескі көлік болды,кіштік көлктенісік пайтады бізд енді ескі көлік болып,0.6666666666666666,0.2727272727272727,9
train-00004-of-00048_001318,өйткені бір есігі дұрыс жабылмайды сол жерден жел гулит,ите біресігі дұрс шабылмайт сол жерден желгулит,0.7777777777777778,0.2,9
train-00004-of-00048_001319,кондиционер жоқ жаңағыдай пеші дұрыс істемейтін сондай бір ескі көлік болған,кондиционер жоқ жаңада пиші дұрыс емейтін сондай бір ескүгілік болған,0.45454545454545453,0.14473684210526316,11
train-00004-of-00048_001320,сол кезде ең ескі көліктен менің әкем түсіп келе жатыр да,со кезде ең ескі көліктен менің әкемтізік бел жатірта,0.5454545454545454,0.17543859649122806,11
train-00004-of-00048_001321,сол бәріміз түсіп келе жатырмыз ғой енді отбасымызбен келе жатырқ қой,сот бәріміз түсіп келе жатырмыз ғой енді отбасымыз бен келе жатыр қым,0.45454545454545453,0.07246376811594203,11
