recording_idx,source_id,duration_sec,reference,hypothesis,wer,cer,exact_match
0,1788,14.88,ақш тың гимнастика федерациясы ақш олимпиада комитетінің хатын қолдайды және біздің барлық спортсмендер үшін қоршаған ортаның қауіпсіздігін арттырудың абсолютті қажеттілігін мойындайды,ақыштың гимнастика федерациясы ақыш олимпиада комитетінің хатын қолдайды және біздің барлық спартсмендер үшін қоршаған ортаның қауіпсіздігін арттырудың абсолютты қажеттілігін бойындайды,0.2857142857142857,0.03260869565217391,0
1,1749,24.36,оны вичи француздар билеген бұл 1940 жылы немістермен бейбіт келісім жасасқан және соғысудың орнына жаулаушылармен бірге жұмыс істеген француздар болды,оны вичи француздар билеген бұл 194 жылы немістермен бейбіт келісім жасасқан және соғысудың орнына жаулаушылармен бірге жұмыс істеген француздар болды,0.05,0.006622516556291391,0
2,1701,16.44,ешкілер алғаш рет қол үйретілген уақыт иранның загрос тауларында шамамен 10 000 жыл бұрын деп саналады,ешкілер алғаш рет қол үйретілген уақыт иранның загроз тауларында шамамен о0 000 жыл бұрын деп саналады,0.125,0.0196078431372549,0
3,1846,11.82,сондықтан бұл пішімнің арақатынасы ең қарапайым бүтін санның қатынасын алу үшін он екіге бөлу 3 2 деп айтылады,сондықтан бұл пішімнің арақатынасы ең қарапайым бүтін санның қатынасын алу үшін он екге бөлу үшті екі деп аталады,0.2222222222222222,0.09090909090909091,0
4,1975,17.34,ватикан қаласы халқының саны шамамен 800 бұл дүние жүзіндегі ең шағын тәуелсіз ел және халық саны ең аз ел,ватикан қаласы халқының саны шамамен түсе00 бұл дүние жүзіндегі ең шағын тәуелсіз ел және халық саны ең аз ел,0.05263157894736842,0.03773584905660377,0
5,1708,17.58,хьюн қызметтен кетуді сұранды және оны кабинетте эд дэви мп ауыстырады норман лэмб мп дэви босатып жатқан бизнес министрі жұмысын алады деп күтілуде,hюн қызметтен кетуді сұранды және оны кабинетте dvmp ауыстырады norman lemp mp dv босатып жатқан бизнес министрі жұмысын алады деп күтілуде,0.34782608695652173,0.1891891891891892,0
6,1994,16.08,егер сіз романдық тілді білсеңіз сізге португал тілін үйрену оңайырақ болатынын айтпай ақ қойса да болады,егер сіз романдық тілді білсеңіз сізге португал тілін үйрені оңайрақ болатынын айтпайақ қойсады болады,0.375,0.047619047619047616,0
7,1956,13.56,тауарларды тасымалдау үшін кемелерді пайдалану әзірше адамдардың және тауарлардың үлкен мөлшерлерін мұхиттарда жылжытудың ең тиімді жолы болып табылады,тауарларды тасымалдау үшін киемелерді пайдалануы әзірше адамдардық және тауарлардың үлкен мүлшерлерін мұхиттарда жылжытудың ең тиімді жолы болып табылады,0.2222222222222222,0.026490066225165563,0
8,1994,18.12,егер сіз романдық тілді білсеңіз сізге португал тілін үйрену оңайырақ болатынын айтпай ақ қойса да болады,егер сіз романдық тілді білсеңіз сізге португал тілін үйрену оңайрақ болатынын айтпай ақ қойса да болады,0.0625,0.009523809523809525,0
9,1965,19.44,олар қауіпсіз жүзуге арналған құмды жағажайлардың барлығына дерлік және олардың көпшілігінде похутукава ағаштарымен қамтамасыз етілген,олар қауіпсіз жүзуге арналған құмды жағажайлардың барлығы нәдерлік және олардың көпшілігінде похутукава ағаштарымен қамтамасыз етілген,0.13333333333333333,0.022388059701492536,0
10,1706,23.88,дәстүрлірек шіркеулер пасха демалыс күндері сенбі түні пасхалық таңғы ғибадатты өткізеді жиналыстар жиі түн ортасында мәсіхтің қайта тірілуін мерекелеуге айналады,дәстүрлірек шіркеулер басхадималыс күндері сен бүтіні басхалық таңғы ғибадатты өткізеді жиналыстар жиі түн ортасында мәсіхтің қайта тірілуін мерекелеуге айналады,0.25,0.04938271604938271,0
11,1886,10.44,ежелгі мәдениеттер мен тайпалар сүтке жүнге етке және терілерге оңай қол жеткізу үшін оларды өсіре бастады,ежелгі мәдениеттер мен тайпалар сүтке жүнге етке және терілерге оңай қолу жеткізу үшін оларды өсіре бастады,0.0625,0.009433962264150943,0
12,1859,19.2,орта ғасырлардың соңына қарай батыс еуропа өз стилін дамыта бастады бұл уақыттағы кірескерлердің нәтижесіндегі ең үлкен дамуларының бірі болып адамдардың киімін жабу үшін түймелерді пайдалануы табылады,орта қасірлардың соңына қарай батысы еуропа өз стелін дамыта бастады бұл уақыттағы кірескерлердің нәтижесіндегі ең үлкен дамуларының бірі болып адамдарды киімін жабу үшін түймелерді пайдалануы табылады,0.15384615384615385,0.024875621890547265,0
13,1756,25.56,ақш президенті дональд трамп жексенбі күні кешкі баспасөз хатшысы арқылы жасаған мәлімдемесінде ақш қарушы күштерін сириядан алып шығуы туралы мәлімдеді,ақылш президенті дональд трuмп жексенбі күні кешкі баспа сөз хатшысы арқылы жасаған мәлемдемесінде ақлш қарушы кіштерін сириядан алып шуғуы туралы мәлімдеді,0.4,0.05263157894736842,0
14,1691,12.66,кейбір маршруттарда үлкенірек компаниялардың өз ұшақтары бар бірақ басқа маршруттарда және кішірек фирмаларда мәселе болған,кейбір маршуттарда үлкенірек компаниялардың өз ұшақтары бар бірақ басқа маршуттарда және кішірек фирмаларда мәселе болған,0.13333333333333333,0.016260162601626018,0
15,1664,10.62,екі құрғақ ұнтақты араластырыңыз содан кейін таза ылғалды қолдармен оларды қысып шарик жасаңыз,екі құрға құнтақты араластырыңыз содан кейін таза ылғалды қолдармен оларды қысып шарип жасаңыз,0.23076923076923078,0.031914893617021274,0
16,1899,21.0,мұхаммед өзінің күнделікті өмірінен тыс мәселелерге қатты қызығатын ол ойлану үшін нұр жарық тауындағы хира ретінде белгілі болған үңгірге жиі баратын,мұхаммед өзінің күнделікті өмірінен тұс мәселелерге қатты қызығатын ол ойлану үшін нор жарық тауындағы хир әретінде белгілі болған үңгірге жие баратын,0.23809523809523808,0.03333333333333333,0
17,1692,9.6,жапонияның ядролық агенттігінің хабарлауынша зауытта радиоактивті цезий мен йод анықталған,жапонияның ядралық агенттігінің қабарлауынша зауытта радиактивті цези мен ұот анықталған,0.5,0.06666666666666667,0
18,1746,16.38,өсімдіктер күн сәулесінен фотосинтез арқылы қуат алады олар сонымен қатар көлеңе береді,өсімдіктер күн сәулесінен фотосинтс арқылы қуаталады олар сонымен қатар көлеңе береді,0.25,0.034482758620689655,0
19,1708,24.6,хьюн қызметтен кетуді сұранды және оны кабинетте эд дэви мп ауыстырады норман лэмб мп дэви босатып жатқан бизнес министрі жұмысын алады деп күтілуде,хиюн қызметтен кетуді сұранды және оны кабинетте tdvmp ауыстырады norman lэмp mp dav босатып жатқан бизнес министрі жұмысын алады деп күтілу де,0.43478260869565216,0.17567567567567569,0
20,1686,14.76,нәтижесінде кедергіні жеңу мақсатында бірлескен жұмысты ұйымдастыру процесі тапсырыс берушілердің қажеттіліктеріне қызмет ететін жаңа инновациялық процеске әкелуі мүмкін,нәтижесінде кездергіні жеңу мақсатында бірлескен жұмысты ұйымдастыру процесі тапсырыс берушілердің қажеттіліктеріне қызмет ететін жаңа инновациялық процеске әкелуі мүмкін,0.05555555555555555,0.005917159763313609,0
21,1670,27.96,олардың температуралық сипаттамалары жер бетіндегі тұрақты температураны сақтайтын үлкен үңгірлер сияқты тұрақты емес бірақ бұл олардың жердегі терең үңгірлерге сәйкес келеді деді глен кушинг ақш геологиялық қызметі usgs астрогеология тобы және аризона штатының флагстафф қаласында орналасқан солтүстік аризона университетінің мүшесі глен кушинг,олардың температуралық сипаттамалары жербетіндегі тұрақты температураны сақтайтын үлкен үңгірлер сияқты тұрақты емес бірақ бұл олардың жердегі терең үңгірлерге сәйкес келеді деді гленкушинг ақш кеологиялық қызметі usgs астрология тобы және аризона штатының флакстав қаласында орналысқан солтүстік аризона университетінің мүшесі гленк кушинг,0.21428571428571427,0.03188405797101449,0
22,1844,13.68,айдың беті тау жынысы мен шаңнан тұрады айдың сыртқы қабаты қабық деп аталады,айдың беті тау жұнысымен шаңнан тұрады айдың сыртқы қабаты қабық деп аталады,0.15384615384615385,0.025974025974025976,0
23,1902,8.16,алдымен ол грейт ярмуттегі джеймс пейджет ауруханасына түсті,алдымен ол gret ярмуттегі жames пaджet ауруханнасына түсті,0.5,0.25,0
24,1816,10.98,үйленген екі ересек баласы бар дюваль хикаяны тыңдаған миллерге үлкен әсер қалдырмады,үйленген екі ересек баласы бар жювал хикаяны тыңдаған меллерге үлкен әсер қалдырмады,0.16666666666666666,0.03529411764705882,0
25,1840,12.96,италияның көптеген қалаларында және әлемдегі басқа да қалаларда әсіресе польшада соған ұқсас қондырмалар орнатылды және бұған көптеген адамдар куә болды,италияның көптеген қалаларында және әлемдегі басқа да қалаларда әсіресі польшада соған ұқсас қондырмалар орнатылды және бұған көптеген адамдар куәп алды,0.15,0.02631578947368421,0
26,1936,22.08,пэрри түнгі сайлау алды жиналысының нәтижелерін бағалау үшін техасқа оралатынын өзі үшін осы жарыста алға жүретін жол бар жоғын анықтайтынын мәлімдеді бірақ кейінірек жарыста қалатынын және 21 қаңтардағы оңтүстік каролинадағы бастапқы сайлауға қатысатынын айтты,фери түңгі сайлау алды жиналысының нәтижелерін бағалау үшін тихасқа оралатыны өз үшін осы жарыста алған жүретін жолы бар жоғы анықтайтын мәлімдеді бірақ кейінрек жарыста қалатын және 21 хаңтардағы оңтүстік каролинадағы бастапқы сайлауға қатысатынн айтты,0.38235294117647056,0.06513409961685823,0
27,1788,24.9,ақш тың гимнастика федерациясы ақш олимпиада комитетінің хатын қолдайды және біздің барлық спортсмендер үшін қоршаған ортаның қауіпсіздігін арттырудың абсолютті қажеттілігін мойындайды,ақыштың гимнастика федерациясы ақыш олимпиадокомитетінің хатын қолдайды және біздің барлық спортсмендер үшін қоршаған ортаның қауіпсіздігін арттурудың абсолютті қажеттілігін мойындайды,0.2857142857142857,0.03260869565217391,0
28,1758,24.18,архипелаг түбектен солтүстікке таман 120 км жерде орналасқан ең ірісі вилла лас эстреллас елді мекеніне ие кинг джордж аралы,архипилак түбектен сол түстікке таман 12 км жерде орналасқа ең ірісі вилла лас эстралас елді мекеніне ие кинг джордж аралы,0.3157894736842105,0.056451612903225805,0
29,1691,9.84,кейбір маршруттарда үлкенірек компаниялардың өз ұшақтары бар бірақ басқа маршруттарда және кішірек фирмаларда мәселе болған,кейбір маршыруттарда үлкенірек компаниялардың өз шақтары бар бірақ басқа маршыруттарда және кішірек фирмаларда мәселе болған,0.2,0.024390243902439025,0
30,1964,12.48,қазірге дейін әйгілі 25 данлэп парақтары құжаттың ең көне көшірмелері болып табылады түпнұсқалық қолжазба көшірмесі сақталмаған,қазірге дейін әйгілі 25 данлеп барақтары құжаттың ең көне көшірмелері болып табылады түп нұсқалық қолжазба көшірмесі сақталмаған,0.25,0.023622047244094488,0
31,1987,10.92,апат биік таулы жерлерде орын алған және дұшпандық мағынадағы өрттің салдарынан болған деп болжануда,апат биік таулы жерделде орналған және дұшпандық мағынадағы өрттің салдарынан болған деп бұл жауында,0.35714285714285715,0.09,0
32,1756,23.64,ақш президенті дональд трамп жексенбі күні кешкі баспасөз хатшысы арқылы жасаған мәлімдемесінде ақш қарушы күштерін сириядан алып шығуы туралы мәлімдеді,ақыш президенті доналд трuмп жексенбі күні кешкі баспасөз хатшысы арқылы жасаған мәлімдемесінде ақыш қарушы күштерін сириадан алып шығуы туралы мәлімдеді,0.25,0.03289473684210526,0
33,1889,8.34,ол бізге пойызды автокөлікті және басқа да көлік құралдарын алып келді,ол бізге пойзді авто көлікті және басқа да көлік қоралдарының алып келді,0.36363636363636365,0.08571428571428572,0
34,1802,12.96,интернет жалпы және адамдар арасындағы байланыс элементтерін біріктіреді,интернет жалпы және адамдар арасындағы байланыс элементтерін біріктіреді,0.0,0.0,1
35,1780,16.14,кундалини йога көмегімен кундалини энергиясы ағарту энергиясы йога позалары тыныс алу жаттығулары мантра және визуализация арқылы оянады,кундалини ога көмегімен кундалини энергиясы ағарту энергиясы ога позалары тынысалу жаттығулары мантра және визуализация арқылы оянды,0.29411764705882354,0.029411764705882353,0
36,1957,10.44,ол сыбыстарды саяси әңгімелер мен ақымақтық деп есептеді,ол сыбыстарды саяси әңгімелер мен ақымақтық деп есептеді,0.0,0.0,1
37,1768,17.76,кешеннің жиектеріндегі ғимараттардың көпшілігі туристерге басында қалай пайда болғаны туралы жақсырақ түсінік беру үшін қайта соғылды,кешеннің жиектеріндегі ғимараттардың көпшілігі турестерге басында қалай пайда болғаны туралы жақсырақ түсінік беру үшін қайта соқылды,0.125,0.015037593984962405,0
38,1833,19.08,философия ғұламасы аристотель әрбір заттың төрт элементтің біреуінен немесе бірнешесінен жасалған деген теория құрған,философия ғұламасы аристотель әрбір заттың төірт элементтің біреуінен немесе бірнешесінен жасалған деген тиория құрған,0.14285714285714285,0.017094017094017096,0
39,1668,14.4,сондай ақ wild card картасын сатып алған пайдалы болуы мүмкін ол оңтүстік африкадағы парктарға немесе оңтүстік африканың барлық ұлттық парктарына кіруге мүмкіндік береді,сондай ақ wiлд caрт картасын сәту алған пайдалы болуы мүмкін ол оңтүстік африкадағы парктарға немесе оңтүстік африканы барлық ұлттық парктарына кіруге мүмкіндік береді,0.17391304347826086,0.047337278106508875,0
40,1689,27.66,еуропа салыстырмалы түрде шағын бірақ көп тәуелсіз елдері бар континент қалыпты жағдайларда бірнеше ел арқылы саяхаттасаңыз визаға өтінімдер беру және бірнеше рет төлқұжатты тексеруден өту керектігін білдіретін еді,еуропа салыстырмалы түрде шағын бірақ көп тәуелсіз елдері бар континент қалыпты жағдайларда бірнеше ел арқылы саяхатта саңыз визаға өтінімдер беру және бірнеше рет төл құжатты тексеруден өту керектігін білдіретін еді,0.14285714285714285,0.009345794392523364,0
41,1975,20.4,ватикан қаласы халқының саны шамамен 800 бұл дүние жүзіндегі ең шағын тәуелсіз ел және халық саны ең аз ел,ватикан қаласы халқының саны шамамен сегіз жүз бұл дүние жүзіндегі ең шағын тәуелсіз ел және халық саны ең аз ел,0.10526315789473684,0.08490566037735849,0
42,1660,15.48,романтизмде гете фихте шлегель сияқты жазушылардан алынған мәдени детерминизмнің үлкен элементі болды,романтизмде гюті фихті шлегель сияқты жазушылардан алынған мәдени детерменіңіздің үлкен элементі болды,0.25,0.0891089108910891,0
43,1957,6.72,ол сыбыстарды саяси әңгімелер мен ақымақтық деп есептеді,ол сыбыстарды саяси әңгімелер мен ақымақтық деп есептеді,0.0,0.0,1
44,1673,13.08,тәуелсіздік үшін соғыс кезінде он үш штат алдымен әлсіз орталық үкіметін құрды конфедерация баптары бойынша конгресс оның жалғыз құрамдасы еді,тәуелсіздік үшін соқыс кезінде он үш штат алдымен әлсіз орталық үкіметін құрды конфедерация баптары ойынша конгресс оның жалғыз құрамдасы еді,0.1,0.014084507042253521,0
45,1827,15.78,жер қыртысының қалыңдығы жақын жағында шамамен 70 км ал алыс жағында 100 км,жер қырықтысының қалыңдығы жақын жағында шымамен жетпіс километр ал алыс жағында жүз километр,0.46153846153846156,0.32,0
46,1687,9.9,сегрегация және рекомбинация әр буында екі пул арасында вариацияларды араластырып отырады,sегreгațия jenи рecombиnaция 1 п arasнда vաриaциalарда aռалаstрăп օtырады,1.0,0.5617977528089888,0
47,1835,15.66,цунами туралы ескерту берілмеді және джакартаның геофизика агенттігінің деректеріне сай цунами туралы ескерту берілмейді өйткені жер сілкінісі 6 5 магнитудасы талабына сай болмады,сунами туралы ескерту берілмеді және жакартаның геофизика агенттігінің директеріне сай сунами туралы ескерту берілмейді үйткені жер сілгінсі 6лд 5 магнетудасы талабына сай болмады,0.34782608695652173,0.055865921787709494,0
48,1806,20.28,ең шарықтаған кезінде жарықтық ластану қазіргі кездегідей проблема болмағандықтан олар қазіргі уақытқа қарағанда оңай жетуге болатын қалаларда немесе кампустарда орналасқан,ең шарықтаған кезінде жарықтық ластану қазіргі кездегідей проблема болмағандықтан олар қазіргі уақытқа қарағанда оңай жетуге болатын қалаларды немесе компустарды орналасқан,0.1,0.01744186046511628,0
49,1778,12.66,теледидарлық репортаждарда зауыттан шығатын ақ түтін көрінеді,теледидарлық репортаждарда зауоттан шығатын ақ түтін көрін еді,0.42857142857142855,0.03278688524590164,0
50,1850,19.68,бұл оған егер базалық станцияда екі радио болса 802 1 a 802 11b және 802 11g ережелерімен қайта үйлесімді болуға мүмкіндік береді,бұл оған егер базалық станцияда екі радио болса 82 нүкте1а 82 нүкте 11b және 8211g ережелерімен қайта үйлесімді болуға мүмкіндік береді,0.2727272727272727,0.12403100775193798,0
51,1681,28.8,дегенмен ол жалғыз емес эксперименттер өткізу және эксперимент ықтимал гипотезалардың біреуін немесе бірнешеуін жою үшін пайдаланылатын сынақ болып табылады сұрақтар қою және бақылаулар жасау да ғылыми зерттеуді бағыттайды,деген мін ол жалғыз емес эксперименттер өткізу және эксперимент іқтимал гипотизалардың біреуін немесе бірнешеуін жойю үшін пайдаланатын сынақ болып табылады сұрақтар қою және бақылаулар жасауда ғылыми зірттеуді бағыттайды,0.32142857142857145,0.04054054054054054,0
52,1971,27.96,қатты жел бұршақ артық жауын шашын және өрттер сонымен бірге найзағайлар торнадолар судағы құйындар және циклондар ауар ауа райының түрлері мен әсерлері болып табылады,қатты жел бұршақ артық жауын шашын және өрттер сонымен бірге найзағайлар тырнадалар судағы құйындар және циклондар ауар ауарайының түрлерімен әсерлері болып табылады,0.20833333333333334,0.023952095808383235,0
53,1901,21.78,ai дің ғылыми фантастикалық қосымша мағынасы болғанымен ai іс қимылды оқытуды және машиналарда сананы қолдануды қамтитын компьютерлік ғылымның аса маңызды бір саласын құрайды,әлдың ғылыми фантастикалық қосымша мағынасы болғанымен ал ісқимылды оқутыды және машиналарда сананы қолдануды қамтитін компьютерлік ғылымның аса амаңызды бір саласын құрайды,0.34782608695652173,0.06321839080459771,0
54,1865,19.56,санкт петербургтегі круиздерге қаладағы уақыт кіреді круиз жолаушылары виза режиміндегі талаптардан азат етілген талаптарды көріп шығыңыз,санк петербургтегі круиздерге қаладағы уақыт кіреді круиз жоралаушылары виз режіміндегі талаптардан азат етілген талаптарды көріп шығыңыз,0.25,0.0364963503649635,0
55,1968,24.72,кейбір круиздердің кітапшаларында германияның берлин қаласы көрсетілген жоғарыдағы картадан көргеніңіздей берлин теңізге жақын орналаспаған және қалаға бару круиздің бағасына кірмейді,кейбр круиздердің кітапшаларында германияның берлин қаласы көрсетілген жоғардағы картадан көргеніңіздей берлин теңізге жақын орналаспаған және қалаға бару круиздің бағасына кірмейді,0.1,0.01092896174863388,0
56,1851,8.28,үзілмелі ағыстар жағаға рифтерге соғылатын толқындардың кері ағыны болып табылады,үзілмелі ағыстар жағаға рифтерге соғылатын толқындардың кері ағыны болып табылады,0.0,0.0,1
57,1922,13.86,әрине бұл дәстүр христиандық теологиялық түсіндірмелерге ие бірақ бұл толығымен христианға дейінгі көктем мен құнарлылық рәсімі болуы мүмкін,әрине бұлдасур христиандық теологиялық түсіндірмелерге ие бірақ бұл толғымен христианға дейінгі көктем мен құнарлық рәсімі болуы мүмкін,0.2222222222222222,0.05,0
58,1867,15.84,өсімдіктер адамдар тыныстайтын оттегіні жасайды және адамдар тыныспен шығаратын көміртегі диоксидін сіңіреді,өсімдіктер адамдар тыныстайтын өттегіні жасайды және адамдар тыныспен шығаратын көміртегі деаксидін сіңір еді,0.3333333333333333,0.037037037037037035,0
59,1716,38.82,tmz ойын сауық жаңалықтары веб сайты фотограф сепулведа бульварының арғы жағында көлігін тоқтатқанын және полицияның жолдан өту алдында тоқтағанының және жалғастырғанының бұл жол қозғалысын реттеп тұрған калифорния автомагистральдік патруль полициясы қызметкерінің оған кері жүру туралы екі рет бұйрық бергенінің суреттерін түсіруге әрекеттенгенін түсінеді,tmzт ойын сауық жаңалықтары вебсайты фотограф сепулведобульварының арқы жағында көлігін тоқтатқанын және полицияның жолдан өту алдында тоқтағанының және жалғастырғанының бұл жол қозалысын ректеп тұрған калифорния автомагистральдық патруль полициясы қызметкерінің оған кері жүру туралы екі рет бұйрық бергенінің суреттерін түсіруге әрекеттенгенін түсінеді,0.20930232558139536,0.025280898876404494,0
60,1677,8.64,бүгінде қанаттарын арқасына бүктей алмайтын жәндіктер инеліктер мен біркүндіктер,бүгінде қанаттарын арқасына бүктей алмайтын жәндіктер үнеліктер мен біргіндіктер,0.2222222222222222,0.0375,0
61,1680,14.52,жақсы атлет жолбарыс өрмелей бірақ жақсы емес жүзе үлкен қашықтықтарға секіре және күшті адамнан бес есе көбірек күшпен тартыла алады,жақсы атлет жолбарыс өрмеле бірақ жақсы емес 1үзде үлкен қашықтарға секіре және күшті адамнан бес есе көбірек күшпен тарта алады,0.2,0.06015037593984962,0
62,1829,15.24,жоғары салық салынатын елдерге жол тартатын саяхатшылар кейде әсіресе алкогольді ішімдіктер мен темекі сияқты өнімдерге айтарлықтай ақша үнемдей алады,жоғары салық салынатын елдерге жолтартатын саяхатшылар кейде әсіресе алкогольді ішімдіктер мен темекі сияқты өнімдерге айтарлықтай ақша үнемдей алады,0.10526315789473684,0.006666666666666667,0
63,1823,12.84,жол қозғалысының ағыны жеке жүргізушілердің және көліктердің екі нүкте арасындағы қозғалысын және олардың бір бірімен өзара әрекеттесулерін зерттеу,жол қозғалысының ағына жекез жүргізушілердің және көліктердің екі нікте арасындағы қозғалысын және олардың бір бірімін өзірі әрекеттесулерін зерттеу,0.2777777777777778,0.04081632653061224,0
64,1924,20.76,әйелдер отыратын тобындағы төрт шаңғышы өз жарыстарын аяқтай алмады ал giant slalom жарысындағы жалпы 117 шаңғышының 45 і жарыста орын алмады,әйелдер отыратын тобындағы төрт шаңғышы өз жарыстарын аяқтай алмады ал джайнс лалым жарысындағы жалпы он7 шаңғышының ж4 бесі жарыста орын алмады,0.23809523809523808,0.1347517730496454,0
65,1883,14.88,көпір астындағы тік аралық 15 метрді құрайды құрылыс 2011 жылдың тамыз айында аяқталды ол 2017 жылдың наурыз айына дейін жол қозғалысына ашылмады,көбір астындағы тік аралық 15 метрді құрайды құрылыс 2011 жылдың тамыз айында аяқталты ол 2017 жылдың наурыс айына дейін жол қозғалысына ашылмады,0.13636363636363635,0.020689655172413793,0
66,1715,17.82,метродағы жүйелі хабарландырулар тек каталан тілінді жасалады бірақ автоматтандырылған жүйе жоспарланбаған үзілістерді көп тілде жариялайды испан ағылшын француз араб және жапон,метродағы жүйелі қабарландырулар тек каталан тілінде жасалады бірақ автоматтандырылған жүйе жоспарланбаған үзілстерді көп тілде жариялайды испан ағылшын француз араб және жапон,0.14285714285714285,0.01694915254237288,0
68,1954,15.54,тәртіпті қорғаушылары доппен жұмыс істеу дағдылары және тамаша командалық жұмысы оларды ерекше бөліп көрсетті және бұл ең күшті команда болатыны анық еді,тәртіпті қорғаушылары доппен жұмыс істеу дағдылары және тамаша командалық жұмысы оларды ерекше бөлүп көрсетті және бұл ең күшті команда болатыны анығеды,0.13636363636363635,0.026143790849673203,0
69,1773,11.76,ұйқының үзілуі қалыпты ұйқы кезеңінде мақсатпен оянудың және кейінірек қысқа уақытқа 10 60 минут ұйықтау процесі,ұйқының үзілуі қалыпты ұйқы кезеңінде мақсатпен оянудың және кейінірек қысқа уақытқа 16 минут ұйқтау процессы,0.25,0.05357142857142857,0
70,1777,20.88,оттава канаданың таңқалдырарлық екітілді астанасы және онда канаданың тарихы мен бүгінін бейнелейтін көптеген өнер галереялары мен музейлер ұсынылған,аттавы канаданың таң қалдырарлық екі тілді астанасы және онда канаданың тарихымен бүгінін бейнелейтін көптеген өнергаллереяларымен музейлер ұсынылған,0.5555555555555556,0.053691275167785234,0
71,1891,19.86,лакша сингх чхаппан бхог елу алты дегенді білдіреді өлеңін ұсынды ол әнді әнші раджу ханделвалмен бірге орындады,лакша синк чхапан бохог 56 дегенді білдіреді өленін ұсынды ол әнді әнші ражу ханделвалмен бірге орындады,0.4117647058823529,0.125,0
72,1766,11.16,кейбір атомдардың ядролары тұрақсыз яғни олар аз ғана түрткенде немесе мүлде түртпегенде бөлінуге бейім,кейбір атымдардың ядралары тұрақсыз яғни олар аз ғана түрткенде немесе мүл де түртпегенде бөлінуге биім,0.35714285714285715,0.04854368932038835,0
73,1789,23.88,басқа аталымдар қатарына үздік фильм режиссер операторлық жұмыс костюмдер дизайны фильмді монтаждау түпнұсқа саундтрек қойылым дизайны дыбысты редакциялау дыбысты араластыру және түпнұсқа сценарий жатады,басқа аталымдар қатарына үздік фильм режиссер операторлық жұмыс кәстемдер дизайны фильмді мантаждау түп нұсқа сауынтірек қойылым дизайны дыбысты редакциялау дыбысты араластыру және түп нұсқа сенария жатады,0.3333333333333333,0.04926108374384237,0
74,1721,10.56,1963 жылы тоған салынғаннан кейін тасындылардың жайылуына себеп болатын маусымдық су тасқыны тоқтатылды,1963 жылы тоған салынғаннан кейін тасындылардың жайлуына себеп болатын маусымдық су тасқына тоқтатылды,0.15384615384615385,0.019417475728155338,0
75,1869,19.68,оның ұзын жақтарында 70 тен астам ұстарадай өткір тістер және аузының үстіңгі жағында қосымша тістер жинағы болған бұл оған кезіккен әрбір жануардың одан қашып кете алмайтынын білдіреді,оның ұзын жақтарында жетпістен астам ұстардай өткір тістер және ауызындың үстінгі жағында қосымша тістер жинағы болған бұл оған кезіккен әрбір жануардың одан қаршып кетте алмайтын білдіреді,0.2962962962962963,0.07567567567567568,0
76,1710,25.5,өткен аптада meti ұйымы оған apple компаниясы қызып кетудің 34 қосымша инциденті туралы хабарлағанын жариялады apple компаниясы оларды ауыр емес деп атады,өткен аптада meti ұйымы оған эppl компаниясы қызып кетудің 34 қосымша инциденті туралы хабарлағанын жариялады эppl компаниясы оларды ауыр емес деп атады,0.09090909090909091,0.025974025974025976,0
77,1987,15.3,апат биік таулы жерлерде орын алған және дұшпандық мағынадағы өрттің салдарынан болған деп болжануда,апат биік таулы жерлерде орын алған және дұшпандық мағынадағы өрттің салдарынан болған деп болжануда,0.0,0.0,1
78,1774,23.94,шалғай аралдарда кредит картасы қабылданбауы мүмкін дегенмен ұлыбритания және ақш валютасы қабылдануы мүмкін алдын ала иеленушіден қолданылатын төлем әдісін сұрап біліп алыңыз,шалғай аралдарда кредиткартасы қабылданбауы мүмкін дегенмен ұлы британия және ақыш валютасы қабылдануы мүмкін алдың ала еленішуден қолданылатын төлем әдісін сұрап біліп алыңыз,0.3181818181818182,0.04,0
79,1993,13.2,атлант мұхитының оныншы атау берілген дауыл маусымы субтропиктік дауыл джерри бүгін атлант мұхитында пайда болды,атлант мұхитінің 10ышы атауы берілген дауыл маусыма субтропиктік дауыл джери бүгін атлант мұхитында пайда болды,0.3333333333333333,0.07142857142857142,0
80,1809,21.66,жолдарды орнында ұстау үшін шпалдар айтарлықтай ерте енгізілді алайда бірте бірте жолдың үстінде темір бөлік болса жолдар тиімдірек болатыны түсінілді,жолдарды орнында ұстау үшін шпалдар айтарлықта ертегенгізілді алайда бірте бірте жолдың үстінде темір бөлік болса жолдар тиімдірек болатыны түсінілді,0.15,0.013333333333333334,0
81,1841,22.32,жоғарыдағы ашық әдемі аспаннан және көптеген қоршаған таулардан басқа ештеңе көрінбейді үңгір ішінен бұл дүниенің өте аз бөлігін көруге немесе естуге болады,жоғарыдағы алшық әдемі аспаннан және көптеген қоршаған тауарлардан басқа ештеңе көрінбейді үңгір ішінен бұл дүниенің өте аз бөлгін көруге немесе естуге болады,0.13636363636363635,0.02564102564102564,0
82,1856,11.52,финляндия керемет қайықпен баратын жер мың көлдің жерінде көлдерде және жағалаудағы архипелагтарда мыңдаған аралдар да бар,финдлянде керемет қайықпен баратын жер мың көлдің жерінде көлдерде және жағалаудағы архифилактарда мыңдаған аралдар да бар,0.125,0.04918032786885246,0
83,1929,12.12,дель потро екінші соққыда ерте басымдылыққа ие болды бірақ бұл 6 6 ға жеткеннен кейін тай брейкті қажет етті,делпотро екінші соққыда ерте басымдылыққа иі болды бірақ бұл 6л 6лтға жеткеннен кейін тай брейкті қажет етті,0.3157894736842105,0.05555555555555555,0
84,1912,12.36,кішірек аралдардың көпшілігі тәуелсіз ұлттар болып табылады немесе франциямен байланысты және қымбат жағажай курорттары ретінде белгілі,кішірек аралдардың көпшілігі тәуелсіз ұлттар болып табылады немесе франциямен байланысты және қымбат жағажай курор тар ретінде белгілі,0.125,0.014814814814814815,0
85,1831,24.48,плитвиц көлдері ұлттық паркін қалың орман жапқан орман негізінен қайың шырша және майқарағай ағаштарынан тұрады орманда альпылық және жерортатеңіздік өсімдіктер аралас өседі,плитовискульдері ұлттық паркін қалың орман жапқан орман негізінен қайың шырша және майқарағай ағаштарынан тұрады орманда альпұлық және жер орта теңіздік өсімдіктер араласөседі,0.36363636363636365,0.05202312138728324,0
86,1927,21.54,ангел 2006 континуум тәсілін ұйымдардың өнімділіктің жоғарырақ деңгейіне жетуіне көмектесу үшін пайдаланылатын әдіс ретінде түсіндіреді,ангел 206 континум тәсілін ұйымдардың өнімділіктің жоғарырақ деңгейіне жетуіне көмектесу үшін пайдаланылатын әдіс ретінде түсіндіреді,0.13333333333333333,0.014814814814814815,0
87,1855,17.16,арыстандар прайды қасқырлар мен иттер сияқты әрекет етеді олар арыстандарға бірақ басқа үлкен мысықтарға ұқсамайды ұқсас жануарлар сонымен қатар олар өз олжалары үшін өте қауіпті,арстандар бірайтты қасқарлар мен иттер сияқты әлекет етеді олар арыстандағы бірақ басқа үлкен мысықтарға ұқсамайды ұқсас жануарлар сонымен қатар олар өз ұлжалары үшін өте қауіпты,0.28,0.06179775280898876,0
88,1744,11.52,россби нөмірі неғұрлым кішірек болса жұлдыздың магниттену инверсиясына қатысты белсенділігі азырақ болады,росзби нөмірі неғырлым кішірет болса жұлдыздың магниттену инверсиясына қатысты белсәнділігі азырақ болады,0.3333333333333333,0.0380952380952381,0
89,1999,13.26,1960 жылдары бжезинский джон кеннедидің кеңесшісі болып содан кейін линдон б джонсон әкімшілігінде жұмыс істеді,196 жылдары бжезински джон кенедидің кеңешісі болып содан кейін линдон би джонсон әкімшілігінде жұмыс істеді,0.3333333333333333,0.04504504504504504,0
90,1863,22.08,тибет медитациясының орталығы құдай йогасы әр түрлі құдайларды бейнелеудің арқасында қуат арналары тазартылып чакралар іске қосылып ағартушылық сана пайда болады,дебет медитациясының орталығы құдай огасы әртүрлі құдайларды бейнелеудің арқасында қуат арналары тазартылып чакрлар ізке қосылып ағартушылық сана пайда болады,0.3,0.037267080745341616,0
91,1953,7.8,кейіннен ол жатқан ауруханадан кэмбридждегі адденбрук ауруханасына жатқызылды,кейінен ол жатқан ауруханадан кембіричтегі аденбург ауруханасына жатқызылды,0.375,0.12987012987012986,0
92,1894,15.48,карри бұл шөптер мен дәмдеуіштер сонымен қатап ет немесе көкөністер қосылатын тағам,кари бұл шөптер мен дәбіндеуіштер сонымен қатап ет немесе көкеністер қосылатын таған,0.3333333333333333,0.07228915662650602,0
93,1902,6.24,алдымен ол грейт ярмуттегі джеймс пейджет ауруханасына түсті,аlдымеnұл гrейт ярмуттегі jеms печhdин ауруханасына түсті,0.625,0.25,0
94,1752,11.58,нәтижесінде балықтың екі түрі жойылып кетті ал қалған екеуіне жойылып кету қаупі төнді оның ішінде бүкір балық та бар,нәтижесінде балықтың екі түрі жойылып кетті ал қалған екеуіне жойылып кету қауіп төнді оның ішінде бүкір балықта бар,0.15789473684210525,0.02564102564102564,0
95,1669,16.26,полиция басшысы чандра шехар соланкидің айтуынша сотталушылар сотта беттерін жауып қатысқан,полиция басшысы чандра шихар саланкидің айтуынша сотталушылар сотта беттерін жауап қатысқан,0.2727272727272727,0.03296703296703297,0
96,1892,14.46,бұл британдық отарлаушылардың өз меншігі ретінде басып алған орны сондықтан егер сіз аумақтың отаршылдықта болғанының дәлелдерін іздесеңіз бұл бастамаңыз үшін қолайлы орын,бұл британдық отыршылаудың өз мен шігіретінде басып алған орына сондықтан егер сіз аумақтың отаршыыдықта болғанын дәлілдерін іздесеңіз бұл бастамаңыз үшін қолайлы орын,0.3181818181818182,0.07602339181286549,0
97,1685,24.78,мысалы дүние жүзіндегі ең жиі кездесетін фотография түсіру пішімі болып 35 мм табылады ол аналогтық пленка дәуірі бітіп жатқанда басым пленка өлшемі болатын,мысалы дүние жүзіндегі ең жиік кездесетін фотография түсірупішіні болып 35 мм табылады ол аналогтық плонка дәуірі бітіп жатқанда басым пленка өлшемі болатын,0.17391304347826086,0.02564102564102564,0
98,1717,13.5,су асты топологиясына байланысты кері ағын бірнеше тереңірек учаскелерде шоғырланған және онда терең суға жылдам ағын пайда болуы мүмкін,суасты топологиясына байланысты кері ағын бірнеше тереңірек учаскілерде шоғырланған және онда терең суға жылдам ағын пайда болуы мүмкін,0.15789473684210525,0.014705882352941176,0
99,1854,11.58,көліктің өзі сол күні шамамен 12 00 gmt уақытында апат орнынан әкетілген,көліктің өзі сол күні шамамен 12 жиемти уақытында апат орнынан әкетілген,0.16666666666666666,0.08333333333333333,0
100,1777,15.06,оттава канаданың таңқалдырарлық екітілді астанасы және онда канаданың тарихы мен бүгінін бейнелейтін көптеген өнер галереялары мен музейлер ұсынылған,ұттаба канаданың таңқалдырарлық екітілді астанасы және онда канаданың тарихы мен бүгінін бейнелейтін көптеген өнер галериялары мен мүзелер ұсынылған,0.16666666666666666,0.03355704697986577,0
101,1828,14.64,интернеттен қауіпті ортаны іздесеңіз жергілікті компанияның мекен жайын береді,интернеттен қауіпті ортаны іздесеңіз жергілікті компанияның мекен жайын береді,0.0,0.0,1
102,1810,24.78,калифорния губернаторы арнольд шварценеггер кәмелетке толмағандарға зорлық зомбылық контенті бар видео ойындарды сатуға немесе жалға беруге тыйым салатын заңға қол қойды,калифорния губернаторы арнультшвартснегер комелетке толмағандарға зорлық зомболық контенті бар видеоойындарды сатуға немесе жалға беруге тыйым салатын заңғы қол ғойды,0.38095238095238093,0.0650887573964497,0
103,1861,10.2,нәтижесінде орындаушылар сахнада каннабисті шекті және театрдың өзі аудиоторияны қосылуға шақырды,нәтижесінде орындаушылар сахнада канабисті шекті және театрдың өзі аудиторияны қосылуға шақырды,0.18181818181818182,0.020618556701030927,0
104,1971,26.04,қатты жел бұршақ артық жауын шашын және өрттер сонымен бірге найзағайлар торнадолар судағы құйындар және циклондар ауар ауа райының түрлері мен әсерлері болып табылады,қатты жел бұршақ артық жауын шашын және өрттер сонымен бірге найзағайлар тырнадалар судағы қиындар және циклондар ауар ауар айының түрлері мен әсерлері болып табылады,0.16666666666666666,0.03592814371257485,0
105,1943,19.32,алаңдаушылық неғұрлым төменірек болса өмір күші соғұрлым позитивтеі болады әр адамда абсолютті тыныштық пен ризашылықты табу мүмкіндігі бар,алаңдаушылық ниғұрлым төменрек болса өмір күші соғырлым позитивте болады әр адамда абсолютті тыныштық пен ризашылықты табу мүмкіндігі бар,0.2222222222222222,0.02877697841726619,0
106,1820,12.84,қазіргі уақытта адамдар ұштағышқа жақындамай ақ компьютер экрандарында хабарламалар жаза алады,қазіргі уақытта адамдар ұштағышқа жақындамайақ компьютрактрандарында хабарламалар жаза алады,0.36363636363636365,0.05319148936170213,0
107,1794,12.42,өркениет бірге тұрып бірге жұмыс істейтін қоғамдағы адамдардың айтарлықтай үлкен тобына қатысты ортақ мәдениет,өркениет бірге тұрып бірге жұмыс істейтінін қоғамдардың адамдардың айтарлықтай үлкен тобына қатысты ортақ мәдениеті,0.21428571428571427,0.05454545454545454,0
108,1800,11.94,бұл көпір 2017 жылдың қыркүйек айында толығымен жұмыс істейді деп жоспарланған бұл жылда бразилиялық кеден бекеттері аяқталады деп күтілуде,бұл көпір 2017 жылдың қыркүгайында толғынын жұмыс істейт деп жүсбарланған бұл жылды бразилиялық кедембекеттері аяқталат деп күтілуде,0.47368421052631576,0.11510791366906475,0
109,1794,10.56,өркениет бірге тұрып бірге жұмыс істейтін қоғамдағы адамдардың айтарлықтай үлкен тобына қатысты ортақ мәдениет,өркенет бірге тұрып бірге жұмыс стейтін қоғамдағы адамдардың айтарлықтай үлкен тобына қатысты ортақ мәдениет,0.14285714285714285,0.01818181818181818,0
110,1776,10.68,бір түн ішінде 150 ден 200 ге дейін көшірмелер жасалып олар қазір dunlap broadsides ретінде белгілі,бір түн ішінде жүзелуден екі жүзге дейін көшірмелер жасалып олар қазір дунлапбroadсайд суретінде белгілі,0.4375,0.2727272727272727,0
111,1837,14.28,реконструкция әрекеттерін либералдық сынау реконструкция келісімшарттарын солай деп саналатын вашингтон инсайдерлеріне беруге баса көңіл бөлді,реконструкция әрекеттерін либералдық сынау реконструкция келісім шарттарын солай деп саналатын вашингтон инсайдерлеріне беруге баса көңіл бөлді,0.13333333333333333,0.007042253521126761,0
112,1721,18.24,1963 жылы тоған салынғаннан кейін тасындылардың жайылуына себеп болатын маусымдық су тасқыны тоқтатылды,1963 жылы доған салынғаннан кейін тасымдылардың жайлуына себеп болатын маусымдық су тасқыны тоқтатылды,0.23076923076923078,0.02912621359223301,0
113,1732,14.64,оқиғалар еуропа тарихындағы 11 12 және 13 ғасырларды қамтитын орта ғасырлардың ортаңғы кезеңінде б з 1000 1300 жылдар орын алған,оқиғалар еуропа тарихындағы 1112 және 1ү ғасырларды қамтитын ортағасырлардың ортанғы кезеңінде біздің заманымыздың 1ыңң30 жылдары орналған,0.65,0.2109375,0
114,1998,17.82,олардың қабыршақтары мен тырнақтары бар аяқтары бар олар жұмыртқалайды және олар тиранозавр сияқты екі артқы аяғында жүреді,олардың қабыршақтарымен тырнақтары бар аяқтары бар олар жұмырт қалайды және олар тераланазавр сияқты екі артқыаяғында жүреді,0.4117647058823529,0.056910569105691054,0
115,1683,15.96,мұнда осы уақытқа дейін осында өмір сүрген көптеген ерлер мен әйелдер сондай ақ жақындары қаза болған немесе соңғы демі қалғанша қызмет еткен еврей еврей емес тірі адамдар көп,мұнда осы уақытқа дейін осында өмір сүрген көптеген ерлер мен әйелдер сондай ақ жақымдары қаза болған немесе соңғы демі қалғанша қызмет еткен еврей еврей емес тірі адамдар көп,0.03571428571428571,0.005714285714285714,0
116,1950,16.32,солтүстікке қарай және жақын арада синтра деген романтикалық және еліктіретін қаласы орналасқан және ол лорд байрон оның ғажайыптарын қызық әңгімелегеннен кейін шетелдіктерге әйгілі болды,солтісікке қара және жақынарада синтра деген романтикалық және еліктретін қаласы орналасқан және лорд байрон оның ғажайыптарын қызық әңімелегеннен кейін шетелдіктерге әйгілі болды,0.2916666666666667,0.0481283422459893,0
117,1991,14.7,еуропалық тарихтың осы кезеңінде бай және қуатты болған католик шіркеуі қатаң бақылауға алынды,еуропалық тарихтың осы кезеңінде бай және қуатты болған катулик шіркеуі қатаң бақылауға алынды,0.07692307692307693,0.010638297872340425,0
118,1670,27.06,олардың температуралық сипаттамалары жер бетіндегі тұрақты температураны сақтайтын үлкен үңгірлер сияқты тұрақты емес бірақ бұл олардың жердегі терең үңгірлерге сәйкес келеді деді глен кушинг ақш геологиялық қызметі usgs астрогеология тобы және аризона штатының флагстафф қаласында орналасқан солтүстік аризона университетінің мүшесі глен кушинг,олардың температуралық сипаттамалары жербетіндегі тұрақты температураны сақтайтын үлкен үңгірлер сияқты тұрақты емес бірақ бұл олардың жердегі терең үңгірлерге сәкес келеді деді гленкушинг ақш геологиялық қызметі usgs астрология тобы және аризона шытатының флакстаф халасында орналысқан солттик аризона университетінің мүшесі глен кушинг,0.2619047619047619,0.04057971014492753,0
119,1707,19.32,ол оңтүстік африканың негізгі көрнекі жерлерінің бірі болып табылады және оңтүстік африка ұлттық парктерінің sanparks жетекшісі болып есептеледі,ол оңтүстік африканың негізгі көрінекі жерлерінің бірі болып табылады және оңтүстік африка ұлттық парктерінің санпаркс жетекшісі болып есептеледі,0.1111111111111111,0.0625,0
120,1891,15.0,лакша сингх чхаппан бхог елу алты дегенді білдіреді өлеңін ұсынды ол әнді әнші раджу ханделвалмен бірге орындады,лакша синг шхаппен бұхоқ е 6лты дегенді білдіреді өлеңін ұсынады ол әнді әнші раджу ханделвальмен бірге орымдады,0.47058823529411764,0.09821428571428571,0
121,1688,15.24,теңіз әскери күштерінің жұмысы дәстүр бойынша елдің адамдарды және тауарларды жылжыту қабілетін сақтау сонымен бірге жаудың өз адамдары мен тауарларын жылжыту қабілетіне кедергі жасау болатын,теңіз әскери күштерінің жұмысы дәстер бойынша елдің адамдарды және тауырларды жылшыту қабілетін сақтау сонымен бірге жаудың өз адамдары мен тауырларын жылшыту қабілетіне кедергі жасауы болатын,0.24,0.031413612565445025,0
122,1887,10.56,лиггинс ауруханада жұмыс істей бастағанда бос уақытында мерзімінен бұрын босануды зерттей бастады,лигенс ауруханада жұмыс істей бастаған бос уақытында мерзімінен бұрын босауында зерттей бастады,0.25,0.08247422680412371,0
123,1930,10.14,алты тұтқын соның ішінде балалар және қариялар сонымен бірге филиппиндік фотографтар ерте жіберілді,алты тұтқын соның ішінде балалар және қариялар сонымен бірге пилифиндік фотографтар ерте жіберілді,0.07692307692307693,0.030303030303030304,0
124,1703,11.52,мартелли кеше тоғыз мүшеден тұратын жаңа уақытша сайлау кеңесінің cep алдында ант берді,мартелли кеше 9 мүшеден тұратын жаңа уақытжа сайлау кеңесінің сеп алдында антып берді,0.3076923076923077,0.12643678160919541,0
125,2002,12.36,бұл ойыншыларға бейне ойындардағы әрекеттер мен қозғалыстарды құрылғыны ауада қозғалту арқылы басқаруға мүмкіндік береді,бұл ойыншыларға бейне ойындардағы әрекеттер мен қозғалстарды құрылғыны ауада қозғалту арқылы басқаруға мүмкіндік береді,0.07142857142857142,0.008333333333333333,0
126,2009,15.84,ең оңай қол жеткізуге болаты өсімдік ресурстарына жапырақтар мен бұршақтарда қолжетімді ақуыздар болды бірақ әзірлемесе олар біз сияқты приматтар үшін қорытуға қиын,ең оңай қол жеткізуге болаты өсімдік ресурстарына жапырақтар мен бұршақтарда қол жетімді ақуыздар болды бірақ әзірл емесе олар біз сияқты приматтар үшін қортуға қиын,0.22727272727272727,0.018292682926829267,0
127,1905,14.76,молдованың астанасы кишинев жергілікті тілі румын тілі бірақ орыс тілі кеңінен пайдаланылады,малдованың астанасы кешенев жергілікті тілі румын тілі мірақ орес тілі кеңінен пайдаланылады,0.3333333333333333,0.05434782608695652,0
128,1680,21.24,жақсы атлет жолбарыс өрмелей бірақ жақсы емес жүзе үлкен қашықтықтарға секіре және күшті адамнан бес есе көбірек күшпен тартыла алады,жақсы атілет жолбарыс өрмели бірақ жақсы емес жүз е үлкен қашықтырға секіре және күшті адамнан бес есе көбірек күшпен тартыла алады,0.25,0.05263157894736842,0
129,1679,11.64,aerosmith турында қалған концерттерінен бас тартты,айрасмит турында қалған концерттерінен бас тартты,0.16666666666666666,0.18,0
130,1823,12.96,жол қозғалысының ағыны жеке жүргізушілердің және көліктердің екі нүкте арасындағы қозғалысын және олардың бір бірімен өзара әрекеттесулерін зерттеу,жол қозғалысының ағыны жекет жүргізушілердің және көліктердің екі үнікте арасындағы қозғалысын және олардың бір бірімен өзіра әрекеттесөлерін зерттеу,0.2222222222222222,0.034013605442176874,0
131,2005,5.94,бірақ құстарда динозаврдікіне ұқсайтын көп нәрселер әлі де бар,бірақ құстарда динозаврдікіне ұқсайтын көп нәрселері әлі де бар,0.1111111111111111,0.016129032258064516,0
132,1780,13.44,кундалини йога көмегімен кундалини энергиясы ағарту энергиясы йога позалары тыныс алу жаттығулары мантра және визуализация арқылы оянады,кундалини йога көмегімен кундалини энергиясы ағарту энергиясы йога позалары тынысалу жаттығулары мантра және визуализация арқылы оянады,0.11764705882352941,0.007352941176470588,0
133,1926,10.02,аристотельдің ғылымның барлық мәселелеріне оның ішінде психологияға көзқарасы қабылданды,аристотельдің ғылымының барлық мәселелеріне оның ішінде психологияға көз қарасы қабылданды,0.3333333333333333,0.022727272727272728,0
134,1996,18.48,австралиялық митчелл горли ерлердің тұрып тұратын super g жарысында он бірінші болып мәреге жетті чех бәсекелес олдрич джелинек ерлердің отыратын super g жарысында он алтыншы болып мәреге жетті,австралиялық митчел горли ерлердің тұрып тұратын суперджи жарысында 1біріш болып мәреге жетті чех бәсекелес олдрич желинек ерлердің отыратын суперджи жарысында 16 болып мәреге жетті,0.35714285714285715,0.17098445595854922,0
135,1865,12.48,санкт петербургтегі круиздерге қаладағы уақыт кіреді круиз жолаушылары виза режиміндегі талаптардан азат етілген талаптарды көріп шығыңыз,санк петербуктегі круиздерге қаладағы уақыт кіреді круиз жолаушылары виза режиміндегі талаптардан азат етілген талаптарды көріп шығыңыз,0.125,0.021897810218978103,0
136,1791,10.08,құрылыс орындарын граффити сызу арқылы бүлдірмеңіз,құрылыс орындарын графитисізу арқылы бүлдірмеңіз,0.3333333333333333,0.06,0
137,1709,14.16,бұл есеп жетекшінің иракқа қатысты ағымдағы саясатының әрбір аспектісін қатты сынайды және бағытты дереу өзгертуге шақырады,бұл есеп жетекшінің ираққа қатысты ағымдығы саясатының әрбір аспектісін қатты сынайды және бағытты дере өзгертуге шақырады,0.1875,0.024390243902439025,0
138,1734,16.08,ғалымдар қара материя басқа қара материяға қарапайым материя сияқты әсер етеді деп тұжырымдай алды,ғалымдар қара материя басқа қара материяғы қарапайым материя сияқты әсер етеді деп тұжырымдай алды,0.07142857142857142,0.01020408163265306,0
139,1836,16.2,адамдар ежелден алтын күміс және мыс сияқты негізгі химиялық элементтер туралы білді өйткені олардың барлығын табиғатта табиғи түрде табуға болады және қарапайым құралдармен өндіру салыстырмалы түрде оңай,адамдар ежелден алтын күміс және мыс сияқты негізгі химиялық элементтер туралы білді өйткені олардың барлығын табиғатта табиғи түрде табуға болады және қарапайым құралдарымен өндіру салыстырмалы түрде оңай,0.037037037037037035,0.004901960784313725,0
140,1752,12.54,нәтижесінде балықтың екі түрі жойылып кетті ал қалған екеуіне жойылып кету қаупі төнді оның ішінде бүкір балық та бар,нәтижесінде балықтың екі түрі жойылып кетті ал қалған екеуіне жойылып кету қаупы төнді оның ішінде бүкір балықта бар,0.15789473684210525,0.017094017094017096,0
141,1712,19.32,1966 жылдан бері сундарбан жабайы жануарлар қорығы болған есептеулер бойынша қазіргі уақыта бұл аумақта 400 корольдік бенгал жолбарысы және шамамен 30 000 дақты бұғы бар,1966 жылдан бері сундарбан жабайы жануарлар қорғы балған есептеулер бойынша қазіргі уақытта бұл аумақта 4000 корольлік бенгал жолбарысы және шама мен 3000 дақты бұғы бар,0.32,0.047337278106508875,0
142,1942,24.24,біз үйлерімізді өсімдіктерден жасаймыз және киімдерді өсімдіктерден жасаймыз біз жейтін тамақтардың көпшілігі өсімдіктер болып табылады өсімдіктерсіз жануарлар тірі қалмайтын еді,біз үйлерімізді өсімдіктерден жасаймыз және кейімдерді өсімдіктерден жасаймыз біз жейтін тамақтардың көпшілігі өсімдіктер болып табылады өсімдіктерсіз жануарлар тірі қалмайтын еді,0.05,0.011235955056179775,0
143,2005,10.98,бірақ құстарда динозаврдікіне ұқсайтын көп нәрселер әлі де бар,бірақ құстарда динозавр дікіне ұқсайтын көп нәрселер әлі де бар,0.2222222222222222,0.016129032258064516,0
144,1682,20.52,оны кім жазғанын ешкім дәл білмегенімен өмірінің басында үлкен пергамент құжат оның өлшемі 29¾ дюйм х 24½ дюйм сақтау үшін оралғаны белгілі,оны кім жазғанын ешкім дәл білмегенімен өмірінің басында үлкен фергамент құжат оның өлшемі 29143 дүюм көвитілген 24б 2ден 1 дююм сақтау үшін оралғаны белгілі,0.36363636363636365,0.17985611510791366,0
145,1726,16.86,далаға сапарлар кез келген сынып бөлмесінің үлкен бөлігі болып табылады мұғалім оқушыларды автобуспен бару мүмкін емес жерлерге апарғысы келетіні айтарлықтай жиі боалды,далаға сапарлар кез келген сынып бөлмесінің үлкен бөлігі болып табылады мұғалім оқушыларды автобуспен бару мүмкін емес жерлерге апарғысы келетін айтарлықтай жиі болады,0.09090909090909091,0.017857142857142856,0
146,1893,15.48,сундарбандар әлемдегі ең үлкен жағалаудағы мангр тоғайының белдеуі жағалаудан бангладеш пен үндістанның ішкі аудандарына дейін 80 км 50 миль созылып жатыр,сундарбандар әлемдегі ең үлкен жағалаудағы мангр тоғайынын белдеуі жағалаудан бангладиш пен үндістанның ішкі аудандарына дейін 8000 км 50 мил созылып жатыр,0.19047619047619047,0.032467532467532464,0
147,1853,10.26,джанкарло фисичелла көлігін басқаруды жоғалтып жарысты старттан кейін көп ұзамай аяқтады,джанкарло фисичелла көлігін басқаруды жоғалдып жарысты сарттан кейін көп замай аяқтады,0.2727272727272727,0.03409090909090909,0
148,1951,13.68,2002 жылы гома қаласының көптеген көшелерін әсіресе қала орталығындағы көшелері нирагонго жанартауынан аққан лавамен жойылды,202 жылы гома қаласын көптеген көшелерін әсіресе қала орталығындағы көшелері нирагонға жанартауынан аққан лабамен жойылды,0.26666666666666666,0.04838709677419355,0
149,1885,15.96,22 00 23 00 аралығында mdt аулада тұрған сотталғандай өрт шығарды,22 нөлнөл 23нөлнөл аралығында mdt аулада тұрған сотталғандай өрт шығарды,0.2727272727272727,0.18461538461538463,0
150,1956,12.42,тауарларды тасымалдау үшін кемелерді пайдалану әзірше адамдардың және тауарлардың үлкен мөлшерлерін мұхиттарда жылжытудың ең тиімді жолы болып табылады,тауарларды тасмалдау үшін кемелерді пайдалану әзірше адамдардың және тауарлардың үлкен мөлшерлерін мұхиттарда жылыстудың ең тиымді жолып алып табылады,0.2777777777777778,0.046357615894039736,0
151,2001,22.08,саяхаттаушыларға өз аумағына әсер ететін ауыр ауа райының кез келген қаупі туралы хабардар болу туралы кеңес беріледі өйткені олар барлық саяхаттау туралы жоспарларға әсер етуі мүмкін,саяхаттаушыларға өз аумағына әсер ететін ауыр ауарайының кез келген қаупы туралы хабардар болу туралы кеңес беріледі өйткені олар барлық саяхаттау туралы жұспарларға әсер етуі мүмкін,0.15384615384615385,0.01639344262295082,0
152,2002,17.64,бұл ойыншыларға бейне ойындардағы әрекеттер мен қозғалыстарды құрылғыны ауада қозғалту арқылы басқаруға мүмкіндік береді,бұл ойыншыларға бене ойындардағы әрекеттер мен қозғалыстарды құрылғыны ауада қозғалту арқылы басқаруға мүмкіндік береді,0.07142857142857142,0.008333333333333333,0
153,1807,18.54,итальян тілі мемлекетте жұмыс істейтіндердің көпшілігі қолданатын күнделікті тілі ал латын тілі діни рәсімдерде жиі қолданылады,италиян тілі мемлекетте жұмыс істейтіндердің көпшілігі қолданатын күнделікті тілі аллатын тілі діни бәсімдерде жиі қолданылады,0.25,0.023622047244094488,0
154,1826,7.86,апаттан соң гибсон ауруханаға жеткізілді бірақ аз уақыт өтпей қайтыс болды,аппаттан соң гипсон ауруханаға жеткізілді бірақ ас уақыт өтпей қайтыс болды,0.2727272727272727,0.04054054054054054,0
155,2006,16.92,кальций және калий сияқты элементтер металдар болып саналады әрине күміс және алтын сияқты металдар да бар,кальций және кали сияқты элементтер металдар болып саналады әрине күміз және алтын сияқты металдар да бар,0.125,0.018867924528301886,0
156,1761,17.1,кейінірек дәретханаға сұранған егде жастағы әйелдің орнын фотографтар алмастырды мендоза атып тасталынды,кейінірек дәретханаға ұшұранған егіде жастағы әйелдің орынын фотографтор алмастырды миндоза атып тастауынды,0.5,0.0673076923076923,0
157,1957,7.62,ол сыбыстарды саяси әңгімелер мен ақымақтық деп есептеді,ол сыбыстарды саяси әңгімелер мен ақмақтық деп есептейді,0.25,0.03571428571428571,0
158,1997,18.06,алайда туберкулезбен ауыратын адамдардың бүкіл тобындағы xdr тб пайызы әлі де төмен болып көрінеді оңтүстік африкада әрбір сәтте жалпы 330 000 адамның 6 мыңы ауру жұқтырады,алайда төбіркілізібен ауыратын адамдардың бүкіл тобындағы 2drtb пайзы әлі де төмен болып көрінеді оңтүдік африкада әрбір сәтте жалпы 33000 адамның 6л0 0ыңы ауыру жұқтырады,0.38461538461538464,0.10465116279069768,0
159,2008,15.42,балидегі күн тәртібіндегі басқа тақырыптарға әлемнің қалған ормандарын сақтау және дамушы елдерге азырақ ластайтын жолмен өсуіне көмектесу үшін технологияларды бөлісу кіреді,валидегі күн тәртібіндегі басқа тақырыптарға әлемнің қалған ормандарын сақтау және дамушы елдерге азырақ ластайтын жолмен өсуіне көмектесу үшін технологияларды бөлсу кіреді,0.09523809523809523,0.011560693641618497,0
160,1690,24.96,usoc ұйымының атлеттердің және клубтардың әрі олардың спорт түрлерінің мүдделеріне лицензиядан айыру орнына ұйымымызда мағыналы өзгеріс жасау арқылы жақсырақ қызмет көрсетуге болатынымен келіседі,usoc ұйымының атлеттердің және клубтардың әрі олардың спорт түрлерінің мүдделеріне лицензиядан айыру орнына ұйымымызда мағыналы өзгеріші сау арқылы жақсырақ қызмет көрсетуге болатынымен келіседі,0.08695652173913043,0.020512820512820513,0
161,1850,20.64,бұл оған егер базалық станцияда екі радио болса 802 1 a 802 11b және 802 11g ережелерімен қайта үйлесімді болуға мүмкіндік береді,бұл оған егер базалық станцияда екі радео болса 821 1нан 1 а 821111 және 82111 г ережелерімен қайта үйлесімді болуға мүмкіндік береді,0.36363636363636365,0.12403100775193798,0
162,1995,15.72,виртуалдық дамытатын оқыту бағдарламалық құралға кірістірілген олар оқушының өз бетімен түсінуіне қиын болған болуы мүмкін процедуралар туралы сұрақтар қоюға кеңестер беруге және түсіндіруге арналған,виртуалдық дамытатын оқту бағдарламалы құралға кірістірілген олар оқушының өз бетімен түсінуіне қиын болған болуы мүмкін процедуралар туралы сұрақтар қоюға кеңестер беруге және түсіндіруге арналған,0.08333333333333333,0.010050251256281407,0
163,1672,9.12,матаның тым ыстық болуына жол бермеңіз бұл қысқаруға немесе күюіне себеп болуы мүмкін,матаның тымыстық болуына жол бермеңіз бұл қысқаруға немесе күйііне себеп болуы мүмкін,0.23076923076923078,0.03529411764705882,0
164,1992,13.8,сафари терминінің кең таралған мағынасы африканың таң қалдыратын жабайы табиғатын әсіресе саваннаны көруге жер бетімен саяхаттауды білдіреді,сафари терминнің кең таралған мағнасы африканың таң қалдыратын жауайы табиғатын әсіресі савананы көруге жер бетімен сияхаттауды білдіреді,0.35294117647058826,0.04285714285714286,0
165,1750,8.58,сондай ақ бұл ашу құстар қауырсындарының эволюциясына көрініс береді,сондай ақ бұл ашу құстар қауырсындарының эволюциясына көрініс береді,0.0,0.0,1
166,1738,11.82,сондай ақ ол суға кірген кез келген нәрсеге шабуылдайтын тіпті тиранозавр сияқты алып динозавр да оған тең келмейтін,сондай аҡ ол суға кіргән кес келген нәрсеге шабулдайтын тепті тиронозавор сияхты алып динозавор да оған тең килмейтен,0.5,0.09482758620689655,0
167,1995,24.84,виртуалдық дамытатын оқыту бағдарламалық құралға кірістірілген олар оқушының өз бетімен түсінуіне қиын болған болуы мүмкін процедуралар туралы сұрақтар қоюға кеңестер беруге және түсіндіруге арналған,виртуалдық дамытатын оқыту бақтарламалық құралға кірістірілген олар оқушының өз бетімен түсінуіне қиын болған болуы мүмкін процедуралар туралы сұрақтар қойюға кеңестер беруге және түсіндіруге арналған,0.08333333333333333,0.01507537688442211,0
168,1884,18.48,атап айтқанда адамның бетіндегі микро өзгерістерді түсіндіру арқылы оның өтірік айтуын анықтауға болады,атап айтқанда адамның бетіндегі микро өзгерістерді түсіндіру арқылы оның өтірік айтуын анықтауға болады,0.0,0.0,1
169,1759,24.12,29 жасар д р малар баласубраманиан цинциннатиден шамамен 15 миля солтүстікке қарай орналасқан огайо блю эште табылды ол жолдың бойында жерде футболкада және ішкиімде жатты ол көп дәрі ішкен күйде болып көрінді,29 жасар дры малар валасувраманиян цинцинатидиден шамамен 15 миллия солтүсдікке қарай орналасқан агайя блу эшті табылды ол жолдың бойында жерде футболкада және ішкиімде жатты ол көпдәрі ішкеңкүйде болып көрінді,0.40625,0.0861244019138756,0
170,1755,7.8,бір бомба генерал губернатор кеңсесінің сыртында жарылды,бір бомба генерал губернатор кеңісесінің сыртында жарылды,0.14285714285714285,0.017857142857142856,0
171,1874,23.64,кейбір адамдар оныкі дұрыс деп ойлады бірақ көп адам қарама қарсы нәрсеге сенді күн жүйесі соның ішінде күн және тіпті басқа жұлдыздар жерді айналды деп ойлады,кейбір адамдар он ікі дұрыс деп ойлады бірақ көп адам қарамағарсы нәрсе гесенді күн жиесі соның ішінге күн және тіпті басқа жұлдыздар жерді айналды деп ойлады,0.3076923076923077,0.05660377358490566,0
172,1913,19.86,жолбарыстың ақыруы арыстанның бар күшімен ақыруына ұқсамайды ол ақырып қатты айтқан сөздерге көбірек ұқсайды,жұлбарыстың ақыруы арыстанның бар күшімен ақыруына ұқсамайды ол ақырып қатты айтқан сөздерге көбірек ұқсайды,0.07142857142857142,0.009259259259259259,0
173,1881,13.32,виртуалды түрде экскурсияны көрсету де экскурсия туралы пікір жинау және келешек сабақтарда тәжірибемен алмасу үшін керемет мүмкіндік,виртуалды түрде экскурсияны көрсету де экскурсия туралы пікір жинау және келешек сабақтарда тәжірбемен алмасу үшін керемет мүмкіндік,0.058823529411764705,0.007518796992481203,0
174,1665,12.84,жылыстаған мәліметтерге сәйкес құжат 1967 жылғы таяу шығыс соғысына дейінгі шекаралары негізінде палестина қалайтын шекаралар дауына қатысты болады,жылыстаған мәліметтерге сәйкес құжат 1965 жылғы таяу шығыс соғысына дейінгі шекаралары негізінен полестина қалайтын шекаралар дауыны қатысты болады,0.2222222222222222,0.034013605442176874,0
175,1897,9.48,аймақ солтүстігінде сахельмен шекаралас ал оңтүстігі мен батысында атлант мұхитымен шектеседі,айманқ солтүстігінде сахелумен шекаралас ал оңтүстігімен батысында атлант мұхитімен шектеседі,0.45454545454545453,0.043010752688172046,0
176,1859,26.4,орта ғасырлардың соңына қарай батыс еуропа өз стилін дамыта бастады бұл уақыттағы кірескерлердің нәтижесіндегі ең үлкен дамуларының бірі болып адамдардың киімін жабу үшін түймелерді пайдалануы табылады,ортақасырлардың соңыңа қарай батыс еуропа өз тилін дамыта бастады бұл уақыттағы крескерлердің мәтижесіндегі ең үлкен дамуларының бірі болып адамдардың киімін жабу үшін түймелерді пайдалануы табылады,0.23076923076923078,0.029850746268656716,0
177,1742,11.1,гонконг аралы гонконгтың аумағына өз атауын береді және көптеген туристер басты назар аударатын орын болып табылады,ганконг аралы ганконгтің аумағы өз атауын берді және көптеген туристер басты назар аударатынн орын болып табылады,0.3125,0.06086956521739131,0
178,1676,11.28,барлық оңтүстік африка ұлттық саябақтарындағыдай саябаққа кіруде экологиялық салым және кіру ақысы төленеді,барлық оңтүстік африка ұлттық сайбақтарындағыдай сайбаққа кіруде экологиялық салым және кіру ақысы төленеді,0.15384615384615385,0.018691588785046728,0
179,1946,19.14,күшін жою ережелері әр түрлі болып келеді бірақ наурыз айының ақырынан бастап коронавирустық негіздегі көптеген жою ережелері олимпиада жоспарланған 2020 жылдың шілде айына дейін қолданылмайды,күшін жою ережелері әр түрлі болып келеді бірақ наурыз айының ақырынан бастап коронавирустық негіздегі көптеген жою ережелері олимпиада жоспарланған 200020 жылдың шілде айына дейінн қолданылмайды,0.08,0.015625,0
180,1881,12.48,виртуалды түрде экскурсияны көрсету де экскурсия туралы пікір жинау және келешек сабақтарда тәжірибемен алмасу үшін керемет мүмкіндік,виртуалды түрде экскурсияны көрсету де экскурсия туралы пікір жинау және келешек сабақтарда тәжірбемен алмасу үшін керемет мүмкіндік,0.058823529411764705,0.007518796992481203,0
181,1833,12.0,философия ғұламасы аристотель әрбір заттың төрт элементтің біреуінен немесе бірнешесінен жасалған деген теория құрған,философия құламасы аристотел әрбір заттың төрт элементтің біреуінен немесе бірнешесінен жасалған деген теория құрған,0.14285714285714285,0.017094017094017096,0
182,1795,23.4,1988 жылдан бері сайлау жәшіктері мөлдір болуы керек сонда дауыс берушілер мен бақылаушылар дауыс беру басталған кезде ешқандай хатқалталар жоқ екеніне және тиісті түрде есептелген және рұқсат етілген сайлаушылардың хатқалталарынан басқа хатқалталар қосылмағанына куәгер бола алады,1988 жылдан бері сайлау жәшіктері мөлдір болуы керек сонда дауысберушілер мен бақылаушылар дауысберу басталған кезде ешқандай хатқалталар жоқ екеніне тиізті түрте есептелген және рұқсат етілген сайлаушылардың хатқалталарынан басқа хатқалталар қосылмағанына куәгер бола алады,0.19444444444444445,0.03202846975088968,0
183,1866,11.46,біріншіден шабандоздардың көпшілігі өкшесі және тегіс айтарлықтай енсіз табаны бар салт жүріске арналған етікті киеді,біріншіден шабандоздардың көпшілігі өкшесі және тегіз айтарлықта енсіз табаны бар салып жүріске арналған етікті киеді,0.2,0.03418803418803419,0
184,1702,20.46,бар болғаны екі аптада американдықтар және еркін француз күштері оңтүстік францияны босатты және германияға қарай бұрылып жатты,бар болғаны екі аптада американдықтар және еркін француз кіштері өңтүстік францияны босатты және германияға қарай бұрылып жатты,0.11764705882352941,0.015748031496062992,0
185,1821,9.96,ми патологиялары мен іс қимыл арасындағы байланыс ғалымдарды олардың зерттеулерінде қолдайды,ми потологиялары мен іс қимыл арасындағы байланыс ғалымдарды олардың зертеулерінде қолдайды,0.18181818181818182,0.021739130434782608,0
186,1763,15.18,дәл ай жерді тартып судың көтерілуіне әкелетіндей құс жолы да мерген галактикасына күш түсіреді,дәл ай жерді тартып судың көтерілуіне әкелетіндей қыз жолы да меркенгалактикасына күш түсіреді,0.21428571428571427,0.042105263157894736,0
187,1742,10.38,гонконг аралы гонконгтың аумағына өз атауын береді және көптеген туристер басты назар аударатын орын болып табылады,ганконг каралы ганконгтың аумағына өзі тауын береді және көптеген туристер басты назар аударатын орын болып табылады,0.3125,0.043478260869565216,0
188,1990,21.18,сондай ақ блогтар оқушылардың жазуын жақсартуға көмектеседі оқушылар блог тәжірибесін көбінесе немқұрайлы грамматикамен және емлемен бастағанымен аудиторияның болуы әдетте бұл жағдайды өзгертеді,сондай ақ блоктар оқушылардың жазуын жақсартуға көмектеседі оқушылар бблок тәжірібиесін көбінесе немқұрайлы грамматикамен және емлемен бастағынмен аудиторияның болуы әдетте бұл жағдайды өзгертеді,0.18181818181818182,0.03608247422680412,0
189,1694,14.28,балалар асырап алған ата анаға көп себептермен беріледі салақтық қиянат ету және тіпті ақша талап ету,балалар асырап алған ата анаға көп себептермен беріледі салақтық қиянат ету және тіпті ақша талап ету,0.0,0.0,1
190,1841,21.6,жоғарыдағы ашық әдемі аспаннан және көптеген қоршаған таулардан басқа ештеңе көрінбейді үңгір ішінен бұл дүниенің өте аз бөлігін көруге немесе естуге болады,жоғарыдағы ашық әдемі аспаннан және көптеген қоршаған таулардан басқа е іштеңе көрінбейді үңгір ішінен бұл дүниенің өте аз бөлігін көруге немесе естуге болады,0.09090909090909091,0.01282051282051282,0
191,1879,9.84,жаңа бірдеңе пайда боғланда пернетақта неге айналатыны туралы болжамдар жасауға ғана болады,жаңа бірдеңе пайда боғланда пернетақта неге айналатыны туралы болжамдар жасауға ғана болады,0.0,0.0,1
192,1740,16.98,пирамида дыбыс және жарық шоуы балаларға арналған аумақтағы ең қызық нәрселердің бірі болып табылады,пирамида дыбос және жарық шолы балаларға арналған аумақтағы ең қызық нәрселердің бірі болып табылады,0.14285714285714285,0.02,0
193,1736,8.28,роландо мендоза m16 мылтығымен туристтерге оқ жаудырды,роланда мен доза эм он6л мылтығымен туристерге оқ жаудырды,0.8571428571428571,0.16666666666666666,0
194,1847,14.4,оны сингапур премьер министрінің орынбасары вонг кан сенг күтіп алды және ол сингапурдың премьер министрі ли сьен лунмен сауда және терроризм мәселелерін талқылады,оны сингапур премьер министрнің орынбасары вонг консён күтіп алды және ол сингапурдың премьер министр лисон лунмен сауда және терроризм нәселелерін талқылады,0.30434782608695654,0.06134969325153374,0
195,1785,15.96,құрылыс ағаштары бұл оқыту әдісі емес жаңа компьютерлік бағдарламаны пайдалану немесе жаңа жобаны бастау секілді жаңа оқу тәжірибесінен өтіп жатқан жеке тұлғаларға қолдау көрсететін көмек түрі,құрлыс ағаштары бұл оқыту әдісі емес жаңа компьютерлік бағдарламаны пайдалану немесе жаңа жобаны бастау секілді жаңа оқу тәжірбесінен өтіп жатқан жүке тұлғаларға қолдау көрсететін көмек тұры,0.15384615384615385,0.026041666666666668,0
196,1979,19.68,фолкленд аралының ресми валютасы фолкленд фунты fkp оның құны британдық бір фунтқа gbp теңестірілген,фолклanд аралының ресми валютасы фолклaнд фунтa fkp оның құны британдық бір фунтқа gbp теңестірілген,0.21428571428571427,0.04,0
197,1662,10.8,қорытпалар негізінен екі немесе одан да көп металдардың қоспасы болып табылады периодты кестеде көптеген элементтер бар екенін ұмытпаңыз,қорытпалар негізнен екі немесе одан да көп металдардың қоспасы болып табылады бириодды кестеде көптеген элементтер бар егенін ұмытпаңыз,0.16666666666666666,0.03676470588235294,0
198,1776,13.62,бір түн ішінде 150 ден 200 ге дейін көшірмелер жасалып олар қазір dunlap broadsides ретінде белгілі,бір түн ішінде жүзелуден 2кіжүзге дейін көшірмелер жасалып олар қазір дунлаp broadsides ретінде белгілі,0.3125,0.16161616161616163,0
199,1724,19.92,ол шамамен 400 жылдан бастап салтанаттың эпицентріне ретінде белгілі болды және шамамен 1100 жылға дейін созылды,ол шама мен 4ші жылдан бастап салтанаттың эпецентріне ретінде белгілі болды және шама мен 101ш жылға дейін созылды,0.4375,0.07142857142857142,0
200,1974,8.82,сол принцип бойынша ер адамдар тізелерін жауып тұратын шалбар кию керек,сол принцип бойынша ер адамдар тізелерін жауып тұратын шалбар киу керек,0.09090909090909091,0.014084507042253521,0
201,1740,11.16,пирамида дыбыс және жарық шоуы балаларға арналған аумақтағы ең қызық нәрселердің бірі болып табылады,пирамидадыбыс және жарықшоуы балаларға арналған аумақтағы ең қызық нәрселердің бірі болып табылады,0.2857142857142857,0.02,0
202,1979,13.92,фолкленд аралының ресми валютасы фолкленд фунты fkp оның құны британдық бір фунтқа gbp теңестірілген,фoлkland аралының ресми валютасы fолклand фунты fkp 1000 құны британдық 1р фунтқа gbp теңестірілген,0.2857142857142857,0.16,0
203,1982,13.2,әйелдер өздерінің шынайы отбасы жағдайына қарамастан әйел жынысты саяхатшыларға тұрмыс құрған деп айтуға кеңес беріледі,әйелдер өздерінің шынайы отбасы жағдайына қарамастан әйел жыныстай сахатшыларға тұрмыс құрған деп айтуға кеңес беріледі,0.13333333333333333,0.025210084033613446,0
204,1965,17.76,олар қауіпсіз жүзуге арналған құмды жағажайлардың барлығына дерлік және олардың көпшілігінде похутукава ағаштарымен қамтамасыз етілген,олар қауіпсіз жүзуге арналған құмды жағажайлардың барлығынадерлік және олардың көпшілігінде пхутукава ағаштарымен қамтамасыз етілген,0.2,0.014925373134328358,0
205,1834,18.9,сонымен қатар солтүстігінде бүкіл әлемге әйгілі мариан ғажабының орны болған фатимадағы әйел ғибадатханасына барыңыз,сонымен қатар сол түстігінде бүкіл әлемге әйгілі мариан ғажабының орны болған фотимадағы әйел ғибадатханасына барыңыз,0.21428571428571427,0.017241379310344827,0
206,1914,11.94,жиырмасыншы ғасырдағы зерттеу генетикалық вариацияның екі пулы бар екенін көрсетті жасырын және көрінетін,2иырм ғасырдағы зерттеу генетикалық вариацияның екі пулы бар екенін көрсетті жасырын және көрінетін,0.07692307692307693,0.06666666666666667,0
207,1798,18.66,алғашқы күндері шоу тек ұзақ уақыттан бері жұмыс істеп келе жатқан toginet radio интернет радиосында сөйлесу радиосына негізделген сайтта өткен,алғашқы күндері шоу тек ұзақ уақыттан бері жұмыс үстеп келе жатқан тогинет радио интернет радиосында сөйлесу радиосына негізделген сайтта өткен,0.15,0.09090909090909091,0
208,1842,29.28,динозавр қауырсынында рахис деп аталатын жақсы дамыған білік жоқ бірақ қауырсынның басқа ерекшеліктері бар кертіктер мен шоқша сақалдар зерттеушілер рахис туралы олардың кейінірек эволюциялық болған деген қорытындыға келді,динозавр қауырсынында рахиз деп аталатын жақсы дамаған білік жоқ бірақ қауырсынның басқа ерекшеліктері бар керттіктер мен шоқшас ақалдар зерттеушілер рахиз туралы олардың кейінірек эволюциялық болған деген қортындыға келді,0.25,0.03153153153153153,0
209,1898,19.56,ол уэльс бізге әуел бастан ақ өтірік айтты біріншіден бұл заңды себептермен болғандай әрекет ету арқылы екіншіден өзінің өнерін жойғанға дейін бізге құлақ салғандай бола қалу арқылы,ол өлс бізге әуел бастан ақ өтірік айтты біріншіден бұл заңды себептермен болғандай әрекет ету арқылы екіншіден өзінің өнерін жойғанға дейін бізге құлақ салғандай бола қалу арқылы,0.037037037037037035,0.016574585635359115,0
210,1825,8.64,әрекетке жақын болғыңыз келсе музыкаға жақын кемпинг учаскесін алу үшін ерте тұруыңыз керек,әрекетке жақын болғыңыз келсе музикаға жақын кәмпинг кунчаскісін алу үшін ерте тұрыңыз керек,0.3076923076923077,0.06593406593406594,0
211,1955,17.64,шашыраңқы склероз ми жұлын және ми жүйкесінен тұратын орталық жүйке жүйесіне әсер ететін ауру,шашыранқыз клерос ми жұлын және ми жекесінен тұратын орталық жеке жиесіне әсер ететін ауру,0.35714285714285715,0.10752688172043011,0
212,1937,30.54,дегенмен бұл жоспарлар бір түнде дерлік ескіріп кетті кеңес одағының қызыл әскернің 800 000 сарбазы келіп ригадағы бейбітшілік туралы келісімді кеңес поляк агрессия жасамау туралы пактісін және басқа халықаралық екі жақты және көп жақты келісімдерді бұза отырып польшаның шығыс аймақтарына басып кіргеннен кейін беларус және украина фронттарын жасады,дегенмен бұл жоспарлар бір түнде дерлік ескіріп кетті кеңес одағының қызыл әскерінің 80 000 сарбазы келіп ригадағы бегітшілік туралы келісімді кеңес поляг агрессия жасамау туралы фактсын және басқа халқаралық екі жақты және көп жақты келісімдерді бұзау отырып польшаның шығыс аймақтарына басып кіргеннен кейін белоруш және украина фронттарын жасады,0.16666666666666666,0.03428571428571429,0
213,1730,24.42,автобустар күні бойы ауданаралық автовокзалдан өзеннің бойымен шығады дегенмен көбісі әсіресе шығысқа және джакарға бумтангқа бет алғандары 06 30 және 07 30 аралығында шығады,автобустар күні бойы аудан аралық автовагзалдан өзеннің бойымен шығады дегенмен көбісі әсіресе шығысқа және жакарға бумтанқа бет алғандары алт жарымнан және 7еті аралығында шығады,0.375,0.11494252873563218,0
214,1949,9.36,энтомологтар жәндік терминін осы жәндіктер тобы үшін ресми мағынада пайдаланады,энтемолоктар жәндік терминін осы жәндіктер тобы үшін ресми мағынада пайдаланады,0.1,0.02531645569620253,0
215,1728,13.26,химикаттың қышқылдығы немесе сілтілігіне байланысты орамжапырақ шырынының түсі өзгереді,хемикаттың қышқылдығы немесе сіл тілігіне байланысты орам жапырақ шырынының түсі өзгереді,0.5555555555555556,0.034482758620689655,0
216,1839,7.92,шаңғы тебу бағытын жаяу жүру бағытына ұқсас түрде елестетіп көріңіз,шаңғы тебу бағытын жаяужыру бағытына ұқсас түрде елестетіп көріңіз,0.2,0.029850746268656716,0
217,1745,15.6,өсімдіктер табиғи жағдайда жақсы көрінеді сондықтан олардың бір данасын да алып тастамаңыз,өсіндіктер табиғи жағдайда жақсы көрінеді сондықтан олардың бір данасында алып тастамаңыз,0.25,0.022222222222222223,0
218,1881,16.38,виртуалды түрде экскурсияны көрсету де экскурсия туралы пікір жинау және келешек сабақтарда тәжірибемен алмасу үшін керемет мүмкіндік,виртуалды түрде экскурсияны көрсетудия экскурсия туралы пікір жинау және келешек сабақтарда тәжіребемен алмасу үшін керемет мүмкіндік,0.17647058823529413,0.03007518796992481,0
219,1665,15.66,жылыстаған мәліметтерге сәйкес құжат 1967 жылғы таяу шығыс соғысына дейінгі шекаралары негізінде палестина қалайтын шекаралар дауына қатысты болады,жыл ыстағаны мәліметтерге сәйкес құжат 1967 жылғы таяу шығыс соғысына дейінгі пешекаралары негізінде палестина қалай тын шекаралар дауына қатысты болады,0.2777777777777778,0.034013605442176874,0
220,1911,15.6,осы сияқты шенген визаңыз болса шенгенге мүше елдердің әрқайсысына визаға бөлек өтінім беру қажет болмайды осылайша сіз уақытты ақшаны үнемдейсіз және құжаттармен жұмыс азырақ болады,осы сияқты шеңген визаңыз болса шеңгенге мүше елдерің әрқайсыны визаға бөлек өтінің беру қажет болмайды осылайша сіз уақытты ақшаны үнемдейсіз және құжаттармен жұмыс азырақ болады,0.2,0.038461538461538464,0
221,1981,17.4,бар болғаны кеме экскурсиялары арқылы жағаға барсаңыз сізге бөлек виза қажет болмайды 2009 жылдан,бар болғаны кеме экскурсиялар арқылы жағаға барсаңыз сізге бөле куиза қажет болмайды 29 жылдан,0.2857142857142857,0.061855670103092786,0
222,1812,25.26,бір эксперименттік вакцина эболадан болатын өлімдер көрсеткішін азайтуға мүмкіндік беретін болып көрінгенімен осы уақытқа дейін бар инфекцияны емдеуге жарамды екені анық түрде көрсетілген дәрілер болмады,бір эксперименттік вакцина эболадан болатын өлімдер көрсеткішін азайтуға мүмкіндік беретін болып көрінгенімен осы уақытқа дейін бар инфекцияны емдеуге жарамды екені анық түрде көрсетілген дәрілер болмады,0.0,0.0,1
223,1666,11.46,сондай ақ өзіңіздікінен басқа үкіметтерден кеңес алғыңыз келуі мүмкін бірақ олардың кеңесі өз азаматтарына арналған,сондай ақ өзіңіздікінен басқа үкіметтерден кеңес алғыңыз келуі мүмкін бірақ олардың кеңесі өз азаматтарына арналған,0.0,0.0,1
224,1961,19.44,қатысым жасаудың маңыздылығын иллюстрациялау үшін пайдаланылатын ең жиі кездесетін әдістердің бірі өсіп жатқанында елемеу бәле немесе әдейі қиянат жасау себепті ересектер қатысым жасауға үйретпеген балалардың бірнеше бақытсыз жағдайын салу,қатысым жасаудың маңызылығын илюстрациялау үшін пайдаланатын еңдеге кездеседін нәдістердің бірі өсіп жатқанда елемеу бәле немесе әдеі қиянет жасау себепті ересектер қатысым жасауға үйретпеген балалардың бірнеше бақысыз жағдайын салу,0.3793103448275862,0.06276150627615062,0
225,1747,10.98,жолдас балуандар да лунаға құрмет көрсетті,жолдазбалуандар да лунаға құрмет көрсетті,0.3333333333333333,0.047619047619047616,0
226,1836,21.06,адамдар ежелден алтын күміс және мыс сияқты негізгі химиялық элементтер туралы білді өйткені олардың барлығын табиғатта табиғи түрде табуға болады және қарапайым құралдармен өндіру салыстырмалы түрде оңай,адамдар ежелден 6л0 күміс және мыс сияқты негізгі химиялық элементтер туралы білді өйткені олардың барлығын табиғатта табиғы түрде табуға болады және қарапайым құралдармен өндіру салыстырмалы деп түрде оңай,0.1111111111111111,0.04411764705882353,0
227,1995,25.14,виртуалдық дамытатын оқыту бағдарламалық құралға кірістірілген олар оқушының өз бетімен түсінуіне қиын болған болуы мүмкін процедуралар туралы сұрақтар қоюға кеңестер беруге және түсіндіруге арналған,вертуалдық дамытатын оқыту бағдарламалық құрауға кірістірілген олар оқушының өз бетімен түсінуіне қиын болған болуы мүмкін процедуралар туралы сұрақтар ғоюға кеңестер беруге және түсіндіруге арналған,0.125,0.01507537688442211,0
228,1852,28.44,блогтарды тиісті түрде қолдану студенттердің аналитикалық және критикалық ойлауын әлдеқайда күшейтуі мүмкін интернет материалдарына белсенді түрде жауап беру арқылы олар басқа адамдардың жазбаларына қатысты өздерінің позициясын айқындай алады сондай ақ нақты бір мәселелер бойынша өздерінің көзқарастарын білдіре алады oravec 2002,блоктарды тиісті түрде қолдану студенттердің аналитикалық және критикалық ойлауын әлдеқайда күшетуі мүмкін интернет материалдарына белсенді түрде жауап беру арқылы олар басқа адамдардың жазбаларына қатысты өздерінің позициясын айқындай алады сондай ақ нақты бір мәселелер бойынша өздерінің көзқарастарын білдіре алады 22,0.1,0.03333333333333333,0
229,1967,25.74,лейтон премьер министрмен кездесу кезінде консерваторлардың экологиялық заңына өзгерістер енгізуді сұрады сондай ақ консервативті партияның экологиялық заңын мұқият және толығымен қайта жазуды сұрады,лейтон премьер министрмен кездесу кезінде консерваторлардың экологиялық заңына өзгерістер енгізуді сұрады сондай ақ консервативті партияның экологиялық заның мұқият және толығымен қайта жазуды сұрады,0.043478260869565216,0.010050251256281407,0
230,1793,22.68,егер сіз ауыл жолдарында көлікпен жүруге дағдыланбаған болсаңыз мынаған дайын болыңыз тік еңістер тар жолдар және кенет бұрылыстар басым болады,егер сіз ауыл жолдарында көлікпен жүруге тағдыланбаған болсаңыз мынаған дайын болыңыз тік еңістер тар жолдар және кенет бұрылыстар басым болады,0.05,0.006993006993006993,0
231,1707,16.56,ол оңтүстік африканың негізгі көрнекі жерлерінің бірі болып табылады және оңтүстік африка ұлттық парктерінің sanparks жетекшісі болып есептеледі,ол оңтістік африканың негізгі көрнекі жерлерінің бірі болып табылады және оңтістік африка ұлттық парктерінің sanp parks жетекшісі болып есептеледі,0.2222222222222222,0.027777777777777776,0
232,1853,10.2,джанкарло фисичелла көлігін басқаруды жоғалтып жарысты старттан кейін көп ұзамай аяқтады,джанкарло фисичелла көлігін баскаруды жоғалтып жарысты сартан кийін көп замайы аяқтады,0.36363636363636365,0.06818181818181818,0
233,1830,11.76,билеуші партия оңтүстік батыс африка халық ұйымы swapo парламенттік сайлауларда көптеген орынға ие болды,билеуші партия оңтүстік батыс африка халық ұйымы сбапо парламенттік сайлауларында көптеген орынға ие болды,0.14285714285714285,0.0673076923076923,0
234,1684,13.68,апиа самоаның астанасы бұл қала уполу аралында орналасқан және оның халқы 40 000 нан сәл төмен,апиазамауанның астанасы бұл қала уполу аралында орналасқан және оның халқы 4қ 00нан сәлтөмен,0.4375,0.09574468085106383,0
235,1699,21.84,бақылаушылардың бірі бішкекті анархия күйіне батуда деп бейнелеген өйткені қылмыскерлер тобы көшені аралап дүкендердегі халықтық тұтыну тауарларын тонауды бастаған,бақилаушылардың бірі бішкекті анархия күйне батуда деп бейніленген өйткені қылыміскерлер тобы көшені аралап дүкендердегі халықтық тұтыну тауарларын тонауды бастаған,0.21052631578947367,0.03680981595092025,0
236,1674,10.56,кейбір аумақтарда суды бір минут бойы қайнату жеткілікті ал басқаларында бірнеше минут қажет,кейбір аумақтарда суды бір минутбойы қайнату жеткілікті ал басқаларында бірнеше минут қажет,0.15384615384615385,0.010869565217391304,0
237,1755,7.38,бір бомба генерал губернатор кеңсесінің сыртында жарылды,бір бомба генерал губернатор кеңсесінің сыртында жарылды,0.0,0.0,1
238,1663,18.12,кочамо алқабы чилидегі өрмелеу үшін баратын негізгі жер ол оңтүстік американың йосемитесі ретінде белгілі оның әртүрлі гранит үлкен қабырғалары және жартастары бар,кочамо алқабы чилидегі өрмелеу үшін баратын негізгі жер ол оңтүстік американың иосемитисі ретінде белгілі оның әртүрлі гранит үлкен қабырғалары және жартастары бар,0.045454545454545456,0.012269938650306749,0
239,1917,19.62,римде әртүрлі орындарда адамдардың салтанатты рәсімді көруі үшін бірнеше үлкен теледидар экрандары орнатылды,римде әртүрлі орындарда адамдардың сал танатты рәсімді көруі үшін бірнеше үлкен теледедар экрандары орнатылды,0.23076923076923078,0.018518518518518517,0
240,1765,21.66,1537 жылы асунсьон қаласының негізі салынғаннан бастап парагвай өзінің көптеген түпкілікті сипаты мен өзіндік ерекшелігін сақтай білді,1537 жылы асунсион қаласының негізі салынғаннан бастап парагвай өзінің көптеген түпкілікті сипатымен өзінді күрекшелігін сақтай білді,0.29411764705882354,0.03731343283582089,0
241,1744,11.4,россби нөмірі неғұрлым кішірек болса жұлдыздың магниттену инверсиясына қатысты белсенділігі азырақ болады,росби нөмірі неғырылым кішерек болса жұлдыздың магниттену инверсиясына қатысты белсенділігі азырақ болады,0.25,0.0380952380952381,0
242,1754,27.6,айдың көрінетін жерінде ай теңіздері көбірек болуы мүмкін себебі онда ай қыртысы жіңішкерек лаваның ай қыртысының бетіне шығуы әлдеқайда жеңілірек болды,айдың көрінетін жерінде ай теңіздері көбірек болуы мүмкін себебі онда айқыртысы жіңіш керек лаваның айқыртысының бетіне шығуы әлдеғайда жеңілірек болды,0.2857142857142857,0.02631578947368421,0
243,1966,16.8,комиссия қазан айында басталған кең тараған режимге қарсы наразылықтарға мартеллидің жауабы болды,комиссе қазан айында басталған кейің тараған режимге қарсы наразылықтарға марттеллидің жауабы болды,0.25,0.05154639175257732,0
244,1712,17.64,1966 жылдан бері сундарбан жабайы жануарлар қорығы болған есептеулер бойынша қазіргі уақыта бұл аумақта 400 корольдік бенгал жолбарысы және шамамен 30 000 дақты бұғы бар,1966 жылдан бері сундарбан жабайы жануарлар қорығы болған есептелер бойынша қазіргі уақытта бұл аумақта 400 корольдік бенгал жуалварысы және шамамен 30 дақты бұғы бар,0.16,0.05325443786982249,0
245,1839,8.46,шаңғы тебу бағытын жаяу жүру бағытына ұқсас түрде елестетіп көріңіз,шаңғы тебу бағытын жаяу жүру бағытына ұқсас түрде елістетіп көріңіз,0.1,0.014925373134328358,0
246,1828,11.4,интернеттен қауіпті ортаны іздесеңіз жергілікті компанияның мекен жайын береді,интернеттен қауіпті ортаны іздесеңіз жергілікті компанияның мекейн жайын береді,0.1111111111111111,0.01282051282051282,0
247,1964,20.4,қазірге дейін әйгілі 25 данлэп парақтары құжаттың ең көне көшірмелері болып табылады түпнұсқалық қолжазба көшірмесі сақталмаған,қазірге дейін әйгілі 25 данлеп барақтары құжаттың ең көне көшірмелері болып табылады төп нұсқалық құлжазба көшірмесі сақтаумаған,0.375,0.047244094488188976,0
248,1667,26.22,жалпы алғанда менеджерлер бұрынғы әріптестеріне басшылық ете бастағанда екі түрлі қылық пайда болуы мүмкін бір жағынан алдыңғы әріптестердің бірі немесе құрбылардың болып қалуға тырысады,жалпы алғанда менеджерлер бұрынғы әріптестеріне басшылық ете бастағанда екі түрлі қылық пайда болуы мүмкін бір жағынан алдыңғы әріптестердің бірі немесе қырболардың болып қалуға тырысады,0.041666666666666664,0.010752688172043012,0
249,1870,9.12,көріністер пирамидаларда көрсетіледі және әртүрлі пирамидалар жанады,көріністер пиромидаларда көрсетіледі және әртүрлі пиромидалар жанады,0.2857142857142857,0.029411764705882353,0
250,1955,12.12,шашыраңқы склероз ми жұлын және ми жүйкесінен тұратын орталық жүйке жүйесіне әсер ететін ауру,шашыранқы склирос ми жұлың және ми жүйкесінен тұратын орталық жүке жүесіне әсер ететін ауру,0.35714285714285715,0.06451612903225806,0
251,1920,19.74,әдетте қонақтарды жақсы көңіл күйде ұстау және іште ұстау үшін оларда арнайы тамақ сусын және ойын сауық ұсыныстары болады,әдетте қонақтарды жақсы көңілкүйде ұстау және іште ұстау үшін оларда арнайы тамақ сусын және ойын салық ұсыныстары болады,0.15789473684210525,0.01639344262295082,0
252,1762,12.96,бұл ауру шошқаларда болады содан кейін ол масалар арқылы адамдарға өтеді,бұл ауыру шышқаларда болады содан кейін ол масалар арқылы адамдарға өтеді,0.18181818181818182,0.027777777777777776,0
253,1737,9.96,арыстандар ең көп қатысым жасайтын мысықтар олар прайдтар деп аталатын үлкен топтарда өмір сүреді,арыстандар ең көп қатісім жасайтын мысықтар олар пірайттар деп ата латынын үлкен топтардан өмір сүреді,0.35714285714285715,0.08247422680412371,0
254,1863,21.72,тибет медитациясының орталығы құдай йогасы әр түрлі құдайларды бейнелеудің арқасында қуат арналары тазартылып чакралар іске қосылып ағартушылық сана пайда болады,тебет медитациясының орталығы құдай огасы әртүрлі құдайларды бейнелеудің арқасында қуат арналары тазартылып чакралар іске қосылып ағартушылық сана пайда болады,0.2,0.018633540372670808,0
255,1839,8.88,шаңғы тебу бағытын жаяу жүру бағытына ұқсас түрде елестетіп көріңіз,шаңғы тебу бағытын жаяу жүру бағытына ұқсас түрде елестетіп көріңіз,0.0,0.0,1
256,1976,16.86,орташа деңгейдегі батсмендер сачин тендулкар мен рахул дравид жақсы өнер көрсетіп жүздеген серіктестік қатынас жасады,орташа деңгейдегі батсмендер сачин тендулкармен рахул дравид жақсы өнер көрсетіп жүз деген серіктестік қатынас жасады,0.26666666666666666,0.017094017094017096,0
257,1931,16.14,бұл қызмет көбінесе кеме қатынасы соның ішінде серуендеу кемелері сондай ақ қашықтағы мәліметтер мен дауыстық қажеттіліктері бар экспедициялар арқылы пайдаланылады,бұл құзмет көбінесе кеме қатынасы соның ішінде серуендер кемелері сондай ақ қашықтағы мәліметтер мен дауыстық қажеттіліктері бар экспедициялар арқылы пайданылады,0.15,0.024539877300613498,0
258,1911,24.0,осы сияқты шенген визаңыз болса шенгенге мүше елдердің әрқайсысына визаға бөлек өтінім беру қажет болмайды осылайша сіз уақытты ақшаны үнемдейсіз және құжаттармен жұмыс азырақ болады,осы сияқты шіңген визаңыз болса шіңгенге мүше елдердің әр қайсысына визаға бөлек өтінім беру қажет болмайды осылайша сіз уақытты ақшаны үнімдейсіз және құжаттармен жұмыс азірақ болады,0.24,0.038461538461538464,0
259,1788,16.68,ақш тың гимнастика федерациясы ақш олимпиада комитетінің хатын қолдайды және біздің барлық спортсмендер үшін қоршаған ортаның қауіпсіздігін арттырудың абсолютті қажеттілігін мойындайды,ақштың гимнастика федерациясы ақш олимпияда комитетінің хатын қолдайды және біздің барлық іспортсмендері үшін қоршаған ортаның қауіпсіздігін арттырудың абсолютті қажеттілігін мойындайды,0.19047619047619047,0.021739130434782608,0
260,1763,10.62,дәл ай жерді тартып судың көтерілуіне әкелетіндей құс жолы да мерген галактикасына күш түсіреді,дәл ай жерді тартып судың көтерлуіне әкелетіндей құс жолы да мергенголактикасына күш түсіреді,0.21428571428571427,0.031578947368421054,0
261,1882,11.52,ғалымдар ғаламшарлар әсіресе жер қалай құралғанын түсінеміз деп үміттенеді өйткені кометалар жермен ұзақ уақыт бұрын соқтығысқан,ғалымдар ғаламшарлар әсіресе жер қалай құралған түінеміз деп міттенеді үйткені кометалар жермен ұзақ уақыт бұрын соқтығысқан,0.25,0.0390625,0
262,1674,9.6,кейбір аумақтарда суды бір минут бойы қайнату жеткілікті ал басқаларында бірнеше минут қажет,кейбір аумақтарда суды бір минут бойы қайнату жеткілікті ал басқаларында бірнеше минут қажет,0.0,0.0,1
263,1746,8.28,өсімдіктер күн сәулесінен фотосинтез арқылы қуат алады олар сонымен қатар көлеңе береді,өсімдіктер күн сәулесінен фатасинтаs арқылы қуат алады олар сонымен қатар көлеңе береді,0.08333333333333333,0.04597701149425287,0
264,1703,11.16,мартелли кеше тоғыз мүшеден тұратын жаңа уақытша сайлау кеңесінің cep алдында ант берді,мартелли кеше тоғыз мүшеден тұратын жаңа уақытша сайлау кеңесінің сер алдында ант берді,0.07692307692307693,0.034482758620689655,0
265,1934,12.24,әдетте сіз туристердің және сатушылардың дыбысын әрқашан естисіз дыбыс пен жарықтан тұратын хикая дәл хикая кітабы сияқты болады,әдеттесіз туристердің және сатушылардың дыбысын әрхаша н естесіз дыбыспен жарықтан тұратын қихая тәл қихая кітабі сияқты болады,0.5555555555555556,0.0859375,0
266,1990,16.62,сондай ақ блогтар оқушылардың жазуын жақсартуға көмектеседі оқушылар блог тәжірибесін көбінесе немқұрайлы грамматикамен және емлемен бастағанымен аудиторияның болуы әдетте бұл жағдайды өзгертеді,сондай ақ блоктар оқушылардың жазуын жақсартуға көмектеседі оқушылар блок тәжірбесін көвінесе нимқұрайлы грамматикамін және емілемен бастағанымен аудиторияның болуы әдетте бұл жағдайды өзгертеді,0.3181818181818182,0.03608247422680412,0
267,1848,20.64,кеше түркияның газиантеп қаласындағы полиция штаб пәтерінде бомба қойылған көлік жарылысы нәтижесінде екі полиция қызметкері қаза тапты және жиырмадан артық адам жарақат алды,кейше түркияның газиантеп қаласындағы полиция штап бәтерінде бомба қойылған көлік жарылысы нәтижесінде екі полиция қызметкері қаза тапты және жиырмадан арттық адам жарақат алды,0.17391304347826086,0.022988505747126436,0
268,1982,11.4,әйелдер өздерінің шынайы отбасы жағдайына қарамастан әйел жынысты саяхатшыларға тұрмыс құрған деп айтуға кеңес беріледі,әйелдер өздерінің шынайы отбасы жағдайына қарамастан әйел жұнысты сайхатшыларға тұрмыс құрған деп айтуға кеңес беріледі,0.13333333333333333,0.01680672268907563,0
269,1938,13.56,аурухана инфекцияны бақылау хаттамасын орындады соның ішінде басқаларды жұқтырудың алдын алу үшін науқасты басқалардан бөлді,аурухана инфекцияды бақылау қаттамасын орындады соның ішінде басқаларды жұқтырудың алдын алу үшін науқасты басқарылардан бөлді,0.2,0.03225806451612903,0
270,1677,10.32,бүгінде қанаттарын арқасына бүктей алмайтын жәндіктер инеліктер мен біркүндіктер,бүгінде қанаттарын арқасына бүктей алмайтын жәндіктер енеліктер мен біркүндіктер,0.1111111111111111,0.0125,0
271,1939,12.12,революциядан кейін жұмыс орындары барлық ерлер үшін ашық болып олардың табысқа жетуіне мүмкін берді,революциядан кейін жұмыс орындары барлық ерлер үшін ашық болып олардың табысқа жетуіне мүмкін берді,0.0,0.0,1
272,1985,24.6,бұл альптық стильдегі шаңғы туризмімен немесе альпинизммен байланысты бірақ әдетте байланысты болмайды соңғысы тік еңістіктерде өткізіледі және қатты шаңғы мен аяқ киімді қажет етеді,бұл әліптік стилдегі шаңғы туризмімен немесе альпинизмумен байланысты бірақ әдетте байланысты болмайды соңғысы тік еңістіктерде өткізіледі және қатты шаңғы мен аяқ киімді қажет етеді,0.125,0.03296703296703297,0
273,1948,16.26,үш патшалық ежелгі қытайдың тарихындағы ең қанқұйлы дәуірлердің бірі болған мыңдаған адам сианьдағы үлкен сарайдағы ең жоғары орынға отыру үшін соғысқанда өлді,үш патшалық ежелгі қытайдың тарихындағы ең қанқұйылы дәурлерінің бірі болған мыңдаған адам сияндияғы үлкен сарайдағы ең жоғарғы орынға отыру үшін соғысқанда өлді,0.18181818181818182,0.05660377358490566,0
274,1993,19.2,атлант мұхитының оныншы атау берілген дауыл маусымы субтропиктік дауыл джерри бүгін атлант мұхитында пайда болды,атлант мұхитының оныш атау берілген дауыл маусымы суптропиктік дауыл джери бүгін атлант мұхитында пайда болды,0.2,0.03571428571428571,0
275,1671,23.82,конгресс әдепсіздік бастамасын 2005 қаржы жылынан бастады және фтб ұйымы ересектер порнографиясына қатысты істерге 10 агент бөлуі керектігін көрсетті,конгресс әдепсіздік бастамасын 205 қаржы жылынан бастады және ftb ымы ересектер порнографиясына қатысты істерге он агент бөлуі керектігін көрсетті,0.21052631578947367,0.053691275167785234,0
276,1886,12.48,ежелгі мәдениеттер мен тайпалар сүтке жүнге етке және терілерге оңай қол жеткізу үшін оларды өсіре бастады,ежелгі мәдениеттер мен тайпалар сүтке жүнге етке және терілерге оңай қол жеткізу үшін оларды өсіре бастады,0.0,0.0,1
277,1736,12.3,роландо мендоза m16 мылтығымен туристтерге оқ жаудырды,роландо миндоза m16 мылтығымен туристтерге оқ жаудырды,0.14285714285714285,0.018518518518518517,0
278,1896,20.1,ақш гимнастикасы және ақш олимпиада комитеті бір мақсатты көздейді гимнастика және басқа да спорт түрлерін барынша қауіпсіз етіп спортшылардың өз армандарын орындауды қауіпсіз позитивті және мүмкіндіктерге толы ортада жүзеге асыруын қамтамасыз ету,ақш гимнастикасы және ақыш олимпияда комитеті бір мақсатты көздейді гимнастика және басқа да спорт түрлерін барынша қауіпсіз етіп спортшылардың өз армандарын орындауды қауіпсіз позитивді және мүмкіндіктерге толы ортада жүзеге асыруын қамтамасыз ету,0.09375,0.012145748987854251,0
279,1830,11.4,билеуші партия оңтүстік батыс африка халық ұйымы swapo парламенттік сайлауларда көптеген орынға ие болды,билеуші партия оңтүстік вас африка халық ұйымы сваппо парламенттік сайлауларды көптеген орынға ие болды,0.21428571428571427,0.09615384615384616,0
280,1733,25.98,оның 78 ұсынысының біріншісі ирактың шекарасын дұшпандық араласудан қорғау және көршілерімен дипломатиялық қатынастарды қайта орнату үшін осы жылдың соңына дейін жаңа дипломатиялық бастама қолға алынуы керек,оның 78 ұсынысының біріншісі ирактың шекарасын дұшпандық араласудан қорығау және көршілерімен дипломатиялық қатынастарды қайта орнату үшін осы жылдың соңыға дейін жаңа дипломатиялық бастама қолға алынуы керек,0.07692307692307693,0.00966183574879227,0
281,1897,11.28,аймақ солтүстігінде сахельмен шекаралас ал оңтүстігі мен батысында атлант мұхитымен шектеседі,аймақ солтүстігінде сахэльмән шекаралас ал оңтүстікмен батысында атлант мұхитымен шектеседі,0.2727272727272727,0.053763440860215055,0
282,1700,16.44,күңгірт жерлердің асты жұқа ал жарық жерлердің асты қалың тау жынысынан тұрады,күңгірт жерлердің асты жықа алжарық жерлердің асты қалың тау жынысынан тұрады,0.25,0.02564102564102564,0
283,1887,13.32,лиггинс ауруханада жұмыс істей бастағанда бос уақытында мерзімінен бұрын босануды зерттей бастады,лигинс ауруханада жұмыс істей бастағанда бос уақытында мерзімінен бұрын босануды зерттей бастады,0.08333333333333333,0.010309278350515464,0
284,1689,19.5,еуропа салыстырмалы түрде шағын бірақ көп тәуелсіз елдері бар континент қалыпты жағдайларда бірнеше ел арқылы саяхаттасаңыз визаға өтінімдер беру және бірнеше рет төлқұжатты тексеруден өту керектігін білдіретін еді,еуропа салыстырмалы түрде шағын бірақ көп тәуелсіз елдері бар континент қалытты жағдайларда бірнеше ел арқылы саяхаттасаңыз визаға өтінімдер беру және бірнеше реттел құжатты тексеруден өту керектігін білдіретін еді,0.10714285714285714,0.018691588785046728,0
285,1798,15.48,алғашқы күндері шоу тек ұзақ уақыттан бері жұмыс істеп келе жатқан toginet radio интернет радиосында сөйлесу радиосына негізделген сайтта өткен,алғашқы күндері шоутик ұзақ уақыттан бері жұмыс өстеп келе жатқан тогинет интернет радиосында сөйлесу радиосына негізділген сайтта өткен,0.3,0.11888111888111888,0
286,1984,23.52,сондай ақ массалық көлікке иелік жолдарда апаттардың көбірек болуына әкеледі бұл зақымдалған денелерді жөндеу үшін денсаулық сақтау саласында жаңа әдістерді ойлап табуға әкеледі,сондай ақ массалық көлікке иеліп жолдарда апаттардың көбірек болуыны әкеледі бұл зақымдалған денелерді жөндеу үшін денсаулық сақтау саласында жаңа әдістерді ойлап табуға әкеледі,0.08695652173913043,0.011299435028248588,0
287,1984,24.84,сондай ақ массалық көлікке иелік жолдарда апаттардың көбірек болуына әкеледі бұл зақымдалған денелерді жөндеу үшін денсаулық сақтау саласында жаңа әдістерді ойлап табуға әкеледі,сондай ақ массалық көлікке иелік жолдарда апаттардың көбірек болуына әкеледі бұл зақымдалған денілерді жөндеу үшін денсаулық сақтау саласында жаңа әдістерді ойлап табуға әкеледі,0.043478260869565216,0.005649717514124294,0
288,1796,11.22,бұл шөгінді жыныстар жабайы жануарлардың мекені болған құмқайырларды және жағажайларды жасауға қажет болды,бұл шөгінді жыныстар жабай жануарлардың мекені болған құмқайырларды және жағажайларды жасауға қажет болды,0.07692307692307693,0.009433962264150943,0
289,1834,10.92,сонымен қатар солтүстігінде бүкіл әлемге әйгілі мариан ғажабының орны болған фатимадағы әйел ғибадатханасына барыңыз,сонымен қатар сол түстігінде бүкіл әлімге әйгілі мариян ғажауының орны болған фатимадағы әйел ғибадатханасына барыңыз,0.35714285714285715,0.034482758620689655,0
290,1913,11.1,жолбарыстың ақыруы арыстанның бар күшімен ақыруына ұқсамайды ол ақырып қатты айтқан сөздерге көбірек ұқсайды,жолбарыстың ақыруы арыстандың бар кішімен ақыруына ұқсамайды ол ақырып қатты айтқан сөздерде көбірек ұқсайды,0.21428571428571427,0.027777777777777776,0
291,1851,9.48,үзілмелі ағыстар жағаға рифтерге соғылатын толқындардың кері ағыны болып табылады,үзілмелі ағыстар жағаға рифтерге соғылатын толқындардың кері ағыны болып табылады,0.0,0.0,1
292,1923,22.44,әскерилерге және азаматтарға қажет заттардың қамтамасыз етілуін тоқтатқан бұл стратегия тиімді болып шықты дегенмен бұл блокада өткен екі ғасырдағы бірнеше халықаралық келісімде жазылған жалпы қабылданған халықаралық заңды бұзды,әскерилерге және азаматтарға қажет заттардың қамтамысыз етілуін тоқтатқан бұл стратегия тиымді болып шықты дегенмен бұл блокада өткен еке ғасырдағы бірнеше халық аралық келісімде жазылған жалпы қабылданған халық аралық заңдыбызды,0.2857142857142857,0.03070175438596491,0
293,2009,15.96,ең оңай қол жеткізуге болаты өсімдік ресурстарына жапырақтар мен бұршақтарда қолжетімді ақуыздар болды бірақ әзірлемесе олар біз сияқты приматтар үшін қорытуға қиын,ең оңай қол жеткізуге болаты өсімдік ресурстарына жапырақтар мен бұршақтарда қол жетімды ағуыздар болды бірақ әзірл емесе олар біз сияқты приматтар үшін қортуға қиын,0.2727272727272727,0.03048780487804878,0
294,1888,23.52,елге оралу шогы мәдени шоктан мұнда бастапқы фаза өте аз гөрі тезірек пайда болады ол ұзаққа созылады және одан да ауыр болуы мүмкін,елге уралу шогы мәдени шоктан мұнда бастапқыфазы өтеас гөрі тезірек пайда болады ол ұзаққа созылады және одан да ауыр болуы мүмкін,0.21739130434782608,0.03787878787878788,0
295,1969,14.7,ол негізгі тақырыптың ең тиімді орны сызықтардың қиылысуында деп айтады бұл кескінді тігінен және көлденеңінен үштіктерге бөледі мысалды қараңыз,ол негізгі тақырыптың ең киымді орыны сызықтардың қиылысуында деп айтады бұл кескінді тігінен және көлденегінен үштіктерге бөледі мысалды қараңыз,0.15789473684210525,0.027777777777777776,0
296,1857,22.86,ол тағы былай деді дегенмен олардан даму кезеңінен жауапкершілігінен және мүмкіндіктерінен асатын міндеттемелерді қабылдауды сұрамау керек,ол тағы былай деді дегенмен олардан даму кезеңнен жауапкершілігінен және мүмкіндіктерінен асатын міндеттемелерді қабылдауды сұрамау керек,0.0625,0.007246376811594203,0
297,1916,15.0,көп неміс пісірілген өнімдерінде сонымен бірге бадам орман жаңғақтары және басқа ағаш жаңғақтары болады танымал торттар жиі қою кофенің саптыаяғымен өте жақсы желінеді,көп неміс пісірілген өнімдерінде сонымен бірге бадам орман жаңғақтары және басқа ағаш жаңғақтары болады танмал торттар жиі қою кофенің сыптаяғымен өте жақсы жлінеді,0.13043478260869565,0.023952095808383235,0
298,1828,6.96,интернеттен қауіпті ортаны іздесеңіз жергілікті компанияның мекен жайын береді,интернеттен қауіпті ортаны іздесеңіз жергілікті компанияның мекенжайын береді,0.2222222222222222,0.01282051282051282,0
299,1772,5.82,осылайша нотация жай ғана белгі ретінде қосылған болуы мүмкін,осылайша нотация жай ғана белгі ретінде қосылған болуы мүмкін,0.0,0.0,1
300,1775,14.1,бейне жазып алуды пайдалану бірнеше миллисекунд жалғасатын микро қимылдарды бет бұлшық еттерінің қимылдарын түсіндіруде маңызды жаңалықтардың ашылуына себеп болды,пейіне жазып алуды пайдалану бірнеше милс жалғасатын микроқимылдарды бетбұл шығиттерін қимылдарын түсіндіруде маңызды жаңалықтардың ашылуына себеп болды,0.3684210526315789,0.10493827160493827,0
301,1972,16.5,көп адам оларды динозаврлар деп ойламайды өйткені олардың қауырсындары бар және ұша алады,көп адам оларды диназаврлар деп ойламайды өйткені олардың қауырсындары бар және ұша алады,0.07692307692307693,0.011235955056179775,0
302,1810,21.6,калифорния губернаторы арнольд шварценеггер кәмелетке толмағандарға зорлық зомбылық контенті бар видео ойындарды сатуға немесе жалға беруге тыйым салатын заңға қол қойды,калифорния губернаторы арнольдшвортснегер кәмелетке тұлмағандарға зорлық зомболық контенті бар видео ойындарды сатуға немесе жалға беруге тыйым салатын заңға қол ғойды,0.23809523809523808,0.047337278106508875,0
303,1880,12.96,осылайша қарындаш шыққан кезде көп адамдарға жақсы дос болды,осылайша қарындас шыққан кезде көп адамдарға жақсы дос болды,0.1111111111111111,0.016666666666666666,0
304,1997,16.32,алайда туберкулезбен ауыратын адамдардың бүкіл тобындағы xdr тб пайызы әлі де төмен болып көрінеді оңтүстік африкада әрбір сәтте жалпы 330 000 адамның 6 мыңы ауру жұқтырады,алайда тубіркі лезбен ауратын адамдардың бүкіл тобындағы xdrtb piзa әлі де төумен болып көрінеді 1түстік африкада әrбев сәтте жалпы 33 000 адамның 6 00 ауыру жұқтұрады,0.5,0.14534883720930233,0
305,1767,17.22,бұл солтүстік шұғыласын көрудің жақсы мүмкіндігін береді өйткені аспан тәулік бойы азды көпті күңгірт болады,бұл сол түстік шұғыласын көрідің жақсы мүмкіндігін береді өйткені аспан тәулік бойы азды көпті күңгірт болады,0.2,0.018518518518518517,0
306,1729,18.48,мысалы солтүстік каролина штатындағы беннет мектебінің студенттері жыл сайын штат астанасына сапары туралы веб сайтын жасайды бұл веб сайт жыл сайын қайта жасалады бірақ ескі нұсқалар альбом ретінде онлайн сақталады,мысалы солтүстік каролина штатындағы бэnet мектебінің студенттері жыл сайын штат астанасына сапар туралы wебсйtтын жасайды бұл wебсайт жыл сайын қайта жасалады бірақ ескі нұсқалар альбом ретінде онлайн сақталады,0.2,0.05581395348837209,0
307,1896,30.66,ақш гимнастикасы және ақш олимпиада комитеті бір мақсатты көздейді гимнастика және басқа да спорт түрлерін барынша қауіпсіз етіп спортшылардың өз армандарын орындауды қауіпсіз позитивті және мүмкіндіктерге толы ортада жүзеге асыруын қамтамасыз ету,ақш гимнастикасы және ақш олимпиада комитеті бір мақсатты көздейді гимнастика және басқада спорт түрлерін барынша қауіпсіз етіп спортшылардың өз армандарын орындауды қауіпсіз позитивті және мүмкіндіктерге толы ортада жүзеге асыруын қамтамасыз ету,0.0625,0.004048582995951417,0
308,1868,18.66,спектрдің екінші жағында адам бейтаныс адамға айналады ол топ орындайтын барлық әрекеттерді өзгертіп оны өз бетінше жасау керек деп санайды,спектрдің екінші жағында адам бейтаныс адамға айналады ол топ орындайтын барлық арекеттерді өзгертіп оны өзбетінше жасау керек деп санайды,0.15,0.014388489208633094,0
309,1875,9.6,мұхиттарға құйылатын планета өзендеріндегі судың толықтай 20 пайызы амазонкадан келеді,мұхиттарға құылатын планета өзендеріндегі судың толықтай 2паы амазонкадан келеді,0.3,0.06976744186046512,0
310,1814,22.26,сутегі иондары бұл олардан электрондары алынып тасталған протондар болып табылады өйткені сутегі атомдары бір протон мен бір электроннан тұрады,сутегі иондары бұл олардан электрондары алынып тасталған протондар болып табылады өйткені сутегі атымдары бір протон мен бір электроннан тұрады,0.05263157894736842,0.006993006993006993,0
311,1811,12.96,802 11n стандарты 2 4 ггц және 5 0 ггц жиіліктерінде жұмыс істейді,сегі ү02і11n стандардты еде 4 гегогерс және 5 гегогерс жиліктерінде жұмыс істейді,0.6153846153846154,0.36363636363636365,0
312,1835,20.76,цунами туралы ескерту берілмеді және джакартаның геофизика агенттігінің деректеріне сай цунами туралы ескерту берілмейді өйткені жер сілкінісі 6 5 магнитудасы талабына сай болмады,сунами туралы ескерту берілмеді және джакартаныңгия физика агенттігінің директеріне сай сунами туралы ескерту берілмейді өйткені жер сілкінісі 6 онан бес магнитудасы талабына сай болмады,0.30434782608695654,0.08379888268156424,0
313,1944,17.28,бұл кейде адам көп болатын отбасылық жағажайлар жағалауда көптеген дүкендері бар қауіпсіз жүзуге болады,бұл кейде адам көп болатын отбасылық жағажайлар жағалауда көптеген дүкендері бар қауіпсіз жүзуге болады,0.0,0.0,1
314,1668,23.28,сондай ақ wild card картасын сатып алған пайдалы болуы мүмкін ол оңтүстік африкадағы парктарға немесе оңтүстік африканың барлық ұлттық парктарына кіруге мүмкіндік береді,сондай ақ wiлд карт картасын сатып алған пайдалы болуы мүмкін ол оң түстік африкадағы парктарға немесе оң түстік африканың барлық ұлттық парктарына күруге мүмкіндік береді,0.30434782608695654,0.05325443786982249,0
316,1824,17.16,мысырлық өлілер алқабындағы гиза үстіртінде немесе гиза некрополисінде бірнеше пирамида олардың ішінде ұлы пирамида ең үлкені болып табылады бірнеше шағын саркофаг бірнеше храм және ұлы сфинкс бар,мысырлық өлілер алқауындағы гизас түртінде немесе гиза никраполисінде бірнеше пиромида олардың ішінде ұлы пиромида еңілкені болып табылады бірнеше шағым саркофак бірнеше храм және ұлос фингсбар,0.48148148148148145,0.09183673469387756,0
317,1719,24.24,қаһарлы ауа райы ауыр зақым келтіретін қоғамдық құрылымға қатты қалал келтіретін және адам өлімдеріне себеп болуы мүмкін болған кез келген қауіпті ауа райының құбылыстарына айтылатын ұғым,қаһарлы ауа райы ауыр зақым келтіретін қоғамдық құрылымға қатты қалал келтіретін және адам өлімдеріне себеп болуы мүмкін болған кез келген қауіпті ауа райының құбылыстарына айтылатын ұғым,0.0,0.0,1
318,1734,9.0,ғалымдар қара материя басқа қара материяға қарапайым материя сияқты әсер етеді деп тұжырымдай алды,ғалымдар қара материя басқа қара материяға қарапайым материя сияқты әсеркетеді деп тұжыриымдай алды,0.21428571428571427,0.02040816326530612,0
319,1845,13.74,күймеде олар айқайлап жатқан және король мен патшайымға қоқан лоққыларды айқайлап айтып жатқан адамдар тобы қоршаған күйде парижге қайтып оралды,күймеде олар айқайлап жатқан және король мен патшайымға қоқан лоқыларды айқайлап айтып жатқан адамдар тобы қоршаған күйде порижге қайтып оралды,0.1,0.013888888888888888,0
320,1843,12.06,данди университетінің профессоры памела фергюсон журналистер күдікті адамдардың фотосуреттерін жариялай отырып өздеріне қауіп төндіретінін айтты,данди университетінің профессоры памело фергусүн журналисттер күдікті адамдардың фота суреттерін жариялай отырып өздеріне қауіп төндіретінін айтты,0.3333333333333333,0.041666666666666664,0
321,1698,15.36,әлемдегі барлық нәрсе материядан тұрады материяның барлығы атомдар деп аталатын кішкентай бөлшектерден тұрады,әлемдегі барлық нәрсе материядан тұрады материяның барлығы атымдар деп аталатын кішкентай бөлшектерден тұрады,0.07692307692307693,0.009174311926605505,0
322,1732,24.06,оқиғалар еуропа тарихындағы 11 12 және 13 ғасырларды қамтитын орта ғасырлардың ортаңғы кезеңінде б з 1000 1300 жылдар орын алған,оқиғалар еуропа тарихындағы 1 1іріші 12ш және 1 үшінші қасырларды қамтитін орта ғасырлардың ортанғы кезеніңде біздің заманғы 10ш 1300ш жылдар орын алған,0.65,0.2578125,0
323,1817,7.2,шенген аймағы бұл тұрғыдан бір ел сияқты жұмыс істейді,шенгенаймағы бұл тұрғыдан бір елі сияқты жұмыс істейді,0.3333333333333333,0.037037037037037035,0
324,1876,17.46,солтүстік мариан аралдарындағы төтенше жағдай қызметі елде ешқандай зақым келтіретін жағдайлар орын алмады деп хабарлайды,сол түстік мариян аралдарындағы төтенше жағдай қызметі елде еш қандайза қым келтіретінін жағдайлар орын алмады деп хабарлайды,0.4666666666666667,0.05785123966942149,0
325,1838,15.84,гизадағы ұлы пирамида жеті ғажайыптың ішіндегі бүгінгі күнге дейін сақталып қалған жалғыз ғажап,гизадағы ұлы пирамида жеті ғажайыптың ішіндегі бүгінгі күнге дейін сақталып қалған жалғыз ғажап,0.0,0.0,1
326,1795,39.3,1988 жылдан бері сайлау жәшіктері мөлдір болуы керек сонда дауыс берушілер мен бақылаушылар дауыс беру басталған кезде ешқандай хатқалталар жоқ екеніне және тиісті түрде есептелген және рұқсат етілген сайлаушылардың хатқалталарынан басқа хатқалталар қосылмағанына куәгер бола алады,1988 жылдын бері сайлау жәшіктері мөлдір болуы керек сонда дауыс берішілермен бақылаушылар дауыс беру басталған кезде ешқандай хат қалталар жоқ екеніне және тиісті түрде есептелген және рұқсат етілген сайлаушылардың хат қалталарынан басқа халт қалталар қосылмағанына куәгер бола алады,0.25,0.02491103202846975,0
327,1813,24.72,барселонаның ресми тілдері болып каталан және испан тілдері табылады шамамен жартысы каталан тілінде сөйлеуді жөн көреді көпшілігі оны түсінеді және барлығы дерлік испан тілінде сөйлейді,барсилонының ресми тілдері болып каталан және испан тілдері табылады шамамен жартысы каталан тілінде сөйлеуді жөн көреді көпшілігі оны түсінеді және барлығы дерлік испан тілінде сөйлейді,0.04,0.010752688172043012,0
328,1802,7.8,интернет жалпы және адамдар арасындағы байланыс элементтерін біріктіреді,интернет жалпы және адамдар арасындағы байланыс элементтерін біріктіреді,0.0,0.0,1
329,1895,10.68,грек тілін білу азайғаннан кейін батыс өзінің грек философиялық және ғылыми түбірлерінен бөлініп кеткенін тапты,грек тілінбілу азайғаннан кейін батыс өзінің грек философиялық және ғылым етөбірлерінен бөлініп кеткенін тапты,0.26666666666666666,0.036036036036036036,0
330,1790,19.8,оның жұмысы соншалықты танылған сапалы және егжей тегжейлі болғандықтан филателистер арасында өте аз үй иелері атауларының бірі болып есептеледі кейбіреулер өзінің жұмысын жалғыздықта жинауға маманданған,оның жұмысы соншалықта танылған сапалы және екжәй текіжейлі болғандықтан филотелистер арасында өте аз үй иелері атауларының бірі болып есептеледі кейбіреулер өзінің жұмысын жалғыздықта жинауға маманданған,0.16,0.029556650246305417,0
331,1759,31.92,29 жасар д р малар баласубраманиан цинциннатиден шамамен 15 миля солтүстікке қарай орналасқан огайо блю эште табылды ол жолдың бойында жерде футболкада және ішкиімде жатты ол көп дәрі ішкен күйде болып көрінді,29 жасар др малар баласубраманиян ценценатиден шамамен 15 миля сотүстікке қарай орналасқан агайо блю эште табылды ол жылдың бойында жерде футболкада және ішкейімде жатты ол көп дәрі ішкен күйде болып көрінді,0.25,0.04784688995215311,0
332,1741,11.76,солтүстікте ары қарай орналасқан үлкен аумақтарда халық өте сирек қоныстанған ал кейбіреулері елсіз дерлік жабайы жерлер,сол түстікте ары қарай орналасқан үлкен аумақтарда халық өте сирек қоныстанған ал кейбіреулері елсіздерлік жабайы жерлер,0.25,0.016666666666666666,0
333,1854,10.32,көліктің өзі сол күні шамамен 12 00 gmt уақытында апат орнынан әкетілген,көліктің өзі сол күні шамамен 1244 gmt уақытында апа торынан әкетілген,0.3333333333333333,0.08333333333333333,0
334,2003,11.1,гонконгтың ең жақсы көрінісін тамашалау үшін аралдан шығып коулун жағалауына қарай бет бұрыңыз,ганконгтың ең жақсы көрінісін тамашалау үшін аралдан шығып коулун жағалауына қарай бет бұрыңыз,0.07692307692307693,0.010638297872340425,0
335,1901,23.64,ai дің ғылыми фантастикалық қосымша мағынасы болғанымен ai іс қимылды оқытуды және машиналарда сананы қолдануды қамтитын компьютерлік ғылымның аса маңызды бір саласын құрайды,әлдің ғылыми фантастикалық қосымшамағынасы болғанымен әл сқимлды оқутыды және машиналарда сананы оқулдануды қамтитін компьютерлік ғылымның аса маңызды бір саласын құрайды,0.43478260869565216,0.08045977011494253,0
336,1960,27.9,оның жасы 20 да болғаны хабарланды өз мәлімдемесінде бибер былай деді ол жерде болмағаныммен әрі осы қайғылы апатқа тікелей қатысты болмағаныммен мен құрбанның отбасы туралы ойлаймын және оларға дұғалар арнаймын,оның жасы жиырмада болғаны хабарланды өз мәлімдемесінде бибер былай деді ол жерде болмағаныммен әрі осы қайғылы апатқа тікілей қатысты болмағаныммен мен құрбанның отбасы тураы ойлаймын және оларға дұғалар арнаймын,0.13333333333333333,0.037914691943127965,0
337,1861,11.34,нәтижесінде орындаушылар сахнада каннабисті шекті және театрдың өзі аудиоторияны қосылуға шақырды,нәтижесінде орындаушылар сахнада конабисті шекті және театрдың өз аудиторияны қосылуға шақырды,0.2727272727272727,0.041237113402061855,0
338,1916,15.3,көп неміс пісірілген өнімдерінде сонымен бірге бадам орман жаңғақтары және басқа ағаш жаңғақтары болады танымал торттар жиі қою кофенің саптыаяғымен өте жақсы желінеді,көп неміспісірілген өнімдерінде сонымен бірге бадам орман жаңғақтары және басқа ағаш жаңғақтары болады танымал торттар жиже қою кофенің сыптаяғымен өте жақсы желінеді,0.17391304347826086,0.029940119760479042,0
339,1866,14.82,біріншіден шабандоздардың көпшілігі өкшесі және тегіс айтарлықтай енсіз табаны бар салт жүріске арналған етікті киеді,біріншіден шабан доздардың көпшілігі өкшесі және тегіз айтарлықтай енсіз табаны бар салт жүріске арналған етікті киеді,0.2,0.017094017094017096,0
340,1797,10.5,әр адам қоғамға қатысады және көлік жүйелерін пайдаланады әркім дерлік көлік жүйелері туралы шағымданады,әр адам қоғанға қатысады және көлік жүйелерін пайдаланады әркім дерлік көлік жүйелері туралы шағымданады,0.07142857142857142,0.009615384615384616,0
341,1843,15.12,данди университетінің профессоры памела фергюсон журналистер күдікті адамдардың фотосуреттерін жариялай отырып өздеріне қауіп төндіретінін айтты,данди университетінің профессоры памелла фергюсон журналистер күдікті адамдардың фотосуреттерін жариялай отырып өздеріне қауіпті төндіретін айтты,0.2,0.034722222222222224,0
342,1728,10.68,химикаттың қышқылдығы немесе сілтілігіне байланысты орамжапырақ шырынының түсі өзгереді,химикаттың қышқылдылығы немесе сілтілігіне байланысты орамжапырақ шарынның түсі өзгереді,0.2222222222222222,0.04597701149425287,0
343,1789,18.36,басқа аталымдар қатарына үздік фильм режиссер операторлық жұмыс костюмдер дизайны фильмді монтаждау түпнұсқа саундтрек қойылым дизайны дыбысты редакциялау дыбысты араластыру және түпнұсқа сценарий жатады,басқа аталымдар қатарына үздік фильм режиссер операторлық жұрмыс кәстүмдер дизайна фильмді мантаждауы түпнүсқа сауынтрек койлым дизайна дыбысты редакциялавы дыбысты араластыру және түпнүсқа сценария жатады,0.4583333333333333,0.07881773399014778,0
344,1696,10.86,университеттегі зерттеушілердің айтуынша екі қосылыс бір бірімен реакцияға түсіп бүйрек қызметін тоқтата алатын кристалдар құрады,университеттегі зерттеушілердің айтуынша екі қосылыс бірбірмен реакцияға түсіп бюйрі қызметін тоқтата алатын кристалдар құрады,0.2,0.03875968992248062,0
345,1683,18.6,мұнда осы уақытқа дейін осында өмір сүрген көптеген ерлер мен әйелдер сондай ақ жақындары қаза болған немесе соңғы демі қалғанша қызмет еткен еврей еврей емес тірі адамдар көп,мұнда осы уақытқа дейін осында өмір сүрген көп тегені ерлермен әйелдер сондай ақ жақындары қаза болған немесе соңғы демі қалғанша қызмет еткен еврей емес тірі адамдар көп,0.14285714285714285,0.05142857142857143,0
346,1782,27.54,сондай ақ әр династиялар арасында бөлінген провинциялардың тұрақсыз дәуірі болды осы кезеңдердің ең танымалсы хань мен цзинь династияларының арасында 60 жыл бойы болған үш патшалық дәуірі еді,сондай ақ әр династиялар арасында бөлінген провинциялардың тұрақсыз дәуірі болды осы кезеңдердің ең танымалсы ханьмен тзин династияларының арасында 6лпс жыл бойы болған үш патшалық дәуірі еді,0.14814814814814814,0.031413612565445025,0
347,1662,19.92,қорытпалар негізінен екі немесе одан да көп металдардың қоспасы болып табылады периодты кестеде көптеген элементтер бар екенін ұмытпаңыз,қорытпалар негізінен екі немесе оданды көп металдардың қоспасы болып табылады периотты кестеде көптеген элементтер бар екенін ұмытпаңыз,0.16666666666666666,0.022058823529411766,0
348,1745,9.3,өсімдіктер табиғи жағдайда жақсы көрінеді сондықтан олардың бір данасын да алып тастамаңыз,өсімдіктер табиғи жағдайда жақсы көрінеді сондықтан олардың бір данасын да алып тастамаңыз,0.0,0.0,1
349,1753,23.34,бұл көбінесе бар болғаны дәл емес стереотип болғанымен парижде өмір сүрудің ең жақсы жолы ең жақсы мінез құлықты көрсету жақсы тәрбиеленген адам сияқты әрекет ету бұл саяхаттауды айтарлықтай жеңілдетеді,бұл көбінесе бар болғаны дәл емес стереотив болғанымен парижде өмір сүрудің ең жақсы жолып ең жақсы мүнес құлықты көрсету жақсы тәрбиеленген адам сияқты әрекет ету бұл саяхаттауды айтарлықтай жеңілде теді,0.1724137931034483,0.024752475247524754,0
350,1686,23.04,нәтижесінде кедергіні жеңу мақсатында бірлескен жұмысты ұйымдастыру процесі тапсырыс берушілердің қажеттіліктеріне қызмет ететін жаңа инновациялық процеске әкелуі мүмкін,нәтижесінде кедергіні жеңу мақсатында бірлескен жұмысты ұйымдастыру процессі тапсырыс берушілердің қажеттіліктеріне қызмет ететін жаңа инновациялық процеске әкелуі мүмкін,0.05555555555555555,0.005917159763313609,0
351,1779,16.62,бұл хабарландыру трамп түркия президенті реджеп тайып ердоғанмен телефон арқылы сөйлескеннен кейін жасалды,бұл хабарландыру трuмп түркия президенті реджеп тайып ердағанмен телефон арқылы сөйлескеннен кейін жасалды,0.15384615384615385,0.018867924528301886,0
352,2004,12.48,дәл осы айда тағы бір ұшақ мешхедтің ұшу қону жолағын басып өтіп қабырғаға соғылып он жеті адамды өлтірді,дәл осі айда тағы бір ұшақ мәшхеттің шу қонаужалағын басып өтіп қабырғаға соғылып 1н7 адамды өлтірді,0.3888888888888889,0.12380952380952381,0
353,1864,20.22,кирчнер ханым аргентина театрында өзінің президенттік сайлауға қатысу ниеті туралы жариялады ол 2005 жылғы буэнос айрес провинциясының делегациясының мүшесі ретінде сенат үшін науқанын бастау үшін дәл осы жерді пайдаланған,кирчнер ханым аргентина театрында өзінің президенттік сайлауға қатысуы неті туралы жариялады ол 205 жылғы буйнасайрыс провинциясының делегациясының гүшесі ретінде сенат үшін науқанын бастау үшін дәл осы жерде пайдаланған,0.2413793103448276,0.04054054054054054,0
354,1764,15.0,келген адамдардың саны көп болғаны сонша сент питер алаңындағы жерлеу процессиясына барлық адам қатыса алмады,келген адамдардың саны көп болғаны сонша сэнт петер алаңындағы жерілеу процессиясына барлық адам қатыса алмады,0.2,0.027522935779816515,0
355,1819,14.52,ежелгі қытайда әртүрлі уақыт мерзімдерін көрсетудің ерекше әдісі болды қытай тарихының әрбір кезеңі немесе билік басына келген әрбір отбасы ерекше династия болды,ежелгі қытайда әртүрлі уақыт мерзімдерін көрсетудің ерекше әдісі болды қытай тарихының әрбір кезеңі немесе билік басына келгені әрбір отбасы ерекше диноскя болды,0.09090909090909091,0.024844720496894408,0
356,1761,11.16,кейінірек дәретханаға сұранған егде жастағы әйелдің орнын фотографтар алмастырды мендоза атып тасталынды,кейінірек дәретханаға сұранған иелде жастағы әйелдің орның фотографтар алмастырды мендоза атып тасталынды,0.16666666666666666,0.028846153846153848,0
357,1714,13.56,жерсерік ғарышқа зымыранмен жіберілді ғалымдар ғарышта телескоптарды пайдаланады өйткені жердің атмосферасы біраз жарық пен көріністі бұрмалайды,жерсерік қарышқа зымыранмен жіберілді халымдар қарышта телескоптарды пайдаланады үйткені жердің атмосферасы біраз жарықпен көріністі бұрмалайды,0.375,0.034722222222222224,0
358,1889,8.34,ол бізге пойызды автокөлікті және басқа да көлік құралдарын алып келді,ол бізге пойызды асқа көлікті және басқа да көлік құралдарын алып келді,0.18181818181818182,0.05714285714285714,0
359,1713,25.44,гома жеткілікті деңгейде қауіпсіз болғанмен гомадан тыс аймақтарға шығудан бұрын солтүстік киву провинциясындағы соғыс жағдайын түсіну үшін аздап зерттеу жүргізген дұрыс,гома жеткілікті деңгеде қауіпсіз болғанмен гомадан тұс аймақтарға шығудан бұрын сол түстіп киву провинциясындағы соғыз жағдайын түсіну үшін аздап зерттеу жүргізген дұрыс,0.23809523809523808,0.029585798816568046,0
360,1944,9.84,бұл кейде адам көп болатын отбасылық жағажайлар жағалауда көптеген дүкендері бар қауіпсіз жүзуге болады,бұл кейде адам көп болатын отбасылық жағажайлар жағалауда көптеген дүкендері бар қауіпсіз жізуге болады,0.07142857142857142,0.009708737864077669,0
361,1830,18.12,билеуші партия оңтүстік батыс африка халық ұйымы swapo парламенттік сайлауларда көптеген орынға ие болды,билилші партия оңтүстік батыс африка халық ұйымы swapo парламенттік сайлауларды көптеген орынға ие болды,0.14285714285714285,0.028846153846153848,0
362,1954,13.8,тәртіпті қорғаушылары доппен жұмыс істеу дағдылары және тамаша командалық жұмысы оларды ерекше бөліп көрсетті және бұл ең күшті команда болатыны анық еді,тәртіпті қорғаушылары доппен жұмыс істеу дағдылары және тамаша командалық жұмысы оларда ерекше бөліп көрсетті және бұл еңкүшті команда болатына анық еді,0.18181818181818182,0.0196078431372549,0
363,1796,12.12,бұл шөгінді жыныстар жабайы жануарлардың мекені болған құмқайырларды және жағажайларды жасауға қажет болды,бұл шөгінді жыныстар жабайы жануарлардың мекені болған құмқайырларды және жағажайларды жасауға қажет болды,0.0,0.0,1
364,1934,20.04,әдетте сіз туристердің және сатушылардың дыбысын әрқашан естисіз дыбыс пен жарықтан тұратын хикая дәл хикая кітабы сияқты болады,әдетте сіз туристтердің және сатушылардың дыбысын әрқашан естейсіз дұбыс пен жарықтан тұратын хикая дәл хикая кітабі сияқты болады,0.2222222222222222,0.0390625,0
365,1795,21.84,1988 жылдан бері сайлау жәшіктері мөлдір болуы керек сонда дауыс берушілер мен бақылаушылар дауыс беру басталған кезде ешқандай хатқалталар жоқ екеніне және тиісті түрде есептелген және рұқсат етілген сайлаушылардың хатқалталарынан басқа хатқалталар қосылмағанына куәгер бола алады,198 жылдан бері сайлау жәшіктері мөлдір болуы керек сонда дауыс берушілер мен бақылаушылар дауыс беру басталған кезде ешқандай қатқалталар жоқ екеніне және тиісті түрде есептелген және рұхсат етілген сайлаушылардың хат қалталарынан басқа хатқалталар қосылмағанына куәгер бола алады,0.1388888888888889,0.014234875444839857,0
366,1826,13.8,апаттан соң гибсон ауруханаға жеткізілді бірақ аз уақыт өтпей қайтыс болды,абаттың соң гипсон ауруханаға жеткізілді бірақ аз уақыт өтпей қайтыс болды,0.18181818181818182,0.05405405405405406,0
367,1771,15.36,негізгі сахналардағы музыка аяқталғанымен фестивальдің түннің кеш уақытына дейін музыканы ойнатуды жалғастыратын бөліктері болуы мүмкін екенін есте сақтаңыз,негізгі сахыналардағы музика аяқталғанымен фестивальдің түннің кеш уақытына дейін музиканы ойнатуды жалғастыратын бөліктері болуы мүмкін екенін есте сақтаңыз,0.16666666666666666,0.019230769230769232,0
368,1733,17.76,оның 78 ұсынысының біріншісі ирактың шекарасын дұшпандық араласудан қорғау және көршілерімен дипломатиялық қатынастарды қайта орнату үшін осы жылдың соңына дейін жаңа дипломатиялық бастама қолға алынуы керек,оның 78 ұсынысының бірінісі ирактың шекарасын дұшпандық араласудан қорғау және көршілермен дипломатиялық қатынастарды қайта орнату үшін осы жылдың соңына дейін жаңа дипломатиялық баскама қолға алынуы керек,0.11538461538461539,0.014492753623188406,0
369,1984,25.92,сондай ақ массалық көлікке иелік жолдарда апаттардың көбірек болуына әкеледі бұл зақымдалған денелерді жөндеу үшін денсаулық сақтау саласында жаңа әдістерді ойлап табуға әкеледі,сондай ақ массалық көлікке иелік жолдарды апаттардың көбірек болуына әкеледі бұл зақымдалған денелерді жөндеу үшін денсаулық сақтау саласында жаңа әдістерді ойлап табуға әкеледі,0.043478260869565216,0.005649717514124294,0
370,1983,34.44,өркениет сөзі латынның civilis сөзінен шыққан азаматтық деген мағынаны білдіретін ол азамат деген мағынаны білдіретін латынша civis сөзімен байланысты ал қала немесе қала мемлекет деген мағынаны білдіретін civitas сөзі де бар сонымен бірге бұл белгілі бір деңгейде қоғамның көлемін анықтайды,өркениет сөзі латынның цивилис сөзінен шыққан азаматтық деген мағынаны білдіретін ол азамат деген мағынаны білдіретін латынша цивис сөзімен байланысты ал қала немесе қала мемлекет деген мағынаны білдіретін цивитас сөзі де бар сонымен бірге бол белгілі бірдеңге де қоғамның көлемін анықтайды,0.15,0.07560137457044673,0
371,1842,29.76,динозавр қауырсынында рахис деп аталатын жақсы дамыған білік жоқ бірақ қауырсынның басқа ерекшеліктері бар кертіктер мен шоқша сақалдар зерттеушілер рахис туралы олардың кейінірек эволюциялық болған деген қорытындыға келді,диназавр қауырсынымды рахис деп аталатын жақсы дамыған білік жоқ бірақ қауырсынның басқа ерекшіліктері бар кертіктер мен шоқша сақалдар зерттеушілер рахис туралы олардың кейінірек эволюциялық болған деген қорытындыға келді,0.10714285714285714,0.018018018018018018,0
372,1739,18.84,меккенің солтүстігіндегі таулардың біріндегі шыңда орналасқан үңгір әлемнің қалған бөліктерінен толығымен оқшауланған,меккенің сол түстігіндегі таулардың біріндегі шыңдау орналасқан үңгір әлемнің қалған бөліктерінен толығымен оқшауланған,0.25,0.017094017094017096,0
373,1966,9.54,комиссия қазан айында басталған кең тараған режимге қарсы наразылықтарға мартеллидің жауабы болды,комиссия қазан айында басталған кең тараған режимге қарсы наразылықтарға мартәлидың жауабы болды,0.08333333333333333,0.030927835051546393,0
374,1681,28.68,дегенмен ол жалғыз емес эксперименттер өткізу және эксперимент ықтимал гипотезалардың біреуін немесе бірнешеуін жою үшін пайдаланылатын сынақ болып табылады сұрақтар қою және бақылаулар жасау да ғылыми зерттеуді бағыттайды,дегенмен ол жалғыз емес эксперименттер өткізу және эксперимент ықтимал гипотизалардың біреуін немесе бірнеше үн жою үшін пайдаланылатын сынақ болып табылады сұрақтар қою және бақылаулар жасауды ғылыми зерттеуді бағыттайды,0.17857142857142858,0.02252252252252252,0
375,1898,22.2,ол уэльс бізге әуел бастан ақ өтірік айтты біріншіден бұл заңды себептермен болғандай әрекет ету арқылы екіншіден өзінің өнерін жойғанға дейін бізге құлақ салғандай бола қалу арқылы,ұл элс бізге әуел бастан ақ өтірік айтты 1ііі ден бұл заңды себептермен болғандай әрекет ету арқылы екінші ден өзінің өнерін жойғанға дейін бізге құлақ салғандай бола қалу арқылы,0.2222222222222222,0.049723756906077346,0
376,2004,17.7,дәл осы айда тағы бір ұшақ мешхедтің ұшу қону жолағын басып өтіп қабырғаға соғылып он жеті адамды өлтірді,дәл осы айда тағы бір ұшақ мешхеттің ұшы қоны жолағын басып өтіп қабырғаға соғылып он7 адамды өлтірді,0.2777777777777778,0.0761904761904762,0
377,1698,9.78,әлемдегі барлық нәрсе материядан тұрады материяның барлығы атомдар деп аталатын кішкентай бөлшектерден тұрады,әлемдегі барлық нәрсе материядан тұрады материяның барлығы атымдар деп аталатын түшкәнтай бөлшектерден тұрады,0.15384615384615385,0.03669724770642202,0
378,1712,18.36,1966 жылдан бері сундарбан жабайы жануарлар қорығы болған есептеулер бойынша қазіргі уақыта бұл аумақта 400 корольдік бенгал жолбарысы және шамамен 30 000 дақты бұғы бар,1966 жылдан бері сундарбар жабайы жануарлары қорығы болған есептелер бойынша қазіргі уақытта аумақта 4000 корольдік бенгал жолбарысы және шама мен 3 000дай дақты бұғы бар,0.4,0.08284023668639054,0
379,1914,15.72,жиырмасыншы ғасырдағы зерттеу генетикалық вариацияның екі пулы бар екенін көрсетті жасырын және көрінетін,2ырмасыны ғасырдағы зерттеу генетикалық вариацияның екі пулы бар екені көрсетті жасырын және көрінетін,0.15384615384615385,0.0380952380952381,0
380,1664,9.96,екі құрғақ ұнтақты араластырыңыз содан кейін таза ылғалды қолдармен оларды қысып шарик жасаңыз,екі құрғақ ұнтақты араластырыңыз содан кейін таза ылғалды қолдармен оларды қысып шарик жасаңыз,0.0,0.0,1
381,1821,13.38,ми патологиялары мен іс қимыл арасындағы байланыс ғалымдарды олардың зерттеулерінде қолдайды,мий паталогияларымен үз қиымыл арасындағы байланыс ғалымдарды олардың зерттеулерінде қолдайды,0.45454545454545453,0.06521739130434782,0
382,1779,10.44,бұл хабарландыру трамп түркия президенті реджеп тайып ердоғанмен телефон арқылы сөйлескеннен кейін жасалды,бұл қабарландыру трuмп түркия президентті реджептай ердоғанмен телефон арқылы сөйлескеннен кейін жасалды,0.38461538461538464,0.05660377358490566,0
383,1705,18.78,1940 жылы 15 тамызда одақтастар оңтүстік францияға басып кірді бұл шапқыншылық дракон операциясы деген атауға ие болды,194 жалы 15 атамызда одақтастар оң түстік францияға басып кірді бұл шапқыншылық дракон операциясы деген атауға ие болды,0.29411764705882354,0.03389830508474576,0
384,1962,14.28,pн деңгейі химиялық құрамдағы сутегі рн ішіндегі h иондарының мөлшерімен көрсетіледі,пиаж деңгейі химиялық құрамдағы сутегі пиаж ішіндегі аш иондарының мүлшерімен көрсетіледі,0.36363636363636365,0.13095238095238096,0
385,1980,18.66,өкінішке орай жол қозғалысы ағынын зерттеу қиын өйткені жүргізушінің мінез құлқын жүз пайыз сенімділікпен болжау мүмкін емес,өкінішке орай жол қозғалысы ағынын дерттеу қиын өйткені жүргізүшінің мүнес құлқын жү0 пайыз семнімділікпен жолдау мүмкін емес,0.35294117647058826,0.06451612903225806,0
386,1789,18.96,басқа аталымдар қатарына үздік фильм режиссер операторлық жұмыс костюмдер дизайны фильмді монтаждау түпнұсқа саундтрек қойылым дизайны дыбысты редакциялау дыбысты араластыру және түпнұсқа сценарий жатады,басқа аталымдар қатарына үздік фильм режиссер операторлық жұмыс кәстюмдер дизайны фильмді монтаждау түп нұсқа сауынтрек қойылым дизайны дыбысты редакциялау дыбысты араластыру және түп нұсқа синариы жатады,0.2916666666666667,0.03940886699507389,0
387,1721,11.22,1963 жылы тоған салынғаннан кейін тасындылардың жайылуына себеп болатын маусымдық су тасқыны тоқтатылды,1963 жылы тоған салынғаннан кейін тасындылардың жайылыына себеп болатын маусымдық су тасқыны тоқтатылды,0.07692307692307693,0.009708737864077669,0
388,1793,11.64,егер сіз ауыл жолдарында көлікпен жүруге дағдыланбаған болсаңыз мынаған дайын болыңыз тік еңістер тар жолдар және кенет бұрылыстар басым болады,егер сіз ауыл жолдарында көлікпен жүруге дағдыланбаған болсаңыз мынаған дайын болыңыз тік еңістер тар жолдар және кенет бұрлыстар басын болады,0.1,0.013986013986013986,0
389,1768,11.64,кешеннің жиектеріндегі ғимараттардың көпшілігі туристерге басында қалай пайда болғаны туралы жақсырақ түсінік беру үшін қайта соғылды,кешеннің жиектеріндегі ғимараттардың көпшілігі турестерге басында қалай пайда болғанын туралы жақсырақ түсінік беру үшін қайта соғылды,0.125,0.015037593984962405,0
390,1792,9.12,бұл химиялық рн деп аталады қызыл қырыққабат шырынын пайдаланып индикатор жасай аласыз,бұл химиялық psh деп аталады қызыл ққ қабат шүрінің пайдаланып индикатор жасай аласыз,0.3333333333333333,0.12790697674418605,0
391,1868,13.74,спектрдің екінші жағында адам бейтаныс адамға айналады ол топ орындайтын барлық әрекеттерді өзгертіп оны өз бетінше жасау керек деп санайды,спектордың екінші жағында адам бейтаныс адамға айналады ол топ орындайтын барлық әрекеттерді өзгертіп оны өз бетінше жасау керек деп санайды,0.05,0.014388489208633094,0
392,1773,12.78,ұйқының үзілуі қалыпты ұйқы кезеңінде мақсатпен оянудың және кейінірек қысқа уақытқа 10 60 минут ұйықтау процесі,ұйқының үзілуі қалыпты ұйқы кезеңінде мақсатпен оянудың және кейінірек қысқа уақытта 16 мин ұйықтау процесі,0.25,0.05357142857142857,0
393,1911,15.42,осы сияқты шенген визаңыз болса шенгенге мүше елдердің әрқайсысына визаға бөлек өтінім беру қажет болмайды осылайша сіз уақытты ақшаны үнемдейсіз және құжаттармен жұмыс азырақ болады,осы сияқты шеңген визаңыз болса шеңгенге мүше елдеріің арқайсына визаға бөлеп өтінін беру қашет болмайды осылайшасыз уақытты ақшаны үнемдейсіз және құжаттармен жұмыс азырақ болады,0.36,0.06043956043956044,0
394,1710,17.16,өткен аптада meti ұйымы оған apple компаниясы қызып кетудің 34 қосымша инциденті туралы хабарлағанын жариялады apple компаниясы оларды ауыр емес деп атады,өткен аптада metiұймы оған әpple компаниясы қызып кетудің 34 қосымша инциденті туралы хабарлаған жариялады әpl компаниясы оларды ауыр емес деп атады,0.22727272727272727,0.05194805194805195,0
395,1963,21.12,дымқыл киімді үтіктеу киімнің кебуіне көмектеседі көп қонақ үйлерде тіпті бөлмеде болмаса да ала тұруға болатын үтік және үтіктеу тақтасы болады,дымқыл киімді үтіктеу киімнің кебуіне көмектеседі көп қонақ үйлерде тіпті бөлмеде болмаса да ала тұруға болатын үтік және үтіктеу тақтасы болады,0.0,0.0,1
396,1834,18.72,сонымен қатар солтүстігінде бүкіл әлемге әйгілі мариан ғажабының орны болған фатимадағы әйел ғибадатханасына барыңыз,сонымен қатар сұл түстігінде бүкін әлемге әйгілі мариянғажабының орны болған фотимадағы әйел ғибадатқанасына барыңыз,0.5,0.0603448275862069,0
398,1783,11.7,аймақтық және маусымдық ауа райы құбылыстары қарлы борандарды мұзды борандарды және шаң дауылдарын қамтиды,аймақтық және маусымдық ауарайы қоблыстары қарлы борандарды мұзды борандарды және шанг дауылдарын қамтиды,0.2857142857142857,0.04716981132075472,0
399,1831,22.26,плитвиц көлдері ұлттық паркін қалың орман жапқан орман негізінен қайың шырша және майқарағай ағаштарынан тұрады орманда альпылық және жерортатеңіздік өсімдіктер аралас өседі,блит вицкульдері ұлттық паркін қалың орман жапқан орман негізінен қайың шырша және май қараға айғаштарынан тұрады орманда альпұлық және жер орта теңіздік өсімдіктер арала сөседі,0.5,0.07514450867052024,0
400,1912,18.24,кішірек аралдардың көпшілігі тәуелсіз ұлттар болып табылады немесе франциямен байланысты және қымбат жағажай курорттары ретінде белгілі,кішірек аралдардың көпшілігі тәуелсіз ұлттар болып табылады немесе франциямен байланысты және қымбат жағажай курорттары ретінде белгілі,0.0,0.0,1
401,1923,19.92,әскерилерге және азаматтарға қажет заттардың қамтамасыз етілуін тоқтатқан бұл стратегия тиімді болып шықты дегенмен бұл блокада өткен екі ғасырдағы бірнеше халықаралық келісімде жазылған жалпы қабылданған халықаралық заңды бұзды,әскерелерге және азаматтарға қажет заттардың қамтамасы етілуін тоқтатқан бұл стратегия тиімді болып шықты дегенмен бұл блокада өткеін екі ғасырдағы бір ніші халқаралық келісімде жазылған жалпы қабылданған қалқаралық заңды бұзды,0.25,0.039473684210526314,0
402,1879,10.8,жаңа бірдеңе пайда боғланда пернетақта неге айналатыны туралы болжамдар жасауға ғана болады,жаңа бір деңе пайда боғыланда пернетақта неге айналатыны туралы болжамдар жасауға ғана болады,0.25,0.02197802197802198,0
403,1815,16.92,атомдық бомба көп протондар мен нейтрондар арқылы ядро құру үшін энергия алуы принципі бойынша жұмыс істейді,атымдық бомбы көп протондармен нийтрондар арқылы ядра құру үшін энергия алуы принципі бойынша жұмыс істейді,0.375,0.046296296296296294,0
404,1762,15.06,бұл ауру шошқаларда болады содан кейін ол масалар арқылы адамдарға өтеді,бұл ауыру шошқаларда болады содан кейін ол масалар арқылы адамдарға өтеді,0.09090909090909091,0.013888888888888888,0
405,1673,13.38,тәуелсіздік үшін соғыс кезінде он үш штат алдымен әлсіз орталық үкіметін құрды конфедерация баптары бойынша конгресс оның жалғыз құрамдасы еді,тәуелсіздік үшін соғыс кезінде о0үш штат алдымен әлсіз орталық үкіметін құрды конфедерация баптары бойынша конгресс оның жалғыз құрамдасы еді,0.1,0.014084507042253521,0
406,1958,19.2,бұл қала елдің қалған қалаларынан өте ерекше өйткені онда африкандықтан ерекшеліктерден гөрі араб ерекшеліктері көбірек,бұл қала елдің қалған қалаларынан өте ерекше өйткені онда африкандықтан ерекшеліктерден гөрі араб ерекшеліктері көбірек,0.0,0.0,1
407,1979,12.42,фолкленд аралының ресми валютасы фолкленд фунты fkp оның құны британдық бір фунтқа gbp теңестірілген,фолклand аралының ресми валютасы фолклand фунt fkp оның құны британдық 1 фунтқа gbp тенестрелген,0.35714285714285715,0.14,0
408,1689,26.1,еуропа салыстырмалы түрде шағын бірақ көп тәуелсіз елдері бар континент қалыпты жағдайларда бірнеше ел арқылы саяхаттасаңыз визаға өтінімдер беру және бірнеше рет төлқұжатты тексеруден өту керектігін білдіретін еді,еуропа салыстырмалы түрде шағын бірақ көп тәуелсіз елдері бар кантинет қалыпты жағдайларда бірнеше ел арқылы саяхаттасыңыз визаға өтінімдер беру және бірнеше рет төл құжатты тексеруден өту керектігін білдіретін еді,0.14285714285714285,0.018691588785046728,0
409,1958,15.48,бұл қала елдің қалған қалаларынан өте ерекше өйткені онда африкандықтан ерекшеліктерден гөрі араб ерекшеліктері көбірек,бұл қала елдің қалған қалаларынан өте ерекше өйткені онда африкандықтан ерекшеліктерден гөрі арап ерекшіліктері көбірек,0.13333333333333333,0.01680672268907563,0
410,1803,10.98,сіздің қолыңыздағы ылғал сыртқы қабаттармен өзара әрекетке түсіп біртүрлі сезіледі және қорғаныс қабығын түзеді,сіздің қолыңыздағы ылғал сыртқа қабаттармен өзіра әрекетке түсіп бір түрлі сезледі және қорғаныс қабығын түзеді,0.35714285714285715,0.036036036036036036,0
411,1702,21.06,бар болғаны екі аптада американдықтар және еркін француз күштері оңтүстік францияны босатты және германияға қарай бұрылып жатты,бар болғаны екі аптада американдықтар және еркін француз кіштері оңтүстік францияны босатты және германияға қарай бұрылып жатты,0.058823529411764705,0.007874015748031496,0
412,1900,18.12,іс жүзінде тіпті адам оның бар екенін білсе де оны табу оңай емес үңгірге түскеннен кейін толығымен оқшауланасыз,іс жүзінде тіпті адам оның бар екенін білсе де оны табу оңа емес үңгірге түскеннен кейін толығымен оқшауланасыз,0.05555555555555555,0.008928571428571428,0
413,1873,12.78,ер адамдардан бас тартқанда берік болыңыз және өз пікіріңізден таймаңыз мәдени айырмашылықтар болсын болмасын бұл дұрыс емес,ер адамдардан бас тартқанда берік болыңыз және өз пікіріңізден таймаңыз мәдени айырымашылықтар болсын болмасын бұл дұрыс емес,0.058823529411764705,0.008064516129032258,0
414,1858,12.06,бұұ аурулар бойынша сарапшысы даниель лантанның айтуы бойынша аурудың өршуіне бейбітшілдер себеп болған болуы мүмкін,біркенұлттар ұйымы аурулар бойынша сарапшысы дениел лантаның айтуы бойынша аурудың өршуіне бивітшілдер себеп болған болуы мүмкін,0.3333333333333333,0.1810344827586207,0
415,1793,14.52,егер сіз ауыл жолдарында көлікпен жүруге дағдыланбаған болсаңыз мынаған дайын болыңыз тік еңістер тар жолдар және кенет бұрылыстар басым болады,егер сіз ауыл жолдарында көлікпен жүруге дағдыланбаған болсаңыз мынаған дайын болыңыз тік еңістер тар жолдар және кенет бұрылыстар басым болады,0.0,0.0,1
416,1787,17.4,блоггинг бірлесіп жұмыс істеуге шабыттандыратын және оқушыларды дәстүрлі мектеп күнінен кеңейтуге ынталандыратын құрал,блогинг бірлесіп жұмыс істеуге шабыттандыратын және оқушыларды дәстүрлі мектеіп күнінен кеңейтуге ымталандыратын құралп,0.3076923076923077,0.03389830508474576,0
417,1727,13.8,баспанасыз балалар тастап кеткенге немесе қашып кеткенге дейін балаларға қарсы зорлық зомбылықты көрген немесе жанжарақатын алған болуы мүмкін,баспанасыз балалар тастап кеткен немесе қашып кеткенде дейін балаларға қарсы зорлық зомбылықты көрген немесе жанжарлықты алған болуы мүмкін,0.16666666666666666,0.04929577464788732,0
418,1807,11.34,итальян тілі мемлекетте жұмыс істейтіндердің көпшілігі қолданатын күнделікті тілі ал латын тілі діни рәсімдерде жиі қолданылады,италиян тілі мемлекетте жұмыс істейтіндердің көпшілігі қолданатын күнделікті тілі аллатын тілі діни рәсімдерге жүі қолданылады,0.3125,0.031496062992125984,0
419,1681,18.0,дегенмен ол жалғыз емес эксперименттер өткізу және эксперимент ықтимал гипотезалардың біреуін немесе бірнешеуін жою үшін пайдаланылатын сынақ болып табылады сұрақтар қою және бақылаулар жасау да ғылыми зерттеуді бағыттайды,дегенмен ол жалғыз емес эксперименттер өткізіу және эксперимент тықтималы гипотезияларының біреуін немесе бірнешееуін жою үшін пайдаланатын сынақ болып табылады сұрақтар қою және бақылаулар жасауда ғылмиз ерттеуді бағыттайды,0.32142857142857145,0.06306306306306306,0
420,1690,19.98,usoc ұйымының атлеттердің және клубтардың әрі олардың спорт түрлерінің мүдделеріне лицензиядан айыру орнына ұйымымызда мағыналы өзгеріс жасау арқылы жақсырақ қызмет көрсетуге болатынымен келіседі,у сок ұйымының атлеттеріндің және клубтардың әрі олардың спорт түрлерінің мүделеріне лицензиядан айыру ордана ұйымдастырды мағыналы өзгеріз жасалу арқылы жақсырақ қызмет көрсетуге болатынымен келіседі,0.34782608695652173,0.09230769230769231,0
421,1727,19.62,баспанасыз балалар тастап кеткенге немесе қашып кеткенге дейін балаларға қарсы зорлық зомбылықты көрген немесе жанжарақатын алған болуы мүмкін,баспанасыз балалар тастап кеткенге немесе қашып кеткенге дейін балаларға қарсы зорлық зомбылықты көрген немесе жан жарақатын алған болуы мүмкін,0.1111111111111111,0.007042253521126761,0
422,1691,12.54,кейбір маршруттарда үлкенірек компаниялардың өз ұшақтары бар бірақ басқа маршруттарда және кішірек фирмаларда мәселе болған,кейбір маршуруттарда үлкенірік компаниялардың өз шақтары бар бірақ басқа маршуруттарда және кішірік фирмаларда мәселе болған,0.3333333333333333,0.04065040650406504,0
423,1686,14.28,нәтижесінде кедергіні жеңу мақсатында бірлескен жұмысты ұйымдастыру процесі тапсырыс берушілердің қажеттіліктеріне қызмет ететін жаңа инновациялық процеске әкелуі мүмкін,нәтижесінде кедергенін жеңу мақсатында бірлескен жұмысты ұйымдасыру процесі тапсырыс берушілердің қажеттіліктеріне қызмет ететін жаңа инновациялық процеске әкелуі мүмкін,0.1111111111111111,0.01775147928994083,0
424,1723,25.8,бұл портта 1889 жылы әскери теңіз флоттарының қайғылы қарама қарсы келуі болған германияның ақш тың және британияның жеті кемесі порттан кетуден бас тартқан,бұл портта 1889 жылы әскери теңіз флоттарының қайғылы қарама қарсы келуі болған германияның ақыштың және британияның жеті кемесі порттан кетуден бас тартқан,0.08695652173913043,0.01282051282051282,0
425,1998,13.14,олардың қабыршақтары мен тырнақтары бар аяқтары бар олар жұмыртқалайды және олар тиранозавр сияқты екі артқы аяғында жүреді,олардың қабыршақтары мен тырнақтары бар аяқтары бар олар жұмыртқалайды және олар дероназавр сияқты екі артқа аяғында жүреді,0.11764705882352941,0.04065040650406504,0
426,1978,8.34,спрингбокс үшін бұл қатара бес ойындық жеңіліспен аяқталды,спринг бокс үшін бұл қатары бес ойындық жеңіріспен аяқталды,0.5,0.05172413793103448,0
427,1751,25.26,дебатты катрина дауылының салдарынан көмек пен реконструкцияға жұмсауға қатысты даулар тудырды кейбір қаржылық консерваторлар мұны әзілдеп буштың жаңа орлеандағы мәмілесі деп атады,дебатты катрина даулының салдарынан көмек пен реконструкцияға жұмсауға қатысты даулар тудырды кейбір қаржылық консерваторлар мұны әзілдеп буштың жаңа арлияндағы мәмілесі деп атады,0.09090909090909091,0.022222222222222223,0
428,1893,17.58,сундарбандар әлемдегі ең үлкен жағалаудағы мангр тоғайының белдеуі жағалаудан бангладеш пен үндістанның ішкі аудандарына дейін 80 км 50 миль созылып жатыр,сундарбандар әлемдегі ең үлкен жағалаудағы мангртоғайның белдеуі жағалаудың бангладеш пен үндістандың ішкі аудандарында дейін 80 км немесе елу миль созылып жатыр,0.3333333333333333,0.1038961038961039,0
429,1975,19.8,ватикан қаласы халқының саны шамамен 800 бұл дүние жүзіндегі ең шағын тәуелсіз ел және халық саны ең аз ел,ватикан қаласы халқының саны шамамен секжүз бұл дүние жүзіндегі ең шағын тәуелсіз ел және халық саны ең аз ел,0.05263157894736842,0.05660377358490566,0
430,1801,12.48,гонконг аспанын безендіретін ғимараттар тобы виктория харбор суларының қатысуымен айқын көрінетін жарқыраған жолақ диаграммасымен салыстырылды,ганконг аспаннын безендретін ғимараттар тобы виктория қарбор суларының қатысуымен аяқын көрінетін жарқыраған жолақ диаграммасымен салыстырылады,0.4,0.04225352112676056,0
431,1868,13.98,спектрдің екінші жағында адам бейтаныс адамға айналады ол топ орындайтын барлық әрекеттерді өзгертіп оны өз бетінше жасау керек деп санайды,спектрдің екінші жағыда адам бейтаныс адамға айналды ұл топ орындайтын барлық әрекеттерді өзгертіп оны өзбетінше жасау керек деп санайды,0.25,0.02877697841726619,0
432,1730,18.84,автобустар күні бойы ауданаралық автовокзалдан өзеннің бойымен шығады дегенмен көбісі әсіресе шығысқа және джакарға бумтангқа бет алғандары 06 30 және 07 30 аралығында шығады,автобустар күні бойы ауданаралық автовакзалдан өзеннің бойымен шығады дегенмен көбісі әсіресе шығысқа және жакарға бумтаңқа бет алғандары 6о және 73 аралғында шығады,0.3333333333333333,0.06896551724137931,0
433,1781,11.52,мадагаскар қазіргі уақытта ең үлкені әрі жабайы табиғатына келгенде өздігінен континент болып табылады,мадагаскар қазіргі уақытта ең үлкен әрі жабайы табиғатқа келгенде өздігінен континент болып табылады,0.15384615384615385,0.029411764705882353,0
434,1945,12.6,касабланка бүкіл мароккодағы шоппинг жасау ең қызық емес жерлердің бірі,касабланка бүкіл маруккадағы шопинг жасау ең қызық емес жерлердің бірі,0.2,0.04225352112676056,0
435,1792,14.64,бұл химиялық рн деп аталады қызыл қырыққабат шырынын пайдаланып индикатор жасай аласыз,мұл химиялық бияж деп аталады қызыл 40 қабат шырынын пайдаланып индикатор жасай аласыз,0.3333333333333333,0.11627906976744186,0
436,1925,12.0,жасалған жұмыс көбіне теориялық болды бірақ мерген галактикасына қатысты жасалатын бақылауларды симуляциялау үшін бағдарлама жазылды,жасалған жұмыс көбіне теориялық болды бірақ мерген галактикасына қатысты жасалатын бақылауларды симуляциялау үшін бағдарлама жазылды,0.0,0.0,1
437,1764,15.12,келген адамдардың саны көп болғаны сонша сент питер алаңындағы жерлеу процессиясына барлық адам қатыса алмады,келген адамдардың саны көп болғаны сонша cэнт петeр аланыңдағы жерлеу процессиясына барлық адам қатыса алмады,0.2,0.05504587155963303,0
438,1871,12.84,таяу шығыстың климаты жылы болғандықтан үй аса маңызды болмаған,таяу шығыстың климаты жылы болғандықтан үй аса маңызді болмаған,0.1111111111111111,0.015873015873015872,0
439,1919,21.48,қала африкадағы ең арзан тау горилласы саудасының орталығы болумен қатар ньирагонго жанартауына шығуда негізгі қала қызметін атқарады,қала африкадағы ең арзан тау гариласы саудасының орталығы болумен қатар нирагонга жаңартауына шығуда негізгі қала қызметін атқарады,0.17647058823529413,0.03759398496240601,0
440,1891,15.9,лакша сингх чхаппан бхог елу алты дегенді білдіреді өлеңін ұсынды ол әнді әнші раджу ханделвалмен бірге орындады,лакша синх чхаппан пхок елу 6 дегенді білдіреді өленің ұсынды ол әнді әнші раджу ханделванломен бірге орындады,0.29411764705882354,0.09821428571428571,0
441,1924,21.66,әйелдер отыратын тобындағы төрт шаңғышы өз жарыстарын аяқтай алмады ал giant slalom жарысындағы жалпы 117 шаңғышының 45 і жарыста орын алмады,әйелдер отыратын тобындағы төрт шаңғышы өз жарыстарын аяқтай алмады ал джйн слелм жарысындағы жалпы 1он7 шаңғышының 4бесі жарыста орын алмады,0.23809523809523808,0.11347517730496454,0
442,1787,12.0,блоггинг бірлесіп жұмыс істеуге шабыттандыратын және оқушыларды дәстүрлі мектеп күнінен кеңейтуге ынталандыратын құрал,блогинг бірлесіп жұмыс істеуге шабыттандыратын және оқушыларды дәстүрлі мектеп күнінен кеңейтуге ынталандыратын құрал,0.07692307692307693,0.00847457627118644,0
443,1916,24.72,көп неміс пісірілген өнімдерінде сонымен бірге бадам орман жаңғақтары және басқа ағаш жаңғақтары болады танымал торттар жиі қою кофенің саптыаяғымен өте жақсы желінеді,көп неміс пісірілген өнімдерінде сонымен бірге бадам орман жаңғақтары және басқа ағаз жаңғақтары болады танымал торттар жиі қою кофияның сапты аяғымен өте жақсы желінеді,0.17391304347826086,0.029940119760479042,0
444,1998,13.56,олардың қабыршақтары мен тырнақтары бар аяқтары бар олар жұмыртқалайды және олар тиранозавр сияқты екі артқы аяғында жүреді,олардың қабіршықтарымен тұрнақтары бар аяқтары бар олар жұмыртқалайды және олар тераназавр сияқты екі артқы аяғында жүреді,0.23529411764705882,0.04878048780487805,0
445,1764,12.84,келген адамдардың саны көп болғаны сонша сент питер алаңындағы жерлеу процессиясына барлық адам қатыса алмады,келген адамдардың саны көп болғаны сонша snт петeр алаңындағы жерлеу процессиясына барлық адам қатса алмады,0.2,0.05504587155963303,0
446,1688,15.12,теңіз әскери күштерінің жұмысы дәстүр бойынша елдің адамдарды және тауарларды жылжыту қабілетін сақтау сонымен бірге жаудың өз адамдары мен тауарларын жылжыту қабілетіне кедергі жасау болатын,теңіз әскери күштерінің жұмысы дәстір бойынша елдің адамдарды және тауарларды жылжыту қабілетін сақтау сонымен бірге жаудың өз адамдары мен тауарларын жылжыту қабілетіне кедергі жасау болатын,0.04,0.005235602094240838,0
447,1714,20.1,жерсерік ғарышқа зымыранмен жіберілді ғалымдар ғарышта телескоптарды пайдаланады өйткені жердің атмосферасы біраз жарық пен көріністі бұрмалайды,жер серік ғарышқа зымыран мен жіберілді ғалымдар ғарышқа телескоптарды пайдаланады өйткені жердің атмосферасы біраз жарық пен көріністі бұрмалайды,0.3125,0.020833333333333332,0
448,1771,20.22,негізгі сахналардағы музыка аяқталғанымен фестивальдің түннің кеш уақытына дейін музыканы ойнатуды жалғастыратын бөліктері болуы мүмкін екенін есте сақтаңыз,негізгі сахналардағы музыка аяқталғанымен фестивальдің түннің кеш уақытына дейін музыканы ойнатуды жалғастыратын бөліктері болуы мүмкін екенін есте сақтаңыз,0.0,0.0,1
449,1805,10.74,scotturb 403 автобусы синтраға қалыпты түрде қатынап отырады да рока мүйісінде тоқтайды,sкоттор 43 аптобусы синтрағы қалыпты түрде қатынап отырады да рока месімде тоқтайды,0.4166666666666667,0.16091954022988506,0
450,2008,22.62,балидегі күн тәртібіндегі басқа тақырыптарға әлемнің қалған ормандарын сақтау және дамушы елдерге азырақ ластайтын жолмен өсуіне көмектесу үшін технологияларды бөлісу кіреді,балидегі күн тәртібіндегі басқа тақырыптарға әлемнің қалған ормандарын сақтау және дамушы елдерге азырақ ластайтын жол мен үсуіне көмектесу үшін технологияларды бөлісу кіреді,0.14285714285714285,0.011560693641618497,0
451,1871,13.08,таяу шығыстың климаты жылы болғандықтан үй аса маңызды болмаған,таяу шығыстың климаты жылы болғандықтан и аса маңызді болмаған,0.2222222222222222,0.047619047619047616,0
452,1710,16.8,өткен аптада meti ұйымы оған apple компаниясы қызып кетудің 34 қосымша инциденті туралы хабарлағанын жариялады apple компаниясы оларды ауыр емес деп атады,өткен аптада меті ұйымы оған әpple компаниясы қызып кетудің 34 қосымша инциденті туралы хабарлаған жариялады әpl компаниясы оларды ауыр емес деп атады,0.18181818181818182,0.06493506493506493,0
453,1981,18.36,бар болғаны кеме экскурсиялары арқылы жағаға барсаңыз сізге бөлек виза қажет болмайды 2009 жылдан,бар болғаны кеме экскурсиялары арқылы жағаға барсаңыз сізге бөлек виза қажет болмайды 29 жылдан,0.07142857142857142,0.020618556701030927,0
454,1805,16.26,scotturb 403 автобусы синтраға қалыпты түрде қатынап отырады да рока мүйісінде тоқтайды,скоттірып 43 автобусы синтраға қалып түтірде қатынап отырады да рока мүйісінде тоқтайды,0.3333333333333333,0.16091954022988506,0
455,1871,11.76,таяу шығыстың климаты жылы болғандықтан үй аса маңызды болмаған,таял шығыстың климаты жылы болғандықтан и аса маңызды болмаған,0.2222222222222222,0.047619047619047616,0
456,1663,25.38,кочамо алқабы чилидегі өрмелеу үшін баратын негізгі жер ол оңтүстік американың йосемитесі ретінде белгілі оның әртүрлі гранит үлкен қабырғалары және жартастары бар,кочамо алқабы чилидегі өрмелеу үшін баратын негізгі жер ол оң түстік американың йесемитесі ретінде белгілі оның әртүрлі гранит үлкен қабырғалары және жартастары бар,0.13636363636363635,0.012269938650306749,0
457,1992,13.08,сафари терминінің кең таралған мағынасы африканың таң қалдыратын жабайы табиғатын әсіресе саваннаны көруге жер бетімен саяхаттауды білдіреді,сафари терминнің кеңтаралған мағынасы африканың таң қалдыратын жабайы табиғатын әсіресе сабананы көруге жербетмен сияхаттауды білдіреді,0.4117647058823529,0.05,0
458,1941,6.48,бұл жұптар баласы үшін асырап алу жоспарын жасауды таңдауы мүмкін,бұл жұптар баласы үшін асырап алу жоспарын жасауты таңдауы мүмкін,0.1,0.015384615384615385,0
459,1935,16.44,алайда бұл дұрыс емес құжаттың артында белгілі бір мәлімет жазылған болса да ол қазынаға жеткізетін карта емес,алайда бұл дұрыс емес құжаттың артында белгілі бір мәлімет жазылған болса да ол қазынаға жеткізетін карта емес,0.0,0.0,1
460,1783,12.72,аймақтық және маусымдық ауа райы құбылыстары қарлы борандарды мұзды борандарды және шаң дауылдарын қамтиды,аймақтық және маусымдық ауарайы құблыстары қарлы борандарды мұзды борандарды және шаңдауылдарын қамтиді,0.42857142857142855,0.03773584905660377,0
461,1880,11.7,осылайша қарындаш шыққан кезде көп адамдарға жақсы дос болды,осылайша қарындас шыққан кезде көп адамдарға жақсы дос болды,0.1111111111111111,0.016666666666666666,0
462,1817,10.38,шенген аймағы бұл тұрғыдан бір ел сияқты жұмыс істейді,шінген аймағы бұл тұрғыдан бір ел сияқты жұмыс істейді,0.1111111111111111,0.018518518518518517,0
463,1825,15.96,әрекетке жақын болғыңыз келсе музыкаға жақын кемпинг учаскесін алу үшін ерте тұруыңыз керек,әрекетке жақын болғыңыз келсе музикаға жақын кемпин куче әскесін алу үшін ерте туруыңыз керек,0.38461538461538464,0.07692307692307693,0
464,1792,9.36,бұл химиялық рн деп аталады қызыл қырыққабат шырынын пайдаланып индикатор жасай аласыз,бұл химиялық pash деп аталады қызыл қырқабат шырыныың пайдаланып индикатор жасай аласыз,0.25,0.09302325581395349,0
465,1743,18.96,технологиялық детерминизмнің көптеген түсініктемелері екі жалпы пікірге ие технология мәдени немесе саяси әсерден тыс өз бетінше дамиды және технология өз кезегінде өз ерекшеліктері бар қоғамдарға әсерін тигізеді,технологиялық детерминизмнің көптегін түсініктемелері екі жалпы пікірге ие технология мәдени немесе саяси әсерден тыс өз бетінше дамида және технология өз кезегінде өз ерекшеліктері бар қоғамдарға әсерін тигізеді,0.07407407407407407,0.009433962264150943,0
466,2007,16.92,ақш инженерлер корпусы 6 дюйм жаңбырдың жаууы бұрын зақымдалған бөгеттерді бұзуы мүмкін деп болжады,ақыш инженерлер корпусы алты диюм жаңбырдың жауы бұрын зақымдалған бөгеттерді бұзуы мүмкін деп болжаты,0.35714285714285715,0.09090909090909091,0
467,1737,10.8,арыстандар ең көп қатысым жасайтын мысықтар олар прайдтар деп аталатын үлкен топтарда өмір сүреді,ар стандар ең көп қатысым жасайтын мысықтар олар прайттары деп аталатын үлген топтары да өмір сүреді,0.42857142857142855,0.061855670103092786,0
468,1682,24.48,оны кім жазғанын ешкім дәл білмегенімен өмірінің басында үлкен пергамент құжат оның өлшемі 29¾ дюйм х 24½ дюйм сақтау үшін оралғаны белгілі,оны кім жазғанын ешкім дәл білмегенмен өмірінің басында үлкен пергамент құжат оның өлшемі 294тн үш дүйім 29еден бір дүйім сақтау үшін оралғаны белгілі,0.3181818181818182,0.14388489208633093,0
469,1990,18.48,сондай ақ блогтар оқушылардың жазуын жақсартуға көмектеседі оқушылар блог тәжірибесін көбінесе немқұрайлы грамматикамен және емлемен бастағанымен аудиторияның болуы әдетте бұл жағдайды өзгертеді,сондай ақ блоктар оқушылардың жазуын жақсартуға көмектеседі оқушылар блокта жірбесін көбінесен емқұрайлы граматикамен және емілемен бастағанымен аудиторияның болуы әдетте бұл жағдайды өзгертеді,0.3181818181818182,0.05154639175257732,0
470,1894,14.64,карри бұл шөптер мен дәмдеуіштер сонымен қатап ет немесе көкөністер қосылатын тағам,кари бұл шөптер мен дәмдеуіштер сонымен қатап ет немесе көкеністер қосылатын тағам,0.16666666666666666,0.024096385542168676,0
471,1814,14.22,сутегі иондары бұл олардан электрондары алынып тасталған протондар болып табылады өйткені сутегі атомдары бір протон мен бір электроннан тұрады,сутегі йондары бұл олардан электрондары алынып тасталған протондар болып табылады өйткені сутегі атымдары бір протон мен бір электроннын тұрады,0.15789473684210525,0.02097902097902098,0
472,1760,10.92,мозасавр өз заманының ең жоғары жыртқышы болған сондықтан ол басқа мозасаврлардан басқа ештеңеден қорықпаған,мозасавр өззаманның ең жоғарғы жыртқышы болған сондықтан ұл басқа мозасаворлардың басқа ештеңеден қорықпаған,0.35714285714285715,0.06481481481481481,0
473,1947,16.38,әскерлер келмей тұрып гаитиде 1800 жылдан бері бұл ауруға қатысты мәселелер болмаған,әскерлер келмей тұрып гаитиде 18 жылдан бері бұл ауруға қатысты мәселелер болмаған,0.08333333333333333,0.023809523809523808,0
474,1960,30.54,оның жасы 20 да болғаны хабарланды өз мәлімдемесінде бибер былай деді ол жерде болмағаныммен әрі осы қайғылы апатқа тікелей қатысты болмағаныммен мен құрбанның отбасы туралы ойлаймын және оларға дұғалар арнаймын,оның жасы жиырмада болғаны хабарланды өз мәлімдемесінде бибер былай деді ол жерде болмағаныммен әрі осы қайғала апатқа тікелей қатысты мағанымен мен құрбанның отбасы туралы ойлаймын және оларға дұғалар айнармаймын,0.16666666666666666,0.07582938388625593,0
475,1827,8.46,жер қыртысының қалыңдығы жақын жағында шамамен 70 км ал алыс жағында 100 км,жер қыртысының қалыңдығы жақын жағында шамамен 7 клом ал алыс жағында 100 клм,0.23076923076923078,0.05333333333333334,0
476,1845,13.62,күймеде олар айқайлап жатқан және король мен патшайымға қоқан лоққыларды айқайлап айтып жатқан адамдар тобы қоршаған күйде парижге қайтып оралды,күймеде олар айқайлап жатқан және король мен патшайымға қохан лоқыларды айқайлап айтып жатқан адамдар тобы қоршыған күйде порижге қайтып оралды,0.2,0.027777777777777776,0
477,1722,13.56,53 жастағы куомо өзінің губернатор лауазымына осы жылдың басында келді және өткен айда бір жынысты некені заңдастырушы заң жобасына қол қойды,елу іш жастағы куамо өзінің губернатор лауаз мына осы жылдың басында келді және өткен айда бір жынысты некені заңдастырушы заң жобасына қолқойды,0.3333333333333333,0.06382978723404255,0
478,1745,9.54,өсімдіктер табиғи жағдайда жақсы көрінеді сондықтан олардың бір данасын да алып тастамаңыз,өсімдіктер табиғи жағдайда жақсы көрінеді сондықтан олардың бір д анасында алып тастамаңыз,0.16666666666666666,0.022222222222222223,0
479,1753,26.4,бұл көбінесе бар болғаны дәл емес стереотип болғанымен парижде өмір сүрудің ең жақсы жолы ең жақсы мінез құлықты көрсету жақсы тәрбиеленген адам сияқты әрекет ету бұл саяхаттауды айтарлықтай жеңілдетеді,бұл көбінесе бар болғаны дәл емес тератип болғанымен парижде өмір сүрудің ең жақсы жолы ең жақсы мүнес құлықты көрсету жақсы тәрбиеленген адам сияқты әрекет ету бұл саяхаттауды айтарлықтай жеңілдетеді,0.06896551724137931,0.024752475247524754,0
480,1941,7.92,бұл жұптар баласы үшін асырап алу жоспарын жасауды таңдауы мүмкін,бұл жұптар баласы үшін асырап алу жоспарын жасқауды таңдауы мүмкін,0.1,0.015384615384615385,0
481,1702,12.18,бар болғаны екі аптада американдықтар және еркін француз күштері оңтүстік францияны босатты және германияға қарай бұрылып жатты,бар болғаны екі аптада америкалындықтар және еркім француз күштері оңтүстік францияно босатты және германияға қарай бұрылып жатты,0.17647058823529413,0.031496062992125984,0
482,1941,7.56,бұл жұптар баласы үшін асырап алу жоспарын жасауды таңдауы мүмкін,бұл жұптар баласы үшін асырап алу жоспарын жасауды таңдауы мүмкін,0.0,0.0,1
483,1748,9.72,өрт сөндіру бөлімшелері өртті кешкі сағат 11 35 ке дейін сөндірді,өрт сөндіру бөлімшелері өртті кешкі сағыт 1135ке дейін сөндірді,0.36363636363636365,0.046153846153846156,0
484,1840,15.3,италияның көптеген қалаларында және әлемдегі басқа да қалаларда әсіресе польшада соған ұқсас қондырмалар орнатылды және бұған көптеген адамдар куә болды,италияның көптеген қалаларында және әлемдегі басқа да қалаларда әсіресе польшада соған ұқұсас қондырмалар орнатылды және бұған көптеген адамдар куә болды,0.05,0.006578947368421052,0
485,1977,10.44,прайдтар бірден үшке дейін туыс ересек еркек арыстаннан сондай ақ отыз аналық пен абданнан тұрады,прайдтар бірден үшке дейін туыс ересек еркек арыстаннан сондай ақ 3 аналық пен абданнан тұрады,0.06666666666666667,0.041237113402061855,0
486,1885,9.54,22 00 23 00 аралығында mdt аулада тұрған сотталғандай өрт шығарды,224 2340 аралғанда mdtи аулада тұрған сотталғандай өрт шығарды,0.5454545454545454,0.12307692307692308,0
487,1786,18.3,бұл кристалдардың құрылымы инфрақызыл спектроскопиямен ftir салыстырғанда әсер етілген үй жануарларының зәрінде кездесетін кристалдармен бірдей,бұл кристалдардың құрылымыны инфрақызыл спектроскопиямен ftr салыстырығында әсер етілген үйжануарларының зәрінде кездесетін кристалдарымен бірдей,0.4,0.04895104895104895,0
488,1810,15.9,калифорния губернаторы арнольд шварценеггер кәмелетке толмағандарға зорлық зомбылық контенті бар видео ойындарды сатуға немесе жалға беруге тыйым салатын заңға қол қойды,калифорния губернаторы арnоль шуарснекр комлетке толмағандарға арналған зорлық зомболық контенті бар видео ойындарды сатуға немесе жалға беруге тиім салатын заңға қол қойды,0.2857142857142857,0.13609467455621302,0
489,1838,9.84,гизадағы ұлы пирамида жеті ғажайыптың ішіндегі бүгінгі күнге дейін сақталып қалған жалғыз ғажап,гизадағы ұлопиромида жеті ғажайыптың ішіндегі бүгінгі күнге дейін сақталып қалған жалғызға жап,0.3076923076923077,0.05263157894736842,0
490,1935,10.68,алайда бұл дұрыс емес құжаттың артында белгілі бір мәлімет жазылған болса да ол қазынаға жеткізетін карта емес,алайда бұл дұрыс емес құжаттың артында белгілі бір мәлімет жазылған болса да ол қазынаға жеткізетінн картай емес,0.11764705882352941,0.01818181818181818,0
491,1799,13.62,сәрсенбі күнгі оқиғадан басқа карпанедо чемпионаттағы екі жеке жарыста қатысты,сәрсенбі күнгі оқиғадан басқа карпанеда чемпионаттағы екі жеке жарыста қатысты,0.1,0.01282051282051282,0
492,1748,7.44,өрт сөндіру бөлімшелері өртті кешкі сағат 11 35 ке дейін сөндірді,өртсөндіру бөлімшілері өрттік ешкі сағат 135ке тиін сөндірді,0.8181818181818182,0.15384615384615385,0
493,1821,15.36,ми патологиялары мен іс қимыл арасындағы байланыс ғалымдарды олардың зерттеулерінде қолдайды,ми паталогиялары мен іс қимыл арасындағы байланас ғалымдарды ұлардың зерттеулерінде қолдайды,0.2727272727272727,0.03260869565217391,0
494,1921,18.06,екінші жағынан мұзды және қарлы жағдайлар көп елдерде қалыпты болып табылады және жол қозғалысы көбінесе жыл бойы үздіксіз болады,екінші жағынан мұзды және қарлы жағдайлар көбелерде қалыпты болып табылады және жол қозалысы көбінесе жыл бойы үздік сіз болады,0.2631578947368421,0.03875968992248062,0
495,1844,14.76,айдың беті тау жынысы мен шаңнан тұрады айдың сыртқы қабаты қабық деп аталады,айдың беті тау жұнысымен шаңнан тұрады айдың сыртқы қабаты қабық деп аталады,0.15384615384615385,0.025974025974025976,0
496,1719,16.26,қаһарлы ауа райы ауыр зақым келтіретін қоғамдық құрылымға қатты қалал келтіретін және адам өлімдеріне себеп болуы мүмкін болған кез келген қауіпті ауа райының құбылыстарына айтылатын ұғым,қаһарлы ауарайы ауыр зақым келтіретін қоғамдық құрлымға қаттық қалал келтіретін және адам өлімдеріне себеп болуы мүмкін болған кез келген қауіпті ауарайының құбылстарына айтылатын ұғым,0.2692307692307692,0.026737967914438502,0
497,1884,15.0,атап айтқанда адамның бетіндегі микро өзгерістерді түсіндіру арқылы оның өтірік айтуын анықтауға болады,атап айтқанда адамның бетіндегі микра өзгерістерді түсіндіру арқылы оның өтірік айтуын анықтауға болады,0.07692307692307693,0.009708737864077669,0
498,1808,9.96,соғыс аяқталғаннан кейін екі жылда бұрынғы одақтастар енді жаулар болды және суық соғыс басталды,соғыс аяқталғаннан кейін екі жылда бұрынғы одақтастар енді жаулар болып болды және суық соғыс басталды,0.07142857142857142,0.0625,0
499,1803,17.16,сіздің қолыңыздағы ылғал сыртқы қабаттармен өзара әрекетке түсіп біртүрлі сезіледі және қорғаныс қабығын түзеді,сіздің қолыңыздағы ылғау сыртқы хабаттармен өз әрі әрекетке түсіп бір түрлі сезіледі және қорғаныз қабығын түзеді,0.5,0.06306306306306306,0
500,1892,25.14,бұл британдық отарлаушылардың өз меншігі ретінде басып алған орны сондықтан егер сіз аумақтың отаршылдықта болғанының дәлелдерін іздесеңіз бұл бастамаңыз үшін қолайлы орын,бұл британдық отарлаушылардың өз мен шігіретінде басып алған орна сондықтан егерсіз аумақтың отаршылдықта болғанының дәлелдерін іздесеңіз бұл бастамаңыз ішін қолайлы орын,0.2727272727272727,0.029239766081871343,0
502,1964,11.28,қазірге дейін әйгілі 25 данлэп парақтары құжаттың ең көне көшірмелері болып табылады түпнұсқалық қолжазба көшірмесі сақталмаған,қазірге дейін әйгіле 25 данлеп барақтары құжаттың еңкөне көшірмелері болып табылады түп нұсқалық қолжазба көшірмесі сақтаалмаған,0.5,0.047244094488188976,0
503,1878,13.74,шіркеудің орталық билігі мың жылдар бойы римде болған және бұл қуат пен ақшаның шоғырлануы көп адамдарда бұл принциптің ұсталынып жатқаны туралы сұрақтың туындауына әкелді,шіркеудің орталық билігі мың жылдар бойы римде болған және бұл қуат пен ақшаның шоғырлануы көп адамдарда бұл принциптің ұсталынып жатқаны туралы сұрақтың туындауына әкелді,0.0,0.0,1
504,1994,14.88,егер сіз романдық тілді білсеңіз сізге португал тілін үйрену оңайырақ болатынын айтпай ақ қойса да болады,егер сіз романдық тілді білсеңіз сізге португал тілін үйрену оңаерақ болатының айтпай ақ қойса да болады,0.125,0.02857142857142857,0
505,1811,13.56,802 11n стандарты 2 4 ггц және 5 0 ггц жиіліктерінде жұмыс істейді,82 нүкте 11n стандарты 234 гегагерt және 5ес гегагерtс желіктерінде жұмыс істейді,0.6923076923076923,0.3787878787878788,0
506,1804,14.16,гаитидегі әділет және демократия институты бұұ непал бейбітшіл батальоны өздері байқамай ауруды гаитиге әкелген деп пайымдайтын тәуелсіз зерттеулерді көрсетті,гаитидегі әділет және демократия институты бір кенұлтаримын нипал бойынша бибітшіл батальоны өздері байғамай ауыруды гаитигі әкелгендеп пайымдайтын тәуелсіз зерттеулерді көрсетті,0.5263157894736842,0.17088607594936708,0
507,1746,17.88,өсімдіктер күн сәулесінен фотосинтез арқылы қуат алады олар сонымен қатар көлеңе береді,өсімдіктер күн сәулесінен фатасинтіс арқылы қуат алады олар соңымен қатар көлеңе береді,0.16666666666666666,0.05747126436781609,0
508,1899,16.5,мұхаммед өзінің күнделікті өмірінен тыс мәселелерге қатты қызығатын ол ойлану үшін нұр жарық тауындағы хира ретінде белгілі болған үңгірге жиі баратын,мұхаммад өзінің күнделікті өмірі нен тыс мәселерге қатты қызығатын ол ойлану үшін нұр жарық тауындағы хира ретінде белгілі болған өңгірге жиі баратын,0.23809523809523808,0.03333333333333333,0
509,1919,17.4,қала африкадағы ең арзан тау горилласы саудасының орталығы болумен қатар ньирагонго жанартауына шығуда негізгі қала қызметін атқарады,қала африкадағы ең арзан тау гариласы саудасының орталығы болумен қатар нирагонга жаңартауына шығудан негізгі қала қызметін атқарады,0.23529411764705882,0.045112781954887216,0
510,1731,6.48,архипелагтар мен көлдерде сізге яхта қажет емес,архипелактар мен көлдерде сізге яқта қажет емес,0.2857142857142857,0.0425531914893617,0
511,1683,15.36,мұнда осы уақытқа дейін осында өмір сүрген көптеген ерлер мен әйелдер сондай ақ жақындары қаза болған немесе соңғы демі қалғанша қызмет еткен еврей еврей емес тірі адамдар көп,мұнда осы уақытқа дейін осында өмір сүрген көптеген ерлер мен әйелдер сондай ақ жақындары қаза болған немесе соңғы демі қалғынша қызмет еткен евре емес тірі адамдар көп,0.10714285714285714,0.045714285714285714,0
512,1935,11.4,алайда бұл дұрыс емес құжаттың артында белгілі бір мәлімет жазылған болса да ол қазынаға жеткізетін карта емес,алайда бұл дұрыс емес құжаттың артында белгілі бір мәлімет жазылған болса да ол қазынаға жеткізетін картай емес,0.058823529411764705,0.00909090909090909,0
513,1865,22.62,санкт петербургтегі круиздерге қаладағы уақыт кіреді круиз жолаушылары виза режиміндегі талаптардан азат етілген талаптарды көріп шығыңыз,санкт петербургтегі круиздерге қаладағы уақыт кіреді круиз жолаушылары виза режиміндегі талаптардан азат етілген талаптарды көріп шығыңыз,0.0,0.0,1
514,1997,20.52,алайда туберкулезбен ауыратын адамдардың бүкіл тобындағы xdr тб пайызы әлі де төмен болып көрінеді оңтүстік африкада әрбір сәтте жалпы 330 000 адамның 6 мыңы ауру жұқтырады,алайда түбіркілізбен ауратын адамдардың бүкіл тобындағы sdrtb пайзы әліде төмен болып көрінеді оңтүстік афригада әрбірт сәтте жалпы 33 00 адамның 6 000а ауру жоқтырады,0.5,0.11627906976744186,0
515,1870,7.92,көріністер пирамидаларда көрсетіледі және әртүрлі пирамидалар жанады,көріністер пиромидаларда көрсетіледі және әр түрлі пиромидалар жанады,0.5714285714285714,0.04411764705882353,0
516,1713,16.5,гома жеткілікті деңгейде қауіпсіз болғанмен гомадан тыс аймақтарға шығудан бұрын солтүстік киву провинциясындағы соғыс жағдайын түсіну үшін аздап зерттеу жүргізген дұрыс,голма жеткілікті деңгейде қауіпсіз болғанмен гомадан тіс аймақтарды шығудан бұрын солтүстік киву провинциясындағы соғыс жағдайын түсіну үшін аздап зертеу жүргізген дұрыс,0.19047619047619047,0.029585798816568046,0
517,1958,13.56,бұл қала елдің қалған қалаларынан өте ерекше өйткені онда африкандықтан ерекшеліктерден гөрі араб ерекшеліктері көбірек,бұл қала елдің қалған қалаларынан өте ерекше өйткені онда африкандықтан ерекшеліктерден гөрі арап ерекшіліктері көбірек,0.13333333333333333,0.01680672268907563,0
518,1927,13.8,ангел 2006 континуум тәсілін ұйымдардың өнімділіктің жоғарырақ деңгейіне жетуіне көмектесу үшін пайдаланылатын әдіс ретінде түсіндіреді,ангел 206 контениум тәсілін ұйымдардың өнімділіктің жоғарырақ деңгейіне жетуіне көмектесу үшін пайдаланатын әдіс ретінде түсіндіреді,0.2,0.037037037037037035,0
519,1895,10.68,грек тілін білу азайғаннан кейін батыс өзінің грек философиялық және ғылыми түбірлерінен бөлініп кеткенін тапты,грек тілін білу азайғаннан кейін батыс өзінің грек философиялық және ғылыме төбірлерінен бөлініп кеткенін тапты,0.13333333333333333,0.018018018018018018,0
520,1670,28.56,олардың температуралық сипаттамалары жер бетіндегі тұрақты температураны сақтайтын үлкен үңгірлер сияқты тұрақты емес бірақ бұл олардың жердегі терең үңгірлерге сәйкес келеді деді глен кушинг ақш геологиялық қызметі usgs астрогеология тобы және аризона штатының флагстафф қаласында орналасқан солтүстік аризона университетінің мүшесі глен кушинг,олардың температуралық сипоттамалар жербетіндегі тұрақты температураны сақтайтын үлкен үңгірлер сияқты тұрақты емес бірақ бұл олардың жердегі терең үңгірлерге сәйкес келеді деді глен кушинг ақыш геологиялық қызметі usgs астреологиялы тобы және аризона штатының флаг стаф қаласында орналасқан солтстік аризона университетінің нүшесі глен ушинг,0.23809523809523808,0.03768115942028986,0
521,1753,20.4,бұл көбінесе бар болғаны дәл емес стереотип болғанымен парижде өмір сүрудің ең жақсы жолы ең жақсы мінез құлықты көрсету жақсы тәрбиеленген адам сияқты әрекет ету бұл саяхаттауды айтарлықтай жеңілдетеді,бұл көбінесе бар боллғаны дәл емес теротив болғанымен парижде өмір сүрудің ең жақсы жоғы ең жақсы мінес құлықты көрсету жақсы тәрбиеленген адам сияқты әрекет ету бұл саяхаттаудың айтарлықтай жеңілдіктеді,0.20689655172413793,0.04455445544554455,0
522,1887,10.56,лиггинс ауруханада жұмыс істей бастағанда бос уақытында мерзімінен бұрын босануды зерттей бастады,лигинс ауруханада жұмыс істей бастағанда бос уақытында мерзімнен бұрын босануды зерттей бастады,0.16666666666666666,0.020618556701030927,0
523,1687,13.92,сегрегация және рекомбинация әр буында екі пул арасында вариацияларды араластырып отырады,сегрегация және рекомбинация әрбуында екі пул арасында вариацияларды араластырып отырады,0.18181818181818182,0.011235955056179775,0
524,1725,16.32,ертеректе шығындарды азайту және функционалдылық факторларына байланысты бүкіл әлемде шығарылған asus eee компьютері 2007 жылғы тайбэй ат айлығының өзекті тақырыбына айналды,ертеректе шығындарды азайту және функционалдық факторларға байланысты бүкіл әлемде шығарылған asusе cомпьютері 207 жылы тайбей ed айлығының өзекті тақырыбына айналды,0.42857142857142855,0.08092485549132948,0
525,1838,8.28,гизадағы ұлы пирамида жеті ғажайыптың ішіндегі бүгінгі күнге дейін сақталып қалған жалғыз ғажап,ғизада ұлыпирамида жеті ғажайептің ішіндегі бүгінгі күнде дейін саақталып қалған жалғыз ғажап,0.46153846153846156,0.08421052631578947,0
526,1856,19.2,финляндия керемет қайықпен баратын жер мың көлдің жерінде көлдерде және жағалаудағы архипелагтарда мыңдаған аралдар да бар,финлянде керемет қайықпен баратын жер мың көлдің жерінде көлдерде және жағалаудағы архипелактарда мыңдаған аралдар да бар,0.125,0.02459016393442623,0
527,1942,13.5,біз үйлерімізді өсімдіктерден жасаймыз және киімдерді өсімдіктерден жасаймыз біз жейтін тамақтардың көпшілігі өсімдіктер болып табылады өсімдіктерсіз жануарлар тірі қалмайтын еді,біз үйлерімізді өсімдіктерден жасаймыз және киімдері өсімдіктерден жасаймыз біз жетін тамақтардың көпшілгі өсімдіктер болып табылады өсімдіктерсіз жануарлар тірі қалмайтын еді,0.15,0.016853932584269662,0
528,1785,24.54,құрылыс ағаштары бұл оқыту әдісі емес жаңа компьютерлік бағдарламаны пайдалану немесе жаңа жобаны бастау секілді жаңа оқу тәжірибесінен өтіп жатқан жеке тұлғаларға қолдау көрсететін көмек түрі,құрылыс ағаштары бұл оқуту әдісі емес жаңа компьютерлік бағдарламаны пайдалану немесе жаңа жобаны бастау секілді жаңа оқу тәжірбесінен өтіп жатқан жеке тұлғаларға қолдау көрсететін көмек түрі,0.07692307692307693,0.010416666666666666,0
529,1934,12.36,әдетте сіз туристердің және сатушылардың дыбысын әрқашан естисіз дыбыс пен жарықтан тұратын хикая дәл хикая кітабы сияқты болады,әдетте сіз туристердің және сатушылардың дыбысын әрхашан естейсіз дыбыспен жарықтан тұратын хихая дәл хихая кітабы сияқты болады,0.3333333333333333,0.046875,0
530,1675,12.48,барлық зат есімдер сонымен бірге сіз дегенді білдіретін sie сөзі тіпті сөйлемнің ортасында да бас әріптен басталады,барлық зат есімдер сонымен бірге сіз дегенді білдіретін cи сөзі тіпті сөйлемнің ортасында да бас әріптен басталады,0.058823529411764705,0.02608695652173913,0
531,1945,6.66,касабланка бүкіл мароккодағы шоппинг жасау ең қызық емес жерлердің бірі,касабланка бүкіл марокадағы шопинг жасау ең қызық емес жерлердің бірі,0.2,0.04225352112676056,0
532,1837,20.76,реконструкция әрекеттерін либералдық сынау реконструкция келісімшарттарын солай деп саналатын вашингтон инсайдерлеріне беруге баса көңіл бөлді,реконструкция әрекеттерін либералдық сынау реконструкция келімші келісім шарттарын солай деп саналатын вашингтон инсайдерлеріне беруге баса көңіл бөлді,0.2,0.06338028169014084,0
533,1973,19.86,бірақ экватордан бар болғаны бірнеше градус солтүстікте орналасқан жоғары тропиктерде орналасқандықтан жылуға әрқашан және қатты күнге аспан анық кезде сирегірек шыдауыңыз керек болады,бірақ экватордан бар болғаны бірнеше градус солтүстікке орналасқан жоғарғы тропиктерде орналасқандықтан жылуға әрқашан және қатты күнге аспан анық кезде сиірегірек шыдауыңыз керек болады,0.13043478260869565,0.016304347826086956,0
534,1827,12.18,жер қыртысының қалыңдығы жақын жағында шамамен 70 км ал алыс жағында 100 км,жер қыртысының қалыңдығы нжағында шамамен 7 км ал шағында 100 км,0.38461538461538464,0.16,0
535,1854,13.68,көліктің өзі сол күні шамамен 12 00 gmt уақытында апат орнынан әкетілген,көліктің өзі сол күні шамамен о2нөлнөр жийімти уақытында апат орнынан әкетілген,0.25,0.19444444444444445,0
536,1708,16.32,хьюн қызметтен кетуді сұранды және оны кабинетте эд дэви мп ауыстырады норман лэмб мп дэви босатып жатқан бизнес министрі жұмысын алады деп күтілуде,hиюn қызметтен кету сұрында және оны кабинетті ddvmp ауыстырады norman lempmpdv босатып жатқан бизнес министрі жұмысын алады деп күтілуде,0.4782608695652174,0.24324324324324326,0
537,1985,17.52,бұл альптық стильдегі шаңғы туризмімен немесе альпинизммен байланысты бірақ әдетте байланысты болмайды соңғысы тік еңістіктерде өткізіледі және қатты шаңғы мен аяқ киімді қажет етеді,бұл әліптіқ істелдегі шаңғы туризмнен немесе әльпинизмнен байланысты бірақ әдетте байланысты болмайды соңқысы тік еңістіктерде өткізіледі және қатты шаңғымен аяқиымды қажет етеді,0.375,0.08791208791208792,0
538,1750,7.92,сондай ақ бұл ашу құстар қауырсындарының эволюциясына көрініс береді,сондай ақ бұл ашу құстар қауырсындарының эволюциясына көрініс береді,0.0,0.0,1
539,1992,19.56,сафари терминінің кең таралған мағынасы африканың таң қалдыратын жабайы табиғатын әсіресе саваннаны көруге жер бетімен саяхаттауды білдіреді,сафари терминінің кең таралған мағынасы африканың таң қалдыратын жабайы табиғатын әсіресе саваннаны көруге жер бетімен саяхаттауды білдіреді,0.0,0.0,1
540,1940,14.04,барлығын назарға ала отырып егер біздің ата бабаларымыз өздерінің қоректену мәселесін бүгінде саваннадағы шимпанзелер қолданатын әдіспен шешкен болса таң қалмауымыз керек,барлығы назарға ала отырып егер біздің ата бабаларымыз өздерінің қоректену мәселесін бүгінде саваннадағы шимпанзерьлер қолданатын әдіспен шешкен болса таң қалнауымыз керек,0.14285714285714285,0.023529411764705882,0
541,1704,16.44,1990 жылы ол шөл құмдары қаупіне байланысты қауіп төніп тұрған әлемдік мұралар тізіміне қосылды,199ы жылы ол шөл құмдары қаупіне байланысты қауіп төніп тұрған әлемдік мұралар тізіміне қосылды,0.07142857142857142,0.010526315789473684,0
542,1906,9.42,бұл қоштасу болайын деп тұрған жоқ бұл бір тараудың жабылуы және жаңасының ашылуы,бұл қоштасу болайын деп тұрған жоқ бұл бір тараудың жабылуы және жаңасының ашылуы,0.0,0.0,1
543,1817,6.24,шенген аймағы бұл тұрғыдан бір ел сияқты жұмыс істейді,шеңген аймағы бұл тұрғыдан бір ел сияқты жұмыс істейді,0.1111111111111111,0.018518518518518517,0
544,1695,17.1,қарапайым танымал түскі ас әсіресе жазда па амб оли зәйтүн майы қызанақ және ірімшік тунец т б сияқты кез келген қолжетімді дәмдеуіштер қосылған нан,қарапайым танымал түскі аз әсіресе жазда памб oлекзайтынмайы қызанақ және ірімшек тунетс тағыбасқа сияқты кез келген қол жетімді дәмдеуіштер қосылғаннан,0.5833333333333334,0.14189189189189189,0
545,1738,11.4,сондай ақ ол суға кірген кез келген нәрсеге шабуылдайтын тіпті тиранозавр сияқты алып динозавр да оған тең келмейтін,сондай ақ ол суға кірген кез келген нәрсеге шабулдайтын тіпті тироназавр сияқты алып динозаврда оған тең келмейтін,0.2222222222222222,0.034482758620689655,0
546,1898,26.64,ол уэльс бізге әуел бастан ақ өтірік айтты біріншіден бұл заңды себептермен болғандай әрекет ету арқылы екіншіден өзінің өнерін жойғанға дейін бізге құлақ салғандай бола қалу арқылы,ол уэльс бізге әуел бастанақ өтірік айтты біріншіден бұл заңды себептермен болғандай әрекет ету арқылы екіншіден өзінің өнерін жойғанға дейін бізге құлақ салғандай бол ақалу арқылы,0.14814814814814814,0.016574585635359115,0
547,1808,12.0,соғыс аяқталғаннан кейін екі жылда бұрынғы одақтастар енді жаулар болды және суық соғыс басталды,соғыз аяқталғаннан кейін екі жыл да бұрынғы одақтастар енді жаулап болды және суық соғыс басталды,0.2857142857142857,0.03125,0
548,1876,16.86,солтүстік мариан аралдарындағы төтенше жағдай қызметі елде ешқандай зақым келтіретін жағдайлар орын алмады деп хабарлайды,сол түстік мариян аралдарындағы төтенше жағдай қызметі елде еш қандай зақын келтіретін жағдайлар орын алмады деп хабарлайды,0.4,0.03305785123966942,0
549,1809,15.3,жолдарды орнында ұстау үшін шпалдар айтарлықтай ерте енгізілді алайда бірте бірте жолдың үстінде темір бөлік болса жолдар тиімдірек болатыны түсінілді,жолдарды орында ұстау үшін шыпалдар айтарлықта ерте енгізілді алайда бірте бірте жолдың үстінде темір бөліп болса жолдар тиімдірек болатына түсінілді,0.25,0.03333333333333333,0
550,1873,14.16,ер адамдардан бас тартқанда берік болыңыз және өз пікіріңізден таймаңыз мәдени айырмашылықтар болсын болмасын бұл дұрыс емес,ер адамдардан бастартқан да берік болыңыз және өз пікіріңізден таймаңыз мәдени айырмашылықтар болсын болмасын бұл дұрыс емес,0.11764705882352941,0.016129032258064516,0
551,1816,9.54,үйленген екі ересек баласы бар дюваль хикаяны тыңдаған миллерге үлкен әсер қалдырмады,үйленген екі ересек баласы бар gюаль хикаяны тыңдаған миллерге үлкен әсері қалдырмады,0.16666666666666666,0.03529411764705882,0
552,1723,24.72,бұл портта 1889 жылы әскери теңіз флоттарының қайғылы қарама қарсы келуі болған германияның ақш тың және британияның жеті кемесі порттан кетуден бас тартқан,бұл портта 1889 жылы әскери теңіз флоттарының қайғылы қарама қарсы келуі болған германияның ақштың және британияның жеті кемесі порттан кетуден бас тартқан,0.08695652173913043,0.00641025641025641,0
553,1861,18.6,нәтижесінде орындаушылар сахнада каннабисті шекті және театрдың өзі аудиоторияны қосылуға шақырды,нәтижесінде орындаушылар сахнада канабисті шекті және театрдың өзі аудеоторияны қосылуға шақырды,0.18181818181818182,0.020618556701030927,0
554,1972,11.88,көп адам оларды динозаврлар деп ойламайды өйткені олардың қауырсындары бар және ұша алады,көп адам оларды динозабрлар деп ойламайды өйткені олардың қауырсындары бар және ұшы алады,0.15384615384615385,0.02247191011235955,0
555,1814,14.88,сутегі иондары бұл олардан электрондары алынып тасталған протондар болып табылады өйткені сутегі атомдары бір протон мен бір электроннан тұрады,сутегі йондары бұл олардан электрондары алынып тасталған протондар болып табылады өйткені сутегі атымдары бір протон мен бір электроннан тұрады,0.10526315789473684,0.013986013986013986,0
556,1696,13.5,университеттегі зерттеушілердің айтуынша екі қосылыс бір бірімен реакцияға түсіп бүйрек қызметін тоқтата алатын кристалдар құрады,университеттегі зерттеушілердің айтуынша екі қосылыс бір бірімен ракцияғы түсіп бюрек қызметін тоқтата алатын кристалдар құрады,0.13333333333333333,0.031007751937984496,0
557,1919,17.34,қала африкадағы ең арзан тау горилласы саудасының орталығы болумен қатар ньирагонго жанартауына шығуда негізгі қала қызметін атқарады,қала африкадағы ең арзан тау гариласы саудасының орталығы болумен қатар нирагонга жаңартауына шығуда негізгі қала қызметін атқарады,0.17647058823529413,0.03759398496240601,0
558,1953,12.9,кейіннен ол жатқан ауруханадан кэмбридждегі адденбрук ауруханасына жатқызылды,кейіннен ол жатқан ауруханадан кэмбридждегі әден брук ауруханасына жатқызылды,0.25,0.03896103896103896,0
559,1940,23.76,барлығын назарға ала отырып егер біздің ата бабаларымыз өздерінің қоректену мәселесін бүгінде саваннадағы шимпанзелер қолданатын әдіспен шешкен болса таң қалмауымыз керек,барлығын назарға алау отырып егер біздің атабабаларымыз өздерінің қоректену мәселесін бүгінде саваннадағы шимпонзелер қолданатын әдіспен шешкен болса таң қалмауымыз керек,0.19047619047619047,0.01764705882352941,0
560,1907,14.76,соғыс басталғаннан кейін жуық арада ұлыбритания германияны әскери теңіз қоршауына алды,соғыс басталғаннан кейін жуық арада ұлы британия германияны әскери теңіз қоршауына алды,0.18181818181818182,0.011627906976744186,0
561,1824,19.44,мысырлық өлілер алқабындағы гиза үстіртінде немесе гиза некрополисінде бірнеше пирамида олардың ішінде ұлы пирамида ең үлкені болып табылады бірнеше шағын саркофаг бірнеше храм және ұлы сфинкс бар,мысырлық өлілер алқабындағы гиза үстіртінде немесе гиза некрополисінде бірнеше пиромида олардың ішінде ұлы пиромида ең үлкені болып табылады бірнеше шағын саркафак бірнеше хравм және ұл свингсбар,0.25925925925925924,0.04591836734693878,0
562,1749,12.36,оны вичи француздар билеген бұл 1940 жылы немістермен бейбіт келісім жасасқан және соғысудың орнына жаулаушылармен бірге жұмыс істеген француздар болды,оны вичи француздар билеген бұл 194 жылы емістермен бивіт келсім жасасқан және соқсутың орынна жаулаушыларымен бірге жұмыс істеген француздар болды,0.35,0.07947019867549669,0
563,2008,17.04,балидегі күн тәртібіндегі басқа тақырыптарға әлемнің қалған ормандарын сақтау және дамушы елдерге азырақ ластайтын жолмен өсуіне көмектесу үшін технологияларды бөлісу кіреді,валидегі күн тәртібіндегі басқа тақырыптарға әлемнің қалған ормандарын сақтау және дамушы елдерге азырақ ластайтын жолмен өсуіне көмектесу үшін технологияларды бөлсу кіреді,0.09523809523809523,0.011560693641618497,0
564,1718,11.76,антиквариат болып табылатын бұйымдар үшін ортақ анықтама берілмеген кейбір салық органдары 100 жастан асқан бұймыдарды антиквариат деп атайды,антикварият болып табылатын бұйымдары үшін ортақ анықтама берілмеген кейбір салық органдары 100 жасынан асқан бұйымдарды антикварият деп атайды,0.2777777777777778,0.04964539007092199,0
565,1910,8.94,париждіктер біртүрлілігі дөрекілік және менмендігімен ерекшеленеді,париждіктер біртүрлілілігі дөрекілік және менмендігімен ерекшелен еді,0.5,0.045454545454545456,0
566,1752,12.78,нәтижесінде балықтың екі түрі жойылып кетті ал қалған екеуіне жойылып кету қаупі төнді оның ішінде бүкір балық та бар,нәтижесінде балықтың екі түрі жойылып кетті ал қалған екеуіні жойылып кету қауіпі төнді оның ішінде бүкір балықта бар,0.21052631578947367,0.02564102564102564,0
567,1693,13.2,бірақ капитан қақпасын жоғалтудан кейін үндістан ойынды аяқтау үшін бар болғаны 36 рет жүгірді 7 рет қақпаны жоғалтты,бірақ капитан қақпасын жоғалтудан кейін үндістан ойынды аяқтау үшін бар болғаны 36 рет жүгірді жеті рет қақпаны жоғалтты,0.05555555555555555,0.03418803418803419,0
568,1781,12.24,мадагаскар қазіргі уақытта ең үлкені әрі жабайы табиғатына келгенде өздігінен континент болып табылады,мадагаскар қәзіргі уақытта ең үлкен әрі жабайы табиғатына келгенде өздігінен континент болып табылады,0.15384615384615385,0.0196078431372549,0
569,1885,16.62,22 00 23 00 аралығында mdt аулада тұрған сотталғандай өрт шығарды,2рек нөлнөл 2иыр үш өлнөл аралығында мdt аулада тұрған сотталғандай өрт шығарды,0.5454545454545454,0.3230769230769231,0
570,1900,18.6,іс жүзінде тіпті адам оның бар екенін білсе де оны табу оңай емес үңгірге түскеннен кейін толығымен оқшауланасыз,үс жүзінде тіпті адам оның бар екенін білсе де оны табу оңа емес үңгірге түскеннен кейін толығымен оқшауланасыз,0.1111111111111111,0.017857142857142856,0
571,1723,23.88,бұл портта 1889 жылы әскери теңіз флоттарының қайғылы қарама қарсы келуі болған германияның ақш тың және британияның жеті кемесі порттан кетуден бас тартқан,бұл портта 1889 жылы әскери теңіз флоттарының қайғылы қарамағарсы келуі болған германияның ақштың және британияның жеті кемесі порттан кетуден бастартқан,0.2608695652173913,0.02564102564102564,0
572,1888,16.5,елге оралу шогы мәдени шоктан мұнда бастапқы фаза өте аз гөрі тезірек пайда болады ол ұзаққа созылады және одан да ауыр болуы мүмкін,елге оралу шоғы мәдениетішұқтан мұнда бастапқы фаза өте аз гөрі тезірек пайда болады ұл ұзаққа созылады және одан да ауыр болуы мүмкін,0.17391304347826086,0.05303030303030303,0
573,2001,15.24,саяхаттаушыларға өз аумағына әсер ететін ауыр ауа райының кез келген қаупі туралы хабардар болу туралы кеңес беріледі өйткені олар барлық саяхаттау туралы жоспарларға әсер етуі мүмкін,сайхаттаушыларға өз аумағына әсер ететін ауыр ауарайының кез келген қауіпі туралы қабардар болуы туралы кеңес беріледі өйткені олар барлық саяхаттау туралы жоспарларға әсер етуі мүмкін,0.23076923076923078,0.0273224043715847,0
574,2003,10.02,гонконгтың ең жақсы көрінісін тамашалау үшін аралдан шығып коулун жағалауына қарай бет бұрыңыз,ганконгтің ең жақсы көрінісін тамашалау үшін аралдан шығып колу жағалауына қарай бет бұрыңыз,0.15384615384615385,0.0425531914893617,0
575,1956,15.0,тауарларды тасымалдау үшін кемелерді пайдалану әзірше адамдардың және тауарлардың үлкен мөлшерлерін мұхиттарда жылжытудың ең тиімді жолы болып табылады,тауарларды тасымалдау үшін кемеллерді пайдалану әзірше адамдардың және тауарлардың үлкен бүлшерлерін мұхиттарда жылжытудың ең тиімді жолы болып табылады,0.1111111111111111,0.019867549668874173,0
576,1806,22.86,ең шарықтаған кезінде жарықтық ластану қазіргі кездегідей проблема болмағандықтан олар қазіргі уақытқа қарағанда оңай жетуге болатын қалаларда немесе кампустарда орналасқан,ең шарықтаған кезінде жарықтық ластану қазіргі кездегідей проблема болмағандықтан олар қазіргі уақытқа қарғанда оңай жетуге болатын қалаларда немесе компусторда орналасқан,0.1,0.01744186046511628,0
577,1699,23.76,бақылаушылардың бірі бішкекті анархия күйіне батуда деп бейнелеген өйткені қылмыскерлер тобы көшені аралап дүкендердегі халықтық тұтыну тауарларын тонауды бастаған,бақылаушылардың бірі бішкекті анархия көнне батуда деп пенеленген өйткені қылмыскерлер тобы көшені аралап бүкендердегі халықтық тұтыну тауарларын тонауды бастаған,0.15789473684210525,0.04294478527607362,0
578,1969,18.54,ол негізгі тақырыптың ең тиімді орны сызықтардың қиылысуында деп айтады бұл кескінді тігінен және көлденеңінен үштіктерге бөледі мысалды қараңыз,ол негізгі тақырыптың ең тиімді орны сызықтардың қиылысуында деп айтады бұ кескінді тігінен және көлдененіңнен іштіктерге бөледі мысалды қараңыз,0.15789473684210525,0.027777777777777776,0
579,1703,11.46,мартелли кеше тоғыз мүшеден тұратын жаңа уақытша сайлау кеңесінің cep алдында ант берді,мартелли кеше 9оғ 0үшеден тұратын жаңа уақытша сайлау кеңесінің cr алдында анытберді,0.38461538461538464,0.09195402298850575,0
580,1971,19.08,қатты жел бұршақ артық жауын шашын және өрттер сонымен бірге найзағайлар торнадолар судағы құйындар және циклондар ауар ауа райының түрлері мен әсерлері болып табылады,қатты жел быршақ арттық жауыншашын және өрттер сонымен бірге найзағайлар тарнадалар судағы құындар және цеклондар ауарайын түрлерімен әсерлері болып табылады,0.5,0.09580838323353294,0
581,1982,11.76,әйелдер өздерінің шынайы отбасы жағдайына қарамастан әйел жынысты саяхатшыларға тұрмыс құрған деп айтуға кеңес беріледі,әйелдер өздерінің шынайы отбасы жағдайына қарамастан әйел шынысты саяхатшыларға тұрмыс құрған деп айтуға кеңес беріледі,0.06666666666666667,0.008403361344537815,0
582,1717,12.96,су асты топологиясына байланысты кері ағын бірнеше тереңірек учаскелерде шоғырланған және онда терең суға жылдам ағын пайда болуы мүмкін,суасты топологиясына байланысты кері ағын бірнеше тереңірек учаскілерде шоғырланған және онда терең суға жылдам ағын пайда болуы мүмкін,0.15789473684210525,0.014705882352941176,0
583,1875,13.74,мұхиттарға құйылатын планета өзендеріндегі судың толықтай 20 пайызы амазонкадан келеді,мұхиттарға құылатын планета өзендеріндегі судың толықтай жиырма пайызы амазонкадан келеді,0.2,0.08139534883720931,0
584,1664,11.52,екі құрғақ ұнтақты араластырыңыз содан кейін таза ылғалды қолдармен оларды қысып шарик жасаңыз,екі құрғақ ұнтақты араластырыңыз содан кейін таза ылғалды қолдармен оларды қысып шари жасаңыз,0.07692307692307693,0.010638297872340425,0
585,1779,12.12,бұл хабарландыру трамп түркия президенті реджеп тайып ердоғанмен телефон арқылы сөйлескеннен кейін жасалды,бұл хабарландыру трuмп туркия президенті реджеп тайып эрдоғанмен телефон арқылы сөйлескенен кейін жасалды,0.3076923076923077,0.03773584905660377,0
586,1917,11.7,римде әртүрлі орындарда адамдардың салтанатты рәсімді көруі үшін бірнеше үлкен теледидар экрандары орнатылды,римде әртүрлі орындарда адамдардың салтанатты рәсімді көру үшін бірнеше үлкен теледезар екірандары орнатылды,0.23076923076923078,0.046296296296296294,0
587,1676,16.5,барлық оңтүстік африка ұлттық саябақтарындағыдай саябаққа кіруде экологиялық салым және кіру ақысы төленеді,барлық оң түстік африка ұлттық саябақтарындағыдай саябаққа күруде экологиялық салым және күру ақысы төлінеді,0.38461538461538464,0.037383177570093455,0
588,1889,14.94,ол бізге пойызды автокөлікті және басқа да көлік құралдарын алып келді,ол бізге пойызды авто көлікті және басқа да көлік құралдарын алып келді,0.18181818181818182,0.014285714285714285,0
589,1661,11.34,ол қысқартулар үшін санды белгілемеді олар қытайдың экономикалық нәтижесі негізінде жасалатынын айтты,олар қысқартулар үшін санды белгілемеді олар қытайдың экономикалық нәтижесі негізінде жасалатынн айтты,0.16666666666666666,0.0297029702970297,0
590,1749,15.12,оны вичи француздар билеген бұл 1940 жылы немістермен бейбіт келісім жасасқан және соғысудың орнына жаулаушылармен бірге жұмыс істеген француздар болды,оны vичи француздар билеген бұл 194 жылы немістермен бейбіт келісім жасасқан және соқсудың орынына жаулаушылармен бірге жұмыс істеген француздар болды,0.2,0.033112582781456956,0
591,1925,13.14,жасалған жұмыс көбіне теориялық болды бірақ мерген галактикасына қатысты жасалатын бақылауларды симуляциялау үшін бағдарлама жазылды,жасалған жұмыс көбіне теориялық болды бірақ мерген голактикасына қатысты жасаланатын бақылоларды симулациялау үшін бағларлама жазылады,0.4,0.06060606060606061,0
592,1829,20.28,жоғары салық салынатын елдерге жол тартатын саяхатшылар кейде әсіресе алкогольді ішімдіктер мен темекі сияқты өнімдерге айтарлықтай ақша үнемдей алады,жоғары салық салынатын елдерге жол тартатын сияхатшылар кейде әсіресе алкогольді ішімдіктер мен темекі сияқты өнімдерге айтарлықтай ақша үнімдей алады,0.10526315789473684,0.013333333333333334,0
593,1818,10.44,адамдар үйіне оралған саяхатшылар үшін шыдамдылық пен түсіністік қажет екенін түсінбеуі мүмкін,адамдар үйіне оралған саяхатшылар үшін штамдылық пен түсіністі қажет екенін түсінбеуі мүмкін,0.16666666666666666,0.031914893617021274,0
594,2006,16.38,кальций және калий сияқты элементтер металдар болып саналады әрине күміс және алтын сияқты металдар да бар,кальций және кали сияқты элементтер металдар болып саналады әрене кіміз және алтын сияқты металдарда бар,0.3125,0.04716981132075472,0
595,1672,10.8,матаның тым ыстық болуына жол бермеңіз бұл қысқаруға немесе күюіне себеп болуы мүмкін,матаның тым ыстық болуына жол бермеңіз бұл құсқаруа немесе күйюіне себеп болуы мүмкін,0.15384615384615385,0.03529411764705882,0
596,1822,23.52,марокко сұлтаны қаланы дару аль бадиа деп қайта салды және оған касабланка деген атауды осында сауда базаларын жасаған испандық саудагерлер берді,марукка сұлтаны қаланы дару альбадия деп қайта сауды және оған касабланка деген атауды осында сауда базарларын жасаған испандық саудагерлер берді,0.23809523809523808,0.041379310344827586,0
597,1981,12.0,бар болғаны кеме экскурсиялары арқылы жағаға барсаңыз сізге бөлек виза қажет болмайды 2009 жылдан,бар болғаны кеме экскурсиялары арқылы жағаға барсаңыз сізге бөлек биза қажет болмайды 29 жылдан,0.14285714285714285,0.030927835051546393,0
598,1926,15.0,аристотельдің ғылымның барлық мәселелеріне оның ішінде психологияға көзқарасы қабылданды,арестутильдің ғылымның барлық мәселелеріне оның ішінде психологияға көз қарасы қабылданды,0.3333333333333333,0.045454545454545456,0
599,1846,18.0,сондықтан бұл пішімнің арақатынасы ең қарапайым бүтін санның қатынасын алу үшін он екіге бөлу 3 2 деп айтылады,сондықтан бұл пішімнің арақатынасы еңқарапайым бүтін саның қатынасын алу үшін он екіге бөл іште екі деп айтылады,0.3333333333333333,0.09090909090909091,0
600,1739,17.28,меккенің солтүстігіндегі таулардың біріндегі шыңда орналасқан үңгір әлемнің қалған бөліктерінен толығымен оқшауланған,меккенің сол түстігіндегі таулардың біріндегі шыңда орналасқан үңгір әлемнің қалған бөліктерінен толығымен оқшауланған,0.16666666666666666,0.008547008547008548,0
601,1804,22.56,гаитидегі әділет және демократия институты бұұ непал бейбітшіл батальоны өздері байқамай ауруды гаитиге әкелген деп пайымдайтын тәуелсіз зерттеулерді көрсетті,гаитидегі әділет және демократия институты бo непау бийбітшілік батальоны өздері байқамай ауруды гаитиге келген деп пайымдайтын тәуелсіз зерттеулерді көрсетті,0.21052631578947367,0.04430379746835443,0
602,1983,25.68,өркениет сөзі латынның civilis сөзінен шыққан азаматтық деген мағынаны білдіретін ол азамат деген мағынаны білдіретін латынша civis сөзімен байланысты ал қала немесе қала мемлекет деген мағынаны білдіретін civitas сөзі де бар сонымен бірге бұл белгілі бір деңгейде қоғамның көлемін анықтайды,өркени етсөзі латынның цивилис сөзінен шыққан азаматтық деген мағнаны білдіретін ұл азамат деген мағнаны білдіретін латынша цивис өзімен байланысты ал қала немесе қала мемлекет деген мағнаны білдіретін цевитас сөзі де бар сонымен бірге бұл белгілі бірдеңгейде қоғамның көлеміне анықтайды,0.325,0.09621993127147767,0
603,1974,12.84,сол принцип бойынша ер адамдар тізелерін жауып тұратын шалбар кию керек,сол принцип бойынша ер адамдар тізелерін жауып тұратын шалбар кие керек,0.09090909090909091,0.014084507042253521,0
604,1693,12.78,бірақ капитан қақпасын жоғалтудан кейін үндістан ойынды аяқтау үшін бар болғаны 36 рет жүгірді 7 рет қақпаны жоғалтты,бірақ капитан қақпасын жоғалтудан кейін үндістан ойынды аяқтау үшін бар болғаны 36 рет жүгірді жеті рет қақпаны жоғалтты,0.05555555555555555,0.03418803418803419,0
605,1815,19.32,атомдық бомба көп протондар мен нейтрондар арқылы ядро құру үшін энергия алуы принципі бойынша жұмыс істейді,атомдық бомба көп протондармен нийтрондары арқылы ядра құры үшін энергия алуы принципі бойынша жұмыс істейді,0.3125,0.046296296296296294,0
606,1742,10.92,гонконг аралы гонконгтың аумағына өз атауын береді және көптеген туристер басты назар аударатын орын болып табылады,ганконг аралы ганконгтың алмағына өзі атауын береді және көптеген туристер басты назар аударатын орын болып табылады,0.25,0.034782608695652174,0
607,1738,17.82,сондай ақ ол суға кірген кез келген нәрсеге шабуылдайтын тіпті тиранозавр сияқты алып динозавр да оған тең келмейтін,сондай ақ ол суға кірген кез келген нәрсеге шаболдайтын тіпті тиронозавр сияқты алып динозавр да оған тең келмейтін,0.1111111111111111,0.02586206896551724,0
608,1848,16.14,кеше түркияның газиантеп қаласындағы полиция штаб пәтерінде бомба қойылған көлік жарылысы нәтижесінде екі полиция қызметкері қаза тапты және жиырмадан артық адам жарақат алды,кеше түркияның газьян теп қаласындағы полиция штап бәтерінде бомба қойылған көрлік жарылысы нәтижесінде екі полиция қызметкері қаза тапты және 2иырмадан артық адам жарақат алды,0.2608695652173913,0.040229885057471264,0
609,1921,20.7,екінші жағынан мұзды және қарлы жағдайлар көп елдерде қалыпты болып табылады және жол қозғалысы көбінесе жыл бойы үздіксіз болады,екінші жақынан мұзды және қарлы жағдайлар көп елдерде қалыпты болып табылады және жол қозғалысы көбінесе жыл бойы үздіксіз болады,0.05263157894736842,0.007751937984496124,0
610,2007,12.48,ақш инженерлер корпусы 6 дюйм жаңбырдың жаууы бұрын зақымдалған бөгеттерді бұзуы мүмкін деп болжады,ақыш инженерлер корбусы алты дүйым жаңбырдың жауыбұрын зақымданылған бөгіттерді бұзуы мүмкін деп болжады,0.5714285714285714,0.13131313131313133,0
611,1675,10.08,барлық зат есімдер сонымен бірге сіз дегенді білдіретін sie сөзі тіпті сөйлемнің ортасында да бас әріптен басталады,барлық затесімдер сонымен бірге сіз дегенді білдіретін сиі сөзі тіпті сөйлемінің ортасында да басаріптен басталады,0.35294117647058826,0.06086956521739131,0
612,1849,14.34,егер сіз ұлт қазынасы фильмін көрген болсаңыз онда қазына картасы тәуелсіздік декларациясының артында жазылған деп ойлауыңыз мүмкін,егер сіз ұлт қазынасы фильмін көрген болсаңыз онда қазына қартасы тәуелсіздік декларациясының артында жазылған деп ойлауыңыз мүмкін,0.058823529411764705,0.007633587786259542,0
613,1860,9.36,губернатордың кеңсесі жарақат алғандардың он тоғызы полиция қызметкері болғанын айтты,губернатордың кеңсесі жарақат алғандардың 19 полиция қызметкері болғанын айтты,0.2,0.10588235294117647,0
614,1748,13.32,өрт сөндіру бөлімшелері өртті кешкі сағат 11 35 ке дейін сөндірді,өрт сөндіру бөлімшелері өртті кешкі сағат 113бске дейін сөндірді,0.2727272727272727,0.046153846153846156,0
615,1791,6.6,құрылыс орындарын граффити сызу арқылы бүлдірмеңіз,құрылыс орындарын графити сызу арқылы бүлдірмеңіз,0.16666666666666666,0.02,0
616,1794,10.86,өркениет бірге тұрып бірге жұмыс істейтін қоғамдағы адамдардың айтарлықтай үлкен тобына қатысты ортақ мәдениет,өркениет бірге тұрып бірге жұмыс істейтін қоғамдағы адамдардың айтарлықтай үлкен тобына қатысты ортақ мәдениеді,0.07142857142857142,0.01818181818181818,0
617,1947,15.48,әскерлер келмей тұрып гаитиде 1800 жылдан бері бұл ауруға қатысты мәселелер болмаған,әскерлер келмей тұрып гаитиде 18ш жылдан бері бұл ауруға қатысты мәселелер болмаған,0.08333333333333333,0.023809523809523808,0
618,1936,35.16,пэрри түнгі сайлау алды жиналысының нәтижелерін бағалау үшін техасқа оралатынын өзі үшін осы жарыста алға жүретін жол бар жоғын анықтайтынын мәлімдеді бірақ кейінірек жарыста қалатынын және 21 қаңтардағы оңтүстік каролинадағы бастапқы сайлауға қатысатынын айтты,пери түңгі сайлау алды жиналысының нәтижелерін бағалау үшін техасқа оралатынын өзі үшін осы жарыста алға жүретін жол бар жоғын анықтайтынын мәлімдеді бірақ кейінірек жарыста қалатынын және 21ш қаңтардағы оң түстік каролинадағы бастапқы сайлауға қатысатынын айтты,0.14705882352941177,0.019157088122605363,0
619,1697,11.64,ол ауырғанды басатын қажет дәрі дәрмектерді қабылдай алмады өйткені олар ойындарға қатысушылар үшін рұқсат етілмейді,олы ауырғанды басатын қажеттәрі дәрмектерді қабылдай алынады өйткені олар ойындарға қатысушылар үшін рұқсат еділмеді,0.3333333333333333,0.0603448275862069,0
620,1836,28.56,адамдар ежелден алтын күміс және мыс сияқты негізгі химиялық элементтер туралы білді өйткені олардың барлығын табиғатта табиғи түрде табуға болады және қарапайым құралдармен өндіру салыстырмалы түрде оңай,адамдар ежелден алтын күміс және мыс сияқты негізгі химиялық элементтер туралы білді өйткені олардың барлығын табиғатта табиғи түрде табуға болады және қарапайым құралдармен өңіндіру салыстырмалы түрде оңай,0.037037037037037035,0.00980392156862745,0
621,2002,19.2,бұл ойыншыларға бейне ойындардағы әрекеттер мен қозғалыстарды құрылғыны ауада қозғалту арқылы басқаруға мүмкіндік береді,бұл ойыншыларға бейне ойындардағы әрекеттер мен қозғалыстарды құрылғыны ауады қозғалту арқылы басқаруға мүмкіндік береді,0.07142857142857142,0.008333333333333333,0
622,1767,18.72,бұл солтүстік шұғыласын көрудің жақсы мүмкіндігін береді өйткені аспан тәулік бойы азды көпті күңгірт болады,бұл солтүстік шығыласын көрідің жақсы мүмкіндігін береді өйткені аспан тәуілік бойы азды көпті күңгірт болады,0.2,0.027777777777777776,0
623,1857,19.56,ол тағы былай деді дегенмен олардан даму кезеңінен жауапкершілігінен және мүмкіндіктерінен асатын міндеттемелерді қабылдауды сұрамау керек,ол тағы былай деді дегенмен олардан даму кезіңінен жауапкершілігінен және мүмкіндіктерінен асатын міндеттемелерді қабылдауды сұрамау керек,0.0625,0.007246376811594203,0
624,1845,19.68,күймеде олар айқайлап жатқан және король мен патшайымға қоқан лоққыларды айқайлап айтып жатқан адамдар тобы қоршаған күйде парижге қайтып оралды,күймеде олар айқайлап жатқан және кроль мен патшайымға қоқан лұқ қыларды айғайлап айтып жатқан адамдар тобы қоршаған күйде порижге қайтып оралды,0.25,0.034722222222222224,0
625,1724,12.48,ол шамамен 400 жылдан бастап салтанаттың эпицентріне ретінде белгілі болды және шамамен 1100 жылға дейін созылды,ол шамамен 400 жылдан бастап салтанаттың эпицентріне ретінде белгілі болды және шамамен 1100 жылға дейін созылды,0.0,0.0,1
626,1895,17.34,грек тілін білу азайғаннан кейін батыс өзінің грек философиялық және ғылыми түбірлерінен бөлініп кеткенін тапты,грек тілін білу азайғаннан кейін батыс өзінің грек философиялық және ғылыми түбірлерінен бөлініп кеткенін тапты,0.0,0.0,1
627,1928,10.38,1976 жылда мачу пикчудың отыз пайызы қалпына келтірілді және реставрация бүгінге дейні жалғасуда,1976 жылда мачу piкчудің 300 пайызы қалпына келтірілді және рестаурация бүгінге дейін жалғысуды,0.38461538461538464,0.125,0
628,1886,11.88,ежелгі мәдениеттер мен тайпалар сүтке жүнге етке және терілерге оңай қол жеткізу үшін оларды өсіре бастады,ежелгі мәдениеттер мен тайпалар сүтке жүнге етке және терлерге оңай қол жеткізу үшін оларды өсіре бастады,0.0625,0.009433962264150943,0
629,1972,9.6,көп адам оларды динозаврлар деп ойламайды өйткені олардың қауырсындары бар және ұша алады,көп адам оларды динозаурлар деп ойламайды өйткені олардың қауырсындары бар және ұша алады,0.07692307692307693,0.011235955056179775,0
630,1782,25.92,сондай ақ әр династиялар арасында бөлінген провинциялардың тұрақсыз дәуірі болды осы кезеңдердің ең танымалсы хань мен цзинь династияларының арасында 60 жыл бойы болған үш патшалық дәуірі еді,сондай ақ әр династиялар арасында бөлінген провинциялардың тұрақсыз дәуірі болды осы кезеңдердің ең танмалсы ханьмин цин династияларының арасында 6лпыс жыл бойы болған үш патшалық дәуірі еді,0.18518518518518517,0.04712041884816754,0
631,1879,14.16,жаңа бірдеңе пайда боғланда пернетақта неге айналатыны туралы болжамдар жасауға ғана болады,жаңа бірдеңе пайда болғанда перне тақта неге айналатыны туралы болжамдар жасауға ғана болады,0.25,0.03296703296703297,0
632,1950,25.32,солтүстікке қарай және жақын арада синтра деген романтикалық және еліктіретін қаласы орналасқан және ол лорд байрон оның ғажайыптарын қызық әңгімелегеннен кейін шетелдіктерге әйгілі болды,сол түстікке қарай және жақын арада синтрадеген романтикалық және еліктіретін қаласы орналасқан және ол лорд байрон оның ажайыптарын қызық әңгімелегенненгейін шетелдіктерге әйгілі болды,0.2916666666666667,0.026737967914438502,0
633,1725,23.58,ертеректе шығындарды азайту және функционалдылық факторларына байланысты бүкіл әлемде шығарылған asus eee компьютері 2007 жылғы тайбэй ат айлығының өзекті тақырыбына айналды,ертеректе шығындарды азайту және функционалдылық факторларына байланысты бүгіл әлемде шығарылған аsus eee компьютері 207 жылғы tайбaй at айлығының өзекті тақырыбына айналды,0.23809523809523808,0.04046242774566474,0
634,1920,11.16,әдетте қонақтарды жақсы көңіл күйде ұстау және іште ұстау үшін оларда арнайы тамақ сусын және ойын сауық ұсыныстары болады,әдетте қонақтарды жақсы көңілкүйде ұстау және іште ұстау үшін оларды арнайы тамақ сусын және ойынсалық ұсыныстары болады,0.2631578947368421,0.03278688524590164,0
635,1915,22.5,гома қаласында бода бода мотоцикл такси қызметінен пайдалануыңызға болады қалыпты жергілікті бағасы қысқа сапар үшін шамамен 500 конго франкіне тең,гома қаласында бода бода матациклы тәкси қызметінен пайдалауыңың ноңозға болады қалықты жергілікті бағасы қысқа сапар үшін шамамен 500 конга франкіне тең,0.3,0.08843537414965986,0
636,1928,18.12,1976 жылда мачу пикчудың отыз пайызы қалпына келтірілді және реставрация бүгінге дейні жалғасуда,1976 жылда мачупикчудің оты0 пайызы қалыпына келтірілді және рестаурация бүгінге дейіні жалғасуда,0.46153846153846156,0.0625,0
637,1989,26.04,сондай ақ ол көп елдердің банкнота басу қалыптарын нақыштауға қатысты оның жақындағы жұмыс мысалдарына канаданың жаңа 5 және 100 банкноталарындағы премьер министр портреттері кіреді,сондай ақ ол көп елдердің банкнота басу қалыптарын нақыштауға қатысты оның жақындағы жұмыс мысалдарына канаданың жаңа бес доллар және ж00 доллар банкноталарындағы премьер министр парттиреттері кіреді,0.20833333333333334,0.11602209944751381,0
638,1676,18.24,барлық оңтүстік африка ұлттық саябақтарындағыдай саябаққа кіруде экологиялық салым және кіру ақысы төленеді,барлық оң түстік африка ұлттық саябақтарындағыдай саябаққа кіруде экологиялық салым және кіру ақысы төлінеді,0.23076923076923078,0.018691588785046728,0
639,1857,13.2,ол тағы былай деді дегенмен олардан даму кезеңінен жауапкершілігінен және мүмкіндіктерінен асатын міндеттемелерді қабылдауды сұрамау керек,ол тағы былай деді дегенмен олардан даму кезеңінен жауапкершілігінен және мүмкіндіктерінен асатын міндеттемелерді қабылдауды сұрамау керек,0.0,0.0,1
640,1761,11.28,кейінірек дәретханаға сұранған егде жастағы әйелдің орнын фотографтар алмастырды мендоза атып тасталынды,киінірек дәретханаға сұранған егде жостағы әйелдің орнын фотографтар алмастырды менді оса атып тасталынды,0.3333333333333333,0.057692307692307696,0
641,1831,17.28,плитвиц көлдері ұлттық паркін қалың орман жапқан орман негізінен қайың шырша және майқарағай ағаштарынан тұрады орманда альпылық және жерортатеңіздік өсімдіктер аралас өседі,флитвидс көлдері ұлттық паркін қалың орман жапқан орман негізінен қайың шырша және майқарағай ағаштарынан тұрады орманда әльпылық және жерортатеңіздік өсімдіктер аралас өседі,0.09090909090909091,0.023121387283236993,0
642,1904,9.6,дегенмен баяу коммуникация арналарына байланысты батыстағы стильдер 25 30 жылға қалып отырады,дегенмен баяу коммуникация арналарына байланысты батыстағы стилдер 253 жылға қалып отырады,0.25,0.03225806451612903,0
643,1915,14.04,гома қаласында бода бода мотоцикл такси қызметінен пайдалануыңызға болады қалыпты жергілікті бағасы қысқа сапар үшін шамамен 500 конго франкіне тең,гома қаласында бодабода матасикл такси қызметінен пайдаланыңызға болады халыпты жергілікті бағасы қысқар запар үшін жамамен 5 конго франкіне тең,0.45,0.07482993197278912,0
644,1826,15.36,апаттан соң гибсон ауруханаға жеткізілді бірақ аз уақыт өтпей қайтыс болды,апаттан соң гипсон ауруханаға жеткізілді бірақ аз уақыт өтпей қайтыс болды,0.09090909090909091,0.013513513513513514,0
645,1872,18.18,мау қозғалысы ұйымдастырған тәуелсіздік үшін күрес кезінде қаладағы бейбіт жиналыс нәтижесінде жоғары дәрежелі көсем тупуа тамасесе леалофи iii өліміне әкеліп соқты,мау қозғалысы ұйымдастырған тәуелсіздік үшін күрес кезінде қаладағы бейбіт жиналыс нәтижесінде жоғары дәрежелі көсем тупуа тамасесалеолофи үшінші өлімінен әкеліп соқты,0.19047619047619047,0.06097560975609756,0
646,1908,7.92,бұл кейбір етістіктер мен толықтауыштарды ажыратудың маңызды жолы,бұл кейбір етістіктер мен толықтауштарды ажыратудың маңызды жолы,0.125,0.015384615384615385,0
647,1740,10.68,пирамида дыбыс және жарық шоуы балаларға арналған аумақтағы ең қызық нәрселердің бірі болып табылады,пиромида дыбыс және жарық шоуы балаларға арналған аумақтағы ең қызық нәрселердің бірі болып табылады,0.07142857142857142,0.01,0
648,1837,21.72,реконструкция әрекеттерін либералдық сынау реконструкция келісімшарттарын солай деп саналатын вашингтон инсайдерлеріне беруге баса көңіл бөлді,реконструкция әрекеттерін либералдық сынау реконструкция келесімшарттарын солай деп саналатын вашингтон инсайдерлеріне беруге баса көңіл бөлді,0.06666666666666667,0.007042253521126761,0
649,1978,11.16,спрингбокс үшін бұл қатара бес ойындық жеңіліспен аяқталды,спринг бокс үшін бұл қатара бес ойындық жеңіліспен аяқталды,0.25,0.017241379310344827,0
650,1987,10.98,апат биік таулы жерлерде орын алған және дұшпандық мағынадағы өрттің салдарынан болған деп болжануда,апат биек тәулы жерлерде орналған және дұшпандық мағынадағы өрттің салдарынан болған деп бұлжауында,0.35714285714285715,0.08,0
651,1848,16.98,кеше түркияның газиантеп қаласындағы полиция штаб пәтерінде бомба қойылған көлік жарылысы нәтижесінде екі полиция қызметкері қаза тапты және жиырмадан артық адам жарақат алды,кеше туркияның газиантеп қаласындағы полиция штап пәтерінде бомба қойылған көлік жарылысы нәтижесінде екі полиция қызметкері қаза тапты және жиырмадан артық адам жарақаталды,0.17391304347826086,0.017241379310344827,0
652,1720,14.4,ыстық шоколад бельгия стандарттарына сәйкес келеді жеміс шырындары қымбат болғанымен бірақ өте керемет,ыстық шикалат белгия стандарттарына сәйкез келеді жеміс шырындары қымбат болғанымен бірақ өте керемет,0.23076923076923078,0.049019607843137254,0
653,1955,11.4,шашыраңқы склероз ми жұлын және ми жүйкесінен тұратын орталық жүйке жүйесіне әсер ететін ауру,шашыранқы скилироз ми джолын және ми жүйкесінен тұратын орталық жүйке жүйесіне әсер ететін ауыру,0.2857142857142857,0.06451612903225806,0
654,1809,22.68,жолдарды орнында ұстау үшін шпалдар айтарлықтай ерте енгізілді алайда бірте бірте жолдың үстінде темір бөлік болса жолдар тиімдірек болатыны түсінілді,жолдарды орнында ұстау үшін шқалдар айтарлықта ерте енгізілді ал айда бірте бірте жолтың үстінде темір бөлік болса жолдар тиімдірек болатыны түсінілді,0.25,0.02666666666666667,0
655,1775,26.64,бейне жазып алуды пайдалану бірнеше миллисекунд жалғасатын микро қимылдарды бет бұлшық еттерінің қимылдарын түсіндіруде маңызды жаңалықтардың ашылуына себеп болды,бене жазып алуды пайдалану бірнеше мелисикунд жалғасатын микра қымылдарды бет бұл шығиеттерінің қимылдарын түсіндіруде маңызды жаңалықтардың ашылуына себеп болды,0.3157894736842105,0.05555555555555555,0
656,1697,11.28,ол ауырғанды басатын қажет дәрі дәрмектерді қабылдай алмады өйткені олар ойындарға қатысушылар үшін рұқсат етілмейді,ол ауырғанды басатын қажет дәрі дәрмектерді қабылдай алмады өйткені олар ойындарға қатысушылар үшін рұқсат етілмейді,0.0,0.0,1
657,1966,13.56,комиссия қазан айында басталған кең тараған режимге қарсы наразылықтарға мартеллидің жауабы болды,комиссия қазаң айында басталған кең тараған режимге қарсы наразылықтарғы мартелидің жауабы болды,0.25,0.030927835051546393,0
658,1768,11.76,кешеннің жиектеріндегі ғимараттардың көпшілігі туристерге басында қалай пайда болғаны туралы жақсырақ түсінік беру үшін қайта соғылды,кешенің жектеріндегі ғимараттардың көпшілігі туристерге басында қалай пайда болғанын туралы жақсырақ түсінік беру үшін қайта соғылды,0.1875,0.022556390977443608,0
659,1933,16.8,әрі беріден соң мұнда көптеген кішкентай мысықтар соның ішінде жоғалған үй мысықтары бар олар құрт құмырсқа кеміргіштер кесіртке сияқты көптеген шағын жыртқыш аңдарды және құстарды жейді,әріберіден соң мұнда көптеген кішкент ұұймысықтар соның ішінде жоғалған ұймысықтары бар олар құрт құмырсқа кеміргіштер кесіртке сияқты көптеген шағын жыртқы шаңдарды және қыстарды жейді,0.34615384615384615,0.053763440860215055,0
660,1665,20.28,жылыстаған мәліметтерге сәйкес құжат 1967 жылғы таяу шығыс соғысына дейінгі шекаралары негізінде палестина қалайтын шекаралар дауына қатысты болады,жылыстаған мәліметтерге сәйкес құжат 1967 жылғы таяу шығыс соғысына дейінгі шекаралары негізінде полестина қалайтын шекаралар дауына қатысты болады,0.05555555555555555,0.006802721088435374,0
661,1832,27.96,танымал спорт түрлеріне футбол баскетбол волейбол су полосы семсерлесу регби велоспорт шайбалы хоккей роликті хоккей және f1 автоспорты кіреді,танымал спорт түрлеріне футбол баскетбол валейбол су полысы семсерле су рэгби вела спорт шайбалы хәкей роликті хәкей және fбр автоспорты кіреді,0.5263157894736842,0.08450704225352113,0
662,1662,11.04,қорытпалар негізінен екі немесе одан да көп металдардың қоспасы болып табылады периодты кестеде көптеген элементтер бар екенін ұмытпаңыз,қорытпалар негізінен екі немесе одан да көп металдардың қоспассы болып табылады периодты кестеде көптеген элементтер бар екенін ұмытпаңыз,0.05555555555555555,0.007352941176470588,0
663,1959,11.34,бәрібір билік органдарынан кеңес алыңыз барлық белгілерді ескеріңіз және қауіпсіздік туралы ескертулерге ерекше көңіл бөліңіз,бәрібір билік органдарынан кеңес алыңыз барлық белгілерді ескеріңіз және қауіпсіздік туралы ескертулерге ерекше көміл бөліңіз,0.06666666666666667,0.008,0
664,1790,29.4,оның жұмысы соншалықты танылған сапалы және егжей тегжейлі болғандықтан филателистер арасында өте аз үй иелері атауларының бірі болып есептеледі кейбіреулер өзінің жұмысын жалғыздықта жинауға маманданған,оның жұмысы соншалықты танылған сапалы және ек жи текжилі болғандықтан филотелистер арасында өте аз үй иелері атауларның бірі болып есептеледі кейбіреулер өзінің жұмысын жалғыздықта жинауға маманданған,0.2,0.04433497536945813,0
665,1782,25.2,сондай ақ әр династиялар арасында бөлінген провинциялардың тұрақсыз дәуірі болды осы кезеңдердің ең танымалсы хань мен цзинь династияларының арасында 60 жыл бойы болған үш патшалық дәуірі еді,сондай ақ әр династиялар арасында бөлінген провинциялардың тұрақсыз дәуірі болды осы кезеңдердің ең танымалсы ханьмен тзинь династияларының арасында 6п жыл бойы болған үш патшалық дәуірі еді,0.14814814814814814,0.015706806282722512,0
666,1883,13.5,көпір астындағы тік аралық 15 метрді құрайды құрылыс 2011 жылдың тамыз айында аяқталды ол 2017 жылдың наурыз айына дейін жол қозғалысына ашылмады,көпір астындағы тік аралық 15 метрді құрайды құрлыс 2011 жылдың тамызайында аяқталды ол 2017 жылдың наурызайына дейін жол қозғалысына ашылмады,0.22727272727272727,0.020689655172413793,0
667,1690,26.22,usoc ұйымының атлеттердің және клубтардың әрі олардың спорт түрлерінің мүдделеріне лицензиядан айыру орнына ұйымымызда мағыналы өзгеріс жасау арқылы жақсырақ қызмет көрсетуге болатынымен келіседі,usoc ұйымының атлеттердің және клубтардың әрі олардың спорт түрлерінің мүдделеріне лицензиядан айру орнына ұйымымызда мағыналы өзгеріс жасау арқылы жақсырақ қызмет көрсетуге болатынымен келіседі,0.043478260869565216,0.005128205128205128,0
668,1747,9.24,жолдас балуандар да лунаға құрмет көрсетті,жолдас балуандар да лунаға құрмет көрсетті,0.0,0.0,1
669,1798,12.96,алғашқы күндері шоу тек ұзақ уақыттан бері жұмыс істеп келе жатқан toginet radio интернет радиосында сөйлесу радиосына негізделген сайтта өткен,алғашқы күндері шоу тек ұзақ уақыттан бері жұмыс істеп келе жатқан тогинет радио интернет радиосында сөйлесу радиосында негізділген сайтта өткен,0.2,0.0979020979020979,0
670,1951,12.48,2002 жылы гома қаласының көптеген көшелерін әсіресе қала орталығындағы көшелері нирагонго жанартауынан аққан лавамен жойылды,202 жылы гома қаласындағы көптеген көшелерінң әсіресе қала орталығындағы көшелері нирагонға жанартауынан аққанылабамен жойылды,0.4,0.08064516129032258,0
671,2003,16.08,гонконгтың ең жақсы көрінісін тамашалау үшін аралдан шығып коулун жағалауына қарай бет бұрыңыз,ганконгтің ең жақсы көрінісін тамашалау үшін аралдан шығып коулун жағалауына қарай бет бұрыңыз,0.07692307692307693,0.02127659574468085,0
672,1976,17.52,орташа деңгейдегі батсмендер сачин тендулкар мен рахул дравид жақсы өнер көрсетіп жүздеген серіктестік қатынас жасады,орташа деңгейдегі батысмендер сачин тендукар мен рахул дравид жақсы өнер көрсетіп жүздеген серіктестік қатынас жасады,0.13333333333333333,0.017094017094017096,0
673,1884,11.16,атап айтқанда адамның бетіндегі микро өзгерістерді түсіндіру арқылы оның өтірік айтуын анықтауға болады,атап айтқанда адамның бетіндегі микро өзгерістерді түсіндіру арқыла оның өтірік айтуын анықтауға болады,0.07692307692307693,0.009708737864077669,0
674,1842,21.66,динозавр қауырсынында рахис деп аталатын жақсы дамыған білік жоқ бірақ қауырсынның басқа ерекшеліктері бар кертіктер мен шоқша сақалдар зерттеушілер рахис туралы олардың кейінірек эволюциялық болған деген қорытындыға келді,динозавр қауырсынында рахистев аталатын жақсы дамыған білік жоқ бірақ қауырсынның басқа ерекшеліктері бар кертіктер мен шоқша сақалдар зерттеушілер рахис туралы олардың кейінірек эволюциялық болған деген қортындыға еледі,0.14285714285714285,0.02702702702702703,0
675,1669,11.64,полиция басшысы чандра шехар соланкидің айтуынша сотталушылар сотта беттерін жауып қатысқан,полиция басшысы чандра шехар соланкийдің айтуынша соттаушылар сотта беттерін жауып қатысқан,0.18181818181818182,0.02197802197802198,0
676,1847,15.84,оны сингапур премьер министрінің орынбасары вонг кан сенг күтіп алды және ол сингапурдың премьер министрі ли сьен лунмен сауда және терроризм мәселелерін талқылады,оны сингапур премьер министрінің орынбасары вонгкансенг күтіп алды және ол сингапурдың премьер министрі лисьон люнмен сауда және терроризм мәселелерін талқылады,0.2608695652173913,0.03067484662576687,0
677,1666,19.44,сондай ақ өзіңіздікінен басқа үкіметтерден кеңес алғыңыз келуі мүмкін бірақ олардың кеңесі өз азаматтарына арналған,сондай ақ өзіңіздікінен басқа үкіметтердің кеңес алғыңыз келуі мүмкін бірақ олардың кеңесі өз азаматтарына арналған,0.06666666666666667,0.017391304347826087,0
678,1867,17.16,өсімдіктер адамдар тыныстайтын оттегіні жасайды және адамдар тыныспен шығаратын көміртегі диоксидін сіңіреді,өсімдіктер адамдар тыныстайтын оттегіні жасайды және адамдар тыныспен шығаратын көміртегі деаксидін сіңір еді,0.25,0.027777777777777776,0
679,1970,16.8,нақты білмесек те оның тілі айыр болған болуы мүмкін оның диетасына мыналар кірген тасбақалар үлкен балық басқа мозазаврлар кіреді ол тіпті каннибал болған болуы да мүмкін,нақты білмесек те оның тілі айыры болған болуы мүмкін оның детісына мыналар кірген таспақалар үлкен балық басқа мазазаврлар кіреді ол тіпті канивал болған болуыды мүмкін,0.2692307692307692,0.05263157894736842,0
680,1784,17.94,гренландия халқы сирек қоныстанды норвегиялық дастандарда олар қызыл эрик адам өлтіргені үшін исландиядан қуылған одан әрі батысқа қарай сапар шеккенде гренландияны тауып оны гренландия деп атаған дейді,гренландия халқы сирек қоныстанды норвегиялық дастандарда олар қызыл эрик адам өлтірген үшін исландиядан қуылған одан әрі батысқа қарай сапаршеккенде гренландияны тауып оны гренландия деп атаған дейді,0.1111111111111111,0.009900990099009901,0
681,1772,6.66,осылайша нотация жай ғана белгі ретінде қосылған болуы мүмкін,осылайша нотация жай ғана белгі ретінде қосылған бұлуы мүмкін,0.1111111111111111,0.01639344262295082,0
682,1727,13.68,баспанасыз балалар тастап кеткенге немесе қашып кеткенге дейін балаларға қарсы зорлық зомбылықты көрген немесе жанжарақатын алған болуы мүмкін,баспанасыз балалар тастап кеткенге немесе қашып кеткенде дейін балаларға қарсы зорлық зомбылықты көрген немесе жанжарлықты алған болуы мүмкін,0.1111111111111111,0.035211267605633804,0
683,1706,15.24,дәстүрлірек шіркеулер пасха демалыс күндері сенбі түні пасхалық таңғы ғибадатты өткізеді жиналыстар жиі түн ортасында мәсіхтің қайта тірілуін мерекелеуге айналады,дәстүрілрек шіркеулер басқа демалыс күндері сенбі түні басқалық таңғы ғибадатты өткізеді жиналыстар жиі түн ортасынды мәсіхтың кайта тірілуін мерекелеуге айналады,0.3,0.05555555555555555,0
684,1930,10.14,алты тұтқын соның ішінде балалар және қариялар сонымен бірге филиппиндік фотографтар ерте жіберілді,алты тұтқын соның ішінде балалар және қариялар соныменбірге пилипиндік фотографтар ерде жіберілді,0.3076923076923077,0.04040404040404041,0
685,1882,13.38,ғалымдар ғаламшарлар әсіресе жер қалай құралғанын түсінеміз деп үміттенеді өйткені кометалар жермен ұзақ уақыт бұрын соқтығысқан,ғалымдар ғаламшарлар әсіресе жер қалай құралғанын түсінеміз деп үміттенеді өйткені кометалар жермен ұзақ уақыт бұрын соқтығысқан,0.0,0.0,1
686,1936,24.06,пэрри түнгі сайлау алды жиналысының нәтижелерін бағалау үшін техасқа оралатынын өзі үшін осы жарыста алға жүретін жол бар жоғын анықтайтынын мәлімдеді бірақ кейінірек жарыста қалатынын және 21 қаңтардағы оңтүстік каролинадағы бастапқы сайлауға қатысатынын айтты,перри түнгі сайлау алды жиналысының нәтижелерін бағалау үшін техасқа оралатынын өзі үшін осы жарыста алға жүретін жол бар жоғын анықтайтынын мәлімдеді бірақ кейін рек жарыста қалатынын және 21і қаңтардағы оң үстік каролинадағы бастапқы сайлауға қатысатынн айтты,0.20588235294117646,0.019157088122605363,0
687,1903,11.88,барлық қолжетімді ресурстар ұйымның функционалдық бөлімдерінде тиімді пайдаланылғанда жасампаздық пен өнертапқыштық бола алады,барлық қолжетімді ресурстар ұйымының функциалдық бөлімдеріне тимді пайдаланғанда жаспамаздық пен өнертапқышдық бола алады,0.5384615384615384,0.07936507936507936,0
688,1906,10.08,бұл қоштасу болайын деп тұрған жоқ бұл бір тараудың жабылуы және жаңасының ашылуы,бұл қоштасу болайын деп тұрған жоқ бұл бір тараудың жабылуы және жаңасының ашылуы,0.0,0.0,1
689,1773,15.42,ұйқының үзілуі қалыпты ұйқы кезеңінде мақсатпен оянудың және кейінірек қысқа уақытқа 10 60 минут ұйықтау процесі,ұйқының үзілуі қалыпты ұйқы кезінге мақсатпен ояндудың және кейнірек қызқа уақытқа 16 мину ұйықтау процессі,0.5,0.09821428571428571,0
690,1878,13.32,шіркеудің орталық билігі мың жылдар бойы римде болған және бұл қуат пен ақшаның шоғырлануы көп адамдарда бұл принциптің ұсталынып жатқаны туралы сұрақтың туындауына әкелді,шіркеудің орталық билігі мың жылдар бойы римде болған және бұл қуат пен ақшаның шоғырлануы көп адамдарда бұл принциптің ұсталынып жатқан туралы сұрақтың туындауына әкелді,0.041666666666666664,0.005847953216374269,0
691,1835,16.98,цунами туралы ескерту берілмеді және джакартаның геофизика агенттігінің деректеріне сай цунами туралы ескерту берілмейді өйткені жер сілкінісі 6 5 магнитудасы талабына сай болмады,цунами туралы ескертуі берілмеді және жакартаның геофизика агенттігінің директеріне сай сунами туралы ескертуі берілмейді өйткені жер сілкінісі 65 магнитудасы талабына сай болмады,0.30434782608695654,0.0335195530726257,0
692,1687,15.24,сегрегация және рекомбинация әр буында екі пул арасында вариацияларды араластырып отырады,сегрегация және рекомбинация әр буында екі пул арасында бареацияларды араластырып отырады,0.09090909090909091,0.02247191011235955,0
693,1695,20.46,қарапайым танымал түскі ас әсіресе жазда па амб оли зәйтүн майы қызанақ және ірімшік тунец т б сияқты кез келген қолжетімді дәмдеуіштер қосылған нан,қарапайым танымал тіскі ас әсіресе жазды pamb olи зәйті зәйтін майы қызанақ және ірімшік тунетс тағы басқалары сияқты кез келген қоз жетімді дәмдеуіштер қосылғанынан,0.5416666666666666,0.20945945945945946,0
694,1765,14.52,1537 жылы асунсьон қаласының негізі салынғаннан бастап парагвай өзінің көптеген түпкілікті сипаты мен өзіндік ерекшелігін сақтай білді,1573 жылы асуонсён қаласының негізгі салынған бастап парагвай өзінің көптеген түпкілікті сипатты мен өзіндік ерекшілігін сақтай білді,0.35294117647058826,0.08208955223880597,0
695,1816,10.14,үйленген екі ересек баласы бар дюваль хикаяны тыңдаған миллерге үлкен әсер қалдырмады,үйленген екі ересек баласы бар дювальхикаяны тыңдаған миллерге үлкен әсер қалдырмады,0.16666666666666666,0.011764705882352941,0
696,1711,25.62,бұл теориялар белгілі бір адамдарды қалайтын нәрселерін не қалаттыратынын және қоршаған ортасындағы қандай нәрселер белгілі бір әрекеттерді істеткізетінін немесе істеткізбейтінін қарастырады,бұл теориялар белгілі бір адамдарды қалайтын нәрселерін не қалаттыратынын және қуршыған ортасындағы қандай нәрселер белгілі бір әрекеттерді істеткізетінін немесе істеткізбейтінін қарастырады,0.047619047619047616,0.010526315789473684,0
697,1866,16.8,біріншіден шабандоздардың көпшілігі өкшесі және тегіс айтарлықтай енсіз табаны бар салт жүріске арналған етікті киеді,біріншіден шабандоздардың көпшілігі өкшесі және тегіс айтарлықта еңсіз табаны бар сал жүріске арналған етікті киеді,0.2,0.02564102564102564,0
698,1969,14.58,ол негізгі тақырыптың ең тиімді орны сызықтардың қиылысуында деп айтады бұл кескінді тігінен және көлденеңінен үштіктерге бөледі мысалды қараңыз,ол негізгі тақырыптың ең тиімді орыны сызықтардың қиылсуында деп айтады бұл кескінді тігінен және көлденеңінен үштіктерге бөледі мысалды қараңыз,0.10526315789473684,0.013888888888888888,0
699,1899,13.92,мұхаммед өзінің күнделікті өмірінен тыс мәселелерге қатты қызығатын ол ойлану үшін нұр жарық тауындағы хира ретінде белгілі болған үңгірге жиі баратын,мұхаммед өзінің күнделікті өмірінен тұс мәселелерге қатты қызығатын ол ойлану үшін нұр жарық тауындағы хира ретінде белгілі болған өңгірге жиі баратын,0.09523809523809523,0.013333333333333334,0
700,1985,22.74,бұл альптық стильдегі шаңғы туризмімен немесе альпинизммен байланысты бірақ әдетте байланысты болмайды соңғысы тік еңістіктерде өткізіледі және қатты шаңғы мен аяқ киімді қажет етеді,бұл альіпті қстилдегі шаңғы туризмімен немесе альпинизммен байланысты бірақ әдетте байланысты болмайды соңғысы тік еңістіктерде өткізіледі және қатты шаңғы мен аяқ киімді қажет етеді,0.08333333333333333,0.027472527472527472,0
701,1963,21.24,дымқыл киімді үтіктеу киімнің кебуіне көмектеседі көп қонақ үйлерде тіпті бөлмеде болмаса да ала тұруға болатын үтік және үтіктеу тақтасы болады,дымқыл киімді үтіктеу киімнің кебуіне көмектеседі көп қонақ үйлерде тіпті бөлмеде болмаса да ала тұруға болатын үтік және үтіктеу тақтасы болады,0.0,0.0,1
702,1961,31.68,қатысым жасаудың маңыздылығын иллюстрациялау үшін пайдаланылатын ең жиі кездесетін әдістердің бірі өсіп жатқанында елемеу бәле немесе әдейі қиянат жасау себепті ересектер қатысым жасауға үйретпеген балалардың бірнеше бақытсыз жағдайын салу,қатысым жасаудың маңыздылығын иллюстрациялау үшін пайдаланылатын ең жиі кездесетін әдістердің бәрі өсіп жатқанында елемеу бәле немесе әдейі қиянат жасау себепті ересектер қатысым жасауға үйретпеген балалардың бірнеше бақытсыз жағдайын салу,0.034482758620689655,0.0041841004184100415,0
703,1974,7.5,сол принцип бойынша ер адамдар тізелерін жауып тұратын шалбар кию керек,сол принцип бойынша ерадамдар дзелерін жауап тұратын шалуар күуі керек,0.5454545454545454,0.11267605633802817,0
704,1978,12.12,спрингбокс үшін бұл қатара бес ойындық жеңіліспен аяқталды,спринг бокс үшін бұл қатара бес ойындық жеңіліспен аяқталды,0.25,0.017241379310344827,0
705,1722,21.84,53 жастағы куомо өзінің губернатор лауазымына осы жылдың басында келді және өткен айда бір жынысты некені заңдастырушы заң жобасына қол қойды,елу үш жастағы куымы өзінің губернатор лауазымына осы жылдың басында келді және өткен айда бір жыныстын екені заңдастырушы заң жобасына қол ғойды,0.2857142857142857,0.07801418439716312,0
706,1775,13.44,бейне жазып алуды пайдалану бірнеше миллисекунд жалғасатын микро қимылдарды бет бұлшық еттерінің қимылдарын түсіндіруде маңызды жаңалықтардың ашылуына себеп болды,бине жазып алуды пайдалану бірнеше милиси кун жалғысатын микроқимылдарды бет бұлшыкеттерін қимылдарын түсіндіруде маңызды жаңалықтардың ашылуына себеп болды,0.3684210526315789,0.07407407407407407,0
707,1661,10.86,ол қысқартулар үшін санды белгілемеді олар қытайдың экономикалық нәтижесі негізінде жасалатынын айтты,ол қысқартулар үшін санду белгілемеді олар қытайдың экономикалық нәтижесі негізінде жасалатынан айтты,0.16666666666666666,0.019801980198019802,0
708,1769,13.98,мысырлықтар б д д үшінші ғасырда соққан ұлы пирамида қайтыс болған перғауынның құрметіне соғылған көп үлкен пирамида құрылымдарының біреуі еді,мысырлықтар біздің дәуірімізге дейінгі үшінші ғасырда соққан ұлы пиромида қайтыс болған фирғауының құрметіне соғылған көп үлкен пиромида құрылымдарының біреуі еді,0.3,0.18309859154929578,0
709,1988,17.4,1920 жылары азаматтардың және елдердің көпшілігі пацифисті және изоляционистік көзқарастарды ұстанатын,192 жылары азаматтардың және елдердің көпшілігі пацифисті және изоляцияонистіқ көз қарастарды ұстанатын,0.36363636363636365,0.0392156862745098,0
710,1993,10.92,атлант мұхитының оныншы атау берілген дауыл маусымы субтропиктік дауыл джерри бүгін атлант мұхитында пайда болды,атлант мұхитының оныншы атау берілген дауыл маусымы суб тропиктік дауыл джери бүгін атлант мұхитында пайда болды,0.2,0.017857142857142856,0
711,1939,13.5,революциядан кейін жұмыс орындары барлық ерлер үшін ашық болып олардың табысқа жетуіне мүмкін берді,революциядан кейін жұмыс орындары барлық ерлер үшін ашық болып олардың табысқа жетуіне мүмкін берді,0.0,0.0,1
712,1726,16.2,далаға сапарлар кез келген сынып бөлмесінің үлкен бөлігі болып табылады мұғалім оқушыларды автобуспен бару мүмкін емес жерлерге апарғысы келетіні айтарлықтай жиі боалды,далаға сапарлар кез келген сынып бөлмесінің үлкен бөлігі болып табылады мұғалім оқушыларды автобуспен бару мүмкін емес жерлерге апарғысы келетін айтарлықтай жүге болады,0.13636363636363635,0.03571428571428571,0
713,1709,13.98,бұл есеп жетекшінің иракқа қатысты ағымдағы саясатының әрбір аспектісін қатты сынайды және бағытты дереу өзгертуге шақырады,бұл есеп жетекшінің ираққа қатысті ағымдағы саясаттың әрбір әспектесін қатты сындай және бағытты дере өзгертуге шығарады,0.4375,0.10569105691056911,0
714,1853,7.8,джанкарло фисичелла көлігін басқаруды жоғалтып жарысты старттан кейін көп ұзамай аяқтады,джанкарло фицичелла көлігүн басқаруды жугалтып жарысты сарттан кийін көп замай аяқтады,0.5454545454545454,0.07954545454545454,0
715,1864,18.9,кирчнер ханым аргентина театрында өзінің президенттік сайлауға қатысу ниеті туралы жариялады ол 2005 жылғы буэнос айрес провинциясының делегациясының мүшесі ретінде сенат үшін науқанын бастау үшін дәл осы жерді пайдаланған,киршнер ханым аргентина театрында өзінің президенттік сайлауға қатысу ниеті туралы жариялады ол 205 жылғы бу әнәсайрыс провинциясының делегациясының мүшесі ретінде сенат үшін науханын бастау үшін дәл осы жерде пайдаланған,0.20689655172413793,0.04054054054054054,0
716,1923,19.44,әскерилерге және азаматтарға қажет заттардың қамтамасыз етілуін тоқтатқан бұл стратегия тиімді болып шықты дегенмен бұл блокада өткен екі ғасырдағы бірнеше халықаралық келісімде жазылған жалпы қабылданған халықаралық заңды бұзды,әскерелерге және азаматтарға қажет заттардың қамтамасыз етілуін тоқтатқан бұл стратегия тиымді болып шықты дегенмен бұл блокада өткен екі ғасырдағы бірнеше халқаралық келісімде жазылған жалпы қабылдғанған халқаралық заңды бұзды,0.17857142857142858,0.021929824561403508,0
717,1938,18.36,аурухана инфекцияны бақылау хаттамасын орындады соның ішінде басқаларды жұқтырудың алдын алу үшін науқасты басқалардан бөлді,аурухана инфекцияны бақылау хаттамасын орындады соның ішінде басқаларды жұқтырудың алдыналу ішін науқасты басқалардын бөрлді,0.3333333333333333,0.03225806451612903,0
718,1953,14.28,кейіннен ол жатқан ауруханадан кэмбридждегі адденбрук ауруханасына жатқызылды,кейіннен ол жатқан ауруханадан кембридждегі аденбрук ауруханасына жатқызылды,0.25,0.025974025974025976,0
719,1696,12.24,университеттегі зерттеушілердің айтуынша екі қосылыс бір бірімен реакцияға түсіп бүйрек қызметін тоқтата алатын кристалдар құрады,университеттегі зерттеушілердің айтуынша екі қосылыс бірбірімен рекцияға түсіп бүйрек қызметін тоқтаты алатын кристалдар құрады,0.26666666666666666,0.023255813953488372,0
720,1762,9.12,бұл ауру шошқаларда болады содан кейін ол масалар арқылы адамдарға өтеді,бұл ауру шошқаларда болады содан кейін ол массалар арқылы адамдарға өтеді,0.09090909090909091,0.013888888888888888,0
721,1819,15.24,ежелгі қытайда әртүрлі уақыт мерзімдерін көрсетудің ерекше әдісі болды қытай тарихының әрбір кезеңі немесе билік басына келген әрбір отбасы ерекше династия болды,ежелгі қытайда әртүрлі уақыт мерзімдерін көрсетудің ерекше әдісі болды қытай тарихының әрбір кезеңі немесе билік басына келген әрбір отпасы ерекше династия болды,0.045454545454545456,0.006211180124223602,0
722,1766,9.12,кейбір атомдардың ядролары тұрақсыз яғни олар аз ғана түрткенде немесе мүлде түртпегенде бөлінуге бейім,кибір атымдардың ядролары тұрақсыз яғни олар аз ғана түрткенде немесе мүлде түрітпегенде бөлінуге биім,0.2857142857142857,0.05825242718446602,0
723,1986,22.92,нағыз көзге көрінбейтін топтың ларсон мен лафасто 1989 109 бет болуы да виртууалды топтың бірегей компоненті болып табылады,нағыс көзге көрінбейтін топтың ларсанмен лафасто 198919ш бет булуда виртуолды топтың бірегей компоненті болып табылады,0.4444444444444444,0.08943089430894309,0
724,1931,20.64,бұл қызмет көбінесе кеме қатынасы соның ішінде серуендеу кемелері сондай ақ қашықтағы мәліметтер мен дауыстық қажеттіліктері бар экспедициялар арқылы пайдаланылады,бұл қызмет көбінесе кеме қатынасы соның ішінде серуендеу кемелері сондай қ қашықтағы мәліметтер мен дауыстық қажеттіліктері бар экспедициялар арқылы пайдаланылады,0.05,0.006134969325153374,0
725,1707,23.88,ол оңтүстік африканың негізгі көрнекі жерлерінің бірі болып табылады және оңтүстік африка ұлттық парктерінің sanparks жетекшісі болып есептеледі,ол оңтүстік африканың негізгі көрінекі жерлерінің бірі болып табылады және оңтүстік африка ұлттық парктерінің санпаркс жетекшісі болып есептеледі,0.1111111111111111,0.0625,0
726,2000,24.36,солтүстік балтық теңізінен қыста өтсеңіз кабинадағы орынды қарастырыңыз өйткені мұз арқылы өту ең көп әсер етілетін адамдар үшін айтарлықтай жаман шуды тудырады,сол түстік балтық теңізінен қыста өтсеңіз кабинадағы орынды қарастырыңыз өйткені мұз арқылы өту ең көп әсер етілетін адамдар үшін айтарлықтай жаман шуды тудырады,0.09090909090909091,0.00625,0
727,1858,13.2,бұұ аурулар бойынша сарапшысы даниель лантанның айтуы бойынша аурудың өршуіне бейбітшілдер себеп болған болуы мүмкін,біркенұлктар ұймы аурулар бойынша сарапшысы дениел лантанның айтуы бойынша ауырудың өршуіні биветжілдер себеп болған болуы мүмкін,0.4,0.19827586206896552,0
728,1822,19.98,марокко сұлтаны қаланы дару аль бадиа деп қайта салды және оған касабланка деген атауды осында сауда базаларын жасаған испандық саудагерлер берді,марукка сұлтаны қаланы дару альбадия деп қайта салды және оған касабланка деген атауды осында сауда базаларын жасаған испандық саудагерлер берді,0.14285714285714285,0.027586206896551724,0
729,1996,18.96,австралиялық митчелл горли ерлердің тұрып тұратын super g жарысында он бірінші болып мәреге жетті чех бәсекелес олдрич джелинек ерлердің отыратын super g жарысында он алтыншы болып мәреге жетті,австралиялық митчел горли ерлердің тұрып тұратын суперджі жарысында 11ііші болып мәреге жетті тех бәсекерлес олдрич джелинек ерлердің отыратын суперджі жарысында 16 болып мәреге жетті,0.39285714285714285,0.18134715025906736,0
730,1699,17.04,бақылаушылардың бірі бішкекті анархия күйіне батуда деп бейнелеген өйткені қылмыскерлер тобы көшені аралап дүкендердегі халықтық тұтыну тауарларын тонауды бастаған,бақылаушылардың бірі бішкекті анархия күйіне батуда деп бейнелеген өйткені қылмыскерлер тобы көшені аралап түкендердегі халықтық тұтынуы тауарларын тонауды бастаған,0.10526315789473684,0.012269938650306749,0
731,1967,16.38,лейтон премьер министрмен кездесу кезінде консерваторлардың экологиялық заңына өзгерістер енгізуді сұрады сондай ақ консервативті партияның экологиялық заңын мұқият және толығымен қайта жазуды сұрады,лейтон премьер министрмен кездесу кезінде консерваторлардың экологиялық заңына өзгерістер еңгізуді сұрады сондай ақ консервативті партияның экологиялық заңын мұхият және толғымен қайта жазуды сұрады,0.13043478260869565,0.01507537688442211,0
732,1825,11.46,әрекетке жақын болғыңыз келсе музыкаға жақын кемпинг учаскесін алу үшін ерте тұруыңыз керек,әрекетке жақын болғыңыз келсе музикаға жақын кемпинг учаскісін алу үшін ерте тұруыңыз керек,0.15384615384615385,0.02197802197802198,0
733,1890,11.88,заманауи зерттеу телескоптарының көпшілігі қолайлы атмосфералық жағдайлар бар қашықтағы аумақтардағы алып қондырғылар болып табылады,заманауи зерттеу телископтарының көпшілігі қолайлы атмосфералық жағдайлар бар қашықтағы аумақтарды алып қондырғылар болып табылады,0.14285714285714285,0.022727272727272728,0
734,1756,21.42,ақш президенті дональд трамп жексенбі күні кешкі баспасөз хатшысы арқылы жасаған мәлімдемесінде ақш қарушы күштерін сириядан алып шығуы туралы мәлімдеді,ақш президенті дональд трuмп жексенбі күні кешкі баспа сөз хатшысы арқылы жасаған мәлімдемесінде ақш қарушы кіштерін сириядан алып шұғуы туралы мәлімдеді,0.25,0.02631578947368421,0
735,1781,12.0,мадагаскар қазіргі уақытта ең үлкені әрі жабайы табиғатына келгенде өздігінен континент болып табылады,мадагаскар қәзіргі уақытта ең үлкен әр жабайы табиғатына келгенде өздігінен континент болып табылады,0.23076923076923078,0.029411764705882353,0
736,1915,14.94,гома қаласында бода бода мотоцикл такси қызметінен пайдалануыңызға болады қалыпты жергілікті бағасы қысқа сапар үшін шамамен 500 конго франкіне тең,гома қаласында бодабода матасикл такси қызметінен пайдаланыңызға болады қалыпты жергілікті бағасы қысқа сапар үшін шамамен 50 конго франкіне тең,0.25,0.04081632653061224,0
737,1933,16.5,әрі беріден соң мұнда көптеген кішкентай мысықтар соның ішінде жоғалған үй мысықтары бар олар құрт құмырсқа кеміргіштер кесіртке сияқты көптеген шағын жыртқыш аңдарды және құстарды жейді,әрі беріден соң мұнда көптеген күшкантай мысықтар соның ішінде жоғалған үй мысықтары бар олар құрт құмырсқа кеміргіштер кесіртке сияқты көптеген шағын жыртқы шаңдарды және құстарды жиді,0.15384615384615385,0.03225806451612903,0
738,1851,15.9,үзілмелі ағыстар жағаға рифтерге соғылатын толқындардың кері ағыны болып табылады,үзілмелі ағыстар жағаға ривтерге соғылатын тулқындардың кері ағыны болып табылады,0.2,0.024691358024691357,0
739,1692,8.64,жапонияның ядролық агенттігінің хабарлауынша зауытта радиоактивті цезий мен йод анықталған,жапонияның ядралық агенттігінің қабарлауынша сауытта родиактивті цезимен от анықталған,0.7,0.1,0
740,1763,11.22,дәл ай жерді тартып судың көтерілуіне әкелетіндей құс жолы да мерген галактикасына күш түсіреді,дәл ай жерді тартып судың көтерілуіне әкелетіндей құс жолыда мерген голактикасына күш түсіреді,0.21428571428571427,0.021052631578947368,0
741,1680,12.72,жақсы атлет жолбарыс өрмелей бірақ жақсы емес жүзе үлкен қашықтықтарға секіре және күшті адамнан бес есе көбірек күшпен тартыла алады,жақсы әтілет жолбарыс өрмелей бірақ жақсы емес жүзе үлкен қашықтықтарға секіре және күшті адамнан бесесе көбірек күшпен тартылы алады,0.2,0.03007518796992481,0
742,1737,16.32,арыстандар ең көп қатысым жасайтын мысықтар олар прайдтар деп аталатын үлкен топтарда өмір сүреді,арыстандар ең көп қатысым жасайтын мысықтар олар прайттар деп аталатын үлкен топтарда өмір сүреді,0.07142857142857142,0.010309278350515464,0
743,1933,26.16,әрі беріден соң мұнда көптеген кішкентай мысықтар соның ішінде жоғалған үй мысықтары бар олар құрт құмырсқа кеміргіштер кесіртке сияқты көптеген шағын жыртқыш аңдарды және құстарды жейді,әрі беріден соң мұнда көптеген кішкентай мысықтар соның ішінде жоғалған ұйы мысықтары бар олар құрт құмырсқа кеміргіштер кесіртке сияқты көптеген шағын жыртқыш аңдарды және құстарды жейді,0.038461538461538464,0.010752688172043012,0
744,1822,19.44,марокко сұлтаны қаланы дару аль бадиа деп қайта салды және оған касабланка деген атауды осында сауда базаларын жасаған испандық саудагерлер берді,марока сұлтаны қаланы дару альбадия деп қайта салды және оған касабланка деген атауды осында сауда базаларын жасаған испандық саудагерлер берді,0.14285714285714285,0.027586206896551724,0
745,1904,16.26,дегенмен баяу коммуникация арналарына байланысты батыстағы стильдер 25 30 жылға қалып отырады,дегенмен баяу коммуникация арналарына байланысты батыстағы стилдер 253 жылға қалып отырады,0.25,0.03225806451612903,0
746,1952,13.44,жоғары ендіктерде немесе тау асуларының үстімен өтетін кез келген адам қардың мұздың немесе аяздың мүмкін болған температурасын ескеруі қажет,жоғары ендіктерде немесе тау асуларының үстімен өтетін кез келген адам қардың мұздың немесе аяздың мүмкін болған температурасын ескеруі қажет,0.0,0.0,1
747,1770,8.88,бұл орынды болып көрінеді өйткені жердің қозғалғаны сезілмейді солай емес пе,бұл орынды болып көрінеді үйткені жердің қозғалғаны сезілмейді солай емес пе,0.09090909090909091,0.013157894736842105,0
748,1694,10.92,балалар асырап алған ата анаға көп себептермен беріледі салақтық қиянат ету және тіпті ақша талап ету,балалар асырап алған ата анаға көп себептермен беріледі салақтық қиянат ету және тіпті ақша талап ету,0.0,0.0,1
749,1801,20.04,гонконг аспанын безендіретін ғимараттар тобы виктория харбор суларының қатысуымен айқын көрінетін жарқыраған жолақ диаграммасымен салыстырылды,ганконг аспанын безендіретін ғимараттар тобы виктория харбор суларының қатысуымен айқын көрінетін жарқыраған жолақ диограммасымен салыстырылды,0.13333333333333333,0.014084507042253521,0
750,1918,12.3,сундарбан юнеско ның әлемдік мұра орны деп жарияланды үндістан территориясындағы орманның бөлігі сундарбан ұлттық паркі деп аталады,сундарбан юнесканың әлемдік мұра орны деп жарияланды үндістан территориясындағы орманның бөлігі сундарбан ұлттық паркі деп аталады,0.11764705882352941,0.015267175572519083,0
751,1986,20.88,нағыз көзге көрінбейтін топтың ларсон мен лафасто 1989 109 бет болуы да виртууалды топтың бірегей компоненті болып табылады,нағыз көзге көрінбейтін топтың ларсанмен лофасто 1989 19 бет булуыда виртуалды топтың бірігей компоненті болып табылады,0.4444444444444444,0.06504065040650407,0
752,1926,15.24,аристотельдің ғылымның барлық мәселелеріне оның ішінде психологияға көзқарасы қабылданды,аристутильдің ғылымның барлық мәселелеріне оның ішінде психологияға көз қарасы қабылданды,0.3333333333333333,0.03409090909090909,0
753,1948,15.18,үш патшалық ежелгі қытайдың тарихындағы ең қанқұйлы дәуірлердің бірі болған мыңдаған адам сианьдағы үлкен сарайдағы ең жоғары орынға отыру үшін соғысқанда өлді,үш партшалық ежелгі қытайдың тариқындағы ең қан құйылы дәуерлердің бірі болған мыңдаған адам цианндағы үлкен сарайдағы ең жоғар орынға отыру үшін соғысқанда өлді,0.3181818181818182,0.050314465408805034,0
754,1678,23.64,оливер сакс өзінің президенттің сөзі деген мақаласында мидың зақымдануы салдарынан сөзді түсінбейтін адамдар соған қарамастан шынайылықты қалай бағалай алатыны көрсетілген,уливерсакс өзінің президенттің сөзі деген мақаласында мейдің зақымдануы салдарынан сөзді түсін бейтін адамдар соған қарамастан шынайлықты ғалай бағалай алатыны көрсетілген,0.35,0.04678362573099415,0
755,1709,21.48,бұл есеп жетекшінің иракқа қатысты ағымдағы саясатының әрбір аспектісін қатты сынайды және бағытты дереу өзгертуге шақырады,бұл есеп жетекшінің ираққа қатысты ағымдағы саясатынның әрбір аспектісін қатты сынайды және бағытты дере өзгертуге шақырады,0.1875,0.024390243902439025,0
756,1801,21.84,гонконг аспанын безендіретін ғимараттар тобы виктория харбор суларының қатысуымен айқын көрінетін жарқыраған жолақ диаграммасымен салыстырылды,ганконг аспанын безендіретін ғимараттар тобы виктория харбр суларының қатысуымен айқын көрінетін жарқыраған жолақ диограммасымен салыстырылды,0.2,0.02112676056338028,0
757,1772,7.2,осылайша нотация жай ғана белгі ретінде қосылған болуы мүмкін,осылайша натация жай ғана белгі ретінде қосылған болуы мүмкін,0.1111111111111111,0.01639344262295082,0
758,1856,13.32,финляндия керемет қайықпен баратын жер мың көлдің жерінде көлдерде және жағалаудағы архипелагтарда мыңдаған аралдар да бар,финлияндия киремет қайықпен баратын жер мың көлдің жерінде көлдерде және жақылаудағы архипилоктарда мыңдаған аралдар да бар,0.25,0.05737704918032787,0
759,1840,21.84,италияның көптеген қалаларында және әлемдегі басқа да қалаларда әсіресе польшада соған ұқсас қондырмалар орнатылды және бұған көптеген адамдар куә болды,италияның көптеген қарл қалаларында және әлемдегі басқа да қалаларда әсіресе польшада соған ұқсаз қондырмалар орнатылды және бұған көптеген адамдар куә болды,0.1,0.039473684210526314,0
760,1724,11.76,ол шамамен 400 жылдан бастап салтанаттың эпицентріне ретінде белгілі болды және шамамен 1100 жылға дейін созылды,ұл шамамен 4өрт ж0 жылдан бастап салтанаттың эпицентрінң ретінде белгілі болды және шамамен 110 жылға дейін созылды,0.3125,0.07142857142857142,0
761,1785,19.62,құрылыс ағаштары бұл оқыту әдісі емес жаңа компьютерлік бағдарламаны пайдалану немесе жаңа жобаны бастау секілді жаңа оқу тәжірибесінен өтіп жатқан жеке тұлғаларға қолдау көрсететін көмек түрі,құрылыс ағаштары бұл оқуту әдісі немес жаңа компьютерлік бағдарламаның пайдалануы немесе жаңа жобаның бастау секілді жаңа оқу тәжірбесінен өтіп жатқан жеке тұлғаларға қолдау көрсететін көмек түрі,0.23076923076923078,0.03125,0
762,1796,11.52,бұл шөгінді жыныстар жабайы жануарлардың мекені болған құмқайырларды және жағажайларды жасауға қажет болды,бұл шөгінді жыныстар жабайы жануарлардың мекені болған құмқайырларды және жағажайларды жасауға қажет болды,0.0,0.0,1
763,1914,10.86,жиырмасыншы ғасырдағы зерттеу генетикалық вариацияның екі пулы бар екенін көрсетті жасырын және көрінетін,2ы ғасырдағы зерттеу генетикалық варицияның екі пулобар екенін көрсетті жасырын және көрінетін,0.3076923076923077,0.12380952380952381,0
764,1988,16.32,1920 жылары азаматтардың және елдердің көпшілігі пацифисті және изоляционистік көзқарастарды ұстанатын,192 жылары азаматтардың және иелдердің көпшілігі пацифисті және изоляционистік көзқарастарды ұстанатын,0.18181818181818182,0.0196078431372549,0
765,1741,10.92,солтүстікте ары қарай орналасқан үлкен аумақтарда халық өте сирек қоныстанған ал кейбіреулері елсіз дерлік жабайы жерлер,солтүстікте ары қарай орналасқан үлкен аумақтарда халық өте серек қоныстанған ал кебіреулері елсіздерлік жабайы жерлер,0.25,0.025,0
766,1897,12.0,аймақ солтүстігінде сахельмен шекаралас ал оңтүстігі мен батысында атлант мұхитымен шектеседі,аймақ солтүстігінде сахелмен шекаралас ал оңтүстігі мен батысында атлант мұхитымен шектеседі,0.09090909090909091,0.010752688172043012,0
767,1943,15.6,алаңдаушылық неғұрлым төменірек болса өмір күші соғұрлым позитивтеі болады әр адамда абсолютті тыныштық пен ризашылықты табу мүмкіндігі бар,алаңдаушылық ниғұрлым төменірек болса өмір күші соғырлым позитивте болады әр адамды абсолютті тыныштық пен ризашылықты табу мүмкіндеге бар,0.2777777777777778,0.04316546762589928,0
768,1962,16.5,pн деңгейі химиялық құрамдағы сутегі рн ішіндегі h иондарының мөлшерімен көрсетіледі,паш деңгейі хемиялық құрамдағы сутегі паш ішіндегі аш иондарның мөлшері мен көрсетіледі,0.6363636363636364,0.13095238095238096,0
769,1874,22.02,кейбір адамдар оныкі дұрыс деп ойлады бірақ көп адам қарама қарсы нәрсеге сенді күн жүйесі соның ішінде күн және тіпті басқа жұлдыздар жерді айналды деп ойлады,кейбір адамдар он үкі дұрыс деп ойлады бірақ көп адам қарама қарысы нәрсеге сенді күн жиесі соның ішінде күн және тіпті басқа жұлдыздар жерді айналды деп ойлады,0.15384615384615385,0.031446540880503145,0
770,1818,15.48,адамдар үйіне оралған саяхатшылар үшін шыдамдылық пен түсіністік қажет екенін түсінбеуі мүмкін,адамдар үйене оралған саяхатшылар үшін шұдамдылық пен түсін үстік қажетегенін түсінбеу мүмкін,0.5,0.07446808510638298,0
771,1855,16.02,арыстандар прайды қасқырлар мен иттер сияқты әрекет етеді олар арыстандарға бірақ басқа үлкен мысықтарға ұқсамайды ұқсас жануарлар сонымен қатар олар өз олжалары үшін өте қауіпті,арыстандар прайды қасқырлармен иттер сияқты әрекет етеді олар арыстандарға бірақ басқа үлкен мысықтарға ұқсамайды ұқсас жануарлар сонымен қатар олар өз олжалары үшін өте қауіпты,0.12,0.011235955056179775,0
772,1706,15.54,дәстүрлірек шіркеулер пасха демалыс күндері сенбі түні пасхалық таңғы ғибадатты өткізеді жиналыстар жиі түн ортасында мәсіхтің қайта тірілуін мерекелеуге айналады,дәстүрілірек шіркеулер пасха демалыс күндері сенбі түні пасхалық таңғы ғибадатты өткізеді жиналыстар жи түн ортасында мәсіхтың қайта түрлуін мерекелеуге айналады,0.2,0.030864197530864196,0
773,1896,20.4,ақш гимнастикасы және ақш олимпиада комитеті бір мақсатты көздейді гимнастика және басқа да спорт түрлерін барынша қауіпсіз етіп спортшылардың өз армандарын орындауды қауіпсіз позитивті және мүмкіндіктерге толы ортада жүзеге асыруын қамтамасыз ету,ақыш гимнастикасы және ақш олимпияда комитеті бір мақсатты көздейді гимнастика және басқада спорттүрлерін барымша қауіпсыз етіп спортшылардың өз армандарын орындауды қауіпсіз позитивті және мүмкіндіктерге толы ортада жүреге асыруын қамтамасыз ету,0.28125,0.02834008097165992,0
774,1875,9.6,мұхиттарға құйылатын планета өзендеріндегі судың толықтай 20 пайызы амазонкадан келеді,мұқиттарға құылатын планета өзендеріндегі судың толықтай 2паы амазонкодан келеді,0.5,0.09302325581395349,0
775,1943,12.24,алаңдаушылық неғұрлым төменірек болса өмір күші соғұрлым позитивтеі болады әр адамда абсолютті тыныштық пен ризашылықты табу мүмкіндігі бар,алаңдаушылық неғұрылым төменірек болса өмір күші соғырылым позитивті болады әр адамды абсолютті тыныштықпен ризаушылықты табу мүмкіндігі бар,0.3888888888888889,0.050359712230215826,0
776,1770,9.48,бұл орынды болып көрінеді өйткені жердің қозғалғаны сезілмейді солай емес пе,бұл орынды болып көрінеді үйткені жердің қозғалғаны сезілмейді солай емес пе,0.09090909090909091,0.013157894736842105,0
777,2006,9.36,кальций және калий сияқты элементтер металдар болып саналады әрине күміс және алтын сияқты металдар да бар,кальци және калей сияқты элементтер металдар болып саналады әрине көміз және 6лты сияқты металдар да бар,0.25,0.05660377358490566,0
778,1713,21.84,гома жеткілікті деңгейде қауіпсіз болғанмен гомадан тыс аймақтарға шығудан бұрын солтүстік киву провинциясындағы соғыс жағдайын түсіну үшін аздап зерттеу жүргізген дұрыс,гома жеткілікті деңгейде қауіпсіз болғанмен гома деnтс аймақтарға шығудан бұрын сол түстік киву провинциясындағы соғыс жағдайын түсіну үшін аздап зерттеу жүргізген дұрыс,0.19047619047619047,0.03550295857988166,0
779,1902,7.92,алдымен ол грейт ярмуттегі джеймс пейджет ауруханасына түсті,алдымен ұл гrеd яруметтегі james paget ауруханасына түсті,0.625,0.31666666666666665,0
780,1877,24.84,қазіргі сенатор және аргентинаның бірінші ханымы кристина фернандес де киршнер өзінің президенттік кандидатурасын кеше кешкі уақытта буэнос айрестен 50 шақырым 31 миль қашықтықта орналасқан ла плата қаласында жариялады,қазіргі сенатор және оргентинаның бірінші ханым кристина фернандасде киршнер өзінің президентік кандидатурасының кеше кешкі уақытта буэнес айрістен елу шақырым 31 миль қашықтықта орналасқан ыла плата қаласында жариялады,0.35714285714285715,0.05963302752293578,0
781,1736,8.28,роландо мендоза m16 мылтығымен туристтерге оқ жаудырды,роландомендоза m16 мылтығымен туристерге оқ жаудырды,0.42857142857142855,0.037037037037037035,0
782,1685,15.66,мысалы дүние жүзіндегі ең жиі кездесетін фотография түсіру пішімі болып 35 мм табылады ол аналогтық пленка дәуірі бітіп жатқанда басым пленка өлшемі болатын,мысалы дүние жүзіндегі ең жи кездесетін фотография түсіру пшімі болып 35 мm табылады ол аналықтық плонка дәуірі бітіп жатқанда басым плонка өлшемі болатын,0.2608695652173913,0.04487179487179487,0
783,1675,15.78,барлық зат есімдер сонымен бірге сіз дегенді білдіретін sie сөзі тіпті сөйлемнің ортасында да бас әріптен басталады,барлық зат есімдер сонымен бірге сіз дегенді білдіретін сие сөзі тіпті сөйлемнің ортасында да бас әріптен басталады,0.058823529411764705,0.02608695652173913,0
784,1967,24.36,лейтон премьер министрмен кездесу кезінде консерваторлардың экологиялық заңына өзгерістер енгізуді сұрады сондай ақ консервативті партияның экологиялық заңын мұқият және толығымен қайта жазуды сұрады,лейтон премьер министрмен кездесу кезінде консерваторлардың экологиялық заңына өзгері стиренгізуді сұрады сондай ақ консервативті партияның экологиялық заның мұқият және толығымен қайта жазуды сұрады,0.13043478260869565,0.02512562814070352,0
785,1760,17.16,мозасавр өз заманының ең жоғары жыртқышы болған сондықтан ол басқа мозасаврлардан басқа ештеңеден қорықпаған,мозасавыр өз заманының ең жоғара жыртқышы болған сондықтан ол басқа моза савырлардың басқа ештеңеден қоратпаған,0.35714285714285715,0.07407407407407407,0
786,1946,18.18,күшін жою ережелері әр түрлі болып келеді бірақ наурыз айының ақырынан бастап коронавирустық негіздегі көптеген жою ережелері олимпиада жоспарланған 2020 жылдың шілде айына дейін қолданылмайды,күшін жою ережелері әр түрлі болып келеді бірақ наурызайының ақырынан бастав коронавирустык негіздегі көптеген жою ережелері олимпияда жоспарланған 20020 жылдың шілде айына дейін қолданылмайды,0.24,0.026041666666666668,0
787,1819,16.44,ежелгі қытайда әртүрлі уақыт мерзімдерін көрсетудің ерекше әдісі болды қытай тарихының әрбір кезеңі немесе билік басына келген әрбір отбасы ерекше династия болды,ежелгі қытайда әр түрлі уақыт мерзімдерін көрсетудің ерекше әдісі болды қытай тарихының әрбір кезеңі немесе билік басына келген әрбір отбасы ерекше династия болады,0.13636363636363635,0.012422360248447204,0
788,1667,17.16,жалпы алғанда менеджерлер бұрынғы әріптестеріне басшылық ете бастағанда екі түрлі қылық пайда болуы мүмкін бір жағынан алдыңғы әріптестердің бірі немесе құрбылардың болып қалуға тырысады,жалып алғанда менеджерлер бұрынғы әріптестеріне басшылық ете бастағанда екі түрлі қылық пайда болуы мүмкін бір жағынан алдыңғы әріптестердің бірі немесе құрбылардың болып қалуға тырсады,0.08333333333333333,0.016129032258064516,0
789,1844,8.7,айдың беті тау жынысы мен шаңнан тұрады айдың сыртқы қабаты қабық деп аталады,айдың беті тау жұнысымен шаңынан тұрады айдың сыртқы қабаты қабық деп аталады,0.23076923076923078,0.03896103896103896,0
790,1986,14.28,нағыз көзге көрінбейтін топтың ларсон мен лафасто 1989 109 бет болуы да виртууалды топтың бірегей компоненті болып табылады,нағыз көзге көрінбейтін топтың ларсін мен лафасто 1989 19 бет болуы да виртуалды топтың бірегий компоненті болып табылады,0.2222222222222222,0.032520325203252036,0
791,1783,12.12,аймақтық және маусымдық ауа райы құбылыстары қарлы борандарды мұзды борандарды және шаң дауылдарын қамтиды,аймақтық және маусындық ауа райы құбылыстары қарлы борандарды мұзды борандарды және шаңдауылдарынан қамтиді,0.2857142857142857,0.04716981132075472,0
792,1910,13.32,париждіктер біртүрлілігі дөрекілік және менмендігімен ерекшеленеді,париждіктер бір түрлілігі дүрекілік және менмендігімен ерекшелінеді,0.6666666666666666,0.045454545454545456,0
793,1968,25.32,кейбір круиздердің кітапшаларында германияның берлин қаласы көрсетілген жоғарыдағы картадан көргеніңіздей берлин теңізге жақын орналаспаған және қалаға бару круиздің бағасына кірмейді,кейбір круиздердің кітапшаларында германияның берлин қаласы көрсетілген жоғардағы картадан көргеніңіздей берлин теңізге жақын орналаспаған және қалаға бару круиздің бағасына кірмейді,0.05,0.00546448087431694,0
794,1841,24.06,жоғарыдағы ашық әдемі аспаннан және көптеген қоршаған таулардан басқа ештеңе көрінбейді үңгір ішінен бұл дүниенің өте аз бөлігін көруге немесе естуге болады,жоғардағы ашық әдемі аспаннан және көптеген қоршаған таулардан басқа еіштеңе көрінбейді үңгір ішінен бұл дүниенің өте аз бөлгін көруге немесе естуге болады,0.13636363636363635,0.019230769230769232,0
795,1833,20.58,философия ғұламасы аристотель әрбір заттың төрт элементтің біреуінен немесе бірнешесінен жасалған деген теория құрған,философия ғұламасы аристотель әрбір заттың төрт элементтің біреуінен немесе бірнешесінен жасалған деген тиория құрған,0.07142857142857142,0.008547008547008548,0
796,1757,14.22,тек ұрықтық жасушалардағы мутация балаларға өтуі мүмкін ал басқа орындағы мутация жасушалар өлімге немесе қатерлі ісікке әкелуі мүмкін,тек ұрықтық жасушалардағы мутация балаларға өтуі мүмкін ал басқа орындағы мутация жасушалар өлімге немесе қатерлііске әкелуі мүмкін,0.1111111111111111,0.022388059701492536,0
797,1913,16.8,жолбарыстың ақыруы арыстанның бар күшімен ақыруына ұқсамайды ол ақырып қатты айтқан сөздерге көбірек ұқсайды,жұл барыстың ақыруы арыстанның бар күшімен ақыруына ұқсамайды ол ақырып қатты айтқан сөздерге көбірек ұқсайды,0.14285714285714285,0.018518518518518517,0
798,1771,20.04,негізгі сахналардағы музыка аяқталғанымен фестивальдің түннің кеш уақытына дейін музыканы ойнатуды жалғастыратын бөліктері болуы мүмкін екенін есте сақтаңыз,негізгі сахналардағы музыка аяқталғанымен фестивальдің түннің кеш уақытына дейін музыканы ойнатуды жалғастыратын бөліктері болуы мүмкін екенін естесақтаңыз,0.1111111111111111,0.00641025641025641,0
799,1959,19.8,бәрібір билік органдарынан кеңес алыңыз барлық белгілерді ескеріңіз және қауіпсіздік туралы ескертулерге ерекше көңіл бөліңіз,бәрібір билік органдарынан кеңесалыңыз барлық белгілерді ескеріңіз және қауіпсіздік туралы ескертулерге ерекше көңіл бөліңіз,0.13333333333333333,0.008,0
800,1693,20.4,бірақ капитан қақпасын жоғалтудан кейін үндістан ойынды аяқтау үшін бар болғаны 36 рет жүгірді 7 рет қақпаны жоғалтты,бірақ капитан қақпасын жоғалтудан кейін үндістан ойынды аяқтау үшін бар болғаны 36 рет жүгірді жеті рет қақпаны жоғалыпты,0.1111111111111111,0.05128205128205128,0
801,1734,10.32,ғалымдар қара материя басқа қара материяға қарапайым материя сияқты әсер етеді деп тұжырымдай алды,ғалымдар қара материя басқа қара материяға қарапайым материя сияқты әсер етеді деп тұжырымдай алды,0.0,0.0,1
802,1672,15.84,матаның тым ыстық болуына жол бермеңіз бұл қысқаруға немесе күюіне себеп болуы мүмкін,матаның тым ыстық болуына жол бермеңіз бұл қысқаруға немесе күйюіне себеп болуы мүмкін,0.07692307692307693,0.011764705882352941,0
803,1906,7.5,бұл қоштасу болайын деп тұрған жоқ бұл бір тараудың жабылуы және жаңасының ашылуы,бұл қошсасу болайын деп тұрған жоқ бұл бір тараудың жабылу және жаңасының ашылуы,0.15384615384615385,0.024691358024691357,0
804,1963,21.78,дымқыл киімді үтіктеу киімнің кебуіне көмектеседі көп қонақ үйлерде тіпті бөлмеде болмаса да ала тұруға болатын үтік және үтіктеу тақтасы болады,дымқыл киімді үтіктеу киімнің кебуіне көмектеседі көп қонақ үлерде тіпті бөлмеде болмаса да ала туруға болатын үтік және үтіктеу тақтасы болады,0.09523809523809523,0.013888888888888888,0
805,1870,8.34,көріністер пирамидаларда көрсетіледі және әртүрлі пирамидалар жанады,көріністер пирамидалар да көрсетіледі және әртүрлі пирамидалар жанады,0.2857142857142857,0.014705882352941176,0
806,1744,16.98,россби нөмірі неғұрлым кішірек болса жұлдыздың магниттену инверсиясына қатысты белсенділігі азырақ болады,розбинөмірі ниғырлым кішірек болса жұлдыздың магнеттену инверсиясыну қатысты белсенділігі азырақ болады,0.4166666666666667,0.06666666666666667,0
807,1705,21.6,1940 жылы 15 тамызда одақтастар оңтүстік францияға басып кірді бұл шапқыншылық дракон операциясы деген атауға ие болды,194 жылы 15 тамызда одақтастар оң түстік францияға басып кірді бұл шапқыншылық дракон операциясы деген атауға ие болды,0.17647058823529413,0.01694915254237288,0
808,1660,15.84,романтизмде гете фихте шлегель сияқты жазушылардан алынған мәдени детерминизмнің үлкен элементі болды,романтизмде готы фихті шлегель сияқты жазушылардан алынған мәдени детерминизмнің үлкен элементі болды,0.16666666666666666,0.0297029702970297,0
809,2000,18.12,солтүстік балтық теңізінен қыста өтсеңіз кабинадағы орынды қарастырыңыз өйткені мұз арқылы өту ең көп әсер етілетін адамдар үшін айтарлықтай жаман шуды тудырады,сол түстік балттық тиіңізінен қыста өтсеңіз қабинадағы орынды қарастырыңыз өйткені мыз арқылы өту ең көп әсер етілетін адамдар үшін айтарлықтай жаман шуды тудырады,0.2727272727272727,0.0375,0
810,1800,22.74,бұл көпір 2017 жылдың қыркүйек айында толығымен жұмыс істейді деп жоспарланған бұл жылда бразилиялық кеден бекеттері аяқталады деп күтілуде,бұл көпір 2017 жылдың 42 айында толығымен жұмысы істейді деп жоспарланған бұл жылда бразилиялық кеден бекеттері аяқталады деп күтілуде,0.10526315789473684,0.06474820143884892,0
811,1711,24.24,бұл теориялар белгілі бір адамдарды қалайтын нәрселерін не қалаттыратынын және қоршаған ортасындағы қандай нәрселер белгілі бір әрекеттерді істеткізетінін немесе істеткізбейтінін қарастырады,бұл теориялар белгілі бір адамдарды қалайтын нәрселерін не қалаттыратынын және қоршаған ортасындағы қандай нәрселер белгілі бір әрекеттерді істеткізетінін немесе істеткізбейтінін қарастырады,0.0,0.0,1
812,1790,28.02,оның жұмысы соншалықты танылған сапалы және егжей тегжейлі болғандықтан филателистер арасында өте аз үй иелері атауларының бірі болып есептеледі кейбіреулер өзінің жұмысын жалғыздықта жинауға маманданған,оның жұмысы соншалықты танылған сапалы және екже текжейлі болғандықтан филотилисттер арасында өте аз и иелері атауларының бірі болып есептеледі кейбіреулер өзінің жұмысын жалғыздықта жинауға мұмынданған,0.2,0.04926108374384237,0
813,1715,30.0,метродағы жүйелі хабарландырулар тек каталан тілінді жасалады бірақ автоматтандырылған жүйе жоспарланбаған үзілістерді көп тілде жариялайды испан ағылшын француз араб және жапон,метродағы жүйелі хабарландырулар тек каталан тілінді жасалады бірақ автоматтандырылған жүйе жоспарланбаған үзілістерді көп тілде жариялайды испан ағылшын француз араб және жапон,0.0,0.0,1
814,1869,26.28,оның ұзын жақтарында 70 тен астам ұстарадай өткір тістер және аузының үстіңгі жағында қосымша тістер жинағы болған бұл оған кезіккен әрбір жануардың одан қашып кете алмайтынын білдіреді,оның ұзын жақтарында жетпістен астам ұстарадай өткір тістер және аузының үстіңгі жағында қосымша тістер жинапы болған бұл оған кезеккен әрбір жануардың одан қашып кете алмайтынын білдіреді,0.14814814814814814,0.043243243243243246,0
815,1847,15.9,оны сингапур премьер министрінің орынбасары вонг кан сенг күтіп алды және ол сингапурдың премьер министрі ли сьен лунмен сауда және терроризм мәселелерін талқылады,оны сингапур премьер министрінің орынбасары вонг кансенк күтіп алды және ол сингапурның премьер министрі лисьен лунмен саудай және терроризм мәселелерін талқылады,0.2608695652173913,0.03067484662576687,0
816,1900,11.52,іс жүзінде тіпті адам оның бар екенін білсе де оны табу оңай емес үңгірге түскеннен кейін толығымен оқшауланасыз,іш жүзінде тіпті адам оның бар екейінін білседе оны табу оңа емес үңгірге түскеннен кейін толығымен оқшауланасыз,0.2777777777777778,0.044642857142857144,0
817,1808,9.72,соғыс аяқталғаннан кейін екі жылда бұрынғы одақтастар енді жаулар болды және суық соғыс басталды,солық саяқталғаннан кейін екі жылды бұрынғы отақтастар енді жаулар болды және суық соғыс басталды,0.2857142857142857,0.052083333333333336,0
818,1977,10.62,прайдтар бірден үшке дейін туыс ересек еркек арыстаннан сондай ақ отыз аналық пен абданнан тұрады,прайттар бірден үшке дейін туыз ересек еркек арыстаннан сондай ақ отыз аналық пен абданнан тұрады,0.13333333333333333,0.020618556701030927,0
819,1904,11.52,дегенмен баяу коммуникация арналарына байланысты батыстағы стильдер 25 30 жылға қалып отырады,дегенмен баяу коммуникация араларына байланысты батыстағы істилдер 253 жылға қалып отырады,0.3333333333333333,0.053763440860215055,0
820,1880,6.06,осылайша қарындаш шыққан кезде көп адамдарға жақсы дос болды,осылайша қарында шыққан кезде көп адамдарға жақсы дос болды,0.1111111111111111,0.016666666666666666,0
821,1769,14.4,мысырлықтар б д д үшінші ғасырда соққан ұлы пирамида қайтыс болған перғауынның құрметіне соғылған көп үлкен пирамида құрылымдарының біреуі еді,мысырлықтар біздің дәуірімізге дейінгі үшінші ғасырда соққан ұлы пиромида қайтыс болған ферғауының құрметіне соғылған көп үлкен пиромида құрылымдарының біреуі еді,0.3,0.176056338028169,0
822,1704,11.94,1990 жылы ол шөл құмдары қаупіне байланысты қауіп төніп тұрған әлемдік мұралар тізіміне қосылды,199 жылы ол шөл құмдары қауіпіне байланысты қауіп төніп тұрған әлемдік мұралар тізіміне қосылды,0.14285714285714285,0.021052631578947368,0
823,1918,12.3,сундарбан юнеско ның әлемдік мұра орны деп жарияланды үндістан территориясындағы орманның бөлігі сундарбан ұлттық паркі деп аталады,сундарбан юнвесканың әлемдік мұра орны деп жариланады үнстан территориясындағы орманның бөлігі сундарбан ұлттық паркі деп аталады,0.23529411764705882,0.05343511450381679,0
824,1718,21.0,антиквариат болып табылатын бұйымдар үшін ортақ анықтама берілмеген кейбір салық органдары 100 жастан асқан бұймыдарды антиквариат деп атайды,антиквариат болып табылатын бұйымдар үшін ортақ анықтама берілмеген кейбір салық органдары жү0 жастанасқан бұймыдарды антиквариат деп атайды,0.16666666666666666,0.02127659574468085,0
825,1684,20.4,апиа самоаның астанасы бұл қала уполу аралында орналасқан және оның халқы 40 000 нан сәл төмен,апия самуаның астанасы бұл қала уполу аралында орналасқан және оның халқы қырық мыңнан сәлтөмен,0.4375,0.1276595744680851,0
826,1949,8.28,энтомологтар жәндік терминін осы жәндіктер тобы үшін ресми мағынада пайдаланады,энтимологтор жәндік термейнің осы жәндіктер тобы үшін ресми мағынада пайдаланады,0.2,0.06329113924050633,0
827,1999,15.18,1960 жылдары бжезинский джон кеннедидің кеңесшісі болып содан кейін линдон б джонсон әкімшілігінде жұмыс істеді,196 жылдарды бженски джон кенидидің кеңешшісі болып содан кейін линдон b джонсон әкімшілігіне жұмыс істеді,0.4666666666666667,0.09009009009009009,0
828,1991,14.4,еуропалық тарихтың осы кезеңінде бай және қуатты болған католик шіркеуі қатаң бақылауға алынды,еуропалық тарихтың осы кезеңіңде бай және қуатты болған католик шіркеуі қатаң бақылауға алынды,0.07692307692307693,0.010638297872340425,0
829,1692,9.66,жапонияның ядролық агенттігінің хабарлауынша зауытта радиоактивті цезий мен йод анықталған,жапонияның ядырлық агенттігінің хабарлауынша зауытта радиоактивті цези мен йот анықталған,0.3,0.044444444444444446,0
830,1667,25.86,жалпы алғанда менеджерлер бұрынғы әріптестеріне басшылық ете бастағанда екі түрлі қылық пайда болуы мүмкін бір жағынан алдыңғы әріптестердің бірі немесе құрбылардың болып қалуға тырысады,жалпы алғанда менеджерлер бұрынғы әріптестеріне басшылық ете бастағанда екі түрлі қылық пайда болуы мүмкін бір жағынан алдыңғы әріптестердің бірі немесе құрбылардың болып қалуға тырысады,0.0,0.0,1
831,1704,16.98,1990 жылы ол шөл құмдары қаупіне байланысты қауіп төніп тұрған әлемдік мұралар тізіміне қосылды,199 жылы ол шөл құмдары қаупіне байланысты қауіп төніп тұрған әлемдік маралар тізіміне қосылды,0.14285714285714285,0.021052631578947368,0
832,2004,10.44,дәл осы айда тағы бір ұшақ мешхедтің ұшу қону жолағын басып өтіп қабырғаға соғылып он жеті адамды өлтірді,дәл озайда тағы бұрушақ мешхеттің шу қону жолағын басып өтіп қабырғаға соғылып онжеті адамды өлтірді,0.4444444444444444,0.08571428571428572,0
833,1852,25.02,блогтарды тиісті түрде қолдану студенттердің аналитикалық және критикалық ойлауын әлдеқайда күшейтуі мүмкін интернет материалдарына белсенді түрде жауап беру арқылы олар басқа адамдардың жазбаларына қатысты өздерінің позициясын айқындай алады сондай ақ нақты бір мәселелер бойынша өздерінің көзқарастарын білдіре алады oravec 2002,блоктарды тиістү түрде қолдануы студенттердің аналитикалық және критикалық ойлауын әлдеқайдау кішедуі мүмкін интернет материалдарына белсенді түрде жауап беру арқылы олар басқа адамдардың жазбаларына қатысты өздерінің позициясын айқындай алады сондай ақ нақты бір мәселелер бойынша өздерінің көзқарастарын білдіре алады оравек 202,0.175,0.04242424242424243,0
834,1907,13.92,соғыс басталғаннан кейін жуық арада ұлыбритания германияны әскери теңіз қоршауына алды,соғыс басталғаннан кейін жуықарада бұлы британия германияны әскери теңіз қоршауына алды,0.2727272727272727,0.03488372093023256,0
835,1805,9.72,scotturb 403 автобусы синтраға қалыпты түрде қатынап отырады да рока мүйісінде тоқтайды,scoturf 43 автогусы сен траға халыпты түрде қатынап отырады да roкомесінде тоқтайды,0.6666666666666666,0.16091954022988506,0
836,1760,10.44,мозасавр өз заманының ең жоғары жыртқышы болған сондықтан ол басқа мозасаврлардан басқа ештеңеден қорықпаған,мазасабр өз заманының ең жоғарғы жырсқшы болған сондықтан ол басқа мазасаврлардан басқа ештеңеден қорықпаған,0.2857142857142857,0.05555555555555555,0
837,1741,18.18,солтүстікте ары қарай орналасқан үлкен аумақтарда халық өте сирек қоныстанған ал кейбіреулері елсіз дерлік жабайы жерлер,солтүстікте ары қарай орналасқан үлкеәнаумақтарда халық өте серек қоныстынған ал кейбіреулері елсіздерлік жабайы жерлер,0.375,0.041666666666666664,0
838,1700,8.22,күңгірт жерлердің асты жұқа ал жарық жерлердің асты қалың тау жынысынан тұрады,көңгірт жерлердің асты жұқа ал жарық жерлердің асты қалыңтау жұныстан тұрады,0.3333333333333333,0.0641025641025641,0
839,1674,10.98,кейбір аумақтарда суды бір минут бойы қайнату жеткілікті ал басқаларында бірнеше минут қажет,кейбір аумақтарда суды бір минутті бойы қайнату жеткілікті ал басқаларында бірнеше минут қажет,0.07692307692307693,0.021739130434782608,0
840,1797,12.12,әр адам қоғамға қатысады және көлік жүйелерін пайдаланады әркім дерлік көлік жүйелері туралы шағымданады,әр адам қоғамға қатсады және көлік жүйелерін пайдаланады әр кімдерлік көлік жүйелері туралы шағымданады,0.21428571428571427,0.028846153846153848,0
841,1770,11.88,бұл орынды болып көрінеді өйткені жердің қозғалғаны сезілмейді солай емес пе,бұл орынды болып көрінеді өткені жердің қозғалғаны сезілмейді солай емес пе,0.09090909090909091,0.013157894736842105,0
842,1729,17.04,мысалы солтүстік каролина штатындағы беннет мектебінің студенттері жыл сайын штат астанасына сапары туралы веб сайтын жасайды бұл веб сайт жыл сайын қайта жасалады бірақ ескі нұсқалар альбом ретінде онлайн сақталады,мысалы солтүстік каролина штатындағы бенеп мектебінің студенттері жыл сайын штат астанасына сапары туралы уебсайтын жасайды бұл уебсайт жыл сайын қайта жасалады бірақ ескі нұсқалар альбом ретінде онлайн сақталады,0.16666666666666666,0.027906976744186046,0
843,1799,9.9,сәрсенбі күнгі оқиғадан басқа карпанедо чемпионаттағы екі жеке жарыста қатысты,сәрсенбі күнгі оқиғадан басқа корпанядо чемпионаттағы екі жеке жарыста қатысты,0.1,0.02564102564102564,0
844,1755,11.34,бір бомба генерал губернатор кеңсесінің сыртында жарылды,бір бомба генерал гебуернатор кенсесінің сұртында жарылды,0.42857142857142855,0.07142857142857142,0
845,1757,19.92,тек ұрықтық жасушалардағы мутация балаларға өтуі мүмкін ал басқа орындағы мутация жасушалар өлімге немесе қатерлі ісікке әкелуі мүмкін,тек ұрықтық жасушалардағы мутация балаларға өтуі мүмкін албасқа орындағы мутация жасушалар өлімге немесе қатерлі ісікке әкелуі мүмкін,0.1111111111111111,0.007462686567164179,0
846,1909,11.82,виртуалды топтар кәдімгі топтар сияқты бірдей жоғары сапа стандарттарын ұстанады дегенмен мұнда кішігірім айырмашылықтар бар,виртуалды топтар кәдімгі топтар сияқты бірдей жоғары сапа стандарттарын ұстанады дегенме мұнда кішігірім айырмашылықтар бар,0.06666666666666667,0.008064516129032258,0
847,1859,17.16,орта ғасырлардың соңына қарай батыс еуропа өз стилін дамыта бастады бұл уақыттағы кірескерлердің нәтижесіндегі ең үлкен дамуларының бірі болып адамдардың киімін жабу үшін түймелерді пайдалануы табылады,орта қасырлардың соңына қарай батыс еуропа өз телін дамта бастады бұл уақыттағы кіріскерлердің нәтиесіндегі еңүлкен дамуларның бірі болып адамдардың киімін жабу үшін түймелерді пайдалануы табылады,0.3076923076923077,0.03980099502487562,0
848,1700,14.64,күңгірт жерлердің асты жұқа ал жарық жерлердің асты қалың тау жынысынан тұрады,күңгір жерлердің асты жықа ал жалры жерлернің асты қалың тау жыңысынан тұрады,0.4166666666666667,0.07692307692307693,0
849,1684,17.4,апиа самоаның астанасы бұл қала уполу аралында орналасқан және оның халқы 40 000 нан сәл төмен,апия самуаның астанасы бұл қала уполу аралында орналасқан және оның халқы қырық мыннаң сәл төмен,0.3125,0.1276595744680851,0
850,1937,38.58,дегенмен бұл жоспарлар бір түнде дерлік ескіріп кетті кеңес одағының қызыл әскернің 800 000 сарбазы келіп ригадағы бейбітшілік туралы келісімді кеңес поляк агрессия жасамау туралы пактісін және басқа халықаралық екі жақты және көп жақты келісімдерді бұза отырып польшаның шығыс аймақтарына басып кіргеннен кейін беларус және украина фронттарын жасады,дегенмен бұлу жоспарлар бір түнде дерлік ескіріп кетті кеңес одағының қызыл әскерінің 800 000 сарбазы келіп ригадағы бейбітшілік туралы келісімді кеңес поляк агрессия жасамау туралы пактісін және басқа халықаралық екі жақты және көпжақты келісімдерді бұза отырып польшаның шығыс аймақтарына басып кіргеннен кейін беларус және украина фронттарын жасады,0.08333333333333333,0.008571428571428572,0
851,1776,9.72,бір түн ішінде 150 ден 200 ге дейін көшірмелер жасалып олар қазір dunlap broadsides ретінде белгілі,бір түн ішінде жүзелуден екі жүзге дийін көшірмелер жасалып ол қазір дунлап бродсайдс ретінде белгілі,0.5,0.31313131313131315,0
852,2005,7.74,бірақ құстарда динозаврдікіне ұқсайтын көп нәрселер әлі де бар,бірақ құстарды диназаврдікіне ұқсайтын көп нәрселер әлі де бар,0.2222222222222222,0.03225806451612903,0
853,2001,23.82,саяхаттаушыларға өз аумағына әсер ететін ауыр ауа райының кез келген қаупі туралы хабардар болу туралы кеңес беріледі өйткені олар барлық саяхаттау туралы жоспарларға әсер етуі мүмкін,саяхаттаушыларға өз аумағына әсер ететін аур ауараяның кез келген қаупы туралы хабардар болу туралы кеңес беріледі өткені олар барлық саяхаттау туралы жоспарларға әсер етуі мүмкін,0.19230769230769232,0.03278688524590164,0
854,1666,18.78,сондай ақ өзіңіздікінен басқа үкіметтерден кеңес алғыңыз келуі мүмкін бірақ олардың кеңесі өз азаматтарына арналған,сондай ақ өзіңіздікінен насқа үкіметтерден кеңес алғыңыз келуі мүмкін бірақ олардың кеңесі өз азаматтарына арналған,0.06666666666666667,0.008695652173913044,0
855,1769,14.76,мысырлықтар б д д үшінші ғасырда соққан ұлы пирамида қайтыс болған перғауынның құрметіне соғылған көп үлкен пирамида құрылымдарының біреуі еді,мысырлықтар біздің заманымызға дейінгі үшінші ғасырда соққан ұлы пиромида қайтыс болған пирғауының құрметіне сауалған көп үлкен пиромида құрылымдарының біреуі еді,0.35,0.20422535211267606,0
