recording_idx,speaker,ground_truth,prediction,confidence,correct,duration_sec,used_duration_sec,truncated
0,akzhol,angry,happy,0.2586129903793335,0,6.014,6.014,0
1,akzhol,angry,neutral,0.3854837417602539,0,4.5975625,4.5975625,0
2,akzhol,angry,angry,0.5238821506500244,1,3.1811875,3.1811875,0
3,akzhol,angry,neutral,0.45238691568374634,0,6.687375,6.687375,0
4,akzhol,angry,happy,0.8679350018501282,0,10.147125,10.0,1
5,akzhol,angry,angry,0.3826620578765869,1,7.5465,7.5465,0
6,akzhol,angry,neutral,0.6618018746376038,0,4.0170625,4.0170625,0
7,akzhol,angry,neutral,0.41555410623550415,0,4.179625,4.179625,0
8,akzhol,angry,sad,0.3106241822242737,0,5.2013125,5.2013125,0
9,akzhol,angry,neutral,0.5031952857971191,0,4.0170625,4.0170625,0
10,akzhol,angry,sad,0.2810077667236328,0,4.2260625,4.2260625,0
11,akzhol,angry,neutral,0.5041424632072449,0,7.5465,7.5465,0
12,akzhol,angry,neutral,0.7708969116210938,0,2.4845625,2.4845625,0
13,akzhol,angry,neutral,0.5599896311759949,0,10.1935625,10.0,1
14,akzhol,angry,neutral,0.5720903277397156,0,3.71525,3.71525,0
15,akzhol,angry,neutral,0.5134934782981873,0,6.6409375,6.6409375,0
16,akzhol,angry,neutral,0.610963761806488,0,9.89175,9.89175,0
17,akzhol,angry,neutral,0.6843059062957764,0,7.871625,7.871625,0
18,akzhol,angry,sad,0.38904398679733276,0,6.6176875,6.6176875,0
19,akzhol,angry,neutral,0.3390282690525055,0,10.1935625,10.0,1
20,akzhol,angry,neutral,0.5874610543251038,0,4.9226875,4.9226875,0
21,akzhol,angry,neutral,0.5810270309448242,0,7.4071875,7.4071875,0
22,akzhol,angry,neutral,0.5200950503349304,0,7.1053125,7.1053125,0
23,akzhol,angry,neutral,0.3249552547931671,0,8.2663125,8.2663125,0
24,akzhol,angry,neutral,0.5711126923561096,0,6.8266875,6.8266875,0
25,akzhol,angry,neutral,0.5808625221252441,0,3.4598125,3.4598125,0
26,akzhol,angry,neutral,0.4065827429294586,0,6.966,6.966,0
27,akzhol,angry,neutral,0.6398160457611084,0,5.2013125,5.2013125,0
28,akzhol,angry,neutral,0.5671460628509521,0,6.40875,6.40875,0
29,akzhol,angry,neutral,0.5330560803413391,0,8.31275,8.31275,0
30,akzhol,angry,neutral,0.45219704508781433,0,5.5960625,5.5960625,0
31,akzhol,angry,happy,0.40415075421333313,0,8.986125,8.986125,0
32,akzhol,angry,neutral,0.28379276394844055,0,10.1239375,10.0,1
33,akzhol,angry,sad,0.33215656876564026,0,5.154875,5.154875,0
34,akzhol,angry,neutral,0.35617008805274963,0,7.871625,7.871625,0
35,akzhol,angry,neutral,0.6122034192085266,0,9.1486875,9.1486875,0
36,akzhol,angry,neutral,0.5519702434539795,0,3.041875,3.041875,0
37,akzhol,angry,neutral,0.4332505762577057,0,3.970625,3.970625,0
38,akzhol,angry,neutral,0.5936706066131592,0,4.4815,4.4815,0
39,akzhol,angry,neutral,0.452332079410553,0,3.901,3.901,0
40,akzhol,angry,happy,0.3176952302455902,0,8.7771875,8.7771875,0
41,akzhol,angry,neutral,0.4093046486377716,0,5.7585625,5.7585625,0
42,akzhol,angry,angry,0.42550551891326904,1,7.4071875,7.4071875,0
43,akzhol,angry,sad,0.449133962392807,0,1.462875,1.462875,0
44,akzhol,angry,neutral,0.6868053674697876,0,2.4845625,2.4845625,0
45,akzhol,angry,neutral,0.35295385122299194,0,4.5046875,4.5046875,0
46,akzhol,angry,neutral,0.4589416980743408,0,9.3344375,9.3344375,0
47,akzhol,angry,neutral,0.3917064368724823,0,6.3855,6.3855,0
48,akzhol,angry,neutral,0.47673872113227844,0,1.857625,1.857625,0
49,akzhol,angry,neutral,0.5356943011283875,0,2.0898125,2.0898125,0
50,akzhol,angry,neutral,0.49384069442749023,0,4.66725,4.66725,0
51,akzhol,angry,sad,0.19433854520320892,0,4.853,4.853,0
52,akzhol,angry,neutral,0.4430779218673706,0,6.501625,6.501625,0
53,akzhol,angry,neutral,0.5246232151985168,0,4.0403125,4.0403125,0
54,akzhol,angry,neutral,0.33394715189933777,0,2.252375,2.252375,0
55,akzhol,angry,neutral,0.7424339652061462,0,2.5078125,2.5078125,0
56,akzhol,angry,happy,0.3980824649333954,0,5.154875,5.154875,0
57,akzhol,angry,sad,0.4269326627254486,0,9.2415625,9.2415625,0
58,akzhol,angry,neutral,0.6404455900192261,0,4.4118125,4.4118125,0
59,akzhol,angry,neutral,0.7745017409324646,0,2.6935625,2.6935625,0
60,akzhol,angry,neutral,0.4872089624404907,0,5.921125,5.921125,0
61,akzhol,angry,neutral,0.3369787335395813,0,3.7384375,3.7384375,0
62,akzhol,angry,neutral,0.3405342102050781,0,4.7833125,4.7833125,0
63,akzhol,angry,sad,0.5510753393173218,0,1.4396875,1.4396875,0
64,akzhol,angry,neutral,0.42045846581459045,0,8.7539375,8.7539375,0
65,akzhol,angry,fearful,0.6000162363052368,0,3.5526875,3.5526875,0
66,akzhol,angry,angry,0.4160618782043457,1,3.692,3.692,0
67,akzhol,angry,angry,0.4591015875339508,1,4.2028125,4.2028125,0
68,akzhol,angry,sad,0.4149196445941925,0,9.961375,9.961375,0
69,akzhol,angry,neutral,0.6215282082557678,0,1.9505,1.9505,0
70,akzhol,angry,neutral,0.3613360524177551,0,2.832875,2.832875,0
71,akzhol,angry,angry,0.4266594648361206,1,3.7384375,3.7384375,0
72,akzhol,angry,happy,0.5893526673316956,0,1.8344375,1.8344375,0
73,akzhol,angry,angry,0.6949301362037659,1,3.1115,3.1115,0
74,akzhol,angry,angry,0.4561029374599457,1,3.390125,3.390125,0
75,akzhol,angry,angry,0.45203080773353577,1,4.8298125,4.8298125,0
76,akzhol,angry,neutral,0.4526548981666565,0,8.4753125,8.4753125,0
77,akzhol,angry,neutral,0.34160104393959045,0,7.0124375,7.0124375,0
78,akzhol,angry,neutral,0.40132206678390503,0,3.018625,3.018625,0
79,akzhol,angry,neutral,0.3589477837085724,0,5.7585625,5.7585625,0
80,akzhol,angry,angry,0.31247255206108093,1,5.2013125,5.2013125,0
81,akzhol,angry,neutral,0.2987639009952545,0,2.55425,2.55425,0
82,akzhol,angry,angry,0.3676440715789795,1,2.3916875,2.3916875,0
83,akzhol,angry,neutral,0.7421280741691589,0,3.483,3.483,0
84,akzhol,angry,neutral,0.6148481369018555,0,1.648625,1.648625,0
85,akzhol,angry,neutral,0.5513890385627747,0,2.2988125,2.2988125,0
86,akzhol,angry,angry,0.42383265495300293,1,5.4799375,5.4799375,0
87,akzhol,angry,neutral,0.6251124739646912,0,6.014,6.014,0
88,akzhol,angry,neutral,0.5652992725372314,0,2.1595,2.1595,0
89,akzhol,angry,neutral,0.6640217900276184,0,5.2013125,5.2013125,0
90,akzhol,angry,angry,0.6015035510063171,1,3.993875,3.993875,0
91,akzhol,angry,happy,0.4558410346508026,0,5.1780625,5.1780625,0
92,akzhol,angry,happy,0.3163212537765503,0,2.995375,2.995375,0
93,akzhol,angry,neutral,0.6100616455078125,0,4.1331875,4.1331875,0
94,akzhol,angry,neutral,0.38088172674179077,0,4.365375,4.365375,0
95,akzhol,angry,neutral,0.4423791766166687,0,5.7585625,5.7585625,0
96,akzhol,angry,neutral,0.3673641085624695,0,3.901,3.901,0
97,akzhol,angry,angry,0.39295798540115356,1,1.9505,1.9505,0
98,akzhol,angry,happy,0.35163137316703796,0,5.526375,5.526375,0
99,akzhol,angry,angry,0.3222103416919708,1,5.1780625,5.1780625,0
100,akzhol,angry,sad,0.5264481902122498,0,6.5480625,6.5480625,0
101,akzhol,angry,neutral,0.5358363389968872,0,6.315875,6.315875,0
102,akzhol,angry,neutral,0.7502194046974182,0,2.3684375,2.3684375,0
103,akzhol,angry,angry,0.3142601251602173,1,3.692,3.692,0
104,akzhol,angry,neutral,0.6396222710609436,0,4.156375,4.156375,0
105,akzhol,angry,sad,0.5277901291847229,0,6.1533125,6.1533125,0
106,akzhol,angry,neutral,0.4349685311317444,0,3.1115,3.1115,0
107,akzhol,angry,angry,0.29080730676651,1,4.9923125,4.9923125,0
108,akzhol,angry,happy,0.42667075991630554,0,11.122375,10.0,1
109,akzhol,angry,neutral,0.4002036154270172,0,5.3870625,5.3870625,0
110,akzhol,angry,neutral,0.46191173791885376,0,3.8545625,3.8545625,0
111,akzhol,angry,sad,0.43761059641838074,0,9.68275,9.68275,0
112,akzhol,angry,happy,0.4474659860134125,0,3.50625,3.50625,0
113,akzhol,angry,neutral,0.6312833428382874,0,6.223,6.223,0
114,akzhol,angry,neutral,0.4078165888786316,0,2.5078125,2.5078125,0
115,akzhol,angry,angry,0.6061373949050903,1,3.87775,3.87775,0
116,akzhol,angry,neutral,0.6606760025024414,0,2.92575,2.92575,0
117,akzhol,angry,neutral,0.7368619441986084,0,1.9040625,1.9040625,0
118,akzhol,angry,neutral,0.6541043519973755,0,6.130125,6.130125,0
119,akzhol,angry,neutral,0.39080995321273804,0,6.292625,6.292625,0
120,akzhol,angry,sad,0.8852745890617371,0,5.897875,5.897875,0
121,akzhol,angry,neutral,0.45336249470710754,0,7.5929375,7.5929375,0
122,akzhol,angry,happy,0.8291309475898743,0,3.041875,3.041875,0
123,akzhol,angry,neutral,0.46909892559051514,0,5.154875,5.154875,0
124,akzhol,angry,angry,0.45887723565101624,1,8.637875,8.637875,0
125,akzhol,angry,angry,0.3914586305618286,1,3.2740625,3.2740625,0
126,akzhol,angry,neutral,0.24500830471515656,0,7.5233125,7.5233125,0
127,akzhol,angry,neutral,0.5526350140571594,0,3.1811875,3.1811875,0
128,akzhol,angry,happy,0.9439236521720886,0,8.336,8.336,0
129,akzhol,angry,angry,0.29724204540252686,1,3.9241875,3.9241875,0
130,akzhol,angry,neutral,0.34803447127342224,0,4.08675,4.08675,0
131,akzhol,angry,neutral,0.621532142162323,0,5.2013125,5.2013125,0
132,akzhol,angry,happy,0.5624986290931702,0,3.6891875,3.6891875,0
133,akzhol,angry,neutral,0.4521714150905609,0,2.4845625,2.4845625,0
134,akzhol,angry,neutral,0.4690762460231781,0,1.880875,1.880875,0
135,akzhol,angry,neutral,0.5384353399276733,0,3.9474375,3.9474375,0
136,akzhol,angry,neutral,0.4154219925403595,0,2.623875,2.623875,0
137,akzhol,angry,neutral,0.4712875783443451,0,5.526375,5.526375,0
138,akzhol,angry,neutral,0.38079342246055603,0,3.13475,3.13475,0
139,akzhol,angry,angry,0.4025309383869171,1,1.857625,1.857625,0
140,akzhol,angry,angry,0.27602243423461914,1,3.5526875,3.5526875,0
141,akzhol,angry,happy,0.7471059560775757,0,3.8313125,3.8313125,0
142,akzhol,angry,neutral,0.4805423617362976,0,7.3375625,7.3375625,0
143,akzhol,angry,angry,0.29877835512161255,1,6.2461875,6.2461875,0
144,akzhol,angry,sad,0.7220612168312073,0,5.6656875,5.6656875,0
145,akzhol,angry,sad,0.37882912158966064,0,3.7616875,3.7616875,0
146,akzhol,angry,neutral,0.5915994644165039,0,1.462875,1.462875,0
147,akzhol,angry,angry,0.4188019931316376,1,4.574375,4.574375,0
148,akzhol,angry,neutral,0.5314727425575256,0,2.995375,2.995375,0
149,akzhol,angry,neutral,0.4050092399120331,0,4.551125,4.551125,0
150,akzhol,angry,neutral,0.5872402787208557,0,5.6425,5.6425,0
151,akzhol,angry,happy,0.6899729371070862,0,8.800375,8.800375,0
152,akzhol,angry,sad,0.4465765357017517,0,8.3591875,8.3591875,0
153,akzhol,angry,angry,0.7968655228614807,1,4.2028125,4.2028125,0
154,akzhol,angry,happy,0.3745895326137543,0,4.365375,4.365375,0
155,akzhol,angry,angry,0.5008017420768738,1,8.405625,8.405625,0
156,akzhol,angry,neutral,0.32747161388397217,0,5.03875,5.03875,0
157,akzhol,angry,neutral,0.3837355375289917,0,4.969125,4.969125,0
158,akzhol,angry,happy,0.5996447801589966,0,7.9876875,7.9876875,0
159,akzhol,angry,sad,0.37043488025665283,0,5.0851875,5.0851875,0
160,akzhol,angry,neutral,0.4628872871398926,0,8.1966875,8.1966875,0
161,akzhol,angry,happy,0.35378432273864746,0,4.2260625,4.2260625,0
162,akzhol,angry,sad,0.838866651058197,0,4.2493125,4.2493125,0
163,akzhol,angry,neutral,0.4521380662918091,0,7.4071875,7.4071875,0
164,akzhol,angry,happy,0.3795560598373413,0,7.94125,7.94125,0
165,akzhol,angry,neutral,0.5308492183685303,0,2.9025,2.9025,0
166,akzhol,angry,neutral,0.503687858581543,0,3.692,3.692,0
167,akzhol,angry,happy,0.42258185148239136,0,7.426625,7.426625,0
168,akzhol,angry,neutral,0.4650264382362366,0,6.0085,6.0085,0
169,akzhol,angry,surprised,0.9850313663482666,0,2.018875,2.018875,0
170,akzhol,angry,neutral,0.4838687479496002,0,4.4815,4.4815,0
171,akzhol,angry,neutral,0.523874819278717,0,3.901,3.901,0
172,akzhol,angry,neutral,0.5246683955192566,0,2.4845625,2.4845625,0
173,akzhol,angry,neutral,0.3724959194660187,0,8.452125,8.452125,0
174,akzhol,angry,angry,0.34085872769355774,1,5.897875,5.897875,0
175,akzhol,angry,neutral,0.6591033935546875,0,6.8266875,6.8266875,0
176,akzhol,angry,neutral,0.40793490409851074,0,2.1595,2.1595,0
177,akzhol,angry,neutral,0.32637548446655273,0,2.8793125,2.8793125,0
178,akzhol,angry,sad,0.45687922835350037,0,4.87625,4.87625,0
179,akzhol,angry,neutral,0.4095541536808014,0,2.995375,2.995375,0
180,akzhol,angry,neutral,0.7183915972709656,0,2.74,2.74,0
181,akzhol,angry,neutral,0.3796861469745636,0,4.9923125,4.9923125,0
182,akzhol,angry,neutral,0.44996097683906555,0,2.6703125,2.6703125,0
183,akzhol,angry,neutral,0.3970656991004944,0,4.08675,4.08675,0
184,akzhol,angry,neutral,0.3855467438697815,0,4.4815,4.4815,0
185,akzhol,angry,neutral,0.375875860452652,0,4.853,4.853,0
186,akzhol,angry,happy,0.42831477522850037,0,4.365375,4.365375,0
187,akzhol,angry,neutral,0.36639007925987244,0,2.9489375,2.9489375,0
188,akzhol,angry,sad,0.3460766673088074,0,4.2028125,4.2028125,0
189,akzhol,angry,neutral,0.3646926283836365,0,3.808125,3.808125,0
190,akzhol,angry,sad,0.2868163287639618,0,5.805,5.805,0
191,akzhol,angry,neutral,0.660789966583252,0,2.92575,2.92575,0
192,akzhol,angry,neutral,0.5345978736877441,0,2.9721875,2.9721875,0
193,akzhol,angry,neutral,0.41218844056129456,0,5.0851875,5.0851875,0
194,akzhol,angry,neutral,0.6296021938323975,0,2.9489375,2.9489375,0
195,akzhol,angry,neutral,0.3863620162010193,0,6.2694375,6.2694375,0
196,akzhol,angry,neutral,0.47117602825164795,0,1.7183125,1.7183125,0
197,akzhol,angry,neutral,0.3550378680229187,0,3.204375,3.204375,0
198,akzhol,angry,sad,0.6085701584815979,0,2.74,2.74,0
199,akzhol,angry,neutral,0.4430507719516754,0,3.71525,3.71525,0
200,akzhol,angry,neutral,0.683384120464325,0,1.9273125,1.9273125,0
201,akzhol,angry,neutral,0.7020697593688965,0,2.2059375,2.2059375,0
202,akzhol,angry,happy,0.5198058485984802,0,7.871625,7.871625,0
203,akzhol,angry,neutral,0.3995247185230255,0,5.61925,5.61925,0
204,akzhol,angry,neutral,0.28713175654411316,0,2.4149375,2.4149375,0
205,akzhol,angry,neutral,0.3304480314254761,0,3.413375,3.413375,0
206,akzhol,angry,sad,0.20734679698944092,0,1.5685,1.5685,0
207,akzhol,angry,neutral,0.520734965801239,0,4.760125,4.760125,0
208,akzhol,angry,neutral,0.6775562167167664,0,2.461375,2.461375,0
209,akzhol,angry,neutral,0.6462658047676086,0,4.1331875,4.1331875,0
210,akzhol,angry,neutral,0.4978642761707306,0,2.7631875,2.7631875,0
211,akzhol,angry,neutral,0.3597961366176605,0,5.4799375,5.4799375,0
212,akzhol,angry,disgusted,0.30180034041404724,0,1.3235625,1.3235625,0
213,akzhol,angry,sad,0.7535925507545471,0,1.486125,1.486125,0
214,akzhol,angry,neutral,0.7317958474159241,0,1.2306875,1.2306875,0
215,akzhol,angry,neutral,0.5820683240890503,0,3.5526875,3.5526875,0
216,akzhol,angry,sad,0.4217265844345093,0,4.1099375,4.1099375,0
217,akzhol,angry,happy,0.43656113743782043,0,5.1084375,5.1084375,0
218,akzhol,angry,neutral,0.5577571988105774,0,2.809625,2.809625,0
219,akzhol,angry,happy,0.3550749123096466,0,4.4350625,4.4350625,0
220,akzhol,angry,neutral,0.4242153763771057,0,4.5975625,4.5975625,0
221,akzhol,angry,sad,0.43043994903564453,0,7.291125,7.291125,0
222,akzhol,angry,angry,0.4400576055049896,1,1.486125,1.486125,0
223,akzhol,angry,neutral,0.2661544382572174,0,4.0635,4.0635,0
224,akzhol,angry,happy,0.4399830102920532,0,2.531,2.531,0
225,akzhol,angry,neutral,0.5965742468833923,0,1.37,1.37,0
226,akzhol,angry,neutral,0.675250768661499,0,1.9273125,1.9273125,0
227,akzhol,angry,sad,0.2795604169368744,0,2.2059375,2.2059375,0
228,akzhol,angry,angry,0.6662155389785767,1,4.87625,4.87625,0
229,akzhol,angry,angry,0.7563490271568298,1,8.127,8.127,0
230,akzhol,angry,neutral,0.5159612894058228,0,2.3684375,2.3684375,0
231,akzhol,angry,neutral,0.4247572720050812,0,3.1811875,3.1811875,0
232,akzhol,angry,angry,0.44171857833862305,1,7.15175,7.15175,0
233,akzhol,angry,neutral,0.27020514011383057,0,1.462875,1.462875,0
234,akzhol,angry,neutral,0.45705994963645935,0,3.1115,3.1115,0
235,akzhol,angry,happy,0.5226752758026123,0,4.0635,4.0635,0
236,akzhol,angry,sad,0.46493595838546753,0,6.6641875,6.6641875,0
237,akzhol,angry,happy,0.4663514792919159,0,2.1826875,2.1826875,0
238,akzhol,angry,happy,0.371125727891922,0,3.018625,3.018625,0
239,akzhol,angry,happy,0.4785752594470978,0,4.3421875,4.3421875,0
240,akzhol,angry,neutral,0.47745296359062195,0,5.712125,5.712125,0
241,akzhol,angry,neutral,0.5876161456108093,0,1.37,1.37,0
242,akzhol,angry,neutral,0.2916479706764221,0,4.3189375,4.3189375,0
243,akzhol,angry,happy,0.5351671576499939,0,5.1084375,5.1084375,0
244,akzhol,angry,happy,0.33223316073417664,0,5.897875,5.897875,0
245,akzhol,angry,neutral,0.4889141321182251,0,11.3545625,10.0,1
246,akzhol,angry,neutral,0.4578356146812439,0,7.7090625,7.7090625,0
247,akzhol,angry,neutral,0.3141622841358185,0,5.154875,5.154875,0
248,akzhol,angry,sad,0.3614814579486847,0,11.308125,10.0,1
249,akzhol,angry,sad,0.39449113607406616,0,8.127,8.127,0
250,akzhol,angry,neutral,0.6404850482940674,0,2.623875,2.623875,0
251,akzhol,angry,neutral,0.6641578078269958,0,2.229125,2.229125,0
252,akzhol,angry,neutral,0.23051036894321442,0,6.4319375,6.4319375,0
253,akzhol,angry,neutral,0.3513784110546112,0,5.526375,5.526375,0
254,akzhol,angry,neutral,0.5985046625137329,0,3.390125,3.390125,0
255,akzhol,angry,sad,0.32695305347442627,0,5.24775,5.24775,0
256,akzhol,angry,sad,0.2967126965522766,0,2.9489375,2.9489375,0
257,akzhol,angry,neutral,0.5225945115089417,0,3.71525,3.71525,0
258,akzhol,angry,neutral,0.6271798610687256,0,4.179625,4.179625,0
259,akzhol,angry,neutral,0.5503951907157898,0,5.4799375,5.4799375,0
260,akzhol,angry,neutral,0.6678978204727173,0,3.0650625,3.0650625,0
261,akzhol,angry,sad,0.28304311633110046,0,4.945875,4.945875,0
262,akzhol,angry,neutral,0.5945038199424744,0,3.5294375,3.5294375,0
263,akzhol,angry,neutral,0.7506536841392517,0,5.1780625,5.1780625,0
264,akzhol,angry,happy,0.8114942312240601,0,3.227625,3.227625,0
265,akzhol,angry,sad,0.4485612213611603,0,8.5681875,8.5681875,0
266,akzhol,angry,neutral,0.394402414560318,0,4.9226875,4.9226875,0
267,akzhol,angry,neutral,0.39172905683517456,0,7.1053125,7.1053125,0
268,akzhol,angry,neutral,0.4446355104446411,0,2.647125,2.647125,0
269,akzhol,angry,neutral,0.5094558596611023,0,2.5774375,2.5774375,0
270,akzhol,angry,happy,0.37350815534591675,0,2.0898125,2.0898125,0
271,akzhol,angry,neutral,0.6373373866081238,0,2.5078125,2.5078125,0
272,akzhol,angry,neutral,0.6649595499038696,0,4.644,4.644,0
273,akzhol,angry,neutral,0.6189703941345215,0,4.4118125,4.4118125,0
274,akzhol,angry,neutral,0.26148638129234314,0,3.7616875,3.7616875,0
275,akzhol,angry,neutral,0.5563751459121704,0,2.3916875,2.3916875,0
276,akzhol,angry,angry,0.6252421140670776,1,5.340625,5.340625,0
277,akzhol,angry,neutral,0.33595502376556396,0,3.390125,3.390125,0
278,akzhol,angry,angry,0.3777898848056793,1,6.6409375,6.6409375,0
279,akzhol,angry,angry,0.7194464206695557,1,1.4164375,1.4164375,0
280,akzhol,angry,neutral,0.4183538854122162,0,4.1099375,4.1099375,0
281,akzhol,angry,neutral,0.5336300730705261,0,5.6889375,5.6889375,0
282,akzhol,angry,neutral,0.49173036217689514,0,2.4845625,2.4845625,0
283,akzhol,angry,neutral,0.4174184799194336,0,6.8499375,6.8499375,0
284,akzhol,angry,neutral,0.28998294472694397,0,7.7786875,7.7786875,0
285,akzhol,angry,neutral,0.36080265045166016,0,2.252375,2.252375,0
286,akzhol,angry,neutral,0.44753792881965637,0,4.9226875,4.9226875,0
287,akzhol,angry,neutral,0.41842758655548096,0,6.966,6.966,0
288,akzhol,angry,happy,0.32030242681503296,0,3.204375,3.204375,0
289,akzhol,angry,neutral,0.3664575219154358,0,2.7631875,2.7631875,0
290,akzhol,angry,neutral,0.44394874572753906,0,3.575875,3.575875,0
291,akzhol,angry,neutral,0.608509361743927,0,3.3205,3.3205,0
292,akzhol,angry,neutral,0.4504806697368622,0,2.623875,2.623875,0
293,akzhol,angry,disgusted,0.42406827211380005,0,2.7631875,2.7631875,0
294,akzhol,angry,neutral,0.4546121060848236,0,7.56975,7.56975,0
295,akzhol,angry,neutral,0.3714539408683777,0,4.2725,4.2725,0
296,akzhol,angry,neutral,0.2852197289466858,0,5.131625,5.131625,0
297,akzhol,angry,neutral,0.5638654828071594,0,2.3684375,2.3684375,0
298,akzhol,angry,neutral,0.5122734308242798,0,3.9474375,3.9474375,0
299,akzhol,angry,neutral,0.3642345368862152,0,4.0403125,4.0403125,0
300,akzhol,angry,neutral,0.4740627110004425,0,3.5294375,3.5294375,0
301,akzhol,angry,neutral,0.3660275340080261,0,2.995375,2.995375,0
302,akzhol,angry,neutral,0.38497549295425415,0,2.066625,2.066625,0
303,akzhol,angry,neutral,0.8517522215843201,0,1.857625,1.857625,0
304,akzhol,angry,angry,0.36030128598213196,1,3.4598125,3.4598125,0
305,akzhol,angry,happy,0.7739038467407227,0,3.4365625,3.4365625,0
306,akzhol,angry,happy,0.35971903800964355,0,3.808125,3.808125,0
307,akzhol,angry,angry,0.5756560564041138,1,4.7833125,4.7833125,0
308,akzhol,angry,angry,0.35235485434532166,1,7.5465,7.5465,0
309,akzhol,angry,sad,0.584951639175415,0,4.551125,4.551125,0
310,akzhol,angry,surprised,0.47047775983810425,0,2.9025,2.9025,0
311,akzhol,angry,fearful,0.6050825715065002,0,2.71675,2.71675,0
312,akzhol,angry,sad,0.4867570400238037,0,4.08675,4.08675,0
313,akzhol,angry,happy,0.3613695502281189,0,2.6703125,2.6703125,0
314,akzhol,angry,neutral,0.44025442004203796,0,4.1331875,4.1331875,0
315,akzhol,angry,neutral,0.47854480147361755,0,5.2941875,5.2941875,0
316,akzhol,angry,angry,0.5752691626548767,1,2.71675,2.71675,0
317,akzhol,angry,neutral,0.6876664161682129,0,2.5774375,2.5774375,0
318,akzhol,angry,sad,0.7475020885467529,0,5.6425,5.6425,0
319,akzhol,angry,neutral,0.6390966176986694,0,3.6455625,3.6455625,0
320,akzhol,angry,neutral,0.5677226185798645,0,4.1331875,4.1331875,0
321,akzhol,angry,angry,0.5072013139724731,1,7.639375,7.639375,0
322,akzhol,angry,neutral,0.7107685208320618,0,5.9675625,5.9675625,0
323,akzhol,angry,neutral,0.5002604722976685,0,3.5294375,3.5294375,0
324,akzhol,angry,neutral,0.6613415479660034,0,2.531,2.531,0
325,akzhol,angry,neutral,0.39420008659362793,0,9.2415625,9.2415625,0
326,akzhol,angry,neutral,0.6347909569740295,0,12.8406875,10.0,1
327,akzhol,angry,angry,0.37238821387290955,1,6.7570625,6.7570625,0
328,akzhol,angry,happy,0.4549907445907593,0,3.599125,3.599125,0
329,akzhol,angry,neutral,0.5193206071853638,0,6.57125,6.57125,0
330,akzhol,fearful,angry,0.4145500361919403,0,8.73075,8.73075,0
331,akzhol,fearful,neutral,0.3170176148414612,0,10.24,10.0,1
332,akzhol,fearful,angry,0.48062941431999207,0,7.175,7.175,0
333,akzhol,fearful,fearful,0.2799600660800934,1,3.0883125,3.0883125,0
334,akzhol,fearful,neutral,0.39652568101882935,0,4.853,4.853,0
335,akzhol,fearful,neutral,0.37441539764404297,0,3.71525,3.71525,0
336,akzhol,fearful,happy,0.4203305244445801,0,4.551125,4.551125,0
337,akzhol,fearful,angry,0.3336949944496155,0,5.921125,5.921125,0
338,akzhol,fearful,angry,0.4565575122833252,0,3.575875,3.575875,0
339,akzhol,fearful,sad,0.40920916199684143,0,5.1084375,5.1084375,0
340,akzhol,fearful,angry,0.3849378228187561,0,4.4815,4.4815,0
341,akzhol,fearful,neutral,0.37132829427719116,0,7.8948125,7.8948125,0
342,akzhol,fearful,sad,0.665784478187561,0,10.1935625,10.0,1
343,akzhol,fearful,neutral,0.21220289170742035,0,5.2941875,5.2941875,0
344,akzhol,fearful,angry,0.3071094751358032,0,3.9241875,3.9241875,0
345,akzhol,fearful,happy,0.3959980010986328,0,6.478375,6.478375,0
346,akzhol,fearful,neutral,0.4778803288936615,0,3.993875,3.993875,0
347,akzhol,fearful,neutral,0.302248477935791,0,4.9923125,4.9923125,0
348,akzhol,fearful,neutral,0.3912619948387146,0,4.7833125,4.7833125,0
349,akzhol,fearful,happy,0.27826306223869324,0,13.0031875,10.0,1
350,akzhol,fearful,neutral,0.320496141910553,0,5.8514375,5.8514375,0
351,akzhol,fearful,sad,0.37655413150787354,0,5.6656875,5.6656875,0
352,akzhol,fearful,happy,0.9700387716293335,0,4.6904375,4.6904375,0
353,akzhol,fearful,neutral,0.41875985264778137,0,4.8994375,4.8994375,0
354,akzhol,fearful,neutral,0.35890182852745056,0,8.986125,8.986125,0
355,akzhol,fearful,happy,0.37673419713974,0,4.644,4.644,0
356,akzhol,fearful,happy,0.34756147861480713,0,3.483,3.483,0
357,akzhol,fearful,neutral,0.2932811975479126,0,5.2245,5.2245,0
358,akzhol,fearful,sad,0.38512754440307617,0,6.9195625,6.9195625,0
359,akzhol,fearful,angry,0.3943076729774475,0,10.8205,10.0,1
360,akzhol,fearful,sad,0.4290423095226288,0,9.47375,9.47375,0
361,akzhol,fearful,fearful,0.8575796484947205,1,3.8313125,3.8313125,0
362,akzhol,fearful,happy,0.28602704405784607,0,2.647125,2.647125,0
363,akzhol,fearful,happy,0.5894040465354919,0,6.3623125,6.3623125,0
364,akzhol,fearful,neutral,0.41625791788101196,0,2.229125,2.229125,0
365,akzhol,fearful,neutral,0.29586562514305115,0,3.0650625,3.0650625,0
366,akzhol,fearful,neutral,0.4107029139995575,0,3.3436875,3.3436875,0
367,akzhol,fearful,angry,0.29976892471313477,0,6.9195625,6.9195625,0
368,akzhol,fearful,angry,0.44370168447494507,0,2.5774375,2.5774375,0
369,akzhol,fearful,sad,0.3537014126777649,0,3.993875,3.993875,0
370,akzhol,fearful,sad,0.4608721137046814,0,6.873125,6.873125,0
371,akzhol,fearful,happy,0.34789568185806274,0,2.809625,2.809625,0
372,akzhol,fearful,angry,0.4347585141658783,0,4.574375,4.574375,0
373,akzhol,fearful,neutral,0.23908168077468872,0,3.993875,3.993875,0
374,akzhol,fearful,neutral,0.3524973690509796,0,2.1130625,2.1130625,0
375,akzhol,fearful,neutral,0.584850549697876,0,2.8560625,2.8560625,0
376,akzhol,fearful,happy,0.3721396327018738,0,5.3638125,5.3638125,0
377,akzhol,fearful,neutral,0.5002400875091553,0,2.34525,2.34525,0
378,akzhol,fearful,neutral,0.31800779700279236,0,3.3669375,3.3669375,0
379,akzhol,fearful,angry,0.4100361764431,0,1.97375,1.97375,0
380,akzhol,fearful,neutral,0.40517422556877136,0,4.0403125,4.0403125,0
381,akzhol,fearful,sad,0.4167690873146057,0,8.2663125,8.2663125,0
382,akzhol,fearful,sad,0.3014111816883087,0,5.8514375,5.8514375,0
383,akzhol,fearful,neutral,0.508753776550293,0,4.853,4.853,0
384,akzhol,fearful,neutral,0.5535367727279663,0,4.8065625,4.8065625,0
385,akzhol,fearful,angry,0.381594181060791,0,3.2740625,3.2740625,0
386,akzhol,fearful,sad,0.4045015573501587,0,2.92575,2.92575,0
387,akzhol,fearful,neutral,0.34218379855155945,0,3.018625,3.018625,0
388,akzhol,fearful,angry,0.7330158948898315,0,4.1331875,4.1331875,0
389,akzhol,fearful,angry,0.36400306224823,0,8.127,8.127,0
390,akzhol,fearful,sad,0.3483797013759613,0,10.170375,10.0,1
391,akzhol,fearful,neutral,0.41617217659950256,0,3.4598125,3.4598125,0
392,akzhol,fearful,neutral,0.44926413893699646,0,3.3436875,3.3436875,0
393,akzhol,fearful,neutral,0.23642322421073914,0,3.599125,3.599125,0
394,akzhol,fearful,sad,0.7682112455368042,0,3.3436875,3.3436875,0
395,akzhol,fearful,happy,0.4206726849079132,0,4.179625,4.179625,0
396,akzhol,fearful,neutral,0.4404281675815582,0,7.0356875,7.0356875,0
397,akzhol,fearful,neutral,0.3507128059864044,0,2.461375,2.461375,0
398,akzhol,fearful,neutral,0.302971750497818,0,8.1966875,8.1966875,0
399,akzhol,fearful,sad,0.40058040618896484,0,1.8344375,1.8344375,0
400,akzhol,fearful,neutral,0.370853990316391,0,4.179625,4.179625,0
401,akzhol,fearful,fearful,0.460877388715744,1,8.89325,8.89325,0
402,akzhol,fearful,sad,0.6421814560890198,0,5.317375,5.317375,0
403,akzhol,fearful,sad,0.5929489135742188,0,2.3684375,2.3684375,0
404,akzhol,fearful,sad,0.4059181809425354,0,2.438125,2.438125,0
405,akzhol,fearful,neutral,0.34341204166412354,0,1.9040625,1.9040625,0
406,akzhol,fearful,fearful,0.8714055418968201,1,4.2028125,4.2028125,0
407,akzhol,fearful,surprised,0.29350852966308594,0,2.8560625,2.8560625,0
408,akzhol,fearful,neutral,0.4170011878013611,0,1.7879375,1.7879375,0
409,akzhol,fearful,neutral,0.42437177896499634,0,5.1780625,5.1780625,0
410,akzhol,fearful,sad,0.35163238644599915,0,3.6455625,3.6455625,0
411,akzhol,fearful,neutral,0.5015687942504883,0,5.340625,5.340625,0
412,akzhol,fearful,neutral,0.33127009868621826,0,8.336,8.336,0
413,akzhol,fearful,neutral,0.35085102915763855,0,3.4365625,3.4365625,0
414,akzhol,fearful,neutral,0.44429001212120056,0,7.7090625,7.7090625,0
415,akzhol,fearful,neutral,0.4983438551425934,0,2.252375,2.252375,0
416,akzhol,fearful,angry,0.4149157702922821,0,3.041875,3.041875,0
417,akzhol,fearful,neutral,0.34028899669647217,0,5.897875,5.897875,0
418,akzhol,fearful,neutral,0.46998584270477295,0,5.340625,5.340625,0
419,akzhol,fearful,neutral,0.4985582232475281,0,3.9241875,3.9241875,0
420,akzhol,fearful,neutral,0.5678234696388245,0,2.4149375,2.4149375,0
421,akzhol,fearful,happy,0.31042763590812683,0,9.4273125,9.4273125,0
422,akzhol,fearful,neutral,0.3642359972000122,0,2.71675,2.71675,0
423,akzhol,fearful,neutral,0.2899834215641022,0,2.74,2.74,0
424,akzhol,fearful,happy,0.3735179901123047,0,5.3870625,5.3870625,0
425,akzhol,fearful,sad,0.3316691517829895,0,2.252375,2.252375,0
426,akzhol,fearful,neutral,0.594927191734314,0,1.6950625,1.6950625,0
427,akzhol,fearful,happy,0.9624724984169006,0,1.8111875,1.8111875,0
428,akzhol,fearful,angry,0.6204506754875183,0,3.3436875,3.3436875,0
429,akzhol,fearful,neutral,0.4569231867790222,0,1.76475,1.76475,0
430,akzhol,fearful,happy,0.33207911252975464,0,2.55425,2.55425,0
431,akzhol,fearful,sad,0.3565107583999634,0,5.99075,5.99075,0
432,akzhol,fearful,sad,0.49503064155578613,0,3.204375,3.204375,0
433,akzhol,fearful,angry,0.30246907472610474,0,7.7555,7.7555,0
434,akzhol,fearful,neutral,0.671244740486145,0,1.3235625,1.3235625,0
435,akzhol,fearful,neutral,0.33990466594696045,0,4.3189375,4.3189375,0
436,akzhol,fearful,happy,0.37252265214920044,0,2.4149375,2.4149375,0
437,akzhol,fearful,sad,0.27153265476226807,0,4.736875,4.736875,0
438,akzhol,fearful,neutral,0.36228132247924805,0,2.2988125,2.2988125,0
439,akzhol,fearful,neutral,0.2631193697452545,0,5.897875,5.897875,0
440,akzhol,fearful,happy,0.38458606600761414,0,3.018625,3.018625,0
441,akzhol,fearful,happy,0.5707640051841736,0,2.2755625,2.2755625,0
442,akzhol,fearful,angry,0.3708524703979492,0,2.1826875,2.1826875,0
443,akzhol,fearful,angry,0.42950358986854553,0,3.13475,3.13475,0
444,akzhol,fearful,neutral,0.47806039452552795,0,3.622375,3.622375,0
445,akzhol,fearful,neutral,0.3158622682094574,0,2.6006875,2.6006875,0
446,akzhol,fearful,angry,0.3273266851902008,0,3.0650625,3.0650625,0
447,akzhol,fearful,neutral,0.38384026288986206,0,2.5774375,2.5774375,0
448,akzhol,fearful,sad,0.518330454826355,0,3.0650625,3.0650625,0
449,akzhol,fearful,happy,0.44950732588768005,0,1.76475,1.76475,0
450,akzhol,fearful,neutral,0.6761173009872437,0,2.5078125,2.5078125,0
451,akzhol,fearful,happy,0.380782812833786,0,4.365375,4.365375,0
452,akzhol,fearful,neutral,0.3569577932357788,0,6.5480625,6.5480625,0
453,akzhol,fearful,angry,0.3925670385360718,0,7.0124375,7.0124375,0
454,akzhol,fearful,neutral,0.30413830280303955,0,7.5465,7.5465,0
455,akzhol,fearful,neutral,0.3420335352420807,0,6.130125,6.130125,0
456,akzhol,fearful,happy,0.44815120100975037,0,5.062,5.062,0
457,akzhol,fearful,neutral,0.4161491394042969,0,9.380875,9.380875,0
458,akzhol,fearful,neutral,0.3862445652484894,0,10.379375,10.0,1
459,akzhol,fearful,neutral,0.28496456146240234,0,2.531,2.531,0
460,akzhol,fearful,angry,0.41379421949386597,0,1.97375,1.97375,0
461,akzhol,fearful,neutral,0.4949735105037689,0,2.322,2.322,0
462,akzhol,fearful,neutral,0.5168217420578003,0,3.6455625,3.6455625,0
463,akzhol,fearful,sad,0.40008488297462463,0,3.993875,3.993875,0
464,akzhol,fearful,angry,0.6389287710189819,0,8.5914375,8.5914375,0
465,akzhol,fearful,neutral,0.4840374290943146,0,2.13625,2.13625,0
466,akzhol,fearful,sad,0.6694272756576538,0,3.575875,3.575875,0
467,akzhol,fearful,neutral,0.515378475189209,0,2.6935625,2.6935625,0
468,akzhol,fearful,happy,0.4891384541988373,0,5.4799375,5.4799375,0
469,akzhol,fearful,neutral,0.5030796527862549,0,7.5929375,7.5929375,0
470,akzhol,fearful,neutral,0.3918611407279968,0,7.1053125,7.1053125,0
471,akzhol,fearful,neutral,0.4043768346309662,0,1.97375,1.97375,0
472,akzhol,fearful,sad,0.5125357508659363,0,2.34525,2.34525,0
473,akzhol,fearful,neutral,0.3518669903278351,0,3.8313125,3.8313125,0
474,akzhol,fearful,sad,0.28918907046318054,0,4.08675,4.08675,0
475,akzhol,fearful,neutral,0.510360836982727,0,2.9721875,2.9721875,0
476,akzhol,fearful,neutral,0.628443717956543,0,7.0356875,7.0356875,0
477,akzhol,fearful,angry,0.29276448488235474,0,3.62525,3.62525,0
478,akzhol,fearful,neutral,0.37533310055732727,0,7.7555,7.7555,0
479,akzhol,fearful,happy,0.9381433725357056,0,8.9396875,8.9396875,0
480,akzhol,fearful,happy,0.25254371762275696,0,6.106875,6.106875,0
481,akzhol,fearful,angry,0.5522786378860474,0,7.4071875,7.4071875,0
482,akzhol,fearful,neutral,0.31457391381263733,0,4.6904375,4.6904375,0
483,akzhol,fearful,neutral,0.7011797428131104,0,1.6254375,1.6254375,0
484,akzhol,fearful,happy,0.4715878665447235,0,2.5078125,2.5078125,0
485,akzhol,fearful,neutral,0.32706525921821594,0,1.7879375,1.7879375,0
486,akzhol,fearful,neutral,0.42862141132354736,0,1.486125,1.486125,0
487,akzhol,fearful,neutral,0.41872653365135193,0,3.9241875,3.9241875,0
488,akzhol,fearful,neutral,0.3696019947528839,0,3.8313125,3.8313125,0
489,akzhol,fearful,angry,0.5460798144340515,0,3.3436875,3.3436875,0
490,akzhol,fearful,neutral,0.2748482823371887,0,7.36075,7.36075,0
491,akzhol,fearful,neutral,0.25393256545066833,0,6.2461875,6.2461875,0
492,akzhol,fearful,angry,0.4563164710998535,0,5.2709375,5.2709375,0
493,akzhol,fearful,neutral,0.5370016694068909,0,2.5078125,2.5078125,0
494,akzhol,fearful,neutral,0.38320475816726685,0,4.760125,4.760125,0
495,akzhol,fearful,sad,0.3417476415634155,0,2.3916875,2.3916875,0
496,akzhol,fearful,sad,0.682503342628479,0,3.993875,3.993875,0
497,akzhol,fearful,neutral,0.7113785147666931,0,0.9288125,0.9288125,0
498,akzhol,fearful,neutral,0.2685825526714325,0,3.575875,3.575875,0
499,akzhol,fearful,neutral,0.439702570438385,0,3.1579375,3.1579375,0
500,akzhol,fearful,sad,0.37486523389816284,0,4.5046875,4.5046875,0
501,akzhol,fearful,neutral,0.43010666966438293,0,1.9969375,1.9969375,0
502,akzhol,fearful,sad,0.47750383615493774,0,4.5975625,4.5975625,0
503,akzhol,fearful,sad,0.44367754459381104,0,2.043375,2.043375,0
504,akzhol,fearful,neutral,0.3070317804813385,0,5.805,5.805,0
505,akzhol,fearful,neutral,0.3948352336883545,0,2.7631875,2.7631875,0
506,akzhol,fearful,neutral,0.3192329704761505,0,5.2245,5.2245,0
507,akzhol,fearful,sad,0.30875831842422485,0,3.227625,3.227625,0
508,akzhol,fearful,neutral,0.4591781497001648,0,7.4071875,7.4071875,0
509,akzhol,fearful,angry,0.490498423576355,0,2.252375,2.252375,0
510,akzhol,fearful,neutral,0.6033705472946167,0,3.483,3.483,0
511,akzhol,fearful,angry,0.6660838723182678,0,1.2075,1.2075,0
512,akzhol,fearful,happy,0.3761555254459381,0,1.7415,1.7415,0
513,akzhol,fearful,angry,0.5007216334342957,0,3.0650625,3.0650625,0
514,akzhol,fearful,sad,0.3428419828414917,0,1.857625,1.857625,0
515,akzhol,fearful,neutral,0.5575716495513916,0,7.871625,7.871625,0
516,akzhol,fearful,neutral,0.4242987334728241,0,3.1115,3.1115,0
517,akzhol,fearful,sad,0.5024610161781311,0,3.4365625,3.4365625,0
518,akzhol,fearful,happy,0.3987310826778412,0,5.5031875,5.5031875,0
519,akzhol,fearful,neutral,0.5334851741790771,0,4.4118125,4.4118125,0
520,akzhol,fearful,sad,0.47744372487068176,0,3.7384375,3.7384375,0
521,akzhol,fearful,angry,0.4418501555919647,0,3.784875,3.784875,0
522,akzhol,fearful,neutral,0.2819168269634247,0,3.4365625,3.4365625,0
523,akzhol,fearful,neutral,0.6319341659545898,0,1.9505,1.9505,0
524,akzhol,fearful,angry,0.3648225963115692,0,1.579,1.579,0
525,akzhol,fearful,angry,0.3669094443321228,0,2.6935625,2.6935625,0
526,akzhol,fearful,happy,0.760529100894928,0,3.041875,3.041875,0
527,akzhol,fearful,sad,0.673194944858551,0,3.0650625,3.0650625,0
528,akzhol,fearful,neutral,0.2866421639919281,0,1.9505,1.9505,0
529,akzhol,fearful,neutral,0.4302884638309479,0,6.78025,6.78025,0
530,akzhol,fearful,sad,0.3142569065093994,0,6.0604375,6.0604375,0
531,akzhol,fearful,neutral,0.44238677620887756,0,6.4319375,6.4319375,0
532,akzhol,fearful,surprised,0.5152769684791565,0,2.531,2.531,0
533,akzhol,fearful,neutral,0.37152960896492004,0,4.3189375,4.3189375,0
534,akzhol,fearful,happy,0.9906768798828125,0,1.9040625,1.9040625,0
535,akzhol,fearful,neutral,0.46729421615600586,0,5.3638125,5.3638125,0
536,akzhol,fearful,happy,0.5973761081695557,0,5.897875,5.897875,0
537,akzhol,fearful,disgusted,0.30094826221466064,0,1.7183125,1.7183125,0
538,akzhol,fearful,neutral,0.3487567901611328,0,4.4350625,4.4350625,0
539,akzhol,fearful,happy,0.7065908312797546,0,2.832875,2.832875,0
540,akzhol,fearful,neutral,0.6287325620651245,0,3.413375,3.413375,0
541,akzhol,fearful,neutral,0.5167079567909241,0,1.97375,1.97375,0
542,akzhol,fearful,angry,0.4823213517665863,0,2.4149375,2.4149375,0
543,akzhol,fearful,neutral,0.5669280290603638,0,7.058875,7.058875,0
544,akzhol,fearful,angry,0.6732523441314697,0,6.19975,6.19975,0
545,akzhol,fearful,sad,0.6241342425346375,0,4.945875,4.945875,0
546,akzhol,fearful,neutral,0.328296422958374,0,4.2725,4.2725,0
547,akzhol,fearful,neutral,0.5670585036277771,0,4.1331875,4.1331875,0
548,akzhol,fearful,happy,0.582184910774231,0,3.87775,3.87775,0
549,akzhol,fearful,neutral,0.4923250377178192,0,2.7864375,2.7864375,0
550,akzhol,fearful,neutral,0.31881290674209595,0,2.8793125,2.8793125,0
551,akzhol,fearful,neutral,0.37934157252311707,0,5.735375,5.735375,0
552,akzhol,fearful,sad,0.272917777299881,0,3.6688125,3.6688125,0
553,akzhol,fearful,happy,0.43508997559547424,0,5.4799375,5.4799375,0
554,akzhol,fearful,neutral,0.3724874258041382,0,7.5000625,7.5000625,0
555,akzhol,fearful,neutral,0.663752019405365,0,1.6021875,1.6021875,0
556,akzhol,fearful,neutral,0.49760615825653076,0,7.1053125,7.1053125,0
557,akzhol,fearful,neutral,0.5264422297477722,0,1.7183125,1.7183125,0
558,akzhol,fearful,neutral,0.5681467652320862,0,3.599125,3.599125,0
559,akzhol,fearful,neutral,0.46178188920021057,0,6.7338125,6.7338125,0
560,akzhol,fearful,neutral,0.6194430589675903,0,3.3669375,3.3669375,0
561,akzhol,fearful,neutral,0.5807911157608032,0,4.5279375,4.5279375,0
562,akzhol,fearful,happy,0.5251515507698059,0,3.808125,3.808125,0
563,akzhol,fearful,neutral,0.5248914361000061,0,5.7585625,5.7585625,0
564,akzhol,fearful,angry,0.3683229088783264,0,8.5914375,8.5914375,0
565,akzhol,fearful,sad,0.4357137084007263,0,5.340625,5.340625,0
566,akzhol,fearful,happy,0.37457188963890076,0,2.5774375,2.5774375,0
567,akzhol,fearful,fearful,0.6513395309448242,1,4.2260625,4.2260625,0
568,akzhol,fearful,neutral,0.34050771594047546,0,6.78025,6.78025,0
569,akzhol,fearful,happy,0.4935314357280731,0,4.66725,4.66725,0
570,akzhol,fearful,neutral,0.49616295099258423,0,3.204375,3.204375,0
571,akzhol,fearful,neutral,0.4871078431606293,0,5.99075,5.99075,0
572,akzhol,fearful,neutral,0.24953238666057587,0,3.7384375,3.7384375,0
573,akzhol,fearful,sad,0.593652069568634,0,2.531,2.531,0
574,akzhol,fearful,neutral,0.38129085302352905,0,5.712125,5.712125,0
575,akzhol,fearful,neutral,0.31770962476730347,0,1.8111875,1.8111875,0
576,akzhol,fearful,neutral,0.3781110644340515,0,4.853,4.853,0
577,akzhol,fearful,neutral,0.5100116729736328,0,6.710625,6.710625,0
578,akzhol,fearful,neutral,0.3929117023944855,0,4.1331875,4.1331875,0
579,akzhol,fearful,angry,0.3867899775505066,0,7.73225,7.73225,0
580,akzhol,fearful,neutral,0.30899396538734436,0,2.647125,2.647125,0
581,akzhol,fearful,angry,0.37220561504364014,0,2.252375,2.252375,0
582,akzhol,fearful,neutral,0.4985431134700775,0,2.623875,2.623875,0
583,akzhol,fearful,neutral,0.5261930227279663,0,3.483,3.483,0
584,akzhol,fearful,angry,0.5843476057052612,0,2.6006875,2.6006875,0
585,akzhol,fearful,sad,0.5355560779571533,0,3.808125,3.808125,0
586,akzhol,fearful,angry,0.3842654526233673,0,3.2740625,3.2740625,0
587,akzhol,fearful,happy,0.5347344279289246,0,3.2508125,3.2508125,0
588,akzhol,fearful,neutral,0.26260554790496826,0,2.832875,2.832875,0
589,akzhol,fearful,neutral,0.4188990294933319,0,4.6208125,4.6208125,0
590,akzhol,fearful,happy,0.3110446035861969,0,2.647125,2.647125,0
591,akzhol,fearful,neutral,0.38739052414894104,0,1.76475,1.76475,0
592,akzhol,fearful,happy,0.45024362206459045,0,7.291125,7.291125,0
593,akzhol,fearful,neutral,0.45166686177253723,0,1.579,1.579,0
594,akzhol,fearful,angry,0.3307976722717285,0,4.9923125,4.9923125,0
595,akzhol,fearful,neutral,0.3158809542655945,0,6.014,6.014,0
596,akzhol,fearful,sad,0.23874089121818542,0,5.7585625,5.7585625,0
597,akzhol,fearful,angry,0.23973073065280914,0,3.041875,3.041875,0
598,akzhol,fearful,sad,0.4991738200187683,0,2.995375,2.995375,0
599,akzhol,fearful,angry,0.3913300335407257,0,3.599125,3.599125,0
600,akzhol,fearful,angry,0.24999794363975525,0,2.9489375,2.9489375,0
601,akzhol,fearful,neutral,0.42746761441230774,0,3.483,3.483,0
602,akzhol,fearful,neutral,0.34594470262527466,0,4.0403125,4.0403125,0
603,akzhol,fearful,sad,0.35680335760116577,0,4.9923125,4.9923125,0
604,akzhol,fearful,neutral,0.6001371741294861,0,5.2013125,5.2013125,0
605,akzhol,fearful,sad,0.39181312918663025,0,4.8298125,4.8298125,0
606,akzhol,fearful,neutral,0.5162901282310486,0,4.644,4.644,0
607,akzhol,fearful,neutral,0.5472952127456665,0,4.0403125,4.0403125,0
608,akzhol,fearful,neutral,0.5469603538513184,0,9.5201875,9.5201875,0
609,akzhol,fearful,neutral,0.3842099905014038,0,9.5201875,9.5201875,0
610,akzhol,fearful,sad,0.48372989892959595,0,7.476875,7.476875,0
611,akzhol,fearful,neutral,0.4770585000514984,0,4.66725,4.66725,0
612,akzhol,happy,neutral,0.4095708727836609,0,5.897875,5.897875,0
613,akzhol,happy,neutral,0.6126251220703125,0,6.6641875,6.6641875,0
614,akzhol,happy,neutral,0.46608462929725647,0,8.4753125,8.4753125,0
615,akzhol,happy,neutral,0.4441176652908325,0,8.9396875,8.9396875,0
616,akzhol,happy,happy,0.43063411116600037,1,8.8700625,8.8700625,0
617,akzhol,happy,neutral,0.3937690854072571,0,4.551125,4.551125,0
618,akzhol,happy,neutral,0.4500686824321747,0,5.4799375,5.4799375,0
619,akzhol,happy,happy,0.7652131915092468,1,3.29725,3.29725,0
620,akzhol,happy,happy,0.45372846722602844,1,4.853,4.853,0
621,akzhol,happy,neutral,0.483050137758255,0,6.3623125,6.3623125,0
622,akzhol,happy,neutral,0.5247188210487366,0,6.106875,6.106875,0
623,akzhol,happy,happy,0.4088640511035919,1,5.3638125,5.3638125,0
624,akzhol,happy,neutral,0.6388482451438904,0,6.6176875,6.6176875,0
625,akzhol,happy,neutral,0.320039302110672,0,3.390125,3.390125,0
626,akzhol,happy,neutral,0.64732426404953,0,4.1331875,4.1331875,0
627,akzhol,happy,neutral,0.3800122141838074,0,6.292625,6.292625,0
628,akzhol,happy,happy,0.7811093330383301,1,4.5279375,4.5279375,0
629,akzhol,happy,neutral,0.3883339762687683,0,5.9443125,5.9443125,0
630,akzhol,happy,neutral,0.5534425973892212,0,6.014,6.014,0
631,akzhol,happy,neutral,0.32141274213790894,0,3.599125,3.599125,0
632,akzhol,happy,neutral,0.6997496485710144,0,3.575875,3.575875,0
633,akzhol,happy,happy,0.4900973439216614,1,4.3421875,4.3421875,0
634,akzhol,happy,happy,0.8198074102401733,1,5.526375,5.526375,0
635,akzhol,happy,neutral,0.6047306060791016,0,5.1780625,5.1780625,0
636,akzhol,happy,happy,0.4527450203895569,1,10.3096875,10.0,1
637,akzhol,happy,neutral,0.4904841482639313,0,11.0991875,10.0,1
638,akzhol,happy,neutral,0.5970591902732849,0,4.156375,4.156375,0
639,akzhol,happy,happy,0.6499550342559814,1,8.034125,8.034125,0
640,akzhol,happy,neutral,0.48700258135795593,0,4.87625,4.87625,0
641,akzhol,happy,happy,0.6440576910972595,1,6.8035,6.8035,0
642,akzhol,happy,neutral,0.5822929739952087,0,4.3189375,4.3189375,0
643,akzhol,happy,neutral,0.5542234182357788,0,5.0155625,5.0155625,0
644,akzhol,happy,happy,0.5228891968727112,1,8.73075,8.73075,0
645,akzhol,happy,neutral,0.5539312958717346,0,5.131625,5.131625,0
646,akzhol,happy,happy,0.5334580540657043,1,9.775625,9.775625,0
647,akzhol,happy,happy,0.561715304851532,1,6.4551875,6.4551875,0
648,akzhol,happy,happy,0.6128516793251038,1,8.986125,8.986125,0
649,akzhol,happy,neutral,0.5184423923492432,0,5.45675,5.45675,0
650,akzhol,happy,happy,0.5981729030609131,1,6.7338125,6.7338125,0
651,akzhol,happy,neutral,0.5697088241577148,0,8.614625,8.614625,0
652,akzhol,happy,happy,0.3836306631565094,1,8.1966875,8.1966875,0
653,akzhol,happy,neutral,0.46611177921295166,0,8.4985625,8.4985625,0
654,akzhol,happy,neutral,0.5257998108863831,0,3.3436875,3.3436875,0
655,akzhol,happy,happy,0.7418336868286133,1,7.2446875,7.2446875,0
656,akzhol,happy,neutral,0.5852660536766052,0,4.4815,4.4815,0
657,akzhol,happy,neutral,0.47149357199668884,0,5.317375,5.317375,0
658,akzhol,happy,happy,0.6016709208488464,1,6.8035,6.8035,0
659,akzhol,happy,happy,0.4609493613243103,1,5.062,5.062,0
660,akzhol,happy,happy,0.4263208210468292,1,5.9443125,5.9443125,0
661,akzhol,happy,surprised,0.7648302912712097,0,3.692,3.692,0
662,akzhol,happy,neutral,0.24713517725467682,0,3.9474375,3.9474375,0
663,akzhol,happy,neutral,0.6221020221710205,0,4.156375,4.156375,0
664,akzhol,happy,neutral,0.38927412033081055,0,3.2740625,3.2740625,0
665,akzhol,happy,neutral,0.5542584657669067,0,1.6950625,1.6950625,0
666,akzhol,happy,happy,0.8726605176925659,1,10.565125,10.0,1
667,akzhol,happy,happy,0.5865688920021057,1,5.45675,5.45675,0
668,akzhol,happy,neutral,0.6679309010505676,0,5.317375,5.317375,0
669,akzhol,happy,neutral,0.5719326138496399,0,2.8793125,2.8793125,0
670,akzhol,happy,neutral,0.5580472946166992,0,7.56975,7.56975,0
671,akzhol,happy,sad,0.2094501554965973,0,5.5728125,5.5728125,0
672,akzhol,happy,happy,0.5120609402656555,1,1.9040625,1.9040625,0
673,akzhol,happy,neutral,0.5599055290222168,0,5.61925,5.61925,0
674,akzhol,happy,neutral,0.40263062715530396,0,2.2988125,2.2988125,0
675,akzhol,happy,neutral,0.6514282822608948,0,5.3870625,5.3870625,0
676,akzhol,happy,neutral,0.517479419708252,0,5.4799375,5.4799375,0
677,akzhol,happy,neutral,0.47565197944641113,0,1.5325625,1.5325625,0
678,akzhol,happy,neutral,0.7866852283477783,0,7.384,7.384,0
679,akzhol,happy,neutral,0.5991249680519104,0,5.062,5.062,0
680,akzhol,happy,neutral,0.6222473978996277,0,8.2663125,8.2663125,0
681,akzhol,happy,neutral,0.42048051953315735,0,4.8065625,4.8065625,0
682,akzhol,happy,neutral,0.3443372845649719,0,9.984625,9.984625,0
683,akzhol,happy,neutral,0.7146127820014954,0,3.227625,3.227625,0
684,akzhol,happy,disgusted,0.9327052235603333,0,1.4396875,1.4396875,0
685,akzhol,happy,happy,0.4705219268798828,1,3.4598125,3.4598125,0
686,akzhol,happy,neutral,0.6657403111457825,0,5.2709375,5.2709375,0
687,akzhol,happy,neutral,0.7218593955039978,0,3.3669375,3.3669375,0
688,akzhol,happy,neutral,0.7341881394386292,0,3.29725,3.29725,0
689,akzhol,happy,happy,0.7220006585121155,1,3.5294375,3.5294375,0
690,akzhol,happy,happy,0.3027026653289795,1,2.1130625,2.1130625,0
691,akzhol,happy,happy,0.2859373986721039,1,10.0310625,10.0,1
692,akzhol,happy,happy,0.48199769854545593,1,4.45825,4.45825,0
693,akzhol,happy,happy,0.49041956663131714,1,4.1099375,4.1099375,0
694,akzhol,happy,neutral,0.6687008142471313,0,1.9505,1.9505,0
695,akzhol,happy,happy,0.6826907396316528,1,4.08675,4.08675,0
696,akzhol,happy,neutral,0.3874002695083618,0,4.66725,4.66725,0
697,akzhol,happy,happy,0.45483168959617615,1,9.47375,9.47375,0
698,akzhol,happy,neutral,0.45031410455703735,0,7.7090625,7.7090625,0
699,akzhol,happy,happy,0.4662614166736603,1,6.2694375,6.2694375,0
700,akzhol,happy,neutral,0.3078370988368988,0,5.6425,5.6425,0
701,akzhol,happy,happy,0.4207168221473694,1,2.2755625,2.2755625,0
702,akzhol,happy,neutral,0.4663366973400116,0,6.8266875,6.8266875,0
703,akzhol,happy,neutral,0.5250623226165771,0,2.8793125,2.8793125,0
704,akzhol,happy,happy,0.5261746644973755,1,9.7291875,9.7291875,0
705,akzhol,happy,angry,0.43281686305999756,0,2.8793125,2.8793125,0
706,akzhol,happy,happy,0.4448859691619873,1,1.9273125,1.9273125,0
707,akzhol,happy,neutral,0.6004883050918579,0,9.5201875,9.5201875,0
708,akzhol,happy,happy,0.4737664759159088,1,8.3824375,8.3824375,0
709,akzhol,happy,neutral,0.5736187100410461,0,3.4598125,3.4598125,0
710,akzhol,happy,neutral,0.49834927916526794,0,4.0170625,4.0170625,0
711,akzhol,happy,neutral,0.5018071532249451,0,5.712125,5.712125,0
712,akzhol,happy,surprised,0.5436749458312988,0,8.15025,8.15025,0
713,akzhol,happy,neutral,0.4244093596935272,0,8.2663125,8.2663125,0
714,akzhol,happy,neutral,0.42745527625083923,0,2.55425,2.55425,0
715,akzhol,happy,neutral,0.5233197808265686,0,2.4149375,2.4149375,0
716,akzhol,happy,neutral,0.7431052327156067,0,1.9273125,1.9273125,0
717,akzhol,happy,neutral,0.449746698141098,0,3.4365625,3.4365625,0
718,akzhol,happy,neutral,0.5874514579772949,0,4.1099375,4.1099375,0
719,akzhol,happy,neutral,0.6089504957199097,0,6.3623125,6.3623125,0
720,akzhol,happy,happy,0.6642453074455261,1,8.0805625,8.0805625,0
721,akzhol,happy,sad,0.41941797733306885,0,1.7879375,1.7879375,0
722,akzhol,happy,happy,0.5670169591903687,1,5.2013125,5.2013125,0
723,akzhol,happy,disgusted,0.4195399880409241,0,3.041875,3.041875,0
724,akzhol,happy,neutral,0.4655589461326599,0,3.13475,3.13475,0
725,akzhol,happy,neutral,0.390067458152771,0,4.2260625,4.2260625,0
726,akzhol,happy,happy,0.37468135356903076,1,2.9489375,2.9489375,0
727,akzhol,happy,neutral,0.44108888506889343,0,4.45825,4.45825,0
728,akzhol,happy,happy,0.43391212821006775,1,3.227625,3.227625,0
729,akzhol,happy,neutral,0.7094031572341919,0,3.9241875,3.9241875,0
730,akzhol,happy,neutral,0.38881105184555054,0,6.315875,6.315875,0
731,akzhol,happy,happy,0.45122575759887695,1,2.2988125,2.2988125,0
732,akzhol,happy,neutral,0.4852208197116852,0,3.018625,3.018625,0
733,akzhol,happy,neutral,0.4599371552467346,0,4.87625,4.87625,0
734,akzhol,happy,neutral,0.47040265798568726,0,4.574375,4.574375,0
735,akzhol,happy,happy,0.46180692315101624,1,5.6889375,5.6889375,0
736,akzhol,happy,neutral,0.2771416902542114,0,4.365375,4.365375,0
737,akzhol,happy,neutral,0.6164485216140747,0,2.995375,2.995375,0
738,akzhol,happy,neutral,0.6522855162620544,0,5.45675,5.45675,0
739,akzhol,happy,neutral,0.48822909593582153,0,3.7384375,3.7384375,0
740,akzhol,happy,happy,0.6352677941322327,1,7.0356875,7.0356875,0
741,akzhol,happy,angry,0.33204591274261475,0,2.5774375,2.5774375,0
742,akzhol,happy,neutral,0.7876625657081604,0,1.9505,1.9505,0
743,akzhol,happy,neutral,0.6208537220954895,0,2.066625,2.066625,0
744,akzhol,happy,happy,0.6276638507843018,1,2.5774375,2.5774375,0
745,akzhol,happy,neutral,0.5492393374443054,0,3.018625,3.018625,0
746,akzhol,happy,neutral,0.48861849308013916,0,3.204375,3.204375,0
747,akzhol,happy,neutral,0.5589563846588135,0,6.3623125,6.3623125,0
748,akzhol,happy,neutral,0.4827733635902405,0,5.99075,5.99075,0
749,akzhol,happy,neutral,0.710094690322876,0,6.03725,6.03725,0
750,akzhol,happy,happy,0.9734256267547607,1,2.13625,2.13625,0
751,akzhol,happy,neutral,0.2995753288269043,0,4.551125,4.551125,0
752,akzhol,happy,neutral,0.8314363360404968,0,4.3189375,4.3189375,0
753,akzhol,happy,neutral,0.443010151386261,0,7.5465,7.5465,0
754,akzhol,happy,neutral,0.4901807904243469,0,5.246,5.246,0
755,akzhol,happy,neutral,0.43411001563072205,0,3.018625,3.018625,0
756,akzhol,happy,neutral,0.5787270665168762,0,2.809625,2.809625,0
757,akzhol,happy,neutral,0.5821189880371094,0,3.692,3.692,0
758,akzhol,happy,neutral,0.5217603445053101,0,2.8793125,2.8793125,0
759,akzhol,happy,neutral,0.36482372879981995,0,2.0201875,2.0201875,0
760,akzhol,happy,neutral,0.6847103238105774,0,7.4071875,7.4071875,0
761,akzhol,happy,neutral,0.49469777941703796,0,4.2493125,4.2493125,0
762,akzhol,happy,neutral,0.5879045724868774,0,3.4598125,3.4598125,0
763,akzhol,happy,neutral,0.6263611316680908,0,2.74,2.74,0
764,akzhol,happy,neutral,0.6471676826477051,0,7.2446875,7.2446875,0
765,akzhol,happy,neutral,0.3747927248477936,0,2.13625,2.13625,0
766,akzhol,happy,happy,0.5491400957107544,1,9.589875,9.589875,0
767,akzhol,happy,surprised,0.49047598242759705,0,4.87625,4.87625,0
768,akzhol,happy,happy,0.6327103972434998,1,1.97375,1.97375,0
769,akzhol,happy,neutral,0.45704299211502075,0,3.018625,3.018625,0
770,akzhol,happy,happy,0.4197752773761749,1,4.179625,4.179625,0
771,akzhol,happy,neutral,0.5441107749938965,0,2.6703125,2.6703125,0
772,akzhol,happy,happy,0.7166852951049805,1,3.8545625,3.8545625,0
773,akzhol,happy,happy,0.5470249652862549,1,4.0170625,4.0170625,0
774,akzhol,happy,happy,0.4628279209136963,1,6.57125,6.57125,0
775,akzhol,happy,neutral,0.5469825267791748,0,3.8313125,3.8313125,0
776,akzhol,happy,happy,0.6354432106018066,1,4.08675,4.08675,0
777,akzhol,happy,neutral,0.58491051197052,0,1.0449375,1.0449375,0
778,akzhol,happy,neutral,0.6702536344528198,0,2.55425,2.55425,0
779,akzhol,happy,neutral,0.6121072769165039,0,4.7136875,4.7136875,0
780,akzhol,happy,neutral,0.41340452432632446,0,1.97375,1.97375,0
781,akzhol,happy,neutral,0.5836993455886841,0,6.5248125,6.5248125,0
782,akzhol,happy,neutral,0.4882733225822449,0,3.599125,3.599125,0
783,akzhol,happy,neutral,0.32897481322288513,0,2.55425,2.55425,0
784,akzhol,happy,neutral,0.426842600107193,0,1.9273125,1.9273125,0
785,akzhol,happy,neutral,0.4912988841533661,0,5.41025,5.41025,0
786,akzhol,happy,neutral,0.5257887840270996,0,7.3143125,7.3143125,0
787,akzhol,happy,happy,0.8470365405082703,1,7.7090625,7.7090625,0
788,akzhol,happy,happy,0.9534762501716614,1,2.2755625,2.2755625,0
789,akzhol,happy,neutral,0.5292796492576599,0,4.08675,4.08675,0
790,akzhol,happy,angry,0.6143093705177307,0,5.5960625,5.5960625,0
791,akzhol,happy,happy,0.5964198112487793,1,5.7585625,5.7585625,0
792,akzhol,happy,neutral,0.44199326634407043,0,4.3421875,4.3421875,0
793,akzhol,happy,happy,0.42991816997528076,1,6.014,6.014,0
794,akzhol,happy,neutral,0.42759066820144653,0,5.6425,5.6425,0
795,akzhol,happy,neutral,0.4435313642024994,0,5.712125,5.712125,0
796,akzhol,happy,neutral,0.4879905879497528,0,4.4118125,4.4118125,0
797,akzhol,happy,neutral,0.42163920402526855,0,7.4304375,7.4304375,0
798,akzhol,happy,neutral,0.3600667715072632,0,6.5945,6.5945,0
799,akzhol,happy,neutral,0.3637165427207947,0,7.5465,7.5465,0
800,akzhol,happy,neutral,0.5722845196723938,0,1.6254375,1.6254375,0
801,akzhol,happy,happy,0.3631003201007843,1,3.7384375,3.7384375,0
802,akzhol,happy,neutral,0.5731788277626038,0,8.2663125,8.2663125,0
803,akzhol,happy,happy,0.5988302230834961,1,2.438125,2.438125,0
804,akzhol,happy,neutral,0.5981559157371521,0,3.3669375,3.3669375,0
805,akzhol,happy,happy,0.44830846786499023,1,9.9381875,9.9381875,0
806,akzhol,happy,neutral,0.42804664373397827,0,4.08675,4.08675,0
807,akzhol,happy,neutral,0.6605728268623352,0,4.4118125,4.4118125,0
808,akzhol,happy,neutral,0.6705215573310852,0,4.5279375,4.5279375,0
809,akzhol,happy,neutral,0.6494072675704956,0,4.66725,4.66725,0
810,akzhol,happy,happy,0.5555226802825928,1,3.993875,3.993875,0
811,akzhol,happy,neutral,0.6503753066062927,0,1.6885,1.6885,0
812,akzhol,happy,sad,0.4842383861541748,0,5.780875,5.780875,0
813,akzhol,happy,neutral,0.7331489324569702,0,2.3684375,2.3684375,0
814,akzhol,happy,neutral,0.36506226658821106,0,3.6688125,3.6688125,0
815,akzhol,happy,neutral,0.6287510395050049,0,7.639375,7.639375,0
816,akzhol,happy,neutral,0.47578033804893494,0,5.24775,5.24775,0
817,akzhol,happy,neutral,0.5101292133331299,0,4.574375,4.574375,0
818,akzhol,happy,neutral,0.413139283657074,0,2.461375,2.461375,0
819,akzhol,happy,neutral,0.7003970742225647,0,4.5279375,4.5279375,0
820,akzhol,happy,neutral,0.28240159153938293,0,3.2740625,3.2740625,0
821,akzhol,happy,neutral,0.49576127529144287,0,4.7833125,4.7833125,0
822,akzhol,happy,neutral,0.4545333683490753,0,4.1331875,4.1331875,0
823,akzhol,happy,neutral,0.5944536328315735,0,5.712125,5.712125,0
824,akzhol,happy,angry,0.3264249265193939,0,4.644,4.644,0
825,akzhol,happy,fearful,0.5445117950439453,0,9.47375,9.47375,0
826,akzhol,happy,neutral,0.49641522765159607,0,5.61925,5.61925,0
827,akzhol,happy,neutral,0.3769729733467102,0,5.7818125,5.7818125,0
828,akzhol,happy,neutral,0.6186847686767578,0,8.3824375,8.3824375,0
829,akzhol,happy,neutral,0.6910324692726135,0,2.8793125,2.8793125,0
830,akzhol,happy,fearful,0.6543449759483337,0,4.08675,4.08675,0
831,akzhol,happy,happy,0.861850917339325,1,4.6904375,4.6904375,0
832,akzhol,happy,sad,0.6722294092178345,0,3.778125,3.778125,0
833,akzhol,happy,neutral,0.47357049584388733,0,6.966,6.966,0
834,akzhol,happy,happy,0.44657978415489197,1,7.1285625,7.1285625,0
835,akzhol,happy,neutral,0.6123729348182678,0,8.545,8.545,0
836,akzhol,happy,happy,0.9166461229324341,1,2.55425,2.55425,0
837,akzhol,happy,happy,0.6794260740280151,1,3.9241875,3.9241875,0
838,akzhol,happy,neutral,0.5246677398681641,0,3.413375,3.413375,0
839,akzhol,happy,happy,0.34447237849235535,1,4.2725,4.2725,0
840,akzhol,happy,neutral,0.4125230610370636,0,1.6254375,1.6254375,0
841,akzhol,happy,neutral,0.4507003426551819,0,3.4365625,3.4365625,0
842,akzhol,happy,neutral,0.6023491621017456,0,7.1053125,7.1053125,0
843,akzhol,happy,happy,0.5207890868186951,1,1.9273125,1.9273125,0
844,akzhol,happy,neutral,0.4694170355796814,0,7.267875,7.267875,0
845,akzhol,happy,happy,0.4637574553489685,1,2.3684375,2.3684375,0
846,akzhol,happy,happy,0.5073447823524475,1,8.4753125,8.4753125,0
847,akzhol,happy,neutral,0.5583994388580322,0,5.6656875,5.6656875,0
848,akzhol,happy,neutral,0.47839105129241943,0,2.832875,2.832875,0
849,akzhol,happy,neutral,0.558397114276886,0,6.014,6.014,0
850,akzhol,happy,neutral,0.387481689453125,0,5.317375,5.317375,0
851,akzhol,happy,neutral,0.5681936740875244,0,3.6455625,3.6455625,0
852,akzhol,happy,neutral,0.7773618102073669,0,5.1780625,5.1780625,0
853,akzhol,happy,happy,0.41293713450431824,1,4.4350625,4.4350625,0
854,akzhol,happy,neutral,0.34692254662513733,0,4.6904375,4.6904375,0
855,akzhol,happy,angry,0.41806119680404663,0,1.579,1.579,0
856,akzhol,happy,neutral,0.442507803440094,0,9.706,9.706,0
857,akzhol,happy,neutral,0.4842127859592438,0,2.8793125,2.8793125,0
858,akzhol,happy,neutral,0.4304185211658478,0,2.6703125,2.6703125,0
859,akzhol,happy,neutral,0.5327882766723633,0,8.6843125,8.6843125,0
860,akzhol,happy,angry,0.3007190227508545,0,4.2028125,4.2028125,0
861,akzhol,happy,neutral,0.4084779620170593,0,3.227625,3.227625,0
862,akzhol,happy,neutral,0.6154441833496094,0,10.4258125,10.0,1
863,akzhol,happy,neutral,0.7082944512367249,0,4.9226875,4.9226875,0
864,akzhol,happy,neutral,0.5642735958099365,0,2.7864375,2.7864375,0
865,akzhol,happy,neutral,0.4387429356575012,0,8.15025,8.15025,0
866,akzhol,happy,angry,0.3711165189743042,0,1.97375,1.97375,0
867,akzhol,happy,happy,0.3321652114391327,1,3.808125,3.808125,0
868,akzhol,happy,neutral,0.34909918904304504,0,4.0170625,4.0170625,0
869,akzhol,happy,happy,0.7700952291488647,1,2.5078125,2.5078125,0
870,akzhol,happy,neutral,0.45879030227661133,0,5.4799375,5.4799375,0
871,akzhol,happy,neutral,0.5288363695144653,0,2.2988125,2.2988125,0
872,akzhol,happy,neutral,0.41282251477241516,0,6.9428125,6.9428125,0
873,akzhol,happy,neutral,0.5050818920135498,0,3.390125,3.390125,0
874,akzhol,happy,neutral,0.44677281379699707,0,1.9040625,1.9040625,0
875,akzhol,happy,neutral,0.5612311363220215,0,2.461375,2.461375,0
876,akzhol,happy,sad,0.5708206295967102,0,3.3436875,3.3436875,0
877,akzhol,happy,neutral,0.47474405169487,0,2.531,2.531,0
878,akzhol,happy,happy,0.3853553533554077,1,3.3436875,3.3436875,0
879,akzhol,happy,happy,0.553250253200531,1,2.322,2.322,0
880,akzhol,happy,neutral,0.664217472076416,0,2.55425,2.55425,0
881,akzhol,happy,neutral,0.4709814786911011,0,6.5945,6.5945,0
882,akzhol,happy,neutral,0.5282482504844666,0,2.809625,2.809625,0
883,akzhol,happy,neutral,0.3139568567276001,0,3.13475,3.13475,0
884,akzhol,happy,neutral,0.49900147318840027,0,3.227625,3.227625,0
885,akzhol,happy,neutral,0.7118570804595947,0,3.204375,3.204375,0
886,akzhol,happy,neutral,0.6085697412490845,0,3.2508125,3.2508125,0
887,akzhol,happy,neutral,0.6697459816932678,0,3.8545625,3.8545625,0
888,akzhol,happy,angry,0.4182102382183075,0,8.5914375,8.5914375,0
889,akzhol,happy,neutral,0.32426702976226807,0,4.388625,4.388625,0
890,akzhol,happy,neutral,0.6705027222633362,0,6.4319375,6.4319375,0
891,akzhol,happy,neutral,0.367777943611145,0,2.34525,2.34525,0
892,akzhol,happy,neutral,0.730681300163269,0,2.531,2.531,0
893,akzhol,happy,neutral,0.515637993812561,0,6.5480625,6.5480625,0
894,akzhol,happy,neutral,0.543822705745697,0,3.018625,3.018625,0
895,akzhol,happy,neutral,0.5022684335708618,0,2.1130625,2.1130625,0
896,akzhol,happy,neutral,0.38227561116218567,0,4.179625,4.179625,0
897,akzhol,happy,neutral,0.3501091003417969,0,6.014,6.014,0
898,akzhol,happy,neutral,0.5734401941299438,0,9.0325625,9.0325625,0
899,akzhol,happy,neutral,0.7813674807548523,0,3.5294375,3.5294375,0
900,akzhol,happy,neutral,0.5134077072143555,0,6.478375,6.478375,0
901,akzhol,happy,neutral,0.46760794520378113,0,8.986125,8.986125,0
902,akzhol,happy,neutral,0.6870700120925903,0,4.365375,4.365375,0
903,akzhol,happy,happy,0.9468257427215576,1,3.29725,3.29725,0
904,akzhol,happy,happy,0.33041492104530334,1,6.8035,6.8035,0
905,akzhol,happy,happy,0.3166344463825226,1,6.3855,6.3855,0
906,akzhol,happy,neutral,0.5441386103630066,0,2.8793125,2.8793125,0
907,akzhol,happy,neutral,0.5696594715118408,0,4.45825,4.45825,0
908,akzhol,happy,neutral,0.48325732350349426,0,2.066625,2.066625,0
909,akzhol,happy,neutral,0.5221312046051025,0,6.223,6.223,0
910,akzhol,happy,happy,0.4484623670578003,1,2.6935625,2.6935625,0
911,akzhol,happy,neutral,0.6324322819709778,0,7.825125,7.825125,0
912,akzhol,happy,neutral,0.5005829334259033,0,5.2245,5.2245,0
913,akzhol,happy,angry,0.6551886200904846,0,4.1331875,4.1331875,0
914,akzhol,happy,neutral,0.5236815810203552,0,4.760125,4.760125,0
915,akzhol,happy,neutral,0.5555150508880615,0,2.6935625,2.6935625,0
916,akzhol,happy,neutral,0.5757818222045898,0,6.292625,6.292625,0
917,akzhol,happy,neutral,0.6277491450309753,0,5.154875,5.154875,0
918,akzhol,happy,happy,0.7194799184799194,1,5.4335,5.4335,0
919,akzhol,happy,angry,0.45672228932380676,0,2.4149375,2.4149375,0
920,akzhol,happy,surprised,0.6522069573402405,0,1.486125,1.486125,0
921,akzhol,happy,neutral,0.4898959994316101,0,2.066625,2.066625,0
922,akzhol,happy,neutral,0.5617844462394714,0,6.40875,6.40875,0
923,akzhol,happy,neutral,0.3692843019962311,0,2.9025,2.9025,0
924,akzhol,happy,happy,0.44791683554649353,1,7.1981875,7.1981875,0
925,akzhol,happy,angry,0.47497373819351196,0,2.5774375,2.5774375,0
926,akzhol,happy,happy,0.3318774104118347,1,2.34525,2.34525,0
927,akzhol,happy,angry,0.29641905426979065,0,7.476875,7.476875,0
928,akzhol,happy,neutral,0.5496677160263062,0,4.388625,4.388625,0
929,akzhol,happy,neutral,0.5886639952659607,0,2.4845625,2.4845625,0
930,akzhol,happy,neutral,0.6181222200393677,0,4.365375,4.365375,0
931,akzhol,happy,neutral,0.40193381905555725,0,4.0635,4.0635,0
932,akzhol,happy,neutral,0.39665651321411133,0,7.267875,7.267875,0
933,akzhol,happy,neutral,0.47338977456092834,0,3.3669375,3.3669375,0
934,akzhol,happy,angry,0.4089944064617157,0,2.3684375,2.3684375,0
935,akzhol,happy,neutral,0.3929726183414459,0,3.50625,3.50625,0
936,akzhol,happy,neutral,0.5749689936637878,0,5.154875,5.154875,0
937,akzhol,happy,neutral,0.36783918738365173,0,3.0883125,3.0883125,0
938,akzhol,happy,angry,0.6400237083435059,0,3.9474375,3.9474375,0
939,akzhol,happy,sad,0.519239604473114,0,2.1826875,2.1826875,0
940,akzhol,happy,happy,0.36308717727661133,1,3.1115,3.1115,0
941,akzhol,happy,angry,0.37450307607650757,0,9.4273125,9.4273125,0
942,akzhol,happy,happy,0.3467428386211395,1,5.99075,5.99075,0
943,akzhol,happy,neutral,0.6953896284103394,0,3.3205,3.3205,0
944,akzhol,happy,happy,0.5289216637611389,1,5.5728125,5.5728125,0
945,akzhol,happy,neutral,0.5691215991973877,0,1.5093125,1.5093125,0
946,akzhol,happy,neutral,0.42028433084487915,0,8.6610625,8.6610625,0
947,akzhol,happy,neutral,0.664565920829773,0,4.2260625,4.2260625,0
948,akzhol,happy,happy,0.41335222125053406,1,4.45825,4.45825,0
949,akzhol,happy,neutral,0.48972705006599426,0,5.154875,5.154875,0
950,akzhol,happy,neutral,0.554648756980896,0,3.2740625,3.2740625,0
951,akzhol,happy,neutral,0.495832234621048,0,2.5774375,2.5774375,0
952,akzhol,happy,happy,0.6028404235839844,1,9.47375,9.47375,0
953,akzhol,happy,neutral,0.3948497176170349,0,2.252375,2.252375,0
954,akzhol,happy,neutral,0.5733805894851685,0,5.2941875,5.2941875,0
955,akzhol,happy,neutral,0.5772367715835571,0,2.2988125,2.2988125,0
956,akzhol,happy,neutral,0.37915363907814026,0,5.2709375,5.2709375,0
957,akzhol,happy,sad,0.5836734771728516,0,2.8560625,2.8560625,0
958,akzhol,happy,happy,0.384831041097641,1,9.7524375,9.7524375,0
959,akzhol,happy,neutral,0.5155687928199768,0,5.3870625,5.3870625,0
960,akzhol,happy,neutral,0.7223243117332458,0,2.1826875,2.1826875,0
961,akzhol,happy,neutral,0.6753358840942383,0,3.3205,3.3205,0
962,akzhol,happy,neutral,0.6468927264213562,0,6.57125,6.57125,0
963,akzhol,happy,neutral,0.43147528171539307,0,10.658,10.0,1
964,akzhol,happy,neutral,0.778704822063446,0,5.7818125,5.7818125,0
965,akzhol,happy,neutral,0.7553797364234924,0,10.5883125,10.0,1
966,akzhol,happy,neutral,0.6879245042800903,0,5.9443125,5.9443125,0
967,akzhol,happy,neutral,0.4388505816459656,0,6.9195625,6.9195625,0
968,akzhol,happy,neutral,0.6089179515838623,0,3.993875,3.993875,0
969,akzhol,happy,happy,0.4550429880619049,1,8.428875,8.428875,0
970,akzhol,neutral,neutral,0.6721041202545166,1,5.9675625,5.9675625,0
971,akzhol,neutral,neutral,0.6174906492233276,1,5.41025,5.41025,0
972,akzhol,neutral,neutral,0.4711265563964844,1,5.712125,5.712125,0
973,akzhol,neutral,neutral,0.5397949814796448,1,7.082125,7.082125,0
974,akzhol,neutral,angry,0.42665213346481323,0,4.9923125,4.9923125,0
975,akzhol,neutral,neutral,0.546334981918335,1,4.9226875,4.9226875,0
976,akzhol,neutral,neutral,0.541420042514801,1,4.0635,4.0635,0
977,akzhol,neutral,neutral,0.6107304692268372,1,4.5975625,4.5975625,0
978,akzhol,neutral,neutral,0.4025348126888275,1,9.404125,9.404125,0
979,akzhol,neutral,neutral,0.396525502204895,1,3.622375,3.622375,0
980,akzhol,neutral,neutral,0.5488073229789734,1,7.5465,7.5465,0
981,akzhol,neutral,neutral,0.5548636317253113,1,5.5728125,5.5728125,0
982,akzhol,neutral,sad,0.6411787271499634,0,6.6176875,6.6176875,0
983,akzhol,neutral,happy,0.3750143051147461,0,7.5000625,7.5000625,0
984,akzhol,neutral,neutral,0.6509848237037659,1,6.8499375,6.8499375,0
985,akzhol,neutral,neutral,0.3552277982234955,1,9.195125,9.195125,0
986,akzhol,neutral,neutral,0.7014085650444031,1,8.800375,8.800375,0
987,akzhol,neutral,neutral,0.5146102905273438,1,6.5945,6.5945,0
988,akzhol,neutral,neutral,0.5880305171012878,1,3.0650625,3.0650625,0
989,akzhol,neutral,neutral,0.6614243388175964,1,6.9428125,6.9428125,0
990,akzhol,neutral,neutral,0.6813021302223206,1,8.243125,8.243125,0
991,akzhol,neutral,neutral,0.7166563272476196,1,8.7771875,8.7771875,0
992,akzhol,neutral,neutral,0.5694458484649658,1,5.03875,5.03875,0
993,akzhol,neutral,neutral,0.6202844381332397,1,5.0155625,5.0155625,0
994,akzhol,neutral,neutral,0.48864883184432983,1,4.3189375,4.3189375,0
995,akzhol,neutral,neutral,0.7347421646118164,1,7.9645,7.9645,0
996,akzhol,neutral,neutral,0.7037742733955383,1,5.61925,5.61925,0
997,akzhol,neutral,neutral,0.6203977465629578,1,7.476875,7.476875,0
998,akzhol,neutral,neutral,0.513184666633606,1,4.3421875,4.3421875,0
999,akzhol,neutral,neutral,0.4253198802471161,1,11.05275,10.0,1
1000,akzhol,neutral,neutral,0.5979267358779907,1,8.7075,8.7075,0
1001,akzhol,neutral,neutral,0.3959367871284485,1,3.0650625,3.0650625,0
1002,akzhol,neutral,neutral,0.6122353672981262,1,7.5929375,7.5929375,0
1003,akzhol,neutral,neutral,0.73524010181427,1,6.501625,6.501625,0
1004,akzhol,neutral,neutral,0.5346906185150146,1,6.19975,6.19975,0
1005,akzhol,neutral,neutral,0.3771763741970062,1,7.73225,7.73225,0
1006,akzhol,neutral,neutral,0.6137115955352783,1,3.9474375,3.9474375,0
1007,akzhol,neutral,neutral,0.39896082878112793,1,2.995375,2.995375,0
1008,akzhol,neutral,neutral,0.7722881436347961,1,5.5031875,5.5031875,0
1009,akzhol,neutral,neutral,0.5404520630836487,1,4.3189375,4.3189375,0
1010,akzhol,neutral,neutral,0.4573092758655548,1,2.995375,2.995375,0
1011,akzhol,neutral,neutral,0.6135105490684509,1,1.76475,1.76475,0
1012,akzhol,neutral,neutral,0.42378127574920654,1,6.315875,6.315875,0
1013,akzhol,neutral,neutral,0.5973874926567078,1,2.4845625,2.4845625,0
1014,akzhol,neutral,neutral,0.528457522392273,1,4.2493125,4.2493125,0
1015,akzhol,neutral,neutral,0.5946938991546631,1,2.809625,2.809625,0
1016,akzhol,neutral,neutral,0.6071348786354065,1,5.0155625,5.0155625,0
1017,akzhol,neutral,neutral,0.48860231041908264,1,2.438125,2.438125,0
1018,akzhol,neutral,neutral,0.6167166233062744,1,8.243125,8.243125,0
1019,akzhol,neutral,happy,0.3965974450111389,0,8.3824375,8.3824375,0
1020,akzhol,neutral,neutral,0.6562684178352356,1,3.0883125,3.0883125,0
1021,akzhol,neutral,neutral,0.4143645465373993,1,4.5279375,4.5279375,0
1022,akzhol,neutral,neutral,0.7843910455703735,1,4.4815,4.4815,0
1023,akzhol,neutral,neutral,0.5698894262313843,1,5.1084375,5.1084375,0
1024,akzhol,neutral,neutral,0.61293625831604,1,5.131625,5.131625,0
1025,akzhol,neutral,neutral,0.44523951411247253,1,3.692,3.692,0
1026,akzhol,neutral,neutral,0.49789780378341675,1,3.1811875,3.1811875,0
1027,akzhol,neutral,neutral,0.4676900804042816,1,6.57125,6.57125,0
1028,akzhol,neutral,sad,0.2514919638633728,0,4.551125,4.551125,0
1029,akzhol,neutral,neutral,0.5093338489532471,1,3.13475,3.13475,0
1030,akzhol,neutral,neutral,0.5073734521865845,1,4.4815,4.4815,0
1031,akzhol,neutral,neutral,0.6473051309585571,1,2.461375,2.461375,0
1032,akzhol,neutral,neutral,0.4985678791999817,1,2.2755625,2.2755625,0
1033,akzhol,neutral,neutral,0.6165097951889038,1,4.0403125,4.0403125,0
1034,akzhol,neutral,neutral,0.5132450461387634,1,4.08675,4.08675,0
1035,akzhol,neutral,neutral,0.3920274078845978,1,3.3205,3.3205,0
1036,akzhol,neutral,happy,0.28871044516563416,0,3.3205,3.3205,0
1037,akzhol,neutral,neutral,0.5782110095024109,1,6.40875,6.40875,0
1038,akzhol,neutral,neutral,0.30720168352127075,1,4.156375,4.156375,0
1039,akzhol,neutral,neutral,0.6888265609741211,1,7.3143125,7.3143125,0
1040,akzhol,neutral,neutral,0.7885474562644958,1,3.0883125,3.0883125,0
1041,akzhol,neutral,neutral,0.6096467971801758,1,3.1115,3.1115,0
1042,akzhol,neutral,neutral,0.5595964193344116,1,3.13475,3.13475,0
1043,akzhol,neutral,neutral,0.7411759495735168,1,3.622375,3.622375,0
1044,akzhol,neutral,neutral,0.40738654136657715,1,3.8313125,3.8313125,0
1045,akzhol,neutral,sad,0.8425413370132446,0,2.5774375,2.5774375,0
1046,akzhol,neutral,neutral,0.5456767082214355,1,4.2260625,4.2260625,0
1047,akzhol,neutral,neutral,0.7436991333961487,1,3.2740625,3.2740625,0
1048,akzhol,neutral,neutral,0.7026703953742981,1,4.388625,4.388625,0
1049,akzhol,neutral,neutral,0.5610377788543701,1,2.438125,2.438125,0
1050,akzhol,neutral,neutral,0.6546371579170227,1,5.3870625,5.3870625,0
1051,akzhol,neutral,neutral,0.6536630392074585,1,3.8313125,3.8313125,0
1052,akzhol,neutral,neutral,0.626288652420044,1,4.736875,4.736875,0
1053,akzhol,neutral,neutral,0.6694583892822266,1,5.2941875,5.2941875,0
1054,akzhol,neutral,neutral,0.6412203311920166,1,5.6656875,5.6656875,0
1055,akzhol,neutral,neutral,0.6988710761070251,1,6.7570625,6.7570625,0
1056,akzhol,neutral,neutral,0.5443214178085327,1,2.7631875,2.7631875,0
1057,akzhol,neutral,neutral,0.6239637732505798,1,3.13475,3.13475,0
1058,akzhol,neutral,neutral,0.7611988186836243,1,8.6610625,8.6610625,0
1059,akzhol,neutral,neutral,0.5085793137550354,1,3.901,3.901,0
1060,akzhol,neutral,neutral,0.5640155076980591,1,3.9241875,3.9241875,0
1061,akzhol,neutral,neutral,0.4032137393951416,1,7.9180625,7.9180625,0
1062,akzhol,neutral,neutral,0.47443893551826477,1,3.3205,3.3205,0
1063,akzhol,neutral,neutral,0.5110231041908264,1,3.692,3.692,0
1064,akzhol,neutral,neutral,0.4533149302005768,1,1.6021875,1.6021875,0
1065,akzhol,neutral,neutral,0.5575096011161804,1,4.179625,4.179625,0
1066,akzhol,neutral,neutral,0.7054715156555176,1,5.5031875,5.5031875,0
1067,akzhol,neutral,neutral,0.6610549688339233,1,4.0170625,4.0170625,0
1068,akzhol,neutral,neutral,0.6698004007339478,1,7.848375,7.848375,0
1069,akzhol,neutral,neutral,0.516882061958313,1,5.5031875,5.5031875,0
1070,akzhol,neutral,sad,0.5171500444412231,0,3.2740625,3.2740625,0
1071,akzhol,neutral,neutral,0.6012219190597534,1,4.2028125,4.2028125,0
1072,akzhol,neutral,neutral,0.42681175470352173,1,1.579,1.579,0
1073,akzhol,neutral,neutral,0.3836696743965149,1,3.2508125,3.2508125,0
1074,akzhol,neutral,neutral,0.38582760095596313,1,2.71675,2.71675,0
1075,akzhol,neutral,neutral,0.6700760722160339,1,6.896375,6.896375,0
1076,akzhol,neutral,neutral,0.6904435753822327,1,4.7136875,4.7136875,0
1077,akzhol,neutral,sad,0.26618799567222595,0,4.945875,4.945875,0
1078,akzhol,neutral,happy,0.3712692856788635,0,2.229125,2.229125,0
1079,akzhol,neutral,neutral,0.7605188488960266,1,3.3205,3.3205,0
1080,akzhol,neutral,neutral,0.4569808840751648,1,3.041875,3.041875,0
1081,akzhol,neutral,neutral,0.558468759059906,1,4.87625,4.87625,0
1082,akzhol,neutral,neutral,0.6448897123336792,1,5.82825,5.82825,0
1083,akzhol,neutral,neutral,0.6763194799423218,1,5.5728125,5.5728125,0
1084,akzhol,neutral,neutral,0.5416573882102966,1,3.5526875,3.5526875,0
1085,akzhol,neutral,neutral,0.3852287530899048,1,7.639375,7.639375,0
1086,akzhol,neutral,neutral,0.401729017496109,1,6.2461875,6.2461875,0
1087,akzhol,neutral,happy,0.9215260148048401,0,8.614625,8.614625,0
1088,akzhol,neutral,neutral,0.49847567081451416,1,6.687375,6.687375,0
1089,akzhol,neutral,neutral,0.6941157579421997,1,8.0805625,8.0805625,0
1090,akzhol,neutral,neutral,0.4620955288410187,1,1.9969375,1.9969375,0
1091,akzhol,neutral,neutral,0.7171140313148499,1,2.647125,2.647125,0
1092,akzhol,neutral,neutral,0.41235747933387756,1,4.29575,4.29575,0
1093,akzhol,neutral,neutral,0.6776350736618042,1,4.29575,4.29575,0
1094,akzhol,neutral,neutral,0.5812071561813354,1,5.712125,5.712125,0
1095,akzhol,neutral,sad,0.33596038818359375,0,2.4845625,2.4845625,0
1096,akzhol,neutral,sad,0.7660149335861206,0,9.6363125,9.6363125,0
1097,akzhol,neutral,neutral,0.7189033627510071,1,10.3096875,10.0,1
1098,akzhol,neutral,neutral,0.8352288007736206,1,3.8545625,3.8545625,0
1099,akzhol,neutral,neutral,0.489758163690567,1,4.969125,4.969125,0
1100,akzhol,neutral,neutral,0.6783055663108826,1,2.043375,2.043375,0
1101,akzhol,neutral,neutral,0.516441822052002,1,2.3684375,2.3684375,0
1102,akzhol,neutral,neutral,0.40255415439605713,1,5.3638125,5.3638125,0
1103,akzhol,neutral,neutral,0.46437421441078186,1,2.3916875,2.3916875,0
1104,akzhol,neutral,neutral,0.5447668433189392,1,3.1579375,3.1579375,0
1105,akzhol,neutral,neutral,0.38339510560035706,1,2.4149375,2.4149375,0
1106,akzhol,neutral,neutral,0.302748441696167,1,2.4149375,2.4149375,0
1107,akzhol,neutral,happy,0.5305057168006897,0,1.161,1.161,0
1108,akzhol,neutral,neutral,0.5980545282363892,1,7.848375,7.848375,0
1109,akzhol,neutral,neutral,0.6800529360771179,1,2.8560625,2.8560625,0
1110,akzhol,neutral,neutral,0.691113293170929,1,5.6889375,5.6889375,0
1111,akzhol,neutral,neutral,0.696806013584137,1,2.6006875,2.6006875,0
1112,akzhol,neutral,neutral,0.529387891292572,1,4.3421875,4.3421875,0
1113,akzhol,neutral,neutral,0.6435988545417786,1,2.6935625,2.6935625,0
1114,akzhol,neutral,neutral,0.5792369246482849,1,8.219875,8.219875,0
1115,akzhol,neutral,neutral,0.31926634907722473,1,5.0851875,5.0851875,0
1116,akzhol,neutral,happy,0.5757197737693787,0,3.2740625,3.2740625,0
1117,akzhol,neutral,neutral,0.5875246524810791,1,9.1486875,9.1486875,0
1118,akzhol,neutral,neutral,0.4550958573818207,1,3.227625,3.227625,0
1119,akzhol,neutral,neutral,0.6679998636245728,1,8.3591875,8.3591875,0
1120,akzhol,neutral,happy,0.9150582551956177,0,5.9675625,5.9675625,0
1121,akzhol,neutral,neutral,0.7138625383377075,1,4.9923125,4.9923125,0
1122,akzhol,neutral,sad,0.41730502247810364,0,7.662625,7.662625,0
1123,akzhol,neutral,neutral,0.6767516732215881,1,2.9489375,2.9489375,0
1124,akzhol,neutral,neutral,0.6424122452735901,1,4.945875,4.945875,0
1125,akzhol,neutral,neutral,0.5058000087738037,1,5.062,5.062,0
1126,akzhol,neutral,neutral,0.6558749079704285,1,2.623875,2.623875,0
1127,akzhol,neutral,sad,0.6185071468353271,0,9.1255,9.1255,0
1128,akzhol,neutral,happy,0.4437929391860962,0,7.94125,7.94125,0
1129,akzhol,neutral,neutral,0.6103600859642029,1,5.5728125,5.5728125,0
1130,akzhol,neutral,neutral,0.3991221487522125,1,10.750875,10.0,1
1131,akzhol,neutral,neutral,0.41014039516448975,1,7.453625,7.453625,0
1132,akzhol,neutral,neutral,0.4096926748752594,1,9.6595625,9.6595625,0
1133,akzhol,neutral,neutral,0.5465714931488037,1,8.1038125,8.1038125,0
1134,akzhol,neutral,neutral,0.7113258838653564,1,1.6254375,1.6254375,0
1135,akzhol,neutral,neutral,0.5862515568733215,1,2.066625,2.066625,0
1136,akzhol,neutral,neutral,0.3585353195667267,1,2.322,2.322,0
1137,akzhol,neutral,neutral,0.3458736836910248,1,7.2214375,7.2214375,0
1138,akzhol,neutral,sad,0.8675556182861328,0,6.0836875,6.0836875,0
1139,akzhol,neutral,neutral,0.7342028021812439,1,4.156375,4.156375,0
1140,akzhol,neutral,neutral,0.6044296026229858,1,3.784875,3.784875,0
1141,akzhol,neutral,neutral,0.6321982145309448,1,5.3870625,5.3870625,0
1142,akzhol,neutral,neutral,0.49746906757354736,1,2.066625,2.066625,0
1143,akzhol,neutral,neutral,0.5570443272590637,1,5.6425,5.6425,0
1144,akzhol,neutral,fearful,0.3349742889404297,0,3.9241875,3.9241875,0
1145,akzhol,neutral,neutral,0.5874344706535339,1,8.3824375,8.3824375,0
1146,akzhol,neutral,neutral,0.5680655241012573,1,6.7338125,6.7338125,0
1147,akzhol,neutral,neutral,0.4172603487968445,1,1.857625,1.857625,0
1148,akzhol,neutral,neutral,0.5468799471855164,1,6.710625,6.710625,0
1149,akzhol,neutral,neutral,0.6574044227600098,1,9.009375,9.009375,0
1150,akzhol,neutral,neutral,0.49063917994499207,1,8.127,8.127,0
1151,akzhol,neutral,neutral,0.5663884878158569,1,2.438125,2.438125,0
1152,akzhol,neutral,sad,0.3849128186702728,0,5.131625,5.131625,0
1153,akzhol,neutral,neutral,0.6286969780921936,1,3.4365625,3.4365625,0
1154,akzhol,neutral,neutral,0.6453565955162048,1,12.306625,10.0,1
1155,akzhol,neutral,neutral,0.40735629200935364,1,4.551125,4.551125,0
1156,akzhol,neutral,neutral,0.4660162627696991,1,4.2260625,4.2260625,0
1157,akzhol,neutral,neutral,0.44478198885917664,1,4.29575,4.29575,0
1158,akzhol,neutral,happy,0.9393423199653625,0,3.6455625,3.6455625,0
1159,akzhol,neutral,neutral,0.492585688829422,1,4.156375,4.156375,0
1160,akzhol,neutral,neutral,0.6500183939933777,1,1.6254375,1.6254375,0
1161,akzhol,neutral,neutral,0.6223876476287842,1,2.9721875,2.9721875,0
1162,akzhol,neutral,neutral,0.6013392210006714,1,2.7631875,2.7631875,0
1163,akzhol,neutral,neutral,0.610736608505249,1,3.0650625,3.0650625,0
1164,akzhol,neutral,neutral,0.6521564722061157,1,6.3390625,6.3390625,0
1165,akzhol,neutral,neutral,0.599858283996582,1,7.1053125,7.1053125,0
1166,akzhol,neutral,neutral,0.522877037525177,1,3.5526875,3.5526875,0
1167,akzhol,neutral,neutral,0.6882055997848511,1,1.3235625,1.3235625,0
1168,akzhol,neutral,sad,0.286596417427063,0,4.736875,4.736875,0
1169,akzhol,neutral,angry,0.40294018387794495,0,2.043375,2.043375,0
1170,akzhol,neutral,neutral,0.47664809226989746,1,2.2988125,2.2988125,0
1171,akzhol,neutral,neutral,0.7103539109230042,1,3.0883125,3.0883125,0
1172,akzhol,neutral,neutral,0.5085593461990356,1,4.551125,4.551125,0
1173,akzhol,neutral,neutral,0.67171710729599,1,1.8111875,1.8111875,0
1174,akzhol,neutral,neutral,0.5624827146530151,1,3.901,3.901,0
1175,akzhol,neutral,neutral,0.7304195165634155,1,2.34525,2.34525,0
1176,akzhol,neutral,neutral,0.5245566368103027,1,3.0650625,3.0650625,0
1177,akzhol,neutral,neutral,0.46768346428871155,1,5.0851875,5.0851875,0
1178,akzhol,neutral,happy,0.3584984540939331,0,4.945875,4.945875,0
1179,akzhol,neutral,neutral,0.3382861018180847,1,7.4071875,7.4071875,0
1180,akzhol,neutral,neutral,0.41270366311073303,1,4.736875,4.736875,0
1181,akzhol,neutral,happy,0.41986387968063354,0,4.736875,4.736875,0
1182,akzhol,neutral,neutral,0.6153890490531921,1,3.622375,3.622375,0
1183,akzhol,neutral,neutral,0.45893436670303345,1,5.7818125,5.7818125,0
1184,akzhol,neutral,neutral,0.47445234656333923,1,6.9195625,6.9195625,0
1185,akzhol,neutral,neutral,0.5364611148834229,1,5.897875,5.897875,0
1186,akzhol,neutral,neutral,0.5907148718833923,1,8.1038125,8.1038125,0
1187,akzhol,neutral,angry,0.3608768582344055,0,6.106875,6.106875,0
1188,akzhol,neutral,neutral,0.6267598867416382,1,3.9241875,3.9241875,0
1189,akzhol,neutral,neutral,0.7662832736968994,1,1.9040625,1.9040625,0
1190,akzhol,neutral,neutral,0.4608018398284912,1,3.9241875,3.9241875,0
1191,akzhol,neutral,neutral,0.7085868120193481,1,1.462875,1.462875,0
1192,akzhol,neutral,neutral,0.6420949101448059,1,8.7539375,8.7539375,0
1193,akzhol,neutral,neutral,0.6367751955986023,1,1.8344375,1.8344375,0
1194,akzhol,neutral,neutral,0.4071296155452728,1,4.3189375,4.3189375,0
1195,akzhol,neutral,neutral,0.5525396466255188,1,3.808125,3.808125,0
1196,akzhol,neutral,neutral,0.6090170741081238,1,5.735375,5.735375,0
1197,akzhol,neutral,neutral,0.44461941719055176,1,2.7864375,2.7864375,0
1198,akzhol,neutral,happy,0.33180737495422363,0,3.4598125,3.4598125,0
1199,akzhol,neutral,neutral,0.6521308422088623,1,4.551125,4.551125,0
1200,akzhol,neutral,neutral,0.41911205649375916,1,5.4335,5.4335,0
1201,akzhol,neutral,neutral,0.49473780393600464,1,4.2028125,4.2028125,0
1202,akzhol,neutral,neutral,0.7221860885620117,1,1.9040625,1.9040625,0
1203,akzhol,neutral,neutral,0.4902917146682739,1,1.7879375,1.7879375,0
1204,akzhol,neutral,happy,0.4112541675567627,0,3.5526875,3.5526875,0
1205,akzhol,neutral,neutral,0.7167845964431763,1,4.1331875,4.1331875,0
1206,akzhol,neutral,sad,0.43827545642852783,0,1.6254375,1.6254375,0
1207,akzhol,neutral,neutral,0.4576578140258789,1,2.4149375,2.4149375,0
1208,akzhol,neutral,neutral,0.5743418335914612,1,3.87775,3.87775,0
1209,akzhol,neutral,happy,0.4982217848300934,0,2.8793125,2.8793125,0
1210,akzhol,neutral,angry,0.40796661376953125,0,4.6904375,4.6904375,0
1211,akzhol,neutral,neutral,0.5104072093963623,1,1.9040625,1.9040625,0
1212,akzhol,neutral,neutral,0.7462038993835449,1,2.6935625,2.6935625,0
1213,akzhol,neutral,neutral,0.7787876129150391,1,1.5325625,1.5325625,0
1214,akzhol,neutral,neutral,0.624751627445221,1,4.2493125,4.2493125,0
1215,akzhol,neutral,angry,0.3144117295742035,0,3.599125,3.599125,0
1216,akzhol,neutral,surprised,0.3404700458049774,0,1.5325625,1.5325625,0
1217,akzhol,neutral,neutral,0.37082743644714355,1,3.041875,3.041875,0
1218,akzhol,neutral,neutral,0.760023832321167,1,1.7879375,1.7879375,0
1219,akzhol,neutral,neutral,0.6255506277084351,1,5.9675625,5.9675625,0
1220,akzhol,neutral,neutral,0.4339824914932251,1,1.8111875,1.8111875,0
1221,akzhol,neutral,neutral,0.6111339330673218,1,4.8065625,4.8065625,0
1222,akzhol,neutral,angry,0.31338444352149963,0,2.832875,2.832875,0
1223,akzhol,neutral,angry,0.5527048110961914,0,4.2725,4.2725,0
1224,akzhol,neutral,surprised,0.333059161901474,0,3.622375,3.622375,0
1225,akzhol,neutral,neutral,0.5643317103385925,1,3.599125,3.599125,0
1226,akzhol,neutral,neutral,0.6227555871009827,1,3.1579375,3.1579375,0
1227,akzhol,neutral,happy,0.3627586364746094,0,6.40875,6.40875,0
1228,akzhol,neutral,neutral,0.407821387052536,1,5.41025,5.41025,0
1229,akzhol,neutral,happy,0.41817179322242737,0,1.9273125,1.9273125,0
1230,akzhol,neutral,neutral,0.701545238494873,1,4.08675,4.08675,0
1231,akzhol,neutral,neutral,0.5361381769180298,1,2.066625,2.066625,0
1232,akzhol,neutral,neutral,0.4448058009147644,1,5.712125,5.712125,0
1233,akzhol,neutral,neutral,0.5540724396705627,1,7.6858125,7.6858125,0
1234,akzhol,neutral,sad,0.4211011528968811,0,8.1966875,8.1966875,0
1235,akzhol,neutral,neutral,0.5013919472694397,1,2.9489375,2.9489375,0
1236,akzhol,neutral,neutral,0.7641157507896423,1,4.365375,4.365375,0
1237,akzhol,neutral,neutral,0.5304014086723328,1,6.014,6.014,0
1238,akzhol,neutral,neutral,0.53349769115448,1,2.0898125,2.0898125,0
1239,akzhol,neutral,neutral,0.4767082929611206,1,2.229125,2.229125,0
1240,akzhol,neutral,neutral,0.7957763075828552,1,1.462875,1.462875,0
1241,akzhol,neutral,neutral,0.5925514101982117,1,3.1579375,3.1579375,0
1242,akzhol,neutral,neutral,0.408153772354126,1,4.551125,4.551125,0
1243,akzhol,neutral,neutral,0.6793535947799683,1,4.644,4.644,0
1244,akzhol,neutral,neutral,0.5814875364303589,1,4.945875,4.945875,0
1245,akzhol,neutral,neutral,0.4994603395462036,1,4.574375,4.574375,0
1246,akzhol,neutral,happy,0.4338458776473999,0,6.9195625,6.9195625,0
1247,akzhol,neutral,neutral,0.793587863445282,1,5.7585625,5.7585625,0
1248,akzhol,neutral,neutral,0.5643591284751892,1,4.644,4.644,0
1249,akzhol,neutral,neutral,0.6762784123420715,1,13.0031875,10.0,1
1250,akzhol,neutral,neutral,0.5555333495140076,1,4.87625,4.87625,0
1251,akzhol,neutral,neutral,0.5171945095062256,1,8.800375,8.800375,0
1252,akzhol,neutral,neutral,0.5571969747543335,1,11.9815,10.0,1
1253,akzhol,neutral,neutral,0.38215646147727966,1,4.29575,4.29575,0
1254,akzhol,neutral,neutral,0.6930713057518005,1,3.6688125,3.6688125,0
1255,akzhol,neutral,neutral,0.5929336547851562,1,9.3344375,9.3344375,0
1256,akzhol,neutral,neutral,0.6689860820770264,1,5.2245,5.2245,0
1257,akzhol,neutral,neutral,0.5589963793754578,1,6.966,6.966,0
1258,akzhol,neutral,neutral,0.5797367095947266,1,3.390125,3.390125,0
1259,akzhol,neutral,neutral,0.5116462707519531,1,3.204375,3.204375,0
1260,akzhol,neutral,neutral,0.48306047916412354,1,4.6904375,4.6904375,0
1261,akzhol,neutral,neutral,0.7213660478591919,1,11.7493125,10.0,1
1262,akzhol,neutral,neutral,0.4771382808685303,1,3.970625,3.970625,0
1263,akzhol,neutral,neutral,0.5484095215797424,1,5.45675,5.45675,0
1264,akzhol,neutral,neutral,0.7232868075370789,1,6.873125,6.873125,0
1265,akzhol,neutral,neutral,0.6156682968139648,1,3.5294375,3.5294375,0
1266,akzhol,neutral,neutral,0.8270471096038818,1,3.13475,3.13475,0
1267,akzhol,neutral,neutral,0.7377532124519348,1,6.130125,6.130125,0
1268,akzhol,neutral,neutral,0.3879374861717224,1,3.5526875,3.5526875,0
1269,akzhol,neutral,neutral,0.5198648571968079,1,5.2709375,5.2709375,0
1270,akzhol,neutral,neutral,0.39102792739868164,1,6.2694375,6.2694375,0
1271,akzhol,neutral,sad,0.5988012552261353,0,6.6641875,6.6641875,0
1272,akzhol,neutral,neutral,0.4469444453716278,1,4.2725,4.2725,0
1273,akzhol,neutral,neutral,0.7253468632698059,1,2.74,2.74,0
1274,akzhol,neutral,neutral,0.5180284380912781,1,2.832875,2.832875,0
1275,akzhol,neutral,neutral,0.5692629218101501,1,5.41025,5.41025,0
1276,akzhol,neutral,neutral,0.3866851329803467,1,6.2694375,6.2694375,0
1277,akzhol,neutral,neutral,0.5940372347831726,1,5.735375,5.735375,0
1278,akzhol,neutral,neutral,0.6669614911079407,1,4.4118125,4.4118125,0
1279,akzhol,neutral,neutral,0.5475594997406006,1,3.5294375,3.5294375,0
1280,akzhol,neutral,neutral,0.5300825834274292,1,6.710625,6.710625,0
1281,akzhol,neutral,neutral,0.5059558153152466,1,6.1765625,6.1765625,0
1282,akzhol,neutral,happy,0.5123783349990845,0,5.61925,5.61925,0
1283,akzhol,neutral,neutral,0.4744257926940918,1,4.29575,4.29575,0
1284,akzhol,neutral,sad,0.3758768141269684,0,2.2988125,2.2988125,0
1285,akzhol,neutral,neutral,0.38100749254226685,1,5.7818125,5.7818125,0
1286,akzhol,neutral,neutral,0.3014599084854126,1,6.8499375,6.8499375,0
1287,akzhol,neutral,neutral,0.4945322871208191,1,2.6703125,2.6703125,0
1288,akzhol,neutral,neutral,0.7555965781211853,1,4.969125,4.969125,0
1289,akzhol,neutral,neutral,0.5740360617637634,1,2.043375,2.043375,0
1290,akzhol,neutral,neutral,0.7296047210693359,1,3.3205,3.3205,0
1291,akzhol,neutral,neutral,0.5362873077392578,1,5.6425,5.6425,0
1292,akzhol,neutral,neutral,0.7336264848709106,1,4.66725,4.66725,0
1293,akzhol,neutral,neutral,0.7013250589370728,1,1.8111875,1.8111875,0
1294,akzhol,neutral,neutral,0.6429138779640198,1,6.4551875,6.4551875,0
1295,akzhol,neutral,neutral,0.4878212809562683,1,4.7136875,4.7136875,0
1296,akzhol,neutral,sad,0.5672418475151062,0,2.995375,2.995375,0
1297,akzhol,neutral,neutral,0.641897976398468,1,2.3916875,2.3916875,0
1298,akzhol,neutral,neutral,0.6224355697631836,1,2.34525,2.34525,0
1299,akzhol,neutral,neutral,0.6744025945663452,1,4.3421875,4.3421875,0
1300,akzhol,neutral,neutral,0.761810302734375,1,4.736875,4.736875,0
1301,akzhol,neutral,neutral,0.44133055210113525,1,3.1811875,3.1811875,0
1302,akzhol,neutral,neutral,0.6380429863929749,1,7.0124375,7.0124375,0
1303,akzhol,neutral,neutral,0.408909410238266,1,5.9443125,5.9443125,0
1304,akzhol,neutral,neutral,0.46970805525779724,1,8.1966875,8.1966875,0
1305,akzhol,neutral,sad,0.4338601529598236,0,2.647125,2.647125,0
1306,akzhol,neutral,neutral,0.45436614751815796,1,7.7555,7.7555,0
1307,akzhol,neutral,neutral,0.5615358948707581,1,4.5279375,4.5279375,0
1308,akzhol,neutral,neutral,0.6047234535217285,1,5.0851875,5.0851875,0
1309,akzhol,neutral,neutral,0.45084211230278015,1,15.27875,10.0,1
1310,akzhol,neutral,neutral,0.4929315149784088,1,8.452125,8.452125,0
1311,akzhol,neutral,happy,0.9532511234283447,0,3.599125,3.599125,0
1312,akzhol,neutral,neutral,0.6621329188346863,1,5.0155625,5.0155625,0
1313,akzhol,neutral,neutral,0.5446776151657104,1,4.9226875,4.9226875,0
1314,akzhol,neutral,happy,0.47757458686828613,0,1.1378125,1.1378125,0
1315,akzhol,neutral,neutral,0.33126795291900635,1,2.229125,2.229125,0
1316,akzhol,neutral,neutral,0.5481950640678406,1,2.9721875,2.9721875,0
1317,akzhol,neutral,neutral,0.6743371486663818,1,12.1905,10.0,1
1318,akzhol,neutral,neutral,0.5229057669639587,1,4.7136875,4.7136875,0
1319,akzhol,neutral,neutral,0.38943058252334595,1,3.9474375,3.9474375,0
1320,akzhol,neutral,neutral,0.702516496181488,1,1.6950625,1.6950625,0
1321,akzhol,neutral,neutral,0.43060317635536194,1,4.2260625,4.2260625,0
1322,akzhol,neutral,neutral,0.5770432353019714,1,3.0650625,3.0650625,0
1323,akzhol,neutral,happy,0.3754952847957611,0,5.99075,5.99075,0
1324,akzhol,neutral,neutral,0.7488054037094116,1,1.2539375,1.2539375,0
1325,akzhol,neutral,neutral,0.5992735028266907,1,1.8344375,1.8344375,0
1326,akzhol,neutral,neutral,0.7408812046051025,1,1.2539375,1.2539375,0
1327,akzhol,neutral,neutral,0.5486656427383423,1,4.0170625,4.0170625,0
1328,akzhol,neutral,neutral,0.7653781175613403,1,7.9876875,7.9876875,0
1329,akzhol,neutral,neutral,0.7315203547477722,1,3.7384375,3.7384375,0
1330,akzhol,neutral,neutral,0.5701985955238342,1,5.8746875,5.8746875,0
1331,akzhol,neutral,neutral,0.7419618964195251,1,5.805,5.805,0
1332,akzhol,neutral,neutral,0.6629815697669983,1,4.644,4.644,0
1333,akzhol,neutral,neutral,0.641913115978241,1,7.5000625,7.5000625,0
1334,akzhol,neutral,neutral,0.43411368131637573,1,4.8065625,4.8065625,0
1335,akzhol,neutral,neutral,0.5934263467788696,1,5.5960625,5.5960625,0
1336,akzhol,neutral,neutral,0.523348331451416,1,5.0155625,5.0155625,0
1337,akzhol,neutral,neutral,0.5896095633506775,1,4.7136875,4.7136875,0
1338,akzhol,neutral,neutral,0.6262249946594238,1,4.9226875,4.9226875,0
1339,akzhol,neutral,neutral,0.6693295240402222,1,5.03875,5.03875,0
1340,akzhol,neutral,sad,0.5499774217605591,0,6.1533125,6.1533125,0
1341,akzhol,neutral,neutral,0.5723211765289307,1,7.1981875,7.1981875,0
1342,akzhol,neutral,neutral,0.7644592523574829,1,6.9428125,6.9428125,0
1343,akzhol,sad,neutral,0.5012005567550659,0,6.966,6.966,0
1344,akzhol,sad,neutral,0.50165194272995,0,5.2245,5.2245,0
1345,akzhol,sad,neutral,0.5285577774047852,0,4.9226875,4.9226875,0
1346,akzhol,sad,neutral,0.4070216119289398,0,8.6610625,8.6610625,0
1347,akzhol,sad,sad,0.37596407532691956,1,4.0635,4.0635,0
1348,akzhol,sad,neutral,0.28809961676597595,0,5.131625,5.131625,0
1349,akzhol,sad,neutral,0.5881978869438171,0,4.179625,4.179625,0
1350,akzhol,sad,sad,0.7998784184455872,1,4.551125,4.551125,0
1351,akzhol,sad,happy,0.487398236989975,0,11.05275,10.0,1
1352,akzhol,sad,neutral,0.6146208643913269,0,4.6904375,4.6904375,0
1353,akzhol,sad,happy,0.40303337574005127,0,3.3436875,3.3436875,0
1354,akzhol,sad,neutral,0.63965904712677,0,4.87625,4.87625,0
1355,akzhol,sad,neutral,0.703326404094696,0,4.4350625,4.4350625,0
1356,akzhol,sad,neutral,0.5433264374732971,0,10.541875,10.0,1
1357,akzhol,sad,neutral,0.6960017085075378,0,6.223,6.223,0
1358,akzhol,sad,neutral,0.6493067145347595,0,4.388625,4.388625,0
1359,akzhol,sad,neutral,0.2839818596839905,0,6.5480625,6.5480625,0
1360,akzhol,sad,happy,0.3218154311180115,0,7.0124375,7.0124375,0
1361,akzhol,sad,neutral,0.4279988408088684,0,4.29575,4.29575,0
1362,akzhol,sad,neutral,0.4358407258987427,0,6.19975,6.19975,0
1363,akzhol,sad,neutral,0.356522798538208,0,4.5279375,4.5279375,0
1364,akzhol,sad,neutral,0.45641782879829407,0,8.127,8.127,0
1365,akzhol,sad,neutral,0.46243444085121155,0,4.2725,4.2725,0
1366,akzhol,sad,neutral,0.6137585639953613,0,8.89325,8.89325,0
1367,akzhol,sad,happy,0.5449508428573608,0,2.92575,2.92575,0
1368,akzhol,sad,neutral,0.6256098747253418,0,4.551125,4.551125,0
1369,akzhol,sad,sad,0.33275946974754333,1,8.52175,8.52175,0
1370,akzhol,sad,neutral,0.656632125377655,0,7.7555,7.7555,0
1371,akzhol,sad,sad,0.6451616883277893,1,7.6858125,7.6858125,0
1372,akzhol,sad,neutral,0.33226442337036133,0,8.7771875,8.7771875,0
1373,akzhol,sad,neutral,0.6654517650604248,0,4.0170625,4.0170625,0
1374,akzhol,sad,neutral,0.5720401406288147,0,8.1966875,8.1966875,0
1375,akzhol,sad,neutral,0.5463579893112183,0,5.5031875,5.5031875,0
1376,akzhol,sad,sad,0.40187397599220276,1,4.9226875,4.9226875,0
1377,akzhol,sad,happy,0.389541357755661,0,7.848375,7.848375,0
1378,akzhol,sad,neutral,0.31733083724975586,0,6.0604375,6.0604375,0
1379,akzhol,sad,neutral,0.45081889629364014,0,6.106875,6.106875,0
1380,akzhol,sad,neutral,0.3494735062122345,0,6.9195625,6.9195625,0
1381,akzhol,sad,angry,0.3943961560726166,0,5.712125,5.712125,0
1382,akzhol,sad,happy,0.33318963646888733,0,7.476875,7.476875,0
1383,akzhol,sad,neutral,0.4244304597377777,0,11.0991875,10.0,1
1384,akzhol,sad,neutral,0.45812782645225525,0,6.687375,6.687375,0
1385,akzhol,sad,neutral,0.46409058570861816,0,5.5031875,5.5031875,0
1386,akzhol,sad,neutral,0.3654838800430298,0,12.0511875,10.0,1
1387,akzhol,sad,happy,0.3795621395111084,0,13.95525,10.0,1
1388,akzhol,sad,sad,0.6630070805549622,1,3.1115,3.1115,0
1389,akzhol,sad,neutral,0.518154501914978,0,5.0155625,5.0155625,0
1390,akzhol,sad,neutral,0.7435961961746216,0,3.227625,3.227625,0
1391,akzhol,sad,neutral,0.5759299993515015,0,6.5248125,6.5248125,0
1392,akzhol,sad,sad,0.4200175702571869,1,8.1038125,8.1038125,0
1393,akzhol,sad,sad,0.48548051714897156,1,4.156375,4.156375,0
1394,akzhol,sad,neutral,0.4262506663799286,0,7.7786875,7.7786875,0
1395,akzhol,sad,neutral,0.4542880654335022,0,5.3638125,5.3638125,0
1396,akzhol,sad,sad,0.5863437056541443,1,2.9489375,2.9489375,0
1397,akzhol,sad,sad,0.4730631411075592,1,2.2988125,2.2988125,0
1398,akzhol,sad,neutral,0.4119923710823059,0,9.5201875,9.5201875,0
1399,akzhol,sad,neutral,0.6609063744544983,0,2.832875,2.832875,0
1400,akzhol,sad,happy,0.40362805128097534,0,7.73225,7.73225,0
1401,akzhol,sad,sad,0.5309172868728638,1,5.5031875,5.5031875,0
1402,akzhol,sad,angry,0.3609989881515503,0,2.4845625,2.4845625,0
1403,akzhol,sad,neutral,0.49134358763694763,0,3.9474375,3.9474375,0
1404,akzhol,sad,sad,0.36088842153549194,1,4.760125,4.760125,0
1405,akzhol,sad,happy,0.40280410647392273,0,6.2461875,6.2461875,0
1406,akzhol,sad,neutral,0.617328941822052,0,6.3623125,6.3623125,0
1407,akzhol,sad,sad,0.4291892945766449,1,5.7585625,5.7585625,0
1408,akzhol,sad,happy,0.6989022493362427,0,2.995375,2.995375,0
1409,akzhol,sad,neutral,0.39034420251846313,0,6.292625,6.292625,0
1410,akzhol,sad,neutral,0.5489255785942078,0,2.3916875,2.3916875,0
1411,akzhol,sad,neutral,0.44843658804893494,0,2.71675,2.71675,0
1412,akzhol,sad,neutral,0.31639182567596436,0,4.6904375,4.6904375,0
1413,akzhol,sad,neutral,0.49896490573883057,0,3.575875,3.575875,0
1414,akzhol,sad,sad,0.45204323530197144,1,3.575875,3.575875,0
1415,akzhol,sad,sad,0.3540559411048889,1,5.8746875,5.8746875,0
1416,akzhol,sad,sad,0.30258166790008545,1,5.2013125,5.2013125,0
1417,akzhol,sad,neutral,0.27395308017730713,0,3.9241875,3.9241875,0
1418,akzhol,sad,fearful,0.43706536293029785,0,3.4598125,3.4598125,0
1419,akzhol,sad,angry,0.5405297875404358,0,3.3436875,3.3436875,0
1420,akzhol,sad,sad,0.6810362339019775,1,2.0898125,2.0898125,0
1421,akzhol,sad,neutral,0.3270837366580963,0,2.5774375,2.5774375,0
1422,akzhol,sad,angry,0.48580798506736755,0,3.2508125,3.2508125,0
1423,akzhol,sad,sad,0.8210016489028931,1,4.853,4.853,0
1424,akzhol,sad,neutral,0.5903525352478027,0,4.66725,4.66725,0
1425,akzhol,sad,sad,0.5145258903503418,1,3.227625,3.227625,0
1426,akzhol,sad,neutral,0.5028207898139954,0,3.0883125,3.0883125,0
1427,akzhol,sad,happy,0.4484819769859314,0,7.2214375,7.2214375,0
1428,akzhol,sad,sad,0.5332607626914978,1,6.1765625,6.1765625,0
1429,akzhol,sad,sad,0.5661447644233704,1,3.483,3.483,0
1430,akzhol,sad,neutral,0.3770362138748169,0,10.8901875,10.0,1
1431,akzhol,sad,neutral,0.36906394362449646,0,3.018625,3.018625,0
1432,akzhol,sad,neutral,0.45665884017944336,0,3.5294375,3.5294375,0
1433,akzhol,sad,neutral,0.5404323935508728,0,3.018625,3.018625,0
1434,akzhol,sad,neutral,0.45500946044921875,0,7.1981875,7.1981875,0
1435,akzhol,sad,neutral,0.5806776881217957,0,2.461375,2.461375,0
1436,akzhol,sad,happy,0.8126702308654785,0,3.599125,3.599125,0
1437,akzhol,sad,neutral,0.4219799041748047,0,5.5031875,5.5031875,0
1438,akzhol,sad,neutral,0.6630700826644897,0,5.6656875,5.6656875,0
1439,akzhol,sad,neutral,0.46994075179100037,0,4.8994375,4.8994375,0
1440,akzhol,sad,neutral,0.3959856331348419,0,2.623875,2.623875,0
1441,akzhol,sad,surprised,0.9103313684463501,0,3.622375,3.622375,0
1442,akzhol,sad,neutral,0.2712397575378418,0,3.1811875,3.1811875,0
1443,akzhol,sad,neutral,0.36909136176109314,0,2.7864375,2.7864375,0
1444,akzhol,sad,sad,0.6230723857879639,1,3.71525,3.71525,0
1445,akzhol,sad,sad,0.437382310628891,1,7.5233125,7.5233125,0
1446,akzhol,sad,neutral,0.5008956789970398,0,3.993875,3.993875,0
1447,akzhol,sad,neutral,0.5158157348632812,0,2.9025,2.9025,0
1448,akzhol,sad,neutral,0.556859016418457,0,3.5526875,3.5526875,0
1449,akzhol,sad,neutral,0.4463983178138733,0,2.1130625,2.1130625,0
1450,akzhol,sad,happy,0.44286420941352844,0,2.832875,2.832875,0
1451,akzhol,sad,neutral,0.479115754365921,0,4.0403125,4.0403125,0
1452,akzhol,sad,neutral,0.538040816783905,0,5.41025,5.41025,0
1453,akzhol,sad,neutral,0.6961513161659241,0,8.452125,8.452125,0
1454,akzhol,sad,happy,0.4988738000392914,0,4.6904375,4.6904375,0
1455,akzhol,sad,sad,0.7084816098213196,1,3.4598125,3.4598125,0
1456,akzhol,sad,neutral,0.42258554697036743,0,4.0635,4.0635,0
1457,akzhol,sad,neutral,0.2974843382835388,0,2.1826875,2.1826875,0
1458,akzhol,sad,neutral,0.5113569498062134,0,4.66725,4.66725,0
1459,akzhol,sad,neutral,0.570448637008667,0,2.7631875,2.7631875,0
1460,akzhol,sad,neutral,0.5046747922897339,0,2.9721875,2.9721875,0
1461,akzhol,sad,neutral,0.6092422604560852,0,4.969125,4.969125,0
1462,akzhol,sad,neutral,0.31908440589904785,0,5.549625,5.549625,0
1463,akzhol,sad,neutral,0.5934500694274902,0,6.130125,6.130125,0
1464,akzhol,sad,neutral,0.530857264995575,0,6.4551875,6.4551875,0
1465,akzhol,sad,neutral,0.43233275413513184,0,7.9645,7.9645,0
1466,akzhol,sad,sad,0.6459125280380249,1,4.644,4.644,0
1467,akzhol,sad,neutral,0.6788198947906494,0,4.2725,4.2725,0
1468,akzhol,sad,sad,0.6364540457725525,1,3.3669375,3.3669375,0
1469,akzhol,sad,neutral,0.7016665935516357,0,5.45675,5.45675,0
1470,akzhol,sad,neutral,0.5252142548561096,0,2.7631875,2.7631875,0
1471,akzhol,sad,neutral,0.5076354742050171,0,3.8313125,3.8313125,0
1472,akzhol,sad,neutral,0.4631618559360504,0,10.1006875,10.0,1
1473,akzhol,sad,neutral,0.4532894492149353,0,2.5774375,2.5774375,0
1474,akzhol,sad,neutral,0.6420833468437195,0,2.55425,2.55425,0
1475,akzhol,sad,neutral,0.32442671060562134,0,4.8298125,4.8298125,0
1476,akzhol,sad,fearful,0.4925936758518219,0,7.6161875,7.6161875,0
1477,akzhol,sad,neutral,0.29386022686958313,0,2.0201875,2.0201875,0
1478,akzhol,sad,sad,0.4926271140575409,1,5.24775,5.24775,0
1479,akzhol,sad,neutral,0.3434361517429352,0,2.3916875,2.3916875,0
1480,akzhol,sad,neutral,0.5657886862754822,0,1.8344375,1.8344375,0
1481,akzhol,sad,neutral,0.4065120816230774,0,5.7818125,5.7818125,0
1482,akzhol,sad,neutral,0.4980619251728058,0,2.438125,2.438125,0
1483,akzhol,sad,neutral,0.4406992495059967,0,1.0449375,1.0449375,0
1484,akzhol,sad,neutral,0.5384729504585266,0,6.315875,6.315875,0
1485,akzhol,sad,neutral,0.5377316474914551,0,2.623875,2.623875,0
1486,akzhol,sad,sad,0.41409531235694885,1,9.4505625,9.4505625,0
1487,akzhol,sad,neutral,0.6952906847000122,0,4.2725,4.2725,0
1488,akzhol,sad,sad,0.41184327006340027,1,2.832875,2.832875,0
1489,akzhol,sad,neutral,0.39901989698410034,0,2.995375,2.995375,0
1490,akzhol,sad,sad,0.5296235680580139,1,5.2709375,5.2709375,0
1491,akzhol,sad,neutral,0.5353458523750305,0,7.662625,7.662625,0
1492,akzhol,sad,neutral,0.4707132875919342,0,8.2663125,8.2663125,0
1493,akzhol,sad,happy,0.3587757349014282,0,4.760125,4.760125,0
1494,akzhol,sad,sad,0.3769404888153076,1,5.735375,5.735375,0
1495,akzhol,sad,neutral,0.6059525012969971,0,8.405625,8.405625,0
1496,akzhol,sad,neutral,0.4650697410106659,0,3.970625,3.970625,0
1497,akzhol,sad,sad,0.7725692391395569,1,5.99075,5.99075,0
1498,akzhol,sad,neutral,0.49301877617836,0,7.7786875,7.7786875,0
1499,akzhol,sad,neutral,0.5998964309692383,0,4.7833125,4.7833125,0
1500,akzhol,sad,neutral,0.5824037194252014,0,5.5728125,5.5728125,0
1501,akzhol,sad,neutral,0.45733028650283813,0,6.795625,6.795625,0
1502,akzhol,sad,neutral,0.6829808354377747,0,4.5975625,4.5975625,0
1503,akzhol,sad,sad,0.2971501350402832,1,3.227625,3.227625,0
1504,akzhol,sad,sad,0.44785428047180176,1,2.71675,2.71675,0
1505,akzhol,sad,neutral,0.4250878095626831,0,6.5480625,6.5480625,0
1506,akzhol,sad,sad,0.6369518637657166,1,3.413375,3.413375,0
1507,akzhol,sad,neutral,0.36961042881011963,0,5.6425,5.6425,0
1508,akzhol,sad,neutral,0.5917882323265076,0,7.175,7.175,0
1509,akzhol,sad,neutral,0.6416709423065186,0,4.30525,4.30525,0
1510,akzhol,sad,neutral,0.42529499530792236,0,4.1331875,4.1331875,0
1511,akzhol,sad,neutral,0.5195968747138977,0,9.195125,9.195125,0
1512,akzhol,sad,neutral,0.7294291853904724,0,6.1765625,6.1765625,0
1513,akzhol,sad,neutral,0.31530556082725525,0,11.4706875,10.0,1
1514,akzhol,sad,happy,0.48918843269348145,0,4.161375,4.161375,0
1515,akzhol,sad,neutral,0.6805204153060913,0,5.8746875,5.8746875,0
1516,akzhol,sad,neutral,0.5644645690917969,0,6.6176875,6.6176875,0
1517,akzhol,sad,neutral,0.3249959945678711,0,6.966,6.966,0
1518,akzhol,sad,happy,0.4130994975566864,0,3.2740625,3.2740625,0
1519,akzhol,sad,happy,0.421107679605484,0,9.6363125,9.6363125,0
1520,akzhol,sad,sad,0.5648117661476135,1,5.921125,5.921125,0
1521,akzhol,sad,neutral,0.47865375876426697,0,7.8019375,7.8019375,0
1522,akzhol,sad,sad,0.6153790354728699,1,7.1053125,7.1053125,0
1523,akzhol,sad,angry,0.3424900472164154,0,3.1115,3.1115,0
1524,akzhol,sad,neutral,0.4109601676464081,0,4.5279375,4.5279375,0
1525,akzhol,sad,happy,0.3958227336406708,0,5.3870625,5.3870625,0
1526,akzhol,sad,neutral,0.6661646962165833,0,4.736875,4.736875,0
1527,akzhol,sad,neutral,0.5595769882202148,0,7.639375,7.639375,0
1528,akzhol,sad,neutral,0.5954105257987976,0,5.24775,5.24775,0
1529,akzhol,sad,neutral,0.5812954306602478,0,7.2214375,7.2214375,0
1530,akzhol,sad,neutral,0.5757288932800293,0,2.9721875,2.9721875,0
1531,akzhol,sad,neutral,0.7179191708564758,0,4.6904375,4.6904375,0
1532,akzhol,sad,neutral,0.44950729608535767,0,3.5294375,3.5294375,0
1533,akzhol,sad,angry,0.3226417005062103,0,6.8266875,6.8266875,0
1534,akzhol,sad,neutral,0.45198243856430054,0,6.4551875,6.4551875,0
1535,akzhol,sad,happy,0.9469830393791199,0,8.0805625,8.0805625,0
1536,akzhol,sad,angry,0.38710618019104004,0,3.87775,3.87775,0
1537,akzhol,sad,neutral,0.6673210263252258,0,1.9273125,1.9273125,0
1538,akzhol,sad,neutral,0.5477531552314758,0,4.0170625,4.0170625,0
1539,akzhol,sad,neutral,0.4237428307533264,0,5.549625,5.549625,0
1540,akzhol,sad,neutral,0.5023233890533447,0,5.4335,5.4335,0
1541,akzhol,sad,neutral,0.6706587672233582,0,2.2755625,2.2755625,0
1542,akzhol,sad,neutral,0.4649769365787506,0,2.3684375,2.3684375,0
1543,akzhol,sad,neutral,0.5435560941696167,0,5.4799375,5.4799375,0
1544,akzhol,sad,neutral,0.6592719554901123,0,3.29725,3.29725,0
1545,akzhol,sad,neutral,0.4693635404109955,0,8.034125,8.034125,0
1546,akzhol,sad,neutral,0.5304930210113525,0,6.315875,6.315875,0
1547,akzhol,sad,neutral,0.5436404347419739,0,4.87625,4.87625,0
1548,akzhol,sad,happy,0.8059048652648926,0,2.13625,2.13625,0
1549,akzhol,sad,sad,0.7141088843345642,1,7.4071875,7.4071875,0
1550,akzhol,sad,neutral,0.48620906472206116,0,4.29575,4.29575,0
1551,akzhol,sad,sad,0.654190182685852,1,1.648625,1.648625,0
1552,akzhol,sad,neutral,0.7850813865661621,0,2.6703125,2.6703125,0
1553,akzhol,sad,sad,0.6329441070556641,1,1.6950625,1.6950625,0
1554,akzhol,sad,sad,0.45042186975479126,1,5.1084375,5.1084375,0
1555,akzhol,sad,neutral,0.5745241045951843,0,2.0201875,2.0201875,0
1556,akzhol,sad,angry,0.4876142740249634,0,2.92575,2.92575,0
1557,akzhol,sad,neutral,0.7338262796401978,0,2.74,2.74,0
1558,akzhol,sad,sad,0.42721059918403625,1,4.2725,4.2725,0
1559,akzhol,sad,neutral,0.40899544954299927,0,1.9273125,1.9273125,0
1560,akzhol,sad,happy,0.3522754907608032,0,2.5774375,2.5774375,0
1561,akzhol,sad,neutral,0.23097185790538788,0,3.0883125,3.0883125,0
1562,akzhol,sad,neutral,0.5457829236984253,0,6.106875,6.106875,0
1563,akzhol,sad,neutral,0.4754108190536499,0,7.0356875,7.0356875,0
1564,akzhol,sad,neutral,0.2835863530635834,0,7.36075,7.36075,0
1565,akzhol,sad,neutral,0.39770159125328064,0,4.29575,4.29575,0
1566,akzhol,sad,neutral,0.5224180817604065,0,1.880875,1.880875,0
1567,akzhol,sad,happy,0.2838451564311981,0,4.66725,4.66725,0
1568,akzhol,sad,neutral,0.5849226713180542,0,3.483,3.483,0
1569,akzhol,sad,neutral,0.36066341400146484,0,3.575875,3.575875,0
1570,akzhol,sad,neutral,0.5068056583404541,0,2.043375,2.043375,0
1571,akzhol,sad,happy,0.33405593037605286,0,4.156375,4.156375,0
1572,akzhol,sad,neutral,0.4816253185272217,0,4.7136875,4.7136875,0
1573,akzhol,sad,neutral,0.4244960844516754,0,5.6656875,5.6656875,0
1574,akzhol,sad,neutral,0.3545004427433014,0,4.9923125,4.9923125,0
1575,akzhol,sad,happy,0.3978038728237152,0,8.823625,8.823625,0
1576,akzhol,sad,neutral,0.44725102186203003,0,3.3669375,3.3669375,0
1577,akzhol,sad,happy,0.5387814044952393,0,3.2740625,3.2740625,0
1578,akzhol,sad,neutral,0.3698548674583435,0,6.710625,6.710625,0
1579,akzhol,sad,sad,0.5332350134849548,1,4.5279375,4.5279375,0
1580,akzhol,sad,happy,0.641214907169342,0,7.2214375,7.2214375,0
1581,akzhol,sad,happy,0.43362221121788025,0,6.4319375,6.4319375,0
1582,akzhol,sad,fearful,0.33893802762031555,0,4.7833125,4.7833125,0
1583,akzhol,sad,neutral,0.3600480258464813,0,4.6208125,4.6208125,0
1584,akzhol,sad,neutral,0.6051973700523376,0,6.896375,6.896375,0
1585,akzhol,sad,neutral,0.6317179799079895,0,4.1331875,4.1331875,0
1586,akzhol,sad,neutral,0.4441138505935669,0,5.3638125,5.3638125,0
1587,akzhol,sad,neutral,0.6923288702964783,0,3.901,3.901,0
1588,akzhol,sad,neutral,0.38519036769866943,0,3.808125,3.808125,0
1589,akzhol,sad,neutral,0.4026052951812744,0,3.3669375,3.3669375,0
1590,akzhol,sad,neutral,0.49960994720458984,0,3.575875,3.575875,0
1591,akzhol,sad,sad,0.36910635232925415,1,3.13475,3.13475,0
1592,akzhol,sad,neutral,0.5348982810974121,0,1.9969375,1.9969375,0
1593,akzhol,sad,sad,0.3607635498046875,1,7.848375,7.848375,0
1594,akzhol,sad,neutral,0.755561351776123,0,4.66725,4.66725,0
1595,akzhol,sad,neutral,0.5217465758323669,0,3.2508125,3.2508125,0
1596,akzhol,sad,neutral,0.43205901980400085,0,4.45825,4.45825,0
1597,akzhol,sad,neutral,0.4125763475894928,0,8.5914375,8.5914375,0
1598,akzhol,sad,happy,0.31465891003608704,0,10.0078125,10.0,1
1599,akzhol,sad,neutral,0.44005125761032104,0,3.1579375,3.1579375,0
1600,akzhol,sad,happy,0.46099549531936646,0,7.0124375,7.0124375,0
1601,akzhol,sad,neutral,0.5578495264053345,0,3.390125,3.390125,0
1602,akzhol,sad,neutral,0.5441760420799255,0,7.3375625,7.3375625,0
1603,akzhol,sad,neutral,0.5673428177833557,0,6.896375,6.896375,0
1604,akzhol,sad,neutral,0.6016506552696228,0,4.4350625,4.4350625,0
1605,akzhol,sad,neutral,0.701513946056366,0,4.4350625,4.4350625,0
1606,akzhol,sad,neutral,0.6736091375350952,0,8.89325,8.89325,0
1607,akzhol,sad,happy,0.4608409106731415,0,2.809625,2.809625,0
1608,akzhol,sad,neutral,0.7057033181190491,0,3.5294375,3.5294375,0
1609,akzhol,sad,neutral,0.6149081587791443,0,3.692,3.692,0
1610,akzhol,sad,happy,0.6337951421737671,0,6.3390625,6.3390625,0
1611,akzhol,sad,neutral,0.465241014957428,0,2.9025,2.9025,0
1612,akzhol,sad,neutral,0.503413736820221,0,2.3916875,2.3916875,0
1613,akzhol,sad,neutral,0.5822437405586243,0,6.8266875,6.8266875,0
1614,akzhol,sad,neutral,0.49581998586654663,0,3.692,3.692,0
1615,akzhol,sad,neutral,0.2938969135284424,0,3.50625,3.50625,0
1616,akzhol,sad,neutral,0.596541702747345,0,2.531,2.531,0
1617,akzhol,sad,neutral,0.31392666697502136,0,3.784875,3.784875,0
1618,akzhol,sad,neutral,0.4167787730693817,0,6.2694375,6.2694375,0
1619,akzhol,sad,neutral,0.649625301361084,0,2.1595,2.1595,0
1620,akzhol,sad,neutral,0.5454525947570801,0,2.2988125,2.2988125,0
1621,akzhol,sad,neutral,0.4645019471645355,0,2.438125,2.438125,0
1622,akzhol,sad,neutral,0.6966754794120789,0,2.7631875,2.7631875,0
1623,akzhol,sad,sad,0.4774361252784729,1,4.6208125,4.6208125,0
1624,akzhol,sad,neutral,0.465651273727417,0,2.8793125,2.8793125,0
1625,akzhol,sad,neutral,0.8233264684677124,0,2.6006875,2.6006875,0
1626,akzhol,sad,sad,0.3718823492527008,1,2.8560625,2.8560625,0
1627,akzhol,sad,neutral,0.7217260599136353,0,2.13625,2.13625,0
1628,akzhol,sad,neutral,0.5598623752593994,0,2.8560625,2.8560625,0
1629,akzhol,sad,neutral,0.5091039538383484,0,4.5046875,4.5046875,0
1630,akzhol,sad,sad,0.38765737414360046,1,2.809625,2.809625,0
1631,akzhol,sad,neutral,0.5536540746688843,0,5.921125,5.921125,0
1632,akzhol,sad,neutral,0.5790736079216003,0,4.2260625,4.2260625,0
1633,akzhol,sad,neutral,0.3934895098209381,0,2.55425,2.55425,0
1634,akzhol,sad,neutral,0.4572478234767914,0,3.13475,3.13475,0
1635,akzhol,sad,neutral,0.5567399263381958,0,3.204375,3.204375,0
1636,akzhol,sad,neutral,0.5745684504508972,0,5.2709375,5.2709375,0
1637,akzhol,sad,neutral,0.5647053122520447,0,2.5774375,2.5774375,0
1638,akzhol,sad,neutral,0.4761204421520233,0,5.2013125,5.2013125,0
1639,akzhol,sad,neutral,0.7934528589248657,0,2.2059375,2.2059375,0
1640,akzhol,sad,neutral,0.7215192914009094,0,5.8746875,5.8746875,0
1641,akzhol,sad,neutral,0.38112926483154297,0,10.2865,10.0,1
1642,akzhol,sad,neutral,0.542195200920105,0,10.1006875,10.0,1
1643,akzhol,sad,happy,0.47759029269218445,0,5.712125,5.712125,0
1644,akzhol,sad,neutral,0.36137866973876953,0,3.0650625,3.0650625,0
1645,akzhol,sad,neutral,0.33991003036499023,0,3.0883125,3.0883125,0
1646,akzhol,sad,neutral,0.35538774728775024,0,3.227625,3.227625,0
1647,akzhol,sad,neutral,0.46773794293403625,0,2.832875,2.832875,0
1648,akzhol,sad,neutral,0.7078375220298767,0,2.322,2.322,0
1649,akzhol,sad,neutral,0.5200521349906921,0,3.1579375,3.1579375,0
1650,akzhol,sad,fearful,0.3583451807498932,0,8.405625,8.405625,0
1651,akzhol,sad,neutral,0.5556565523147583,0,3.71525,3.71525,0
1652,akzhol,sad,neutral,0.3652193546295166,0,7.1981875,7.1981875,0
1653,akzhol,sad,neutral,0.6668784618377686,0,3.29725,3.29725,0
1654,akzhol,sad,sad,0.5998179316520691,1,3.4598125,3.4598125,0
1655,akzhol,sad,neutral,0.6035298109054565,0,3.901,3.901,0
1656,akzhol,sad,neutral,0.41918426752090454,0,7.6858125,7.6858125,0
1657,akzhol,sad,sad,0.630955696105957,1,6.6409375,6.6409375,0
1658,akzhol,sad,neutral,0.6347366571426392,0,5.9443125,5.9443125,0
1659,akzhol,sad,neutral,0.7041490077972412,0,2.0201875,2.0201875,0
1660,akzhol,sad,happy,0.2890428304672241,0,9.1255,9.1255,0
1661,akzhol,sad,neutral,0.674889862537384,0,4.1331875,4.1331875,0
1662,akzhol,sad,neutral,0.26883190870285034,0,7.1053125,7.1053125,0
1663,akzhol,sad,neutral,0.610480785369873,0,7.15175,7.15175,0
1664,akzhol,sad,neutral,0.5293628573417664,0,9.0325625,9.0325625,0
1665,akzhol,sad,neutral,0.8017943501472473,0,6.2694375,6.2694375,0
1666,akzhol,sad,neutral,0.6859326958656311,0,2.2988125,2.2988125,0
1667,akzhol,sad,neutral,0.5280041098594666,0,5.062,5.062,0
1668,akzhol,sad,neutral,0.638114333152771,0,3.018625,3.018625,0
1669,akzhol,sad,sad,0.374136358499527,1,3.3436875,3.3436875,0
1670,akzhol,sad,neutral,0.3610227704048157,0,8.0805625,8.0805625,0
1671,akzhol,sad,neutral,0.3690153956413269,0,3.018625,3.018625,0
1672,akzhol,surprised,neutral,0.676439106464386,0,6.2694375,6.2694375,0
1673,akzhol,surprised,happy,0.3369581699371338,0,6.5248125,6.5248125,0
1674,akzhol,surprised,neutral,0.5062342286109924,0,3.2740625,3.2740625,0
1675,akzhol,surprised,neutral,0.4528939127922058,0,7.6858125,7.6858125,0
1676,akzhol,surprised,neutral,0.5338739156723022,0,4.7833125,4.7833125,0
1677,akzhol,surprised,neutral,0.45386359095573425,0,5.062,5.062,0
1678,akzhol,surprised,neutral,0.44056999683380127,0,5.9443125,5.9443125,0
1679,akzhol,surprised,neutral,0.5120065808296204,0,6.106875,6.106875,0
1680,akzhol,surprised,neutral,0.5148932933807373,0,6.7570625,6.7570625,0
1681,akzhol,surprised,neutral,0.5863143801689148,0,3.808125,3.808125,0
1682,akzhol,surprised,neutral,0.4294818341732025,0,3.9474375,3.9474375,0
1683,akzhol,surprised,sad,0.41615039110183716,0,3.71525,3.71525,0
1684,akzhol,surprised,neutral,0.47324880957603455,0,10.541875,10.0,1
1685,akzhol,surprised,neutral,0.6128562092781067,0,7.94125,7.94125,0
1686,akzhol,surprised,neutral,0.7394066452980042,0,6.478375,6.478375,0
1687,akzhol,surprised,neutral,0.5005982518196106,0,5.7585625,5.7585625,0
1688,akzhol,surprised,neutral,0.47230005264282227,0,7.4071875,7.4071875,0
1689,akzhol,surprised,sad,0.5202641487121582,0,3.622375,3.622375,0
1690,akzhol,surprised,happy,0.5902050733566284,0,3.390125,3.390125,0
1691,akzhol,surprised,neutral,0.49084627628326416,0,5.99075,5.99075,0
1692,akzhol,surprised,neutral,0.4148419201374054,0,5.41025,5.41025,0
1693,akzhol,surprised,neutral,0.6586097478866577,0,3.1579375,3.1579375,0
1694,akzhol,surprised,happy,0.4293915033340454,0,11.63325,10.0,1
1695,akzhol,surprised,neutral,0.5013226270675659,0,8.2663125,8.2663125,0
1696,akzhol,surprised,neutral,0.515984296798706,0,11.145625,10.0,1
1697,akzhol,surprised,neutral,0.3891446590423584,0,5.9675625,5.9675625,0
1698,akzhol,surprised,neutral,0.4230610132217407,0,8.52175,8.52175,0
1699,akzhol,surprised,neutral,0.5366066098213196,0,7.9645,7.9645,0
1700,akzhol,surprised,neutral,0.562856137752533,0,2.6935625,2.6935625,0
1701,akzhol,surprised,happy,0.3713701367378235,0,5.5728125,5.5728125,0
1702,akzhol,surprised,happy,0.3487900495529175,0,1.7183125,1.7183125,0
1703,akzhol,surprised,sad,0.5232012271881104,0,9.0325625,9.0325625,0
1704,akzhol,surprised,happy,0.9948754906654358,0,3.4365625,3.4365625,0
1705,akzhol,surprised,neutral,0.4227081537246704,0,4.2028125,4.2028125,0
1706,akzhol,surprised,neutral,0.6000576615333557,0,4.5046875,4.5046875,0
1707,akzhol,surprised,neutral,0.6988986730575562,0,7.058875,7.058875,0
1708,akzhol,surprised,neutral,0.7046042680740356,0,5.062,5.062,0
1709,akzhol,surprised,neutral,0.5772374272346497,0,6.7338125,6.7338125,0
1710,akzhol,surprised,neutral,0.7117890119552612,0,11.2385,10.0,1
1711,akzhol,surprised,neutral,0.6802180409431458,0,3.3205,3.3205,0
1712,akzhol,surprised,happy,0.4016680419445038,0,4.6208125,4.6208125,0
1713,akzhol,surprised,neutral,0.36159539222717285,0,15.7431875,10.0,1
1714,akzhol,surprised,neutral,0.4278776943683624,0,7.3143125,7.3143125,0
1715,akzhol,surprised,neutral,0.4632258117198944,0,2.3916875,2.3916875,0
1716,akzhol,surprised,neutral,0.534099817276001,0,5.549625,5.549625,0
1717,akzhol,surprised,surprised,0.6602974534034729,1,4.2493125,4.2493125,0
1718,akzhol,surprised,neutral,0.4600405693054199,0,7.15175,7.15175,0
1719,akzhol,surprised,happy,0.40142643451690674,0,4.5279375,4.5279375,0
1720,akzhol,surprised,neutral,0.41537484526634216,0,7.4304375,7.4304375,0
1721,akzhol,surprised,happy,0.3392057418823242,0,5.5031875,5.5031875,0
1722,akzhol,surprised,neutral,0.5833311080932617,0,4.5279375,4.5279375,0
1723,akzhol,surprised,sad,0.47420939803123474,0,4.4815,4.4815,0
1724,akzhol,surprised,neutral,0.37267521023750305,0,3.3436875,3.3436875,0
1725,akzhol,surprised,neutral,0.4477512538433075,0,3.4365625,3.4365625,0
1726,akzhol,surprised,neutral,0.5003674030303955,0,5.549625,5.549625,0
1727,akzhol,surprised,neutral,0.22004538774490356,0,2.5078125,2.5078125,0
1728,akzhol,surprised,neutral,0.6964682936668396,0,3.2508125,3.2508125,0
1729,akzhol,surprised,neutral,0.25469738245010376,0,3.970625,3.970625,0
1730,akzhol,surprised,angry,0.48168423771858215,0,2.995375,2.995375,0
1731,akzhol,surprised,neutral,0.6633368134498596,0,7.476875,7.476875,0
1732,akzhol,surprised,sad,0.6022918820381165,0,1.9273125,1.9273125,0
1733,akzhol,surprised,neutral,0.7012795209884644,0,4.6904375,4.6904375,0
1734,akzhol,surprised,disgusted,0.632222056388855,0,3.2508125,3.2508125,0
1735,akzhol,surprised,sad,0.5120657682418823,0,2.4845625,2.4845625,0
1736,akzhol,surprised,angry,0.4136349558830261,0,5.2709375,5.2709375,0
1737,akzhol,surprised,neutral,0.46344995498657227,0,5.99075,5.99075,0
1738,akzhol,surprised,sad,0.7713541984558105,0,4.644,4.644,0
1739,akzhol,surprised,neutral,0.4218345284461975,0,6.2461875,6.2461875,0
1740,akzhol,surprised,neutral,0.5186440944671631,0,6.1765625,6.1765625,0
1741,akzhol,surprised,happy,0.9248021245002747,0,7.36075,7.36075,0
1742,akzhol,surprised,happy,0.5334555506706238,0,3.575875,3.575875,0
1743,akzhol,surprised,neutral,0.5471751093864441,0,6.896375,6.896375,0
1744,akzhol,surprised,angry,0.7072408199310303,0,4.0635,4.0635,0
1745,akzhol,surprised,neutral,0.5193638205528259,0,10.4258125,10.0,1
1746,akzhol,surprised,neutral,0.47393056750297546,0,6.98925,6.98925,0
1747,akzhol,surprised,neutral,0.6357974410057068,0,2.71675,2.71675,0
1748,akzhol,surprised,neutral,0.6396220326423645,0,9.6130625,9.6130625,0
1749,akzhol,surprised,happy,0.46409299969673157,0,2.1826875,2.1826875,0
1750,akzhol,surprised,neutral,0.6678602695465088,0,1.9040625,1.9040625,0
1751,akzhol,surprised,surprised,0.5154353976249695,1,2.531,2.531,0
1752,akzhol,surprised,neutral,0.557584822177887,0,3.7616875,3.7616875,0
1753,akzhol,surprised,neutral,0.6547420620918274,0,5.24775,5.24775,0
1754,akzhol,surprised,neutral,0.48588475584983826,0,2.623875,2.623875,0
1755,akzhol,surprised,sad,0.3822568356990814,0,6.6409375,6.6409375,0
1756,akzhol,surprised,neutral,0.5649222135543823,0,6.478375,6.478375,0
1757,akzhol,surprised,angry,0.2504637539386749,0,8.057375,8.057375,0
1758,akzhol,surprised,happy,0.9600180387496948,0,1.7879375,1.7879375,0
1759,akzhol,surprised,sad,0.44358962774276733,0,5.03875,5.03875,0
1760,akzhol,surprised,angry,0.6207450032234192,0,1.880875,1.880875,0
1761,akzhol,surprised,neutral,0.709231436252594,0,4.9923125,4.9923125,0
1762,akzhol,surprised,happy,0.5474370718002319,0,3.1811875,3.1811875,0
1763,akzhol,surprised,neutral,0.568444550037384,0,6.0836875,6.0836875,0
1764,akzhol,surprised,angry,0.47296828031539917,0,5.317375,5.317375,0
1765,akzhol,surprised,happy,0.4799377918243408,0,5.3870625,5.3870625,0
1766,akzhol,surprised,neutral,0.625825047492981,0,4.644,4.644,0
1767,akzhol,surprised,neutral,0.5317171812057495,0,3.0883125,3.0883125,0
1768,akzhol,surprised,neutral,0.45417138934135437,0,6.896375,6.896375,0
1769,akzhol,surprised,happy,0.4750499725341797,0,3.599125,3.599125,0
1770,akzhol,surprised,sad,0.4037320911884308,0,4.9226875,4.9226875,0
1771,akzhol,surprised,neutral,0.49295809864997864,0,6.5480625,6.5480625,0
1772,akzhol,surprised,neutral,0.45565101504325867,0,5.4799375,5.4799375,0
1773,akzhol,surprised,neutral,0.41043105721473694,0,4.3421875,4.3421875,0
1774,akzhol,surprised,neutral,0.56452876329422,0,3.575875,3.575875,0
1775,akzhol,surprised,sad,0.32180866599082947,0,2.438125,2.438125,0
1776,akzhol,surprised,neutral,0.6238397359848022,0,6.03725,6.03725,0
1777,akzhol,surprised,neutral,0.4680444300174713,0,3.2508125,3.2508125,0
1778,akzhol,surprised,neutral,0.6162377595901489,0,3.3436875,3.3436875,0
1779,akzhol,surprised,neutral,0.5807657837867737,0,4.551125,4.551125,0
1780,akzhol,surprised,sad,0.3154144287109375,0,4.29575,4.29575,0
1781,akzhol,surprised,neutral,0.6825345754623413,0,2.71675,2.71675,0
1782,akzhol,surprised,neutral,0.3895530104637146,0,9.89175,9.89175,0
1783,akzhol,surprised,neutral,0.6128508448600769,0,5.6425,5.6425,0
1784,akzhol,surprised,sad,0.3145425021648407,0,3.8545625,3.8545625,0
1785,akzhol,surprised,neutral,0.5973883867263794,0,6.873125,6.873125,0
1786,akzhol,surprised,neutral,0.5941387414932251,0,4.4350625,4.4350625,0
1787,akzhol,surprised,neutral,0.6023296117782593,0,2.438125,2.438125,0
1788,akzhol,surprised,neutral,0.4318973422050476,0,6.1765625,6.1765625,0
1789,akzhol,surprised,neutral,0.6042771339416504,0,3.692,3.692,0
1790,akzhol,surprised,neutral,0.47680002450942993,0,2.623875,2.623875,0
1791,akzhol,surprised,sad,0.4528222978115082,0,3.692,3.692,0
1792,akzhol,surprised,neutral,0.8114510178565979,0,2.6006875,2.6006875,0
1793,akzhol,surprised,neutral,0.34047484397888184,0,3.5294375,3.5294375,0
1794,akzhol,surprised,neutral,0.5803952217102051,0,4.0403125,4.0403125,0
1795,akzhol,surprised,neutral,0.5492818355560303,0,4.1099375,4.1099375,0
1796,akzhol,surprised,neutral,0.6232508420944214,0,2.4149375,2.4149375,0
1797,akzhol,surprised,neutral,0.3508507311344147,0,5.6425,5.6425,0
1798,akzhol,surprised,neutral,0.5213134288787842,0,4.4350625,4.4350625,0
1799,akzhol,surprised,neutral,0.4310923218727112,0,2.8793125,2.8793125,0
1800,akzhol,surprised,neutral,0.5292655229568481,0,10.959875,10.0,1
1801,akzhol,surprised,angry,0.36099863052368164,0,7.175,7.175,0
1802,akzhol,surprised,neutral,0.6715598702430725,0,4.29575,4.29575,0
1803,akzhol,surprised,neutral,0.49768659472465515,0,5.8514375,5.8514375,0
1804,akzhol,surprised,neutral,0.5625370144844055,0,8.7075,8.7075,0
1805,akzhol,surprised,neutral,0.5938239693641663,0,4.736875,4.736875,0
1806,akzhol,surprised,neutral,0.6825834512710571,0,7.73225,7.73225,0
1807,akzhol,surprised,neutral,0.45505625009536743,0,3.13475,3.13475,0
1808,akzhol,surprised,neutral,0.4399007558822632,0,6.3855,6.3855,0
1809,akzhol,surprised,angry,0.5533438324928284,0,8.2663125,8.2663125,0
1810,akzhol,surprised,neutral,0.40780073404312134,0,11.0295,10.0,1
1811,akzhol,surprised,neutral,0.4485260546207428,0,6.5945,6.5945,0
1812,akzhol,surprised,neutral,0.645275354385376,0,5.5960625,5.5960625,0
1813,akzhol,surprised,neutral,0.45663559436798096,0,3.8545625,3.8545625,0
1814,akzhol,surprised,neutral,0.43213775753974915,0,5.154875,5.154875,0
1815,akzhol,surprised,angry,0.563831090927124,0,10.8205,10.0,1
1816,akzhol,surprised,happy,0.5456107258796692,0,2.92575,2.92575,0
1817,akzhol,surprised,neutral,0.4262576103210449,0,5.712125,5.712125,0
1818,akzhol,surprised,neutral,0.6668926477432251,0,3.9241875,3.9241875,0
1819,akzhol,surprised,angry,0.4471093714237213,0,1.486125,1.486125,0
1820,akzhol,surprised,neutral,0.4218442738056183,0,2.9489375,2.9489375,0
1821,akzhol,surprised,neutral,0.49537914991378784,0,7.848375,7.848375,0
1822,akzhol,surprised,neutral,0.6695554852485657,0,2.5774375,2.5774375,0
1823,akzhol,surprised,happy,0.5899151563644409,0,3.390125,3.390125,0
1824,akzhol,surprised,neutral,0.6810787320137024,0,5.2941875,5.2941875,0
1825,akzhol,surprised,neutral,0.3959496021270752,0,9.8453125,9.8453125,0
1826,akzhol,surprised,neutral,0.5312848091125488,0,5.317375,5.317375,0
1827,akzhol,surprised,neutral,0.47562071681022644,0,1.857625,1.857625,0
1828,akzhol,surprised,neutral,0.35902777314186096,0,9.2648125,9.2648125,0
1829,akzhol,surprised,neutral,0.33315548300743103,0,4.08675,4.08675,0
1830,akzhol,surprised,neutral,0.5052958726882935,0,5.24775,5.24775,0
1831,akzhol,surprised,neutral,0.535128116607666,0,2.13625,2.13625,0
1832,akzhol,surprised,sad,0.5283706784248352,0,2.2059375,2.2059375,0
1833,akzhol,surprised,neutral,0.6876007914543152,0,5.761375,5.761375,0
1834,akzhol,surprised,angry,0.25328585505485535,0,2.647125,2.647125,0
1835,akzhol,surprised,neutral,0.48805275559425354,0,4.736875,4.736875,0
1836,akzhol,surprised,neutral,0.5615935325622559,0,3.901,3.901,0
1837,akzhol,surprised,neutral,0.46461722254753113,0,2.8560625,2.8560625,0
1838,akzhol,surprised,neutral,0.2909615933895111,0,3.413375,3.413375,0
1839,akzhol,surprised,angry,0.40203210711479187,0,3.622375,3.622375,0
1840,akzhol,surprised,neutral,0.3769463896751404,0,3.041875,3.041875,0
1841,akzhol,surprised,neutral,0.5916793346405029,0,4.9226875,4.9226875,0
1842,akzhol,surprised,sad,0.550325870513916,0,1.8344375,1.8344375,0
1843,akzhol,surprised,neutral,0.3843078911304474,0,6.57125,6.57125,0
1844,akzhol,surprised,neutral,0.5900234580039978,0,2.5774375,2.5774375,0
1845,akzhol,surprised,neutral,0.6711270213127136,0,1.18425,1.18425,0
1846,akzhol,surprised,sad,0.2902756333351135,0,5.03875,5.03875,0
1847,akzhol,surprised,neutral,0.4433160424232483,0,5.1084375,5.1084375,0
1848,akzhol,surprised,neutral,0.5803952217102051,0,2.252375,2.252375,0
1849,akzhol,surprised,sad,0.4860227108001709,0,5.6425,5.6425,0
1850,akzhol,surprised,neutral,0.2753704786300659,0,8.4985625,8.4985625,0
1851,akzhol,surprised,surprised,0.25382521748542786,1,2.2755625,2.2755625,0
1852,akzhol,surprised,angry,0.47075778245925903,0,3.29725,3.29725,0
1853,akzhol,surprised,neutral,0.649427056312561,0,2.74,2.74,0
1854,akzhol,surprised,neutral,0.5382809638977051,0,3.3205,3.3205,0
1855,akzhol,surprised,neutral,0.6725213527679443,0,2.71675,2.71675,0
1856,akzhol,surprised,happy,0.3140096068382263,0,6.40875,6.40875,0
1857,akzhol,surprised,neutral,0.589491605758667,0,3.71525,3.71525,0
1858,akzhol,surprised,neutral,0.4731830954551697,0,3.041875,3.041875,0
1859,akzhol,surprised,neutral,0.39952293038368225,0,4.0635,4.0635,0
1860,akzhol,surprised,neutral,0.35356444120407104,0,1.97375,1.97375,0
1861,akzhol,surprised,neutral,0.41231706738471985,0,4.8298125,4.8298125,0
1862,akzhol,surprised,neutral,0.6294122338294983,0,6.5945,6.5945,0
1863,akzhol,surprised,neutral,0.6824590563774109,0,3.227625,3.227625,0
1864,akzhol,surprised,happy,0.45843350887298584,0,3.3205,3.3205,0
1865,akzhol,surprised,neutral,0.5669150352478027,0,4.156375,4.156375,0
1866,akzhol,surprised,angry,0.364033579826355,0,5.24775,5.24775,0
1867,akzhol,surprised,neutral,0.44628164172172546,0,1.7415,1.7415,0
1868,akzhol,surprised,angry,0.5665736794471741,0,4.08675,4.08675,0
1869,akzhol,surprised,sad,0.36898908019065857,0,5.5728125,5.5728125,0
1870,akzhol,surprised,sad,0.30050984025001526,0,6.223,6.223,0
1871,akzhol,surprised,neutral,0.4885931611061096,0,4.7833125,4.7833125,0
1872,akzhol,surprised,neutral,0.4699088931083679,0,2.9489375,2.9489375,0
1873,akzhol,surprised,neutral,0.5427432656288147,0,3.6455625,3.6455625,0
1874,akzhol,surprised,angry,0.41866499185562134,0,7.175,7.175,0
1875,akzhol,surprised,happy,0.4484289884567261,0,0.9985,0.9985,0
1876,akzhol,surprised,neutral,0.499980092048645,0,4.8065625,4.8065625,0
1877,akzhol,surprised,angry,0.6741204857826233,0,3.3669375,3.3669375,0
1878,akzhol,surprised,neutral,0.5763976573944092,0,1.9969375,1.9969375,0
1879,akzhol,surprised,neutral,0.4594690799713135,0,6.8499375,6.8499375,0
1880,akzhol,surprised,angry,0.5246375799179077,0,3.390125,3.390125,0
1881,akzhol,surprised,neutral,0.5064741373062134,0,2.6935625,2.6935625,0
1882,akzhol,surprised,neutral,0.4208691716194153,0,2.322,2.322,0
1883,akzhol,surprised,sad,0.35743287205696106,0,3.3669375,3.3669375,0
1884,akzhol,surprised,neutral,0.45351505279541016,0,5.4799375,5.4799375,0
1885,akzhol,surprised,angry,0.4985847771167755,0,2.832875,2.832875,0
1886,akzhol,surprised,neutral,0.29891955852508545,0,4.179625,4.179625,0
1887,akzhol,surprised,neutral,0.4553759694099426,0,6.1765625,6.1765625,0
1888,akzhol,surprised,neutral,0.35144490003585815,0,6.292625,6.292625,0
1889,akzhol,surprised,happy,0.3693696856498718,0,3.5526875,3.5526875,0
1890,akzhol,surprised,angry,0.36725905537605286,0,3.784875,3.784875,0
1891,akzhol,surprised,happy,0.27557042241096497,0,3.0883125,3.0883125,0
1892,akzhol,surprised,angry,0.3149874806404114,0,3.2508125,3.2508125,0
1893,akzhol,surprised,neutral,0.47830867767333984,0,3.3669375,3.3669375,0
1894,akzhol,surprised,neutral,0.6906058192253113,0,3.1811875,3.1811875,0
1895,akzhol,surprised,neutral,0.6645476818084717,0,3.1811875,3.1811875,0
1896,akzhol,surprised,neutral,0.6572456359863281,0,5.735375,5.735375,0
1897,akzhol,surprised,neutral,0.4396894574165344,0,3.390125,3.390125,0
1898,akzhol,surprised,neutral,0.31212761998176575,0,2.7631875,2.7631875,0
1899,akzhol,surprised,angry,0.4708373546600342,0,5.2013125,5.2013125,0
1900,akzhol,surprised,neutral,0.7335144281387329,0,2.3684375,2.3684375,0
1901,akzhol,surprised,neutral,0.5482198596000671,0,6.315875,6.315875,0
1902,akzhol,surprised,angry,0.25051331520080566,0,7.267875,7.267875,0
1903,akzhol,surprised,neutral,0.5224863886833191,0,1.462875,1.462875,0
1904,akzhol,surprised,neutral,0.536716878414154,0,6.966,6.966,0
1905,akzhol,surprised,neutral,0.6515454649925232,0,4.2028125,4.2028125,0
1906,akzhol,surprised,neutral,0.3719978928565979,0,2.1130625,2.1130625,0
1907,akzhol,surprised,sad,0.7969982028007507,0,3.1115,3.1115,0
1908,akzhol,surprised,happy,0.7279804348945618,0,2.6935625,2.6935625,0
1909,akzhol,surprised,neutral,0.42987877130508423,0,4.08675,4.08675,0
1910,akzhol,surprised,neutral,0.4292193055152893,0,5.805,5.805,0
1911,akzhol,surprised,neutral,0.6495748162269592,0,2.74,2.74,0
1912,akzhol,surprised,neutral,0.6957941055297852,0,2.6935625,2.6935625,0
1913,akzhol,surprised,neutral,0.5042991638183594,0,3.1963125,3.1963125,0
1914,akzhol,surprised,neutral,0.5724208950996399,0,1.8111875,1.8111875,0
1915,akzhol,surprised,neutral,0.340983122587204,0,4.6124375,4.6124375,0
1916,akzhol,surprised,neutral,0.4766256809234619,0,1.55575,1.55575,0
1917,akzhol,surprised,angry,0.42053741216659546,0,6.9195625,6.9195625,0
1918,akzhol,surprised,happy,0.9793744087219238,0,2.6935625,2.6935625,0
1919,akzhol,surprised,neutral,0.5724457502365112,0,3.6455625,3.6455625,0
1920,akzhol,surprised,neutral,0.2734466791152954,0,3.2508125,3.2508125,0
1921,akzhol,surprised,neutral,0.6641848087310791,0,2.4845625,2.4845625,0
1922,akzhol,surprised,neutral,0.6055335998535156,0,3.3205,3.3205,0
1923,akzhol,surprised,neutral,0.5001071691513062,0,4.9923125,4.9923125,0
1924,akzhol,surprised,happy,0.36935704946517944,0,6.4319375,6.4319375,0
1925,akzhol,surprised,neutral,0.5177972912788391,0,1.8111875,1.8111875,0
1926,akzhol,surprised,neutral,0.5433158278465271,0,10.4954375,10.0,1
1927,akzhol,surprised,neutral,0.5517849326133728,0,5.0851875,5.0851875,0
1928,akzhol,surprised,happy,0.8344982862472534,0,7.871625,7.871625,0
1929,akzhol,surprised,sad,0.6612244248390198,0,3.2740625,3.2740625,0
1930,akzhol,surprised,neutral,0.5118201375007629,0,3.692,3.692,0
1931,akzhol,surprised,neutral,0.5341116189956665,0,9.31125,9.31125,0
1932,akzhol,surprised,neutral,0.32149359583854675,0,3.204375,3.204375,0
1933,akzhol,surprised,neutral,0.47729116678237915,0,3.3205,3.3205,0
1934,akzhol,surprised,neutral,0.4113387167453766,0,2.3684375,2.3684375,0
1935,akzhol,surprised,neutral,0.5861994624137878,0,3.8313125,3.8313125,0
1936,akzhol,surprised,neutral,0.756832480430603,0,9.47375,9.47375,0
1937,akzhol,surprised,neutral,0.6165615320205688,0,4.45825,4.45825,0
1938,akzhol,surprised,happy,0.3687551021575928,0,10.3096875,10.0,1
1939,akzhol,surprised,neutral,0.42963460087776184,0,4.9923125,4.9923125,0
1940,akzhol,surprised,neutral,0.4885609447956085,0,4.2028125,4.2028125,0
1941,akzhol,surprised,angry,0.24788925051689148,0,4.5975625,4.5975625,0
1942,akzhol,surprised,angry,0.34195268154144287,0,3.0650625,3.0650625,0
1943,akzhol,surprised,neutral,0.3491273820400238,0,2.55425,2.55425,0
1944,akzhol,surprised,neutral,0.4712347984313965,0,4.3189375,4.3189375,0
1945,akzhol,surprised,neutral,0.6196632981300354,0,3.5294375,3.5294375,0
1946,akzhol,surprised,angry,0.34964999556541443,0,4.945875,4.945875,0
1947,akzhol,surprised,neutral,0.722770094871521,0,2.3916875,2.3916875,0
1948,akzhol,surprised,neutral,0.4744552671909332,0,2.0898125,2.0898125,0
1949,akzhol,surprised,neutral,0.3787299692630768,0,4.2493125,4.2493125,0
1950,akzhol,surprised,neutral,0.7161575555801392,0,2.4845625,2.4845625,0
1951,akzhol,surprised,neutral,0.5543986558914185,0,4.4350625,4.4350625,0
1952,akzhol,surprised,neutral,0.5123887658119202,0,6.6409375,6.6409375,0
1953,akzhol,surprised,neutral,0.3399240970611572,0,7.082125,7.082125,0
1954,akzhol,surprised,neutral,0.40120774507522583,0,1.6254375,1.6254375,0
1955,akzhol,surprised,neutral,0.7264026403427124,0,4.29575,4.29575,0
1956,akzhol,surprised,neutral,0.5625753998756409,0,7.4304375,7.4304375,0
1957,akzhol,surprised,neutral,0.5611840486526489,0,8.823625,8.823625,0
1958,akzhol,surprised,neutral,0.4201733469963074,0,3.6688125,3.6688125,0
1959,akzhol,surprised,neutral,0.6324298977851868,0,3.901,3.901,0
1960,akzhol,surprised,neutral,0.6189616918563843,0,2.55425,2.55425,0
1961,akzhol,surprised,neutral,0.27633804082870483,0,2.809625,2.809625,0
1962,akzhol,surprised,neutral,0.5228472948074341,0,7.1053125,7.1053125,0
1963,akzhol,surprised,neutral,0.36525294184684753,0,3.2740625,3.2740625,0
1964,akzhol,surprised,neutral,0.7624444365501404,0,3.29725,3.29725,0
1965,akzhol,surprised,happy,0.586281955242157,0,2.438125,2.438125,0
1966,akzhol,surprised,neutral,0.5991089344024658,0,4.7833125,4.7833125,0
1967,akzhol,surprised,neutral,0.6625720858573914,0,4.8065625,4.8065625,0
1968,akzhol,surprised,neutral,0.2509676218032837,0,5.2245,5.2245,0
1969,akzhol,surprised,neutral,0.5151693820953369,0,7.1285625,7.1285625,0
1970,akzhol,surprised,neutral,0.46549850702285767,0,11.9350625,10.0,1
1971,akzhol,surprised,neutral,0.361486554145813,0,4.3189375,4.3189375,0
1972,akzhol,surprised,neutral,0.46701082587242126,0,6.5480625,6.5480625,0
1973,akzhol,surprised,neutral,0.5951992273330688,0,6.1765625,6.1765625,0
1974,akzhol,surprised,happy,0.3962723910808563,0,2.4845625,2.4845625,0
1975,akzhol,surprised,neutral,0.5943970680236816,0,5.45675,5.45675,0
1976,akzhol,surprised,neutral,0.6913408041000366,0,5.61925,5.61925,0
1977,akzhol,surprised,neutral,0.4959450960159302,0,5.897875,5.897875,0
1978,akzhol,surprised,neutral,0.4473426640033722,0,10.05425,10.0,1
1979,akzhol,surprised,neutral,0.6292134523391724,0,6.6176875,6.6176875,0
1980,akzhol,surprised,happy,0.4653259515762329,0,6.3390625,6.3390625,0
1981,madi,angry,happy,0.6531936526298523,0,9.4098125,9.4098125,0
1982,madi,angry,neutral,0.49662381410598755,0,7.267875,7.267875,0
1983,madi,angry,neutral,0.40072742104530334,0,5.61925,5.61925,0
1984,madi,angry,neutral,0.6455236077308655,0,3.7384375,3.7384375,0
1985,madi,angry,happy,0.46221837401390076,0,5.3870625,5.3870625,0
1986,madi,angry,neutral,0.5244624018669128,0,6.0836875,6.0836875,0
1987,madi,angry,neutral,0.3682577311992645,0,5.2013125,5.2013125,0
1988,madi,angry,neutral,0.5322191119194031,0,5.5960625,5.5960625,0
1989,madi,angry,neutral,0.44464200735092163,0,3.808125,3.808125,0
1990,madi,angry,neutral,0.471587598323822,0,5.61925,5.61925,0
1991,madi,angry,angry,0.3397344648838043,1,2.229125,2.229125,0
1992,madi,angry,sad,0.3526061773300171,0,5.921125,5.921125,0
1993,madi,angry,angry,0.41355204582214355,1,3.784875,3.784875,0
1994,madi,angry,neutral,0.5834841728210449,0,3.0974375,3.0974375,0
1995,madi,angry,sad,0.41745638847351074,0,6.8035,6.8035,0
1996,madi,angry,neutral,0.5524620413780212,0,2.647125,2.647125,0
1997,madi,angry,neutral,0.4274640679359436,0,2.34525,2.34525,0
1998,madi,angry,happy,0.43053412437438965,0,3.784875,3.784875,0
1999,madi,angry,neutral,0.4252077341079712,0,4.2725,4.2725,0
2000,madi,angry,neutral,0.6438868641853333,0,2.2059375,2.2059375,0
2001,madi,angry,neutral,0.5838124752044678,0,6.57125,6.57125,0
2002,madi,angry,sad,0.47227632999420166,0,5.712125,5.712125,0
2003,madi,angry,neutral,0.728509247303009,0,5.2941875,5.2941875,0
2004,madi,angry,neutral,0.3653019070625305,0,4.551125,4.551125,0
2005,madi,angry,neutral,0.42658019065856934,0,3.808125,3.808125,0
2006,madi,angry,neutral,0.4925314784049988,0,6.6409375,6.6409375,0
2007,madi,angry,neutral,0.3575170338153839,0,4.2725,4.2725,0
2008,madi,angry,neutral,0.5340108871459961,0,7.175,7.175,0
2009,madi,angry,neutral,0.5598670840263367,0,7.476875,7.476875,0
2010,madi,angry,neutral,0.364790141582489,0,4.9226875,4.9226875,0
2011,madi,angry,neutral,0.5934500694274902,0,8.52175,8.52175,0
2012,madi,angry,neutral,0.4681667983531952,0,4.6208125,4.6208125,0
2013,madi,angry,neutral,0.629234790802002,0,13.1889375,10.0,1
2014,madi,angry,neutral,0.3769763708114624,0,5.1780625,5.1780625,0
2015,madi,angry,neutral,0.37847116589546204,0,7.1245625,7.1245625,0
2016,madi,angry,sad,0.6668177247047424,0,2.229125,2.229125,0
2017,madi,angry,neutral,0.6786821484565735,0,2.8793125,2.8793125,0
2018,madi,angry,neutral,0.76749587059021,0,5.805,5.805,0
2019,madi,angry,neutral,0.40591195225715637,0,2.8793125,2.8793125,0
2020,madi,angry,neutral,0.49396979808807373,0,2.809625,2.809625,0
2021,madi,angry,neutral,0.6164891123771667,0,2.732375,2.732375,0
2022,madi,angry,neutral,0.5500483512878418,0,3.571,3.571,0
2023,madi,angry,angry,0.528328537940979,1,1.462875,1.462875,0
2024,madi,angry,neutral,0.5984247326850891,0,7.5233125,7.5233125,0
2025,madi,angry,neutral,0.5989035964012146,0,4.83425,4.83425,0
2026,madi,angry,neutral,0.5158032178878784,0,4.8445625,4.8445625,0
2027,madi,angry,neutral,0.37891045212745667,0,2.8560625,2.8560625,0
2028,madi,angry,neutral,0.5090778470039368,0,2.5684375,2.5684375,0
2029,madi,angry,neutral,0.4378244876861572,0,3.531,3.531,0
2030,madi,angry,neutral,0.6357769966125488,0,3.9206875,3.9206875,0
2031,madi,angry,neutral,0.338918536901474,0,3.79425,3.79425,0
2032,madi,angry,neutral,0.399924099445343,0,3.6678125,3.6678125,0
2033,madi,angry,happy,0.40922337770462036,0,9.11425,9.11425,0
2034,madi,angry,neutral,0.6144980788230896,0,5.47425,5.47425,0
2035,madi,angry,neutral,0.4858575165271759,0,7.058875,7.058875,0
2036,madi,angry,neutral,0.6306352615356445,0,6.71425,6.71425,0
2037,madi,angry,neutral,0.6694189310073853,0,3.0883125,3.0883125,0
2038,madi,angry,neutral,0.62166827917099,0,6.3390625,6.3390625,0
2039,madi,angry,sad,0.8048284649848938,0,1.5093125,1.5093125,0
2040,madi,angry,happy,0.311504602432251,0,4.45825,4.45825,0
2041,madi,angry,neutral,0.4586453437805176,0,3.967125,3.967125,0
2042,madi,angry,angry,0.4236476719379425,1,7.0124375,7.0124375,0
2043,madi,angry,sad,0.543523907661438,0,3.8313125,3.8313125,0
2044,madi,angry,neutral,0.5452864170074463,0,2.7555625,2.7555625,0
2045,madi,angry,neutral,0.40992313623428345,0,3.503875,3.503875,0
2046,madi,angry,surprised,0.27716511487960815,0,3.7384375,3.7384375,0
2047,madi,angry,neutral,0.42504069209098816,0,4.156375,4.156375,0
2048,madi,angry,neutral,0.6299124956130981,0,3.663875,3.663875,0
2049,madi,angry,neutral,0.5386051535606384,0,2.4845625,2.4845625,0
2050,madi,angry,neutral,0.5923882722854614,0,5.131625,5.131625,0
2051,madi,angry,neutral,0.6029061079025269,0,4.8949375,4.8949375,0
2052,madi,angry,neutral,0.5553091764450073,0,3.413375,3.413375,0
2053,madi,angry,happy,0.521346926689148,0,3.784875,3.784875,0
2054,madi,angry,neutral,0.647887110710144,0,4.2028125,4.2028125,0
2055,madi,angry,neutral,0.7255764007568359,0,4.29575,4.29575,0
2056,madi,angry,neutral,0.6956862211227417,0,3.71525,3.71525,0
2057,madi,angry,neutral,0.663532018661499,0,1.5325625,1.5325625,0
2058,madi,angry,happy,0.3013080954551697,0,2.55425,2.55425,0
2059,madi,angry,neutral,0.4090939164161682,0,5.062,5.062,0
2060,madi,angry,neutral,0.2781408429145813,0,1.8111875,1.8111875,0
2061,madi,angry,neutral,0.561241090297699,0,4.29575,4.29575,0
2062,madi,angry,neutral,0.37651175260543823,0,1.8344375,1.8344375,0
2063,madi,angry,neutral,0.6146380305290222,0,4.1099375,4.1099375,0
2064,madi,angry,neutral,0.4668214023113251,0,6.607125,6.607125,0
2065,madi,angry,neutral,0.5407260656356812,0,4.8574375,4.8574375,0
2066,madi,angry,neutral,0.6036679148674011,0,2.438125,2.438125,0
2067,madi,angry,neutral,0.44161108136177063,0,6.223,6.223,0
2068,madi,angry,neutral,0.5224464535713196,0,3.5294375,3.5294375,0
2069,madi,angry,neutral,0.46695566177368164,0,2.447125,2.447125,0
2070,madi,angry,neutral,0.6445567607879639,0,3.808125,3.808125,0
2071,madi,angry,neutral,0.3768349289894104,0,4.5975625,4.5975625,0
2072,madi,angry,angry,0.26978442072868347,1,1.97375,1.97375,0
2073,madi,angry,neutral,0.4242517650127411,0,4.0635,4.0635,0
2074,madi,angry,neutral,0.43024304509162903,0,4.5279375,4.5279375,0
2075,madi,angry,neutral,0.49515682458877563,0,9.927125,9.927125,0
2076,madi,fearful,sad,0.3808456063270569,0,3.3436875,3.3436875,0
2077,madi,fearful,sad,0.31526240706443787,0,7.36075,7.36075,0
2078,madi,fearful,neutral,0.4453016221523285,0,3.87775,3.87775,0
2079,madi,fearful,neutral,0.47227782011032104,0,6.1533125,6.1533125,0
2080,madi,fearful,neutral,0.2708946466445923,0,7.5929375,7.5929375,0
2081,madi,fearful,neutral,0.4565991163253784,0,6.4551875,6.4551875,0
2082,madi,fearful,angry,0.4956708252429962,0,4.8065625,4.8065625,0
2083,madi,fearful,neutral,0.4958079159259796,0,3.6455625,3.6455625,0
2084,madi,fearful,sad,0.45590806007385254,0,7.175,7.175,0
2085,madi,fearful,neutral,0.40850532054901123,0,13.444375,10.0,1
2086,madi,fearful,neutral,0.6510986685752869,0,2.13625,2.13625,0
2087,madi,fearful,neutral,0.34542593359947205,0,9.901375,9.901375,0
2088,madi,fearful,neutral,0.3432289659976959,0,8.6610625,8.6610625,0
2089,madi,fearful,neutral,0.40809205174446106,0,3.5526875,3.5526875,0
2090,madi,fearful,neutral,0.3931012749671936,0,4.1099375,4.1099375,0
2091,madi,fearful,happy,0.2810572683811188,0,3.6688125,3.6688125,0
2092,madi,fearful,neutral,0.47522807121276855,0,10.9830625,10.0,1
2093,madi,fearful,neutral,0.46129921078681946,0,6.9195625,6.9195625,0
2094,madi,fearful,happy,0.3987559378147125,0,4.3421875,4.3421875,0
2095,madi,fearful,neutral,0.34927934408187866,0,2.6006875,2.6006875,0
2096,madi,fearful,neutral,0.6084127426147461,0,4.945875,4.945875,0
2097,madi,fearful,neutral,0.43750450015068054,0,6.2461875,6.2461875,0
2098,madi,fearful,neutral,0.44009238481521606,0,4.4815,4.4815,0
2099,madi,fearful,neutral,0.5444788932800293,0,7.848375,7.848375,0
2100,madi,fearful,angry,0.3114757239818573,0,4.3189375,4.3189375,0
2101,madi,fearful,neutral,0.3150389492511749,0,10.05425,10.0,1
2102,madi,fearful,neutral,0.5876113176345825,0,3.7595,3.7595,0
2103,madi,fearful,neutral,0.43373072147369385,0,8.8700625,8.8700625,0
2104,madi,fearful,neutral,0.5185019969940186,0,1.2539375,1.2539375,0
2105,madi,fearful,neutral,0.47214755415916443,0,5.317375,5.317375,0
2106,madi,fearful,neutral,0.3533168435096741,0,8.614625,8.614625,0
2107,madi,fearful,neutral,0.34835386276245117,0,2.7631875,2.7631875,0
2108,madi,fearful,fearful,0.5672768950462341,1,5.131625,5.131625,0
2109,madi,fearful,neutral,0.4574047923088074,0,2.71675,2.71675,0
2110,madi,fearful,neutral,0.40160608291625977,0,6.57125,6.57125,0
2111,madi,fearful,neutral,0.5332650542259216,0,4.2493125,4.2493125,0
2112,madi,fearful,neutral,0.5825935006141663,0,5.131625,5.131625,0
2113,madi,fearful,neutral,0.5601256489753723,0,8.5349375,8.5349375,0
2114,madi,fearful,neutral,0.5495296120643616,0,1.7415,1.7415,0
2115,madi,fearful,neutral,0.6011247038841248,0,6.2188125,6.2188125,0
2116,madi,fearful,neutral,0.5452703237533569,0,6.23425,6.23425,0
2117,madi,fearful,neutral,0.4838915169239044,0,3.3478125,3.3478125,0
2118,madi,fearful,neutral,0.45145606994628906,0,7.0574375,7.0574375,0
2119,madi,fearful,neutral,0.49347788095474243,0,8.7374375,8.7374375,0
2120,madi,fearful,sad,0.3278627395629883,0,6.7078125,6.7078125,0
2121,madi,fearful,angry,0.3827916979789734,0,7.5878125,7.5878125,0
2122,madi,fearful,neutral,0.30942943692207336,0,5.0851875,5.0851875,0
2123,madi,fearful,neutral,0.32879918813705444,0,3.5526875,3.5526875,0
2124,madi,fearful,neutral,0.5303966403007507,0,3.0650625,3.0650625,0
2125,madi,fearful,neutral,0.4717226028442383,0,7.56975,7.56975,0
2126,madi,fearful,neutral,0.44617795944213867,0,6.4769375,6.4769375,0
2127,madi,fearful,neutral,0.36709868907928467,0,5.1084375,5.1084375,0
2128,madi,fearful,neutral,0.5671631097793579,0,2.322,2.322,0
2129,madi,fearful,neutral,0.5489147901535034,0,1.486125,1.486125,0
2130,madi,fearful,neutral,0.6273886561393738,0,7.94125,7.94125,0
2131,madi,fearful,neutral,0.5559061169624329,0,6.6176875,6.6176875,0
2132,madi,fearful,happy,0.4732755124568939,0,3.5478125,3.5478125,0
2133,madi,fearful,neutral,0.36012038588523865,0,9.5201875,9.5201875,0
2134,madi,fearful,sad,0.2864208519458771,0,2.13625,2.13625,0
2135,madi,fearful,sad,0.3036290109157562,0,3.901,3.901,0
2136,madi,fearful,neutral,0.6652525663375854,0,8.611,8.611,0
2137,madi,fearful,angry,0.3550816476345062,0,4.969125,4.969125,0
2138,madi,fearful,neutral,0.369844526052475,0,4.6208125,4.6208125,0
2139,madi,fearful,neutral,0.408508837223053,0,3.390125,3.390125,0
2140,madi,fearful,neutral,0.48695725202560425,0,3.5526875,3.5526875,0
2141,madi,fearful,neutral,0.5238096117973328,0,5.4335,5.4335,0
2142,madi,fearful,angry,0.3588287830352783,0,3.622375,3.622375,0
2143,madi,fearful,neutral,0.34345123171806335,0,4.3189375,4.3189375,0
2144,madi,fearful,neutral,0.4682546555995941,0,4.87625,4.87625,0
2145,madi,fearful,neutral,0.3065474331378937,0,2.9721875,2.9721875,0
2146,madi,fearful,neutral,0.4683782756328583,0,3.970625,3.970625,0
2147,madi,fearful,sad,0.4134201109409332,0,3.784875,3.784875,0
2148,madi,fearful,neutral,0.39125335216522217,0,2.3684375,2.3684375,0
2149,madi,fearful,happy,0.34401682019233704,0,3.7616875,3.7616875,0
2150,madi,fearful,neutral,0.28330308198928833,0,8.31275,8.31275,0
2151,madi,fearful,neutral,0.2689339518547058,0,9.4505625,9.4505625,0
2152,madi,fearful,neutral,0.39410218596458435,0,5.9878125,5.9878125,0
2153,madi,fearful,neutral,0.487012654542923,0,5.407125,5.407125,0
2154,madi,fearful,neutral,0.47317740321159363,0,2.6574375,2.6574375,0
2155,madi,fearful,neutral,0.26684755086898804,0,2.2988125,2.2988125,0
2156,madi,fearful,neutral,0.4534846544265747,0,2.9721875,2.9721875,0
2157,madi,fearful,angry,0.2777244746685028,0,3.1811875,3.1811875,0
2158,madi,fearful,fearful,0.4933135211467743,1,5.3638125,5.3638125,0
2159,madi,fearful,neutral,0.2614131569862366,0,3.0883125,3.0883125,0
2160,madi,fearful,neutral,0.4151746928691864,0,5.7818125,5.7818125,0
2161,madi,fearful,neutral,0.4168475568294525,0,8.034125,8.034125,0
2162,madi,fearful,neutral,0.4180774986743927,0,4.0170625,4.0170625,0
2163,madi,happy,happy,0.8097543716430664,1,3.452375,3.452375,0
2164,madi,happy,neutral,0.5482935309410095,0,7.73225,7.73225,0
2165,madi,happy,neutral,0.42274898290634155,0,2.3684375,2.3684375,0
2166,madi,happy,neutral,0.37242943048477173,0,6.98925,6.98925,0
2167,madi,happy,neutral,0.7057549953460693,0,8.057375,8.057375,0
2168,madi,happy,neutral,0.46787211298942566,0,4.969125,4.969125,0
2169,madi,happy,neutral,0.6820423603057861,0,5.062,5.062,0
2170,madi,happy,neutral,0.5742721557617188,0,4.87625,4.87625,0
2171,madi,happy,neutral,0.44196438789367676,0,7.3375625,7.3375625,0
2172,madi,happy,neutral,0.45507022738456726,0,3.29725,3.29725,0
2173,madi,happy,neutral,0.5549982190132141,0,2.995375,2.995375,0
2174,madi,happy,neutral,0.6094788312911987,0,2.531,2.531,0
2175,madi,happy,neutral,0.44803088903427124,0,7.5929375,7.5929375,0
2176,madi,happy,neutral,0.5094392895698547,0,5.45675,5.45675,0
2177,madi,happy,neutral,0.7071332931518555,0,3.599125,3.599125,0
2178,madi,happy,neutral,0.5299714207649231,0,3.6688125,3.6688125,0
2179,madi,happy,neutral,0.6398020386695862,0,2.809625,2.809625,0
2180,madi,happy,neutral,0.5109384655952454,0,4.45825,4.45825,0
2181,madi,happy,neutral,0.5111215710639954,0,1.161,1.161,0
2182,madi,happy,neutral,0.5216852426528931,0,4.3189375,4.3189375,0
2183,madi,happy,neutral,0.70111083984375,0,3.970625,3.970625,0
2184,madi,happy,neutral,0.653427243232727,0,4.8994375,4.8994375,0
2185,madi,happy,neutral,0.5822187662124634,0,2.13625,2.13625,0
2186,madi,happy,neutral,0.7605747580528259,0,3.1749375,3.1749375,0
2187,madi,happy,neutral,0.7031016945838928,0,7.7478125,7.7478125,0
2188,madi,happy,neutral,0.4572378396987915,0,2.531,2.531,0
2189,madi,happy,happy,0.46960923075675964,1,2.92575,2.92575,0
2190,madi,happy,neutral,0.6983625292778015,0,3.9241875,3.9241875,0
2191,madi,happy,neutral,0.6103871464729309,0,8.4845625,8.4845625,0
2192,madi,happy,neutral,0.6059701442718506,0,8.52175,8.52175,0
2193,madi,happy,neutral,0.7288167476654053,0,2.8793125,2.8793125,0
2194,madi,happy,neutral,0.6593877077102661,0,7.4174375,7.4174375,0
2195,madi,happy,neutral,0.7699210047721863,0,2.229125,2.229125,0
2196,madi,happy,neutral,0.6857531666755676,0,5.9443125,5.9443125,0
2197,madi,happy,neutral,0.7537935376167297,0,4.66725,4.66725,0
2198,madi,happy,neutral,0.6072049140930176,0,3.31425,3.31425,0
2199,madi,happy,neutral,0.5388259291648865,0,8.1078125,8.1078125,0
2200,madi,happy,neutral,0.7073712944984436,0,3.4365625,3.4365625,0
2201,madi,happy,neutral,0.71885746717453,0,2.642,2.642,0
2202,madi,happy,neutral,0.5686550736427307,0,3.599125,3.599125,0
2203,madi,happy,neutral,0.7040539383888245,0,5.1780625,5.1780625,0
2204,madi,happy,neutral,0.5762591361999512,0,3.2278125,3.2278125,0
2205,madi,happy,neutral,0.4115886390209198,0,2.9245625,2.9245625,0
2206,madi,happy,neutral,0.7247645258903503,0,3.291,3.291,0
2207,madi,happy,happy,0.8700454831123352,1,2.7774375,2.7774375,0
2208,madi,happy,neutral,0.6098480820655823,0,8.821375,8.821375,0
2209,madi,happy,neutral,0.5865213871002197,0,4.0635,4.0635,0
2210,madi,happy,neutral,0.566584587097168,0,8.4985625,8.4985625,0
2211,madi,happy,neutral,0.5787279605865479,0,4.703875,4.703875,0
2212,madi,happy,neutral,0.6658002138137817,0,3.87775,3.87775,0
2213,madi,happy,neutral,0.4333523213863373,0,2.3916875,2.3916875,0
2214,madi,happy,neutral,0.6507356762886047,0,4.503875,4.503875,0
2215,madi,happy,neutral,0.658123254776001,0,2.567125,2.567125,0
2216,madi,happy,neutral,0.5908780694007874,0,7.175,7.175,0
2217,madi,happy,neutral,0.6032625436782837,0,7.223875,7.223875,0
2218,madi,happy,neutral,0.6375322341918945,0,1.8344375,1.8344375,0
2219,madi,happy,neutral,0.6009936332702637,0,3.1811875,3.1811875,0
2220,madi,happy,neutral,0.6797428727149963,0,4.8994375,4.8994375,0
2221,madi,happy,neutral,0.4659031629562378,0,7.825125,7.825125,0
2222,madi,happy,neutral,0.5661630630493164,0,6.1765625,6.1765625,0
2223,madi,happy,neutral,0.6304306983947754,0,9.0845625,9.0845625,0
2224,madi,happy,neutral,0.7046082615852356,0,6.79425,6.79425,0
2225,madi,happy,neutral,0.7095107436180115,0,3.71525,3.71525,0
2226,madi,happy,neutral,0.41929978132247925,0,3.9241875,3.9241875,0
2227,madi,happy,neutral,0.6738393306732178,0,3.204375,3.204375,0
2228,madi,happy,neutral,0.579201877117157,0,2.9721875,2.9721875,0
2229,madi,happy,neutral,0.6957185864448547,0,6.5945,6.5945,0
2230,madi,happy,neutral,0.5549946427345276,0,2.0898125,2.0898125,0
2231,madi,happy,neutral,0.680692732334137,0,4.87625,4.87625,0
2232,madi,happy,neutral,0.6468837261199951,0,6.6409375,6.6409375,0
2233,madi,happy,neutral,0.7847245931625366,0,6.2694375,6.2694375,0
2234,madi,happy,neutral,0.710703432559967,0,3.6455625,3.6455625,0
2235,madi,happy,neutral,0.6502568125724792,0,6.3390625,6.3390625,0
2236,madi,happy,neutral,0.7177098393440247,0,2.35425,2.35425,0
2237,madi,happy,neutral,0.7498824596405029,0,5.127125,5.127125,0
2238,madi,happy,neutral,0.6654083132743835,0,4.5975625,4.5975625,0
2239,madi,happy,neutral,0.7637925148010254,0,3.3669375,3.3669375,0
2240,madi,happy,neutral,0.6056284308433533,0,4.5975625,4.5975625,0
2241,madi,happy,neutral,0.6209028363227844,0,2.5774375,2.5774375,0
2242,madi,happy,neutral,0.643572986125946,0,2.832875,2.832875,0
2243,madi,neutral,neutral,0.5225842595100403,1,10.7044375,10.0,1
2244,madi,neutral,neutral,0.5665037631988525,1,5.0155625,5.0155625,0
2245,madi,neutral,neutral,0.43223127722740173,1,6.8266875,6.8266875,0
2246,madi,neutral,neutral,0.606660783290863,1,6.6409375,6.6409375,0
2247,madi,neutral,neutral,0.5920673608779907,1,4.4350625,4.4350625,0
2248,madi,neutral,neutral,0.605102002620697,1,9.4484375,9.4484375,0
2249,madi,neutral,neutral,0.4432789385318756,1,4.1331875,4.1331875,0
2250,madi,neutral,neutral,0.390534907579422,1,10.727625,10.0,1
2251,madi,neutral,neutral,0.6157248616218567,1,7.662625,7.662625,0
2252,madi,neutral,neutral,0.5282043218612671,1,4.853,4.853,0
2253,madi,neutral,neutral,0.44048038125038147,1,1.2306875,1.2306875,0
2254,madi,neutral,happy,0.8733659982681274,0,3.9474375,3.9474375,0
2255,madi,neutral,neutral,0.6905419826507568,1,5.317375,5.317375,0
2256,madi,neutral,neutral,0.7644343376159668,1,4.4350625,4.4350625,0
2257,madi,neutral,neutral,0.5445616841316223,1,3.041875,3.041875,0
2258,madi,neutral,neutral,0.4896356165409088,1,3.413375,3.413375,0
2259,madi,neutral,neutral,0.48964980244636536,1,6.78025,6.78025,0
2260,madi,neutral,neutral,0.6627646684646606,1,3.9241875,3.9241875,0
2261,madi,neutral,neutral,0.5555295944213867,1,3.808125,3.808125,0
2262,madi,neutral,neutral,0.5700401663780212,1,3.7384375,3.7384375,0
2263,madi,neutral,neutral,0.693105161190033,1,6.8035,6.8035,0
2264,madi,neutral,sad,0.5104826092720032,0,1.9969375,1.9969375,0
2265,madi,neutral,neutral,0.4187329113483429,1,2.647125,2.647125,0
2266,madi,neutral,neutral,0.5712581872940063,1,8.452125,8.452125,0
2267,madi,neutral,neutral,0.413727730512619,1,2.13625,2.13625,0
2268,madi,neutral,neutral,0.6147565841674805,1,7.0124375,7.0124375,0
2269,madi,neutral,neutral,0.4958058297634125,1,3.3436875,3.3436875,0
2270,madi,neutral,neutral,0.5084701776504517,1,1.9273125,1.9273125,0
2271,madi,neutral,happy,0.750402569770813,0,3.71525,3.71525,0
2272,madi,neutral,neutral,0.566165566444397,1,1.9969375,1.9969375,0
2273,madi,neutral,neutral,0.5068476796150208,1,3.808125,3.808125,0
2274,madi,neutral,neutral,0.6809952855110168,1,5.2245,5.2245,0
2275,madi,neutral,neutral,0.578188955783844,1,7.3375625,7.3375625,0
2276,madi,neutral,neutral,0.5236003398895264,1,9.4505625,9.4505625,0
2277,madi,neutral,neutral,0.6795582175254822,1,7.291125,7.291125,0
2278,madi,neutral,neutral,0.7107412815093994,1,6.896375,6.896375,0
2279,madi,neutral,neutral,0.5542899370193481,1,3.7544375,3.7544375,0
2280,madi,neutral,neutral,0.6471520662307739,1,3.483,3.483,0
2281,madi,neutral,neutral,0.696377158164978,1,8.545,8.545,0
2282,madi,neutral,neutral,0.5204125046730042,1,3.061375,3.061375,0
2283,madi,neutral,neutral,0.6630644202232361,1,7.2446875,7.2446875,0
2284,madi,neutral,neutral,0.5428054332733154,1,1.7879375,1.7879375,0
2285,madi,neutral,neutral,0.6248165369033813,1,4.0635,4.0635,0
2286,madi,neutral,neutral,0.5522581934928894,1,4.0403125,4.0403125,0
2287,madi,neutral,neutral,0.4368433356285095,1,1.9273125,1.9273125,0
2288,madi,neutral,neutral,0.5554529428482056,1,4.644,4.644,0
2289,madi,neutral,neutral,0.7310407757759094,1,3.1811875,3.1811875,0
2290,madi,neutral,happy,0.40200355648994446,0,4.9923125,4.9923125,0
2291,madi,neutral,sad,0.46729812026023865,0,3.223875,3.223875,0
2292,madi,neutral,neutral,0.674623429775238,1,7.662625,7.662625,0
2293,madi,neutral,neutral,0.5852899551391602,1,4.6574375,4.6574375,0
2294,madi,neutral,neutral,0.5168941020965576,1,8.9645625,8.9645625,0
2295,madi,neutral,neutral,0.5726842284202576,1,4.6845625,4.6845625,0
2296,madi,neutral,neutral,0.6818215847015381,1,1.880875,1.880875,0
2297,madi,neutral,neutral,0.6309036612510681,1,5.4278125,5.4278125,0
2298,madi,neutral,sad,0.7306034564971924,0,1.6950625,1.6950625,0
2299,madi,neutral,neutral,0.6504618525505066,1,5.6425,5.6425,0
2300,madi,neutral,neutral,0.6575561165809631,1,4.29575,4.29575,0
2301,madi,neutral,neutral,0.6680525541305542,1,4.5046875,4.5046875,0
2302,madi,neutral,neutral,0.6485766172409058,1,2.7631875,2.7631875,0
2303,madi,neutral,neutral,0.44354715943336487,1,5.2806875,5.2806875,0
2304,madi,neutral,neutral,0.43341344594955444,1,3.927125,3.927125,0
2305,madi,neutral,neutral,0.6160879731178284,1,5.9443125,5.9443125,0
2306,madi,neutral,neutral,0.8063722848892212,1,3.4278125,3.4278125,0
2307,madi,neutral,neutral,0.5397365689277649,1,13.1193125,10.0,1
2308,madi,neutral,neutral,0.7280808091163635,1,3.13475,3.13475,0
2309,madi,neutral,neutral,0.4537045657634735,1,5.99075,5.99075,0
2310,madi,neutral,neutral,0.47911298274993896,1,6.873125,6.873125,0
2311,madi,neutral,neutral,0.5343436002731323,1,5.735375,5.735375,0
2312,madi,neutral,neutral,0.6256574988365173,1,6.687375,6.687375,0
2313,madi,neutral,neutral,0.46859270334243774,1,9.771,9.771,0
2314,madi,neutral,neutral,0.7396841049194336,1,3.2508125,3.2508125,0
2315,madi,neutral,happy,0.892989993095398,0,2.043375,2.043375,0
2316,madi,neutral,neutral,0.4464394450187683,1,5.3870625,5.3870625,0
2317,madi,neutral,neutral,0.40529924631118774,1,6.0604375,6.0604375,0
2318,madi,neutral,neutral,0.5413841009140015,1,2.0898125,2.0898125,0
2319,madi,neutral,neutral,0.5166126489639282,1,5.24775,5.24775,0
2320,madi,neutral,neutral,0.5703050494194031,1,7.31425,7.31425,0
2321,madi,neutral,neutral,0.45661965012550354,1,2.322,2.322,0
2322,madi,neutral,neutral,0.6831512451171875,1,4.6574375,4.6574375,0
2323,madi,neutral,neutral,0.6711176633834839,1,6.8574375,6.8574375,0
2324,madi,neutral,neutral,0.5076805353164673,1,7.3375625,7.3375625,0
2325,madi,neutral,neutral,0.5022947788238525,1,3.5526875,3.5526875,0
2326,madi,neutral,neutral,0.5553815364837646,1,5.15425,5.15425,0
2327,madi,neutral,neutral,0.5518947839736938,1,2.95425,2.95425,0
2328,madi,neutral,neutral,0.47177380323410034,1,8.75425,8.75425,0
2329,madi,neutral,neutral,0.6819404363632202,1,4.45825,4.45825,0
2330,madi,neutral,neutral,0.6583335995674133,1,3.599125,3.599125,0
2331,madi,neutral,neutral,0.46509891748428345,1,3.3205,3.3205,0
2332,madi,neutral,neutral,0.4134938716888428,1,2.6703125,2.6703125,0
2333,madi,neutral,neutral,0.6862947344779968,1,6.292625,6.292625,0
2334,madi,sad,neutral,0.7147613167762756,0,9.50525,9.50525,0
2335,madi,sad,neutral,0.6970495581626892,0,14.283375,10.0,1
2336,madi,sad,neutral,0.4973216652870178,0,5.41025,5.41025,0
2337,madi,sad,neutral,0.42731812596321106,0,2.5078125,2.5078125,0
2338,madi,sad,neutral,0.36615070700645447,0,2.7864375,2.7864375,0
2339,madi,sad,neutral,0.6228717565536499,0,6.6176875,6.6176875,0
2340,madi,sad,neutral,0.61591637134552,0,7.848375,7.848375,0
2341,madi,sad,neutral,0.6285939812660217,0,6.03725,6.03725,0
2342,madi,sad,neutral,0.5198128819465637,0,5.4335,5.4335,0
2343,madi,sad,neutral,0.6333704590797424,0,1.9969375,1.9969375,0
2344,madi,sad,neutral,0.6667947769165039,0,7.4304375,7.4304375,0
2345,madi,sad,neutral,0.427284300327301,0,3.622375,3.622375,0
2346,madi,sad,neutral,0.38189131021499634,0,4.156375,4.156375,0
2347,madi,sad,neutral,0.6719760298728943,0,4.0403125,4.0403125,0
2348,madi,sad,neutral,0.5961672067642212,0,3.6455625,3.6455625,0
2349,madi,sad,sad,0.7827309966087341,1,2.7631875,2.7631875,0
2350,madi,sad,sad,0.3125075101852417,1,2.5774375,2.5774375,0
2351,madi,sad,neutral,0.3477518558502197,0,2.6703125,2.6703125,0
2352,madi,sad,neutral,0.46125441789627075,0,6.67425,6.67425,0
2353,madi,sad,neutral,0.41509419679641724,0,8.0109375,8.0109375,0
2354,madi,sad,sad,0.4071601927280426,1,2.8793125,2.8793125,0
2355,madi,sad,happy,0.3558352589607239,0,4.388625,4.388625,0
2356,madi,sad,neutral,0.7141070365905762,0,2.2059375,2.2059375,0
2357,madi,sad,neutral,0.4280156195163727,0,2.2884375,2.2884375,0
2358,madi,sad,neutral,0.5385378003120422,0,3.8305,3.8305,0
2359,madi,sad,sad,0.3988756239414215,1,2.4149375,2.4149375,0
2360,madi,sad,neutral,0.4621736407279968,0,1.161,1.161,0
2361,madi,sad,neutral,0.6113916635513306,0,5.7585625,5.7585625,0
2362,madi,sad,neutral,0.5488817691802979,0,10.4258125,10.0,1
2363,madi,sad,happy,0.6822105646133423,0,2.8560625,2.8560625,0
2364,madi,sad,neutral,0.48373687267303467,0,5.4755625,5.4755625,0
2365,madi,sad,neutral,0.6431595683097839,0,7.73225,7.73225,0
2366,madi,sad,neutral,0.5653681755065918,0,2.9721875,2.9721875,0
2367,madi,sad,neutral,0.6468300223350525,0,10.9830625,10.0,1
2368,madi,sad,neutral,0.7686805725097656,0,3.1811875,3.1811875,0
2369,madi,sad,neutral,0.2941068708896637,0,2.252375,2.252375,0
2370,madi,sad,neutral,0.5257843732833862,0,4.66725,4.66725,0
2371,madi,sad,neutral,0.524267852306366,0,6.1765625,6.1765625,0
2372,madi,sad,neutral,0.5897499322891235,0,2.0898125,2.0898125,0
2373,madi,sad,neutral,0.34379786252975464,0,2.1595,2.1595,0
2374,madi,sad,neutral,0.4324812889099121,0,4.0635,4.0635,0
2375,madi,sad,neutral,0.39992257952690125,0,5.5728125,5.5728125,0
2376,madi,sad,neutral,0.4305940270423889,0,3.2740625,3.2740625,0
2377,madi,sad,neutral,0.606829047203064,0,6.8678125,6.8678125,0
2378,madi,sad,neutral,0.542972981929779,0,7.2174375,7.2174375,0
2379,madi,sad,neutral,0.601345419883728,0,7.2278125,7.2278125,0
2380,madi,sad,neutral,0.6793102025985718,0,7.6161875,7.6161875,0
2381,madi,sad,neutral,0.6381787061691284,0,7.9180625,7.9180625,0
2382,madi,sad,neutral,0.6015596389770508,0,7.7786875,7.7786875,0
2383,madi,sad,neutral,0.44938430190086365,0,2.2059375,2.2059375,0
2384,madi,sad,sad,0.6310916543006897,1,2.55425,2.55425,0
2385,madi,sad,neutral,0.505182147026062,0,4.2028125,4.2028125,0
2386,madi,sad,neutral,0.4535790979862213,0,4.9923125,4.9923125,0
2387,madi,sad,neutral,0.5744544267654419,0,2.34525,2.34525,0
2388,madi,sad,sad,0.3700506091117859,1,4.9923125,4.9923125,0
2389,madi,sad,surprised,0.4271445870399475,0,2.74,2.74,0
2390,madi,sad,neutral,0.6383053064346313,0,4.2260625,4.2260625,0
2391,madi,sad,neutral,0.7543534636497498,0,2.4149375,2.4149375,0
2392,madi,sad,neutral,0.5927591323852539,0,3.8545625,3.8545625,0
2393,madi,sad,neutral,0.45202934741973877,0,2.6935625,2.6935625,0
2394,madi,sad,neutral,0.7362975478172302,0,3.13475,3.13475,0
2395,madi,sad,neutral,0.5925078988075256,0,6.5480625,6.5480625,0
2396,madi,sad,neutral,0.44269657135009766,0,2.9721875,2.9721875,0
2397,madi,sad,neutral,0.5819562077522278,0,6.315875,6.315875,0
2398,madi,sad,happy,0.6067947745323181,0,2.4149375,2.4149375,0
2399,madi,sad,sad,0.513763964176178,1,2.438125,2.438125,0
2400,madi,sad,neutral,0.4635668694972992,0,5.4799375,5.4799375,0
2401,madi,sad,neutral,0.6051496267318726,0,5.062,5.062,0
2402,madi,sad,neutral,0.6924511194229126,0,4.9226875,4.9226875,0
2403,madi,sad,neutral,0.5349525213241577,0,6.2461875,6.2461875,0
2404,madi,sad,neutral,0.5847199559211731,0,6.5480625,6.5480625,0
2405,madi,sad,neutral,0.43238407373428345,0,5.921125,5.921125,0
2406,madi,sad,neutral,0.4606025516986847,0,4.0445625,4.0445625,0
2407,madi,sad,neutral,0.4079889953136444,0,8.7774375,8.7774375,0
2408,madi,sad,neutral,0.5170260071754456,0,5.4974375,5.4974375,0
2409,madi,sad,neutral,0.5572064518928528,0,8.4006875,8.4006875,0
2410,madi,sad,sad,0.4347485601902008,1,6.1533125,6.1533125,0
2411,madi,sad,neutral,0.49764201045036316,0,6.966,6.966,0
2412,madi,sad,neutral,0.5008004307746887,0,9.3576875,9.3576875,0
2413,madi,sad,neutral,0.48060980439186096,0,7.8948125,7.8948125,0
2414,madi,sad,neutral,0.49806085228919983,0,4.3421875,4.3421875,0
2415,madi,sad,neutral,0.33539018034935,0,4.388625,4.388625,0
2416,madi,surprised,happy,0.8124009966850281,0,5.735375,5.735375,0
2417,madi,surprised,neutral,0.715021014213562,0,3.1115,3.1115,0
2418,madi,surprised,neutral,0.7132548689842224,0,8.0805625,8.0805625,0
2419,madi,surprised,neutral,0.5632663369178772,0,5.252375,5.252375,0
2420,madi,surprised,neutral,0.5515851378440857,0,5.9675625,5.9675625,0
2421,madi,surprised,neutral,0.6303609013557434,0,7.5929375,7.5929375,0
2422,madi,surprised,neutral,0.7648977041244507,0,5.5960625,5.5960625,0
2423,madi,surprised,fearful,0.48459893465042114,0,3.9474375,3.9474375,0
2424,madi,surprised,neutral,0.710563063621521,0,6.501625,6.501625,0
2425,madi,surprised,neutral,0.6817871332168579,0,12.58525,10.0,1
2426,madi,surprised,neutral,0.6335604786872864,0,6.1774375,6.1774375,0
2427,madi,surprised,neutral,0.6578903198242188,0,6.9195625,6.9195625,0
2428,madi,surprised,neutral,0.6509264707565308,0,3.5294375,3.5294375,0
2429,madi,surprised,neutral,0.6836459040641785,0,3.1115,3.1115,0
2430,madi,surprised,neutral,0.47131988406181335,0,3.390125,3.390125,0
2431,madi,surprised,neutral,0.7592885494232178,0,11.0991875,10.0,1
2432,madi,surprised,neutral,0.6463724970817566,0,3.5294375,3.5294375,0
2433,madi,surprised,happy,0.8817275762557983,0,3.87775,3.87775,0
2434,madi,surprised,angry,0.8995808959007263,0,4.5279375,4.5279375,0
2435,madi,surprised,neutral,0.6062675714492798,0,3.6688125,3.6688125,0
2436,madi,surprised,neutral,0.3898818790912628,0,4.945875,4.945875,0
2437,madi,surprised,neutral,0.6921500563621521,0,5.45675,5.45675,0
2438,madi,surprised,neutral,0.6703674793243408,0,7.175,7.175,0
2439,madi,surprised,neutral,0.5614749193191528,0,1.277125,1.277125,0
2440,madi,surprised,neutral,0.685692548751831,0,4.6904375,4.6904375,0
2441,madi,surprised,neutral,0.5320436954498291,0,4.3349375,4.3349375,0
2442,madi,surprised,neutral,0.7122473120689392,0,2.438125,2.438125,0
2443,madi,surprised,neutral,0.72258460521698,0,1.6254375,1.6254375,0
2444,madi,surprised,happy,0.5727665424346924,0,3.50625,3.50625,0
2445,madi,surprised,neutral,0.4417823255062103,0,2.252375,2.252375,0
2446,madi,surprised,neutral,0.5658861994743347,0,2.558125,2.558125,0
2447,madi,surprised,neutral,0.37150177359580994,0,2.0201875,2.0201875,0
2448,madi,surprised,neutral,0.667290449142456,0,9.3344375,9.3344375,0
2449,madi,surprised,neutral,0.5341246724128723,0,4.438125,4.438125,0
2450,madi,surprised,neutral,0.7190802693367004,0,5.9675625,5.9675625,0
2451,madi,surprised,neutral,0.6601366996765137,0,5.712125,5.712125,0
2452,madi,surprised,neutral,0.5382976531982422,0,6.9428125,6.9428125,0
2453,madi,surprised,neutral,0.7599067091941833,0,8.2895625,8.2895625,0
2454,madi,surprised,neutral,0.5205948948860168,0,5.03875,5.03875,0
2455,madi,surprised,neutral,0.6007481813430786,0,2.252375,2.252375,0
2456,madi,surprised,neutral,0.7330255508422852,0,7.221375,7.221375,0
2457,madi,surprised,neutral,0.8054794073104858,0,2.13625,2.13625,0
2458,madi,surprised,neutral,0.7101128101348877,0,4.4845625,4.4845625,0
2459,madi,surprised,neutral,0.6120818257331848,0,2.71425,2.71425,0
2460,madi,surprised,neutral,0.6438235640525818,0,5.6425,5.6425,0
2461,madi,surprised,neutral,0.639822244644165,0,7.9374375,7.9374375,0
2462,madi,surprised,neutral,0.512256920337677,0,4.7478125,4.7478125,0
2463,madi,surprised,neutral,0.5135337710380554,0,2.3078125,2.3078125,0
2464,madi,surprised,neutral,0.7769377827644348,0,4.5774375,4.5774375,0
2465,madi,surprised,neutral,0.6102027297019958,0,4.931,4.931,0
2466,madi,surprised,neutral,0.6131988167762756,0,6.3855,6.3855,0
2467,madi,surprised,neutral,0.7445720434188843,0,2.322,2.322,0
2468,madi,surprised,neutral,0.571687638759613,0,3.8059375,3.8059375,0
2469,madi,surprised,neutral,0.40674689412117004,0,3.808125,3.808125,0
2470,madi,surprised,neutral,0.450702041387558,0,2.3774375,2.3774375,0
2471,madi,surprised,neutral,0.43964630365371704,0,2.55425,2.55425,0
2472,madi,surprised,neutral,0.6218960881233215,0,5.3638125,5.3638125,0
2473,madi,surprised,neutral,0.7112975716590881,0,6.687375,6.687375,0
2474,madi,surprised,neutral,0.5604954361915588,0,5.24775,5.24775,0
2475,madi,surprised,neutral,0.6462990641593933,0,5.7818125,5.7818125,0
2476,madi,surprised,neutral,0.3989160656929016,0,2.809625,2.809625,0
2477,madi,surprised,neutral,0.5651386380195618,0,7.639375,7.639375,0
2478,madi,surprised,neutral,0.589251697063446,0,4.8994375,4.8994375,0
2479,madi,surprised,neutral,0.4707370698451996,0,4.0170625,4.0170625,0
2480,madi,surprised,fearful,0.2432970255613327,0,7.15175,7.15175,0
2481,madi,surprised,neutral,0.44053077697753906,0,6.315875,6.315875,0
2482,madi,surprised,neutral,0.7068353891372681,0,6.821375,6.821375,0
2483,madi,surprised,neutral,0.4062669575214386,0,4.2725,4.2725,0
2484,madi,surprised,neutral,0.462100625038147,0,7.058875,7.058875,0
2485,madi,surprised,neutral,0.5516632795333862,0,2.832875,2.832875,0
2486,madi,surprised,neutral,0.6211977005004883,0,6.0604375,6.0604375,0
2487,madi,surprised,neutral,0.4631510376930237,0,3.0845625,3.0845625,0
2488,madi,surprised,neutral,0.5547646284103394,0,3.7616875,3.7616875,0
2489,madi,surprised,happy,0.39805635809898376,0,4.551125,4.551125,0
2490,madi,surprised,neutral,0.64292311668396,0,6.9606875,6.9606875,0
2491,madi,surprised,happy,0.8771815299987793,0,3.29725,3.29725,0
2492,madi,surprised,neutral,0.6616969704627991,0,4.31425,4.31425,0
2493,madi,surprised,neutral,0.3948659598827362,0,1.9040625,1.9040625,0
2494,madi,surprised,neutral,0.5792605876922607,0,8.8700625,8.8700625,0
2495,madi,surprised,neutral,0.42700520157814026,0,3.3669375,3.3669375,0
2496,madi,surprised,neutral,0.5505067706108093,0,4.0635,4.0635,0
2497,marzhan,angry,neutral,0.4245477616786957,0,5.5031875,5.5031875,0
2498,marzhan,angry,neutral,0.48996829986572266,0,4.551125,4.551125,0
2499,marzhan,angry,sad,0.30359387397766113,0,6.40875,6.40875,0
2500,marzhan,angry,angry,0.5551149845123291,1,7.2214375,7.2214375,0
2501,marzhan,angry,neutral,0.37207624316215515,0,7.5000625,7.5000625,0
2502,marzhan,angry,neutral,0.36034122109413147,0,9.706,9.706,0
2503,marzhan,angry,neutral,0.6392279863357544,0,4.969125,4.969125,0
2504,marzhan,angry,neutral,0.6635832190513611,0,3.71525,3.71525,0
2505,marzhan,angry,neutral,0.5904342532157898,0,6.315875,6.315875,0
2506,marzhan,angry,sad,0.33056139945983887,0,4.4118125,4.4118125,0
2507,marzhan,angry,neutral,0.7627090811729431,0,1.9505,1.9505,0
2508,marzhan,angry,neutral,0.7634878754615784,0,6.0604375,6.0604375,0
2509,marzhan,angry,neutral,0.6199198365211487,0,5.41025,5.41025,0
2510,marzhan,angry,neutral,0.5155274271965027,0,8.1966875,8.1966875,0
2511,marzhan,angry,neutral,0.4839650094509125,0,3.6688125,3.6688125,0
2512,marzhan,angry,neutral,0.44050678610801697,0,4.365375,4.365375,0
2513,marzhan,angry,neutral,0.6585298180580139,0,5.45675,5.45675,0
2514,marzhan,angry,neutral,0.5203434228897095,0,11.6796875,10.0,1
2515,marzhan,angry,neutral,0.5509512424468994,0,5.3638125,5.3638125,0
2516,marzhan,angry,neutral,0.40876874327659607,0,4.1099375,4.1099375,0
2517,marzhan,angry,neutral,0.31905412673950195,0,4.66725,4.66725,0
2518,marzhan,angry,angry,0.42695361375808716,1,2.9489375,2.9489375,0
2519,marzhan,angry,angry,0.6992201209068298,1,5.8514375,5.8514375,0
2520,marzhan,angry,neutral,0.4834122359752655,0,3.970625,3.970625,0
2521,marzhan,angry,neutral,0.3703800141811371,0,10.379375,10.0,1
2522,marzhan,angry,neutral,0.5849995613098145,0,3.9474375,3.9474375,0
2523,marzhan,angry,neutral,0.7227956056594849,0,5.549625,5.549625,0
2524,marzhan,angry,angry,0.5850016474723816,1,4.2725,4.2725,0
2525,marzhan,angry,neutral,0.6125530004501343,0,6.9428125,6.9428125,0
2526,marzhan,angry,neutral,0.6720279455184937,0,5.5728125,5.5728125,0
2527,marzhan,angry,neutral,0.43173715472221375,0,4.4815,4.4815,0
2528,marzhan,angry,neutral,0.4727683663368225,0,7.5465,7.5465,0
2529,marzhan,angry,neutral,0.5218735933303833,0,2.9721875,2.9721875,0
2530,marzhan,angry,neutral,0.5342267751693726,0,3.599125,3.599125,0
2531,marzhan,angry,neutral,0.29711610078811646,0,7.3143125,7.3143125,0
2532,marzhan,angry,neutral,0.6350148320198059,0,5.3870625,5.3870625,0
2533,marzhan,angry,happy,0.8210139870643616,0,3.9474375,3.9474375,0
2534,marzhan,angry,neutral,0.33367106318473816,0,5.82825,5.82825,0
2535,marzhan,angry,neutral,0.599572479724884,0,7.476875,7.476875,0
2536,marzhan,angry,neutral,0.41162624955177307,0,6.8499375,6.8499375,0
2537,marzhan,angry,neutral,0.568722128868103,0,3.8545625,3.8545625,0
2538,marzhan,angry,neutral,0.6837464570999146,0,2.1130625,2.1130625,0
2539,marzhan,angry,neutral,0.6405494213104248,0,5.2941875,5.2941875,0
2540,marzhan,angry,neutral,0.6411774754524231,0,7.3143125,7.3143125,0
2541,marzhan,angry,neutral,0.3381170928478241,0,3.1115,3.1115,0
2542,marzhan,angry,neutral,0.47912347316741943,0,5.9675625,5.9675625,0
2543,marzhan,angry,neutral,0.4506838321685791,0,4.551125,4.551125,0
2544,marzhan,angry,neutral,0.49726566672325134,0,5.3638125,5.3638125,0
2545,marzhan,angry,neutral,0.5010086297988892,0,11.331375,10.0,1
2546,marzhan,angry,sad,0.23790998756885529,0,5.24775,5.24775,0
2547,marzhan,angry,neutral,0.7387351393699646,0,9.6595625,9.6595625,0
2548,marzhan,angry,angry,0.5159246325492859,1,7.7786875,7.7786875,0
2549,marzhan,angry,angry,0.6807541251182556,1,3.1115,3.1115,0
2550,marzhan,angry,neutral,0.4590407609939575,0,6.106875,6.106875,0
2551,marzhan,angry,neutral,0.35538992285728455,0,2.7864375,2.7864375,0
2552,marzhan,angry,neutral,0.5462363362312317,0,3.204375,3.204375,0
2553,marzhan,angry,neutral,0.37078189849853516,0,6.130125,6.130125,0
2554,marzhan,angry,neutral,0.43142861127853394,0,5.735375,5.735375,0
2555,marzhan,angry,neutral,0.599869966506958,0,9.8453125,9.8453125,0
2556,marzhan,angry,neutral,0.5814671516418457,0,5.2245,5.2245,0
2557,marzhan,angry,happy,0.3446940779685974,0,3.692,3.692,0
2558,marzhan,angry,neutral,0.3633149564266205,0,8.127,8.127,0
2559,marzhan,angry,neutral,0.6087960600852966,0,2.6703125,2.6703125,0
2560,marzhan,angry,neutral,0.40045008063316345,0,5.062,5.062,0
2561,marzhan,angry,neutral,0.6692255735397339,0,2.71675,2.71675,0
2562,marzhan,angry,neutral,0.4426738917827606,0,3.041875,3.041875,0
2563,marzhan,angry,neutral,0.5400031805038452,0,7.6161875,7.6161875,0
2564,marzhan,angry,neutral,0.5765039920806885,0,3.622375,3.622375,0
2565,marzhan,angry,neutral,0.5399197936058044,0,6.315875,6.315875,0
2566,marzhan,angry,neutral,0.46393299102783203,0,5.4335,5.4335,0
2567,marzhan,angry,neutral,0.5707978010177612,0,9.798875,9.798875,0
2568,marzhan,angry,neutral,0.7400643825531006,0,2.461375,2.461375,0
2569,marzhan,angry,sad,0.4023294150829315,0,6.106875,6.106875,0
2570,marzhan,angry,neutral,0.5579521059989929,0,3.1811875,3.1811875,0
2571,marzhan,angry,neutral,0.5821172595024109,0,9.6363125,9.6363125,0
2572,marzhan,angry,neutral,0.5858758687973022,0,10.1935625,10.0,1
2573,marzhan,angry,fearful,0.3445906639099121,0,6.292625,6.292625,0
2574,marzhan,angry,neutral,0.4950540065765381,0,4.4118125,4.4118125,0
2575,marzhan,angry,neutral,0.33027592301368713,0,4.8994375,4.8994375,0
2576,marzhan,angry,angry,0.4862655699253082,1,3.483,3.483,0
2577,marzhan,angry,sad,0.6242988705635071,0,1.8111875,1.8111875,0
2578,marzhan,angry,neutral,0.499716192483902,0,2.0898125,2.0898125,0
2579,marzhan,angry,angry,0.4138370752334595,1,6.9195625,6.9195625,0
2580,marzhan,angry,angry,0.33980685472488403,1,6.1533125,6.1533125,0
2581,marzhan,angry,sad,0.4260373115539551,0,4.7136875,4.7136875,0
2582,marzhan,angry,neutral,0.37403276562690735,0,2.5078125,2.5078125,0
2583,marzhan,angry,neutral,0.7012656331062317,0,3.29725,3.29725,0
2584,marzhan,angry,neutral,0.598482072353363,0,4.574375,4.574375,0
2585,marzhan,angry,neutral,0.5873758792877197,0,3.6455625,3.6455625,0
2586,marzhan,angry,neutral,0.7646937370300293,0,3.483,3.483,0
2587,marzhan,angry,neutral,0.6656745076179504,0,3.2740625,3.2740625,0
2588,marzhan,angry,neutral,0.4125436544418335,0,4.5279375,4.5279375,0
2589,marzhan,angry,neutral,0.682518482208252,0,3.692,3.692,0
2590,marzhan,angry,sad,0.6218023300170898,0,7.5000625,7.5000625,0
2591,marzhan,angry,neutral,0.5118023157119751,0,4.574375,4.574375,0
2592,marzhan,angry,neutral,0.44584915041923523,0,7.2214375,7.2214375,0
2593,marzhan,angry,neutral,0.696614146232605,0,3.041875,3.041875,0
2594,marzhan,angry,angry,0.5750522613525391,1,5.805,5.805,0
2595,marzhan,angry,neutral,0.5906659960746765,0,7.9645,7.9645,0
2596,marzhan,angry,sad,0.3946478068828583,0,1.880875,1.880875,0
2597,marzhan,angry,neutral,0.47381892800331116,0,3.575875,3.575875,0
2598,marzhan,angry,neutral,0.4644906222820282,0,4.3189375,4.3189375,0
2599,marzhan,angry,sad,0.299202024936676,0,5.062,5.062,0
2600,marzhan,angry,neutral,0.4104763865470886,0,3.041875,3.041875,0
2601,marzhan,angry,neutral,0.5665890574455261,0,6.8035,6.8035,0
2602,marzhan,angry,neutral,0.5122565031051636,0,3.970625,3.970625,0
2603,marzhan,angry,neutral,0.6923546195030212,0,2.5078125,2.5078125,0
2604,marzhan,angry,neutral,0.6964135766029358,0,2.995375,2.995375,0
2605,marzhan,angry,neutral,0.36754080653190613,0,2.531,2.531,0
2606,marzhan,angry,neutral,0.47211599349975586,0,4.6208125,4.6208125,0
2607,marzhan,angry,neutral,0.4463822543621063,0,4.8994375,4.8994375,0
2608,marzhan,angry,neutral,0.5995095372200012,0,4.29575,4.29575,0
2609,marzhan,angry,neutral,0.36750471591949463,0,5.1780625,5.1780625,0
2610,marzhan,angry,neutral,0.38019853830337524,0,2.6006875,2.6006875,0
2611,marzhan,angry,happy,0.4447977840900421,0,3.2740625,3.2740625,0
2612,marzhan,angry,neutral,0.612953782081604,0,4.4815,4.4815,0
2613,marzhan,angry,neutral,0.47959765791893005,0,3.29725,3.29725,0
2614,marzhan,angry,neutral,0.5759447813034058,0,2.3916875,2.3916875,0
2615,marzhan,angry,angry,0.5049070119857788,1,9.566625,9.566625,0
2616,marzhan,angry,angry,0.440144807100296,1,6.106875,6.106875,0
2617,marzhan,angry,neutral,0.46270692348480225,0,8.219875,8.219875,0
2618,marzhan,angry,sad,0.4529692530632019,0,3.413375,3.413375,0
2619,marzhan,angry,neutral,0.5147380828857422,0,3.3205,3.3205,0
2620,marzhan,angry,neutral,0.3565302789211273,0,6.8035,6.8035,0
2621,marzhan,angry,surprised,0.607270359992981,0,4.3421875,4.3421875,0
2622,marzhan,angry,neutral,0.5036454200744629,0,2.6703125,2.6703125,0
2623,marzhan,angry,sad,0.29834601283073425,0,3.784875,3.784875,0
2624,marzhan,angry,neutral,0.5314074158668518,0,3.29725,3.29725,0
2625,marzhan,angry,neutral,0.528552770614624,0,8.15025,8.15025,0
2626,marzhan,angry,neutral,0.311457097530365,0,4.0170625,4.0170625,0
2627,marzhan,angry,neutral,0.6166932582855225,0,3.1811875,3.1811875,0
2628,marzhan,angry,neutral,0.5909654498100281,0,6.6641875,6.6641875,0
2629,marzhan,angry,angry,0.372401624917984,1,3.2508125,3.2508125,0
2630,marzhan,angry,neutral,0.39423710107803345,0,4.08675,4.08675,0
2631,marzhan,angry,neutral,0.347139447927475,0,8.057375,8.057375,0
2632,marzhan,angry,neutral,0.4450891613960266,0,4.8298125,4.8298125,0
2633,marzhan,angry,angry,0.4872437119483948,1,5.5031875,5.5031875,0
2634,marzhan,angry,neutral,0.4922362267971039,0,5.24775,5.24775,0
2635,marzhan,angry,neutral,0.5769490003585815,0,4.5046875,4.5046875,0
2636,marzhan,angry,neutral,0.34641990065574646,0,2.9025,2.9025,0
2637,marzhan,angry,angry,0.617209792137146,1,1.9969375,1.9969375,0
2638,marzhan,angry,neutral,0.4867195188999176,0,3.8313125,3.8313125,0
2639,marzhan,angry,neutral,0.3797360956668854,0,2.531,2.531,0
2640,marzhan,angry,happy,0.446136474609375,0,2.623875,2.623875,0
2641,marzhan,angry,neutral,0.5807461142539978,0,4.8065625,4.8065625,0
2642,marzhan,angry,neutral,0.6879010796546936,0,4.3189375,4.3189375,0
2643,marzhan,angry,neutral,0.590973436832428,0,4.5279375,4.5279375,0
2644,marzhan,angry,happy,0.6030983328819275,0,4.551125,4.551125,0
2645,marzhan,angry,neutral,0.5500149726867676,0,4.29575,4.29575,0
2646,marzhan,angry,neutral,0.5325568914413452,0,2.623875,2.623875,0
2647,marzhan,angry,neutral,0.27091071009635925,0,9.5434375,9.5434375,0
2648,marzhan,angry,neutral,0.5701593160629272,0,5.9675625,5.9675625,0
2649,marzhan,angry,neutral,0.738030195236206,0,3.29725,3.29725,0
2650,marzhan,angry,neutral,0.5137500762939453,0,3.7616875,3.7616875,0
2651,marzhan,angry,neutral,0.2882523536682129,0,8.9629375,8.9629375,0
2652,marzhan,angry,sad,0.41282472014427185,0,2.995375,2.995375,0
2653,marzhan,angry,happy,0.4303775727748871,0,5.0851875,5.0851875,0
2654,marzhan,angry,neutral,0.6383504867553711,0,4.2493125,4.2493125,0
2655,marzhan,angry,happy,0.4053105115890503,0,2.809625,2.809625,0
2656,marzhan,angry,neutral,0.6115924119949341,0,1.9969375,1.9969375,0
2657,marzhan,angry,neutral,0.3662233054637909,0,5.99075,5.99075,0
2658,marzhan,angry,sad,0.2955870032310486,0,3.993875,3.993875,0
2659,marzhan,angry,happy,0.9872249364852905,0,4.5279375,4.5279375,0
2660,marzhan,angry,neutral,0.7184123396873474,0,6.8266875,6.8266875,0
2661,marzhan,angry,neutral,0.42770877480506897,0,3.87775,3.87775,0
2662,marzhan,angry,neutral,0.7230592966079712,0,5.2941875,5.2941875,0
2663,marzhan,angry,neutral,0.46845725178718567,0,8.823625,8.823625,0
2664,marzhan,angry,neutral,0.6410714387893677,0,6.9195625,6.9195625,0
2665,marzhan,angry,neutral,0.4679715931415558,0,3.8545625,3.8545625,0
2666,marzhan,angry,happy,0.6702412962913513,0,3.808125,3.808125,0
2667,marzhan,angry,neutral,0.7706129550933838,0,3.3669375,3.3669375,0
2668,marzhan,angry,neutral,0.5616140365600586,0,4.8994375,4.8994375,0
2669,marzhan,angry,neutral,0.5643695592880249,0,6.7338125,6.7338125,0
2670,marzhan,angry,neutral,0.5678385496139526,0,5.526375,5.526375,0
2671,marzhan,angry,happy,0.6646014451980591,0,6.2694375,6.2694375,0
2672,marzhan,angry,angry,0.38991621136665344,1,2.8793125,2.8793125,0
2673,marzhan,angry,neutral,0.601585328578949,0,4.179625,4.179625,0
2674,marzhan,angry,sad,0.40769800543785095,0,2.1130625,2.1130625,0
2675,marzhan,angry,sad,0.48842117190361023,0,5.340625,5.340625,0
2676,marzhan,angry,neutral,0.5375509858131409,0,4.4815,4.4815,0
2677,marzhan,angry,neutral,0.4662539064884186,0,3.8545625,3.8545625,0
2678,marzhan,angry,neutral,0.36098405718803406,0,4.8065625,4.8065625,0
2679,marzhan,angry,neutral,0.6885299682617188,0,2.623875,2.623875,0
2680,marzhan,angry,neutral,0.6235871911048889,0,4.1099375,4.1099375,0
2681,marzhan,angry,neutral,0.46694546937942505,0,3.901,3.901,0
2682,marzhan,angry,neutral,0.4286264181137085,0,3.3669375,3.3669375,0
2683,marzhan,angry,surprised,0.324393630027771,0,3.483,3.483,0
2684,marzhan,angry,neutral,0.3975957930088043,0,4.5975625,4.5975625,0
2685,marzhan,angry,neutral,0.4696449935436249,0,2.0898125,2.0898125,0
2686,marzhan,angry,surprised,0.36471042037010193,0,2.7864375,2.7864375,0
2687,marzhan,angry,angry,0.5319477915763855,1,6.57125,6.57125,0
2688,marzhan,angry,neutral,0.4540666937828064,0,3.970625,3.970625,0
2689,marzhan,angry,neutral,0.35946956276893616,0,5.131625,5.131625,0
2690,marzhan,angry,neutral,0.361308217048645,0,2.531,2.531,0
2691,marzhan,angry,sad,0.6619095802307129,0,4.3189375,4.3189375,0
2692,marzhan,angry,neutral,0.7401174306869507,0,3.50625,3.50625,0
2693,marzhan,angry,neutral,0.6862210035324097,0,1.9969375,1.9969375,0
2694,marzhan,angry,neutral,0.4122329354286194,0,7.36075,7.36075,0
2695,marzhan,angry,angry,0.451350599527359,1,5.712125,5.712125,0
2696,marzhan,angry,angry,0.25780168175697327,1,3.3669375,3.3669375,0
2697,marzhan,angry,neutral,0.6488528251647949,0,3.413375,3.413375,0
2698,marzhan,angry,neutral,0.43940648436546326,0,5.154875,5.154875,0
2699,marzhan,angry,neutral,0.49030938744544983,0,10.7973125,10.0,1
2700,marzhan,angry,sad,0.42647579312324524,0,4.945875,4.945875,0
2701,marzhan,angry,neutral,0.43377965688705444,0,2.8793125,2.8793125,0
2702,marzhan,angry,sad,0.7364287972450256,0,2.4845625,2.4845625,0
2703,marzhan,angry,neutral,0.40576228499412537,0,5.0851875,5.0851875,0
2704,marzhan,angry,neutral,0.6570779085159302,0,2.809625,2.809625,0
2705,marzhan,angry,neutral,0.4164365828037262,0,3.2740625,3.2740625,0
2706,marzhan,angry,angry,0.31226441264152527,1,2.9721875,2.9721875,0
2707,marzhan,angry,neutral,0.5442392826080322,0,5.0851875,5.0851875,0
2708,marzhan,angry,neutral,0.5675523281097412,0,2.252375,2.252375,0
2709,marzhan,angry,neutral,0.3998086452484131,0,2.3916875,2.3916875,0
2710,marzhan,angry,neutral,0.668263852596283,0,4.574375,4.574375,0
2711,marzhan,angry,neutral,0.4246751368045807,0,4.7833125,4.7833125,0
2712,marzhan,angry,neutral,0.41639819741249084,0,7.5929375,7.5929375,0
2713,marzhan,angry,neutral,0.591505229473114,0,4.0403125,4.0403125,0
2714,marzhan,angry,neutral,0.6028623580932617,0,2.34525,2.34525,0
2715,marzhan,angry,neutral,0.5595874190330505,0,2.6935625,2.6935625,0
2716,marzhan,angry,neutral,0.5103458166122437,0,2.8560625,2.8560625,0
2717,marzhan,angry,neutral,0.5175228714942932,0,5.9443125,5.9443125,0
2718,marzhan,angry,sad,0.3699142336845398,0,3.808125,3.808125,0
2719,marzhan,angry,angry,0.40212324261665344,1,6.98925,6.98925,0
2720,marzhan,angry,neutral,0.47532108426094055,0,5.2709375,5.2709375,0
2721,marzhan,angry,neutral,0.4775807857513428,0,2.809625,2.809625,0
2722,marzhan,angry,neutral,0.5064353346824646,0,4.2493125,4.2493125,0
2723,marzhan,angry,neutral,0.5348573327064514,0,4.0170625,4.0170625,0
2724,marzhan,angry,neutral,0.4664420783519745,0,6.873125,6.873125,0
2725,marzhan,angry,angry,0.4657343029975891,1,6.40875,6.40875,0
2726,marzhan,angry,sad,0.3099385201931,0,5.6889375,5.6889375,0
2727,marzhan,fearful,neutral,0.3467477560043335,0,5.805,5.805,0
2728,marzhan,fearful,happy,0.7634052634239197,0,6.3390625,6.3390625,0
2729,marzhan,fearful,happy,0.38485652208328247,0,6.2461875,6.2461875,0
2730,marzhan,fearful,neutral,0.25924018025398254,0,3.9474375,3.9474375,0
2731,marzhan,fearful,angry,0.3194494843482971,0,5.82825,5.82825,0
2732,marzhan,fearful,neutral,0.3706299364566803,0,6.4551875,6.4551875,0
2733,marzhan,fearful,neutral,0.41747844219207764,0,6.223,6.223,0
2734,marzhan,fearful,neutral,0.4987301230430603,0,5.7818125,5.7818125,0
2735,marzhan,fearful,neutral,0.622144877910614,0,8.336,8.336,0
2736,marzhan,fearful,neutral,0.4320465922355652,0,4.5975625,4.5975625,0
2737,marzhan,fearful,neutral,0.4594668745994568,0,6.1765625,6.1765625,0
2738,marzhan,fearful,neutral,0.46267813444137573,0,10.170375,10.0,1
2739,marzhan,fearful,neutral,0.4653332829475403,0,8.15025,8.15025,0
2740,marzhan,fearful,neutral,0.5636473298072815,0,9.0790625,9.0790625,0
2741,marzhan,fearful,neutral,0.6567956209182739,0,4.7833125,4.7833125,0
2742,marzhan,fearful,neutral,0.6844199299812317,0,3.9474375,3.9474375,0
2743,marzhan,fearful,neutral,0.4230682849884033,0,6.223,6.223,0
2744,marzhan,fearful,neutral,0.5433905124664307,0,6.687375,6.687375,0
2745,marzhan,fearful,happy,0.5845627188682556,0,3.50625,3.50625,0
2746,marzhan,fearful,sad,0.8188558220863342,0,4.644,4.644,0
2747,marzhan,fearful,angry,0.42365607619285583,0,5.45675,5.45675,0
2748,marzhan,fearful,neutral,0.3759286403656006,0,6.57125,6.57125,0
2749,marzhan,fearful,neutral,0.568818211555481,0,2.74,2.74,0
2750,marzhan,fearful,angry,0.31457236409187317,0,8.243125,8.243125,0
2751,marzhan,fearful,neutral,0.4382552206516266,0,6.7570625,6.7570625,0
2752,marzhan,fearful,neutral,0.30663958191871643,0,8.2895625,8.2895625,0
2753,marzhan,fearful,sad,0.29038047790527344,0,3.7616875,3.7616875,0
2754,marzhan,fearful,sad,0.40295904874801636,0,6.4319375,6.4319375,0
2755,marzhan,fearful,neutral,0.3505082428455353,0,4.1331875,4.1331875,0
2756,marzhan,fearful,neutral,0.3268214166164398,0,9.1719375,9.1719375,0
2757,marzhan,fearful,sad,0.7699392437934875,0,2.8560625,2.8560625,0
2758,marzhan,fearful,neutral,0.42912566661834717,0,4.7833125,4.7833125,0
2759,marzhan,fearful,sad,0.37820667028427124,0,7.058875,7.058875,0
2760,marzhan,fearful,angry,0.39060571789741516,0,5.0851875,5.0851875,0
2761,marzhan,fearful,sad,0.41982176899909973,0,3.50625,3.50625,0
2762,marzhan,fearful,sad,0.8183874487876892,0,3.13475,3.13475,0
2763,marzhan,fearful,neutral,0.5030747652053833,0,5.24775,5.24775,0
2764,marzhan,fearful,neutral,0.4133518934249878,0,4.9923125,4.9923125,0
2765,marzhan,fearful,neutral,0.45852866768836975,0,7.639375,7.639375,0
2766,marzhan,fearful,neutral,0.5272605419158936,0,7.7090625,7.7090625,0
2767,marzhan,fearful,neutral,0.48210757970809937,0,6.9428125,6.9428125,0
2768,marzhan,fearful,neutral,0.3637997508049011,0,7.058875,7.058875,0
2769,marzhan,fearful,sad,0.5844858288764954,0,3.0650625,3.0650625,0
2770,marzhan,fearful,neutral,0.5387062430381775,0,2.55425,2.55425,0
2771,marzhan,fearful,neutral,0.5064698457717896,0,6.2694375,6.2694375,0
2772,marzhan,fearful,angry,0.3331484794616699,0,4.3421875,4.3421875,0
2773,marzhan,fearful,happy,0.7050111889839172,0,4.8994375,4.8994375,0
2774,marzhan,fearful,sad,0.8581034541130066,0,5.5031875,5.5031875,0
2775,marzhan,fearful,angry,0.34991344809532166,0,2.8560625,2.8560625,0
2776,marzhan,fearful,sad,0.446234792470932,0,4.4118125,4.4118125,0
2777,marzhan,fearful,happy,0.4207375943660736,0,4.736875,4.736875,0
2778,marzhan,fearful,neutral,0.4662511646747589,0,2.7631875,2.7631875,0
2779,marzhan,fearful,neutral,0.44105756282806396,0,3.599125,3.599125,0
2780,marzhan,fearful,neutral,0.5985305905342102,0,4.760125,4.760125,0
2781,marzhan,fearful,angry,0.383182555437088,0,4.2028125,4.2028125,0
2782,marzhan,fearful,happy,0.3271102011203766,0,3.599125,3.599125,0
2783,marzhan,fearful,angry,0.36733636260032654,0,4.7136875,4.7136875,0
2784,marzhan,fearful,neutral,0.6435683965682983,0,2.1826875,2.1826875,0
2785,marzhan,fearful,sad,0.3208845555782318,0,6.710625,6.710625,0
2786,marzhan,fearful,happy,0.37199532985687256,0,9.7524375,9.7524375,0
2787,marzhan,fearful,neutral,0.5458983778953552,0,4.87625,4.87625,0
2788,marzhan,fearful,angry,0.36425578594207764,0,5.9443125,5.9443125,0
2789,marzhan,fearful,neutral,0.6106356978416443,0,2.8793125,2.8793125,0
2790,marzhan,fearful,neutral,0.4154123365879059,0,8.336,8.336,0
2791,marzhan,fearful,neutral,0.48445209860801697,0,2.2988125,2.2988125,0
2792,marzhan,fearful,happy,0.31401917338371277,0,4.4350625,4.4350625,0
2793,marzhan,fearful,angry,0.2905849814414978,0,2.6006875,2.6006875,0
2794,marzhan,fearful,sad,0.6741902232170105,0,2.7631875,2.7631875,0
2795,marzhan,fearful,neutral,0.41092649102211,0,2.8793125,2.8793125,0
2796,marzhan,fearful,neutral,0.4033052921295166,0,5.735375,5.735375,0
2797,marzhan,fearful,angry,0.29574722051620483,0,8.127,8.127,0
2798,marzhan,fearful,happy,0.5507147312164307,0,5.897875,5.897875,0
2799,marzhan,fearful,happy,0.8718217015266418,0,3.87775,3.87775,0
2800,marzhan,fearful,angry,0.49684348702430725,0,4.5046875,4.5046875,0
2801,marzhan,fearful,happy,0.4427643418312073,0,3.018625,3.018625,0
2802,marzhan,fearful,angry,0.2795707583427429,0,2.066625,2.066625,0
2803,marzhan,fearful,sad,0.4236253499984741,0,3.483,3.483,0
2804,marzhan,fearful,happy,0.9879117012023926,0,4.644,4.644,0
2805,marzhan,fearful,neutral,0.31816932559013367,0,4.0635,4.0635,0
2806,marzhan,fearful,sad,0.31978827714920044,0,2.4149375,2.4149375,0
2807,marzhan,fearful,neutral,0.48519521951675415,0,4.1099375,4.1099375,0
2808,marzhan,fearful,angry,0.32256725430488586,0,2.4845625,2.4845625,0
2809,marzhan,fearful,sad,0.5047794580459595,0,2.55425,2.55425,0
2810,marzhan,fearful,surprised,0.33676576614379883,0,3.5294375,3.5294375,0
2811,marzhan,fearful,sad,0.42568525671958923,0,6.6176875,6.6176875,0
2812,marzhan,fearful,sad,0.4987737238407135,0,3.599125,3.599125,0
2813,marzhan,fearful,neutral,0.34719663858413696,0,5.0155625,5.0155625,0
2814,marzhan,fearful,neutral,0.4527123272418976,0,2.252375,2.252375,0
2815,marzhan,fearful,sad,0.6151787638664246,0,5.61925,5.61925,0
2816,marzhan,fearful,sad,0.5446444749832153,0,6.5248125,6.5248125,0
2817,marzhan,fearful,neutral,0.3415148854255676,0,3.575875,3.575875,0
2818,marzhan,fearful,angry,0.44825801253318787,0,4.1099375,4.1099375,0
2819,marzhan,fearful,neutral,0.3282647728919983,0,3.3669375,3.3669375,0
2820,marzhan,fearful,surprised,0.4048791229724884,0,5.154875,5.154875,0
2821,marzhan,fearful,happy,0.6180999875068665,0,4.4350625,4.4350625,0
2822,marzhan,fearful,neutral,0.3415665924549103,0,5.4335,5.4335,0
2823,marzhan,fearful,neutral,0.3454791307449341,0,7.4304375,7.4304375,0
2824,marzhan,fearful,neutral,0.39332708716392517,0,3.5294375,3.5294375,0
2825,marzhan,fearful,angry,0.3609364628791809,0,5.0155625,5.0155625,0
2826,marzhan,fearful,neutral,0.4825095534324646,0,5.805,5.805,0
2827,marzhan,fearful,sad,0.4781646132469177,0,6.5248125,6.5248125,0
2828,marzhan,fearful,angry,0.28529226779937744,0,3.784875,3.784875,0
2829,marzhan,fearful,sad,0.6583743691444397,0,2.438125,2.438125,0
2830,marzhan,fearful,neutral,0.6664441823959351,0,5.340625,5.340625,0
2831,marzhan,fearful,happy,0.6466524004936218,0,3.5294375,3.5294375,0
2832,marzhan,fearful,angry,0.5285570025444031,0,7.9180625,7.9180625,0
2833,marzhan,fearful,sad,0.45680758357048035,0,4.388625,4.388625,0
2834,marzhan,fearful,happy,0.3978370130062103,0,4.9923125,4.9923125,0
2835,marzhan,fearful,neutral,0.3225030303001404,0,7.15175,7.15175,0
2836,marzhan,fearful,neutral,0.4489673376083374,0,6.2461875,6.2461875,0
2837,marzhan,fearful,neutral,0.41954341530799866,0,3.13475,3.13475,0
2838,marzhan,fearful,neutral,0.44211888313293457,0,5.2709375,5.2709375,0
2839,marzhan,fearful,sad,0.4703146815299988,0,5.0155625,5.0155625,0
2840,marzhan,fearful,neutral,0.4598715603351593,0,3.29725,3.29725,0
2841,marzhan,fearful,neutral,0.496473103761673,0,4.736875,4.736875,0
2842,marzhan,fearful,angry,0.48765718936920166,0,3.599125,3.599125,0
2843,marzhan,fearful,neutral,0.6312184929847717,0,10.2168125,10.0,1
2844,marzhan,fearful,sad,0.620776891708374,0,2.13625,2.13625,0
2845,marzhan,fearful,neutral,0.368649959564209,0,4.736875,4.736875,0
2846,marzhan,fearful,neutral,0.6021499037742615,0,6.5945,6.5945,0
2847,marzhan,fearful,sad,0.30702728033065796,0,2.647125,2.647125,0
2848,marzhan,fearful,neutral,0.37423548102378845,0,2.8560625,2.8560625,0
2849,marzhan,fearful,happy,0.7286676168441772,0,3.0883125,3.0883125,0
2850,marzhan,fearful,happy,0.5758072733879089,0,4.644,4.644,0
2851,marzhan,fearful,happy,0.36399903893470764,0,3.9241875,3.9241875,0
2852,marzhan,fearful,happy,0.5515299439430237,0,2.55425,2.55425,0
2853,marzhan,fearful,neutral,0.30895647406578064,0,1.8344375,1.8344375,0
2854,marzhan,fearful,neutral,0.40185266733169556,0,6.40875,6.40875,0
2855,marzhan,fearful,neutral,0.46873798966407776,0,1.9273125,1.9273125,0
2856,marzhan,fearful,neutral,0.5381762981414795,0,4.45825,4.45825,0
2857,marzhan,fearful,sad,0.41659578680992126,0,2.74,2.74,0
2858,marzhan,fearful,neutral,0.46805253624916077,0,2.9721875,2.9721875,0
2859,marzhan,fearful,neutral,0.34216734766960144,0,6.2461875,6.2461875,0
2860,marzhan,fearful,neutral,0.3504221737384796,0,2.531,2.531,0
2861,marzhan,fearful,neutral,0.361573189496994,0,2.809625,2.809625,0
2862,marzhan,fearful,neutral,0.543348491191864,0,3.8313125,3.8313125,0
2863,marzhan,fearful,neutral,0.46337831020355225,0,6.1765625,6.1765625,0
2864,marzhan,fearful,neutral,0.5755767226219177,0,5.1084375,5.1084375,0
2865,marzhan,fearful,happy,0.30549561977386475,0,5.154875,5.154875,0
2866,marzhan,fearful,neutral,0.5905320048332214,0,4.5046875,4.5046875,0
2867,marzhan,fearful,neutral,0.4347137212753296,0,2.4149375,2.4149375,0
2868,marzhan,fearful,neutral,0.4517171084880829,0,8.15025,8.15025,0
2869,marzhan,fearful,neutral,0.5526312589645386,0,3.87775,3.87775,0
2870,marzhan,fearful,neutral,0.31981179118156433,0,4.2260625,4.2260625,0
2871,marzhan,fearful,neutral,0.3795943260192871,0,3.87775,3.87775,0
2872,marzhan,fearful,neutral,0.35745543241500854,0,7.73225,7.73225,0
2873,marzhan,fearful,disgusted,0.5455161929130554,0,3.3436875,3.3436875,0
2874,marzhan,fearful,neutral,0.48611143231391907,0,4.2725,4.2725,0
2875,marzhan,fearful,neutral,0.7025092244148254,0,4.736875,4.736875,0
2876,marzhan,fearful,sad,0.3316890299320221,0,6.5945,6.5945,0
2877,marzhan,fearful,neutral,0.43000897765159607,0,8.219875,8.219875,0
2878,marzhan,fearful,neutral,0.6115814447402954,0,5.549625,5.549625,0
2879,marzhan,fearful,happy,0.6667255163192749,0,4.179625,4.179625,0
2880,marzhan,fearful,neutral,0.5627545714378357,0,4.8994375,4.8994375,0
2881,marzhan,fearful,neutral,0.46477702260017395,0,6.03725,6.03725,0
2882,marzhan,fearful,angry,0.28900057077407837,0,3.970625,3.970625,0
2883,marzhan,fearful,neutral,0.38892269134521484,0,4.2260625,4.2260625,0
2884,marzhan,fearful,sad,0.6922040581703186,0,2.322,2.322,0
2885,marzhan,fearful,neutral,0.5450405478477478,0,5.5728125,5.5728125,0
2886,marzhan,fearful,neutral,0.28386735916137695,0,3.622375,3.622375,0
2887,marzhan,fearful,neutral,0.43276116251945496,0,6.19975,6.19975,0
2888,marzhan,fearful,neutral,0.45382413268089294,0,8.336,8.336,0
2889,marzhan,fearful,angry,0.4565218985080719,0,4.574375,4.574375,0
2890,marzhan,fearful,neutral,0.4894888997077942,0,6.19975,6.19975,0
2891,marzhan,fearful,neutral,0.555985152721405,0,5.805,5.805,0
2892,marzhan,fearful,neutral,0.5530527830123901,0,4.0403125,4.0403125,0
2893,marzhan,fearful,neutral,0.5010589361190796,0,4.8994375,4.8994375,0
2894,marzhan,fearful,angry,0.4380373954772949,0,4.6904375,4.6904375,0
2895,marzhan,fearful,neutral,0.4470990300178528,0,4.5046875,4.5046875,0
2896,marzhan,fearful,sad,0.36984390020370483,0,5.03875,5.03875,0
2897,marzhan,fearful,neutral,0.6325139999389648,0,7.6161875,7.6161875,0
2898,marzhan,fearful,happy,0.8971651196479797,0,3.7616875,3.7616875,0
2899,marzhan,fearful,angry,0.47485560178756714,0,5.549625,5.549625,0
2900,marzhan,fearful,sad,0.7005232572555542,0,2.7864375,2.7864375,0
2901,marzhan,fearful,sad,0.49052050709724426,0,9.2415625,9.2415625,0
2902,marzhan,fearful,angry,0.307809054851532,0,6.5248125,6.5248125,0
2903,marzhan,fearful,happy,0.4322313666343689,0,6.014,6.014,0
2904,marzhan,fearful,happy,0.44543081521987915,0,3.599125,3.599125,0
2905,marzhan,fearful,happy,0.6222118139266968,0,3.1579375,3.1579375,0
2906,marzhan,fearful,happy,0.9225257635116577,0,3.4598125,3.4598125,0
2907,marzhan,fearful,sad,0.7825509309768677,0,4.4815,4.4815,0
2908,marzhan,fearful,neutral,0.34014034271240234,0,5.1084375,5.1084375,0
2909,marzhan,fearful,neutral,0.26168251037597656,0,2.7864375,2.7864375,0
2910,marzhan,fearful,surprised,0.2909333407878876,0,3.0650625,3.0650625,0
2911,marzhan,fearful,happy,0.3375994861125946,0,4.4118125,4.4118125,0
2912,marzhan,fearful,neutral,0.3775365650653839,0,3.87775,3.87775,0
2913,marzhan,fearful,sad,0.6395273208618164,0,5.1780625,5.1780625,0
2914,marzhan,fearful,angry,0.44274836778640747,0,4.5279375,4.5279375,0
2915,marzhan,fearful,sad,0.9058851599693298,0,2.4149375,2.4149375,0
2916,marzhan,fearful,neutral,0.49242404103279114,0,5.24775,5.24775,0
2917,marzhan,fearful,happy,0.4035803973674774,0,6.3623125,6.3623125,0
2918,marzhan,fearful,sad,0.32058414816856384,0,7.94125,7.94125,0
2919,marzhan,fearful,neutral,0.5879590511322021,0,5.921125,5.921125,0
2920,marzhan,fearful,sad,0.5559870600700378,0,7.1981875,7.1981875,0
2921,marzhan,fearful,sad,0.7334665656089783,0,2.2059375,2.2059375,0
2922,marzhan,fearful,neutral,0.6383280158042908,0,4.8994375,4.8994375,0
2923,marzhan,fearful,angry,0.24483205378055573,0,3.622375,3.622375,0
2924,marzhan,fearful,happy,0.8225374817848206,0,3.993875,3.993875,0
2925,marzhan,fearful,neutral,0.5518025755882263,0,3.599125,3.599125,0
2926,marzhan,fearful,neutral,0.5515622496604919,0,4.08675,4.08675,0
2927,marzhan,fearful,angry,0.3701629042625427,0,5.9443125,5.9443125,0
2928,marzhan,fearful,neutral,0.45680221915245056,0,4.0170625,4.0170625,0
2929,marzhan,fearful,sad,0.8814787268638611,0,4.2260625,4.2260625,0
2930,marzhan,fearful,neutral,0.4801344871520996,0,6.014,6.014,0
2931,marzhan,fearful,neutral,0.2954985201358795,0,7.0124375,7.0124375,0
2932,marzhan,fearful,angry,0.3157581090927124,0,5.45675,5.45675,0
2933,marzhan,happy,neutral,0.8068254590034485,0,5.062,5.062,0
2934,marzhan,happy,neutral,0.3652985095977783,0,6.6641875,6.6641875,0
2935,marzhan,happy,neutral,0.45710813999176025,0,4.8065625,4.8065625,0
2936,marzhan,happy,neutral,0.4966258108615875,0,7.662625,7.662625,0
2937,marzhan,happy,neutral,0.6154767870903015,0,5.6656875,5.6656875,0
2938,marzhan,happy,neutral,0.6110514998435974,0,8.614625,8.614625,0
2939,marzhan,happy,happy,0.4279178977012634,1,9.8453125,9.8453125,0
2940,marzhan,happy,neutral,0.7330805063247681,0,7.058875,7.058875,0
2941,marzhan,happy,sad,0.44205671548843384,0,3.0650625,3.0650625,0
2942,marzhan,happy,neutral,0.5970226526260376,0,10.8205,10.0,1
2943,marzhan,happy,neutral,0.6506359577178955,0,10.7973125,10.0,1
2944,marzhan,happy,neutral,0.6409959197044373,0,9.3344375,9.3344375,0
2945,marzhan,happy,neutral,0.6044102311134338,0,4.87625,4.87625,0
2946,marzhan,happy,happy,0.49220383167266846,1,2.4845625,2.4845625,0
2947,marzhan,happy,happy,0.4172939360141754,1,5.41025,5.41025,0
2948,marzhan,happy,neutral,0.4944581389427185,0,5.2245,5.2245,0
2949,marzhan,happy,happy,0.6104710102081299,1,4.853,4.853,0
2950,marzhan,happy,neutral,0.49188172817230225,0,4.08675,4.08675,0
2951,marzhan,happy,neutral,0.7259392142295837,0,6.223,6.223,0
2952,marzhan,happy,neutral,0.5123039484024048,0,8.9165,8.9165,0
2953,marzhan,happy,neutral,0.5708579421043396,0,2.4149375,2.4149375,0
2954,marzhan,happy,neutral,0.6495135426521301,0,1.857625,1.857625,0
2955,marzhan,happy,happy,0.45355385541915894,1,2.8560625,2.8560625,0
2956,marzhan,happy,neutral,0.4976271390914917,0,7.6858125,7.6858125,0
2957,marzhan,happy,neutral,0.5352464318275452,0,5.24775,5.24775,0
2958,marzhan,happy,neutral,0.40600040555000305,0,4.388625,4.388625,0
2959,marzhan,happy,happy,0.2786325216293335,1,5.9675625,5.9675625,0
2960,marzhan,happy,neutral,0.4566706717014313,0,7.3375625,7.3375625,0
2961,marzhan,happy,happy,0.585311770439148,1,4.5279375,4.5279375,0
2962,marzhan,happy,neutral,0.5101906061172485,0,4.66725,4.66725,0
2963,marzhan,happy,happy,0.3961865305900574,1,5.1780625,5.1780625,0
2964,marzhan,happy,happy,0.7202364206314087,1,5.317375,5.317375,0
2965,marzhan,happy,neutral,0.4244685769081116,0,8.6843125,8.6843125,0
2966,marzhan,happy,happy,0.7279481291770935,1,3.692,3.692,0
2967,marzhan,happy,happy,0.8066045045852661,1,3.692,3.692,0
2968,marzhan,happy,neutral,0.3870522677898407,0,5.0851875,5.0851875,0
2969,marzhan,happy,neutral,0.4858279824256897,0,7.0124375,7.0124375,0
2970,marzhan,happy,neutral,0.4733295738697052,0,3.1115,3.1115,0
2971,marzhan,happy,happy,0.4120635986328125,1,7.8948125,7.8948125,0
2972,marzhan,happy,neutral,0.47337445616722107,0,4.388625,4.388625,0
2973,marzhan,happy,neutral,0.37391188740730286,0,6.8266875,6.8266875,0
2974,marzhan,happy,neutral,0.5825938582420349,0,7.267875,7.267875,0
2975,marzhan,happy,happy,0.5325998067855835,1,7.5233125,7.5233125,0
2976,marzhan,happy,neutral,0.6548109650611877,0,5.4799375,5.4799375,0
2977,marzhan,happy,happy,0.4936823546886444,1,3.784875,3.784875,0
2978,marzhan,happy,happy,0.547456681728363,1,6.0604375,6.0604375,0
2979,marzhan,happy,neutral,0.6956327557563782,0,1.6254375,1.6254375,0
2980,marzhan,happy,neutral,0.47871679067611694,0,4.736875,4.736875,0
2981,marzhan,happy,happy,0.5832208395004272,1,5.1780625,5.1780625,0
2982,marzhan,happy,neutral,0.4847849905490875,0,6.8035,6.8035,0
2983,marzhan,happy,happy,0.4795810878276825,1,5.9443125,5.9443125,0
2984,marzhan,happy,neutral,0.6103059649467468,0,5.6425,5.6425,0
2985,marzhan,happy,happy,0.6365443468093872,1,3.204375,3.204375,0
2986,marzhan,happy,happy,0.9496866464614868,1,4.1331875,4.1331875,0
2987,marzhan,happy,neutral,0.559074878692627,0,4.7136875,4.7136875,0
2988,marzhan,happy,neutral,0.47593221068382263,0,3.622375,3.622375,0
2989,marzhan,happy,neutral,0.5444535613059998,0,4.736875,4.736875,0
2990,marzhan,happy,neutral,0.4393749535083771,0,8.057375,8.057375,0
2991,marzhan,happy,happy,0.5318014621734619,1,8.3591875,8.3591875,0
2992,marzhan,happy,happy,0.4574868083000183,1,3.7384375,3.7384375,0
2993,marzhan,happy,neutral,0.6032341122627258,0,9.10225,9.10225,0
2994,marzhan,happy,neutral,0.5981460213661194,0,4.8298125,4.8298125,0
2995,marzhan,happy,neutral,0.556398332118988,0,8.057375,8.057375,0
2996,marzhan,happy,happy,0.39761170744895935,1,7.3375625,7.3375625,0
2997,marzhan,happy,neutral,0.5698611736297607,0,4.736875,4.736875,0
2998,marzhan,happy,happy,0.37078168988227844,1,8.9396875,8.9396875,0
2999,marzhan,happy,neutral,0.5879226326942444,0,10.0078125,10.0,1
3000,marzhan,happy,neutral,0.675074577331543,0,7.662625,7.662625,0
3001,marzhan,happy,neutral,0.41997116804122925,0,7.4304375,7.4304375,0
3002,marzhan,happy,neutral,0.5352482199668884,0,7.5000625,7.5000625,0
3003,marzhan,happy,neutral,0.4666275382041931,0,4.2260625,4.2260625,0
3004,marzhan,happy,happy,0.3274165689945221,1,4.760125,4.760125,0
3005,marzhan,happy,happy,0.397527813911438,1,4.2028125,4.2028125,0
3006,marzhan,happy,neutral,0.38376447558403015,0,5.6425,5.6425,0
3007,marzhan,happy,neutral,0.6364465355873108,0,5.7818125,5.7818125,0
3008,marzhan,happy,neutral,0.5188687443733215,0,8.52175,8.52175,0
3009,marzhan,happy,neutral,0.6856537461280823,0,3.808125,3.808125,0
3010,marzhan,happy,neutral,0.7137293219566345,0,6.7570625,6.7570625,0
3011,marzhan,happy,neutral,0.6564328074455261,0,2.809625,2.809625,0
3012,marzhan,happy,neutral,0.4068516194820404,0,4.179625,4.179625,0
3013,marzhan,happy,neutral,0.5250875353813171,0,2.832875,2.832875,0
3014,marzhan,happy,neutral,0.475241094827652,0,4.551125,4.551125,0
3015,marzhan,happy,happy,0.4083716571331024,1,4.29575,4.29575,0
3016,marzhan,happy,neutral,0.5524449348449707,0,6.106875,6.106875,0
3017,marzhan,happy,happy,0.6237519383430481,1,3.413375,3.413375,0
3018,marzhan,happy,happy,0.8569276332855225,1,3.599125,3.599125,0
3019,marzhan,happy,neutral,0.6479716300964355,0,4.945875,4.945875,0
3020,marzhan,happy,neutral,0.7551408410072327,0,4.87625,4.87625,0
3021,marzhan,happy,neutral,0.7525614500045776,0,2.809625,2.809625,0
3022,marzhan,happy,happy,0.5397990942001343,1,3.227625,3.227625,0
3023,marzhan,happy,neutral,0.5429895520210266,0,4.5279375,4.5279375,0
3024,marzhan,happy,neutral,0.4104718565940857,0,2.74,2.74,0
3025,marzhan,happy,neutral,0.42092177271842957,0,6.873125,6.873125,0
3026,marzhan,happy,neutral,0.4693356156349182,0,3.204375,3.204375,0
3027,marzhan,happy,neutral,0.4375603497028351,0,3.390125,3.390125,0
3028,marzhan,happy,neutral,0.5577783584594727,0,2.6006875,2.6006875,0
3029,marzhan,happy,neutral,0.7069138288497925,0,3.1115,3.1115,0
3030,marzhan,happy,happy,0.787864089012146,1,3.227625,3.227625,0
3031,marzhan,happy,neutral,0.40301448106765747,0,6.501625,6.501625,0
3032,marzhan,happy,neutral,0.426749587059021,0,3.5294375,3.5294375,0
3033,marzhan,happy,neutral,0.6447162628173828,0,8.7771875,8.7771875,0
3034,marzhan,happy,happy,0.44759926199913025,1,3.13475,3.13475,0
3035,marzhan,happy,neutral,0.8405144214630127,0,4.0635,4.0635,0
3036,marzhan,happy,neutral,0.6841325759887695,0,7.7555,7.7555,0
3037,marzhan,happy,neutral,0.5276260375976562,0,3.993875,3.993875,0
3038,marzhan,happy,neutral,0.6328883171081543,0,7.4071875,7.4071875,0
3039,marzhan,happy,neutral,0.7111018300056458,0,2.8560625,2.8560625,0
3040,marzhan,happy,happy,0.5621343851089478,1,4.179625,4.179625,0
3041,marzhan,happy,neutral,0.6596142053604126,0,5.712125,5.712125,0
3042,marzhan,happy,neutral,0.5568651556968689,0,6.710625,6.710625,0
3043,marzhan,happy,neutral,0.4559500515460968,0,9.5434375,9.5434375,0
3044,marzhan,happy,neutral,0.4660719037055969,0,4.8298125,4.8298125,0
3045,marzhan,happy,happy,0.5961514711380005,1,6.4319375,6.4319375,0
3046,marzhan,happy,neutral,0.6928151845932007,0,8.15025,8.15025,0
3047,marzhan,happy,neutral,0.48957544565200806,0,3.13475,3.13475,0
3048,marzhan,happy,neutral,0.6058145761489868,0,1.76475,1.76475,0
3049,marzhan,happy,neutral,0.5390768051147461,0,5.735375,5.735375,0
3050,marzhan,happy,happy,0.5844337344169617,1,6.40875,6.40875,0
3051,marzhan,happy,neutral,0.5268319249153137,0,2.8560625,2.8560625,0
3052,marzhan,happy,neutral,0.5044137835502625,0,4.5975625,4.5975625,0
3053,marzhan,happy,neutral,0.5092854499816895,0,4.45825,4.45825,0
3054,marzhan,happy,happy,0.8046197295188904,1,1.9040625,1.9040625,0
3055,marzhan,happy,happy,0.44224613904953003,1,3.29725,3.29725,0
3056,marzhan,happy,neutral,0.7401338815689087,0,4.3421875,4.3421875,0
3057,marzhan,happy,neutral,0.30805593729019165,0,3.8545625,3.8545625,0
3058,marzhan,happy,happy,0.6702992916107178,1,3.808125,3.808125,0
3059,marzhan,happy,neutral,0.7108165621757507,0,4.29575,4.29575,0
3060,marzhan,happy,neutral,0.49882978200912476,0,5.735375,5.735375,0
3061,marzhan,happy,happy,0.5902013182640076,1,3.6688125,3.6688125,0
3062,marzhan,happy,neutral,0.5804874300956726,0,6.501625,6.501625,0
3063,marzhan,happy,neutral,0.2944757044315338,0,2.71675,2.71675,0
3064,marzhan,happy,neutral,0.5146434903144836,0,4.0170625,4.0170625,0
3065,marzhan,happy,happy,0.9201695322990417,1,2.34525,2.34525,0
3066,marzhan,happy,neutral,0.5216048359870911,0,5.0851875,5.0851875,0
3067,marzhan,happy,neutral,0.5382575988769531,0,2.74,2.74,0
3068,marzhan,happy,neutral,0.756263017654419,0,5.4799375,5.4799375,0
3069,marzhan,happy,neutral,0.7468858361244202,0,5.2245,5.2245,0
3070,marzhan,happy,neutral,0.4708770215511322,0,2.438125,2.438125,0
3071,marzhan,happy,neutral,0.6733381152153015,0,7.476875,7.476875,0
3072,marzhan,happy,neutral,0.8135253190994263,0,2.8560625,2.8560625,0
3073,marzhan,happy,neutral,0.34827756881713867,0,3.970625,3.970625,0
3074,marzhan,happy,happy,0.5402082800865173,1,5.526375,5.526375,0
3075,marzhan,happy,happy,0.606802761554718,1,2.55425,2.55425,0
3076,marzhan,happy,neutral,0.4904610812664032,0,4.0635,4.0635,0
3077,marzhan,happy,neutral,0.600453794002533,0,2.043375,2.043375,0
3078,marzhan,happy,neutral,0.46231746673583984,0,3.808125,3.808125,0
3079,marzhan,happy,neutral,0.8039445877075195,0,3.4365625,3.4365625,0
3080,marzhan,happy,neutral,0.536543071269989,0,4.9226875,4.9226875,0
3081,marzhan,happy,neutral,0.5244425535202026,0,4.156375,4.156375,0
3082,marzhan,happy,neutral,0.791601836681366,0,1.8344375,1.8344375,0
3083,marzhan,happy,happy,0.5773992538452148,1,3.1811875,3.1811875,0
3084,marzhan,happy,neutral,0.4567684233188629,0,4.5046875,4.5046875,0
3085,marzhan,happy,neutral,0.7802777886390686,0,6.1533125,6.1533125,0
3086,marzhan,happy,neutral,0.3441968858242035,0,3.390125,3.390125,0
3087,marzhan,happy,sad,0.6466983556747437,0,2.9025,2.9025,0
3088,marzhan,happy,neutral,0.44523006677627563,0,7.476875,7.476875,0
3089,marzhan,happy,neutral,0.6533092260360718,0,9.3344375,9.3344375,0
3090,marzhan,happy,neutral,0.4094490110874176,0,4.5046875,4.5046875,0
3091,marzhan,happy,neutral,0.40119561553001404,0,9.9381875,9.9381875,0
3092,marzhan,happy,happy,0.5188368558883667,1,2.8793125,2.8793125,0
3093,marzhan,happy,happy,0.3600432872772217,1,5.5031875,5.5031875,0
3094,marzhan,happy,neutral,0.6882982850074768,0,3.3669375,3.3669375,0
3095,marzhan,happy,neutral,0.6094532012939453,0,4.551125,4.551125,0
3096,marzhan,happy,neutral,0.5285329222679138,0,5.03875,5.03875,0
3097,marzhan,happy,happy,0.4136122465133667,1,4.6904375,4.6904375,0
3098,marzhan,happy,neutral,0.4425852596759796,0,4.574375,4.574375,0
3099,marzhan,happy,neutral,0.5904222130775452,0,4.2493125,4.2493125,0
3100,marzhan,happy,neutral,0.6798404455184937,0,2.3916875,2.3916875,0
3101,marzhan,happy,neutral,0.4493953287601471,0,2.92575,2.92575,0
3102,marzhan,happy,happy,0.9807490110397339,1,2.92575,2.92575,0
3103,marzhan,happy,sad,0.6812949776649475,0,2.252375,2.252375,0
3104,marzhan,happy,neutral,0.3800943195819855,0,3.204375,3.204375,0
3105,marzhan,happy,neutral,0.49314016103744507,0,2.8560625,2.8560625,0
3106,marzhan,happy,neutral,0.4261513650417328,0,2.9025,2.9025,0
3107,marzhan,happy,happy,0.4182639420032501,1,3.3436875,3.3436875,0
3108,marzhan,happy,happy,0.6144569516181946,1,3.993875,3.993875,0
3109,marzhan,happy,neutral,0.5254386067390442,0,4.2260625,4.2260625,0
3110,marzhan,happy,neutral,0.5961904525756836,0,2.531,2.531,0
3111,marzhan,happy,neutral,0.42106881737709045,0,2.623875,2.623875,0
3112,marzhan,happy,surprised,0.37896111607551575,0,3.204375,3.204375,0
3113,marzhan,happy,neutral,0.3454284965991974,0,4.6904375,4.6904375,0
3114,marzhan,happy,happy,0.6891610622406006,1,3.4598125,3.4598125,0
3115,marzhan,happy,neutral,0.553160548210144,0,3.413375,3.413375,0
3116,marzhan,happy,neutral,0.663201093673706,0,9.6595625,9.6595625,0
3117,marzhan,neutral,neutral,0.6843210458755493,1,8.5681875,8.5681875,0
3118,marzhan,neutral,neutral,0.643746018409729,1,3.1811875,3.1811875,0
3119,marzhan,neutral,neutral,0.5874812602996826,1,13.9784375,10.0,1
3120,marzhan,neutral,neutral,0.5295444130897522,1,8.823625,8.823625,0
3121,marzhan,neutral,disgusted,0.33558619022369385,0,3.227625,3.227625,0
3122,marzhan,neutral,neutral,0.659209668636322,1,3.3436875,3.3436875,0
3123,marzhan,neutral,neutral,0.6719644069671631,1,7.267875,7.267875,0
3124,marzhan,neutral,neutral,0.6692596077919006,1,9.1255,9.1255,0
3125,marzhan,neutral,neutral,0.7227466106414795,1,3.6455625,3.6455625,0
3126,marzhan,neutral,neutral,0.6259941458702087,1,3.622375,3.622375,0
3127,marzhan,neutral,neutral,0.47018373012542725,1,5.5031875,5.5031875,0
3128,marzhan,neutral,neutral,0.4915134608745575,1,7.9645,7.9645,0
3129,marzhan,neutral,neutral,0.3559954762458801,1,6.292625,6.292625,0
3130,marzhan,neutral,neutral,0.7002630829811096,1,7.291125,7.291125,0
3131,marzhan,neutral,neutral,0.5740668177604675,1,6.57125,6.57125,0
3132,marzhan,neutral,neutral,0.6943499445915222,1,3.483,3.483,0
3133,marzhan,neutral,sad,0.3627183735370636,0,5.82825,5.82825,0
3134,marzhan,neutral,happy,0.6322126984596252,0,3.29725,3.29725,0
3135,marzhan,neutral,neutral,0.6541726589202881,1,5.9675625,5.9675625,0
3136,marzhan,neutral,neutral,0.8043903708457947,1,4.0635,4.0635,0
3137,marzhan,neutral,neutral,0.7404494285583496,1,3.7616875,3.7616875,0
3138,marzhan,neutral,neutral,0.6314204931259155,1,5.8746875,5.8746875,0
3139,marzhan,neutral,neutral,0.5865042805671692,1,6.8499375,6.8499375,0
3140,marzhan,neutral,neutral,0.6640638709068298,1,5.6425,5.6425,0
3141,marzhan,neutral,sad,0.4300750195980072,0,6.1533125,6.1533125,0
3142,marzhan,neutral,neutral,0.6175378561019897,1,3.0883125,3.0883125,0
3143,marzhan,neutral,neutral,0.4663369953632355,1,6.8499375,6.8499375,0
3144,marzhan,neutral,happy,0.6475617289543152,0,6.1533125,6.1533125,0
3145,marzhan,neutral,neutral,0.4056919515132904,1,3.6688125,3.6688125,0
3146,marzhan,neutral,neutral,0.560644805431366,1,5.0851875,5.0851875,0
3147,marzhan,neutral,neutral,0.5030844211578369,1,4.2028125,4.2028125,0
3148,marzhan,neutral,neutral,0.4099036753177643,1,5.1780625,5.1780625,0
3149,marzhan,neutral,neutral,0.6326175928115845,1,4.4118125,4.4118125,0
3150,marzhan,neutral,neutral,0.8121053576469421,1,5.2709375,5.2709375,0
3151,marzhan,neutral,neutral,0.5185763835906982,1,5.526375,5.526375,0
3152,marzhan,neutral,neutral,0.6620612740516663,1,7.2214375,7.2214375,0
3153,marzhan,neutral,happy,0.48022934794425964,0,9.10225,9.10225,0
3154,marzhan,neutral,neutral,0.5401074886322021,1,5.6889375,5.6889375,0
3155,marzhan,neutral,neutral,0.8195498585700989,1,5.2941875,5.2941875,0
3156,marzhan,neutral,neutral,0.6287580132484436,1,5.0155625,5.0155625,0
3157,marzhan,neutral,neutral,0.6120166182518005,1,3.692,3.692,0
3158,marzhan,neutral,neutral,0.6628549098968506,1,5.5728125,5.5728125,0
3159,marzhan,neutral,neutral,0.5911067724227905,1,7.5000625,7.5000625,0
3160,marzhan,neutral,neutral,0.6262686848640442,1,7.4304375,7.4304375,0
3161,marzhan,neutral,neutral,0.38747480511665344,1,6.3623125,6.3623125,0
3162,marzhan,neutral,neutral,0.6724092960357666,1,7.0356875,7.0356875,0
3163,marzhan,neutral,happy,0.5145376324653625,0,2.8560625,2.8560625,0
3164,marzhan,neutral,neutral,0.44340983033180237,1,5.03875,5.03875,0
3165,marzhan,neutral,sad,0.6614338159561157,0,4.365375,4.365375,0
3166,marzhan,neutral,neutral,0.6338260173797607,1,3.9241875,3.9241875,0
3167,marzhan,neutral,neutral,0.5402122139930725,1,5.131625,5.131625,0
3168,marzhan,neutral,neutral,0.4593907296657562,1,7.3375625,7.3375625,0
3169,marzhan,neutral,neutral,0.4717372953891754,1,7.3375625,7.3375625,0
3170,marzhan,neutral,neutral,0.5178204774856567,1,7.8019375,7.8019375,0
3171,marzhan,neutral,happy,0.642357587814331,0,7.9180625,7.9180625,0
3172,marzhan,neutral,neutral,0.65729159116745,1,8.336,8.336,0
3173,marzhan,neutral,neutral,0.42634356021881104,1,5.3638125,5.3638125,0
3174,marzhan,neutral,neutral,0.49448660016059875,1,7.3143125,7.3143125,0
3175,marzhan,neutral,sad,0.3841855227947235,0,5.5031875,5.5031875,0
3176,marzhan,neutral,neutral,0.6209146976470947,1,9.566625,9.566625,0
3177,marzhan,neutral,sad,0.4565310478210449,0,5.2709375,5.2709375,0
3178,marzhan,neutral,sad,0.686401903629303,0,4.853,4.853,0
3179,marzhan,neutral,neutral,0.3896820843219757,1,2.1130625,2.1130625,0
3180,marzhan,neutral,neutral,0.6158833503723145,1,3.9474375,3.9474375,0
3181,marzhan,neutral,neutral,0.40974491834640503,1,10.5186875,10.0,1
3182,marzhan,neutral,neutral,0.6853472590446472,1,5.2013125,5.2013125,0
3183,marzhan,neutral,neutral,0.49530720710754395,1,4.4350625,4.4350625,0
3184,marzhan,neutral,neutral,0.43859171867370605,1,5.41025,5.41025,0
3185,marzhan,neutral,neutral,0.7931252121925354,1,6.3623125,6.3623125,0
3186,marzhan,neutral,neutral,0.548818051815033,1,7.5233125,7.5233125,0
3187,marzhan,neutral,neutral,0.6734997630119324,1,3.0883125,3.0883125,0
3188,marzhan,neutral,neutral,0.6226476430892944,1,11.540375,10.0,1
3189,marzhan,neutral,neutral,0.6937696933746338,1,9.7524375,9.7524375,0
3190,marzhan,neutral,neutral,0.5264146327972412,1,9.5201875,9.5201875,0
3191,marzhan,neutral,neutral,0.5237641334533691,1,7.8948125,7.8948125,0
3192,marzhan,neutral,happy,0.674490213394165,0,7.5233125,7.5233125,0
3193,marzhan,neutral,neutral,0.6594784259796143,1,2.043375,2.043375,0
3194,marzhan,neutral,neutral,0.5128440856933594,1,9.798875,9.798875,0
3195,marzhan,neutral,neutral,0.45817506313323975,1,5.3870625,5.3870625,0
3196,marzhan,neutral,neutral,0.3373158276081085,1,3.575875,3.575875,0
3197,marzhan,neutral,neutral,0.619843602180481,1,10.867,10.0,1
3198,marzhan,neutral,neutral,0.32412341237068176,1,2.647125,2.647125,0
3199,marzhan,neutral,neutral,0.34464597702026367,1,4.5975625,4.5975625,0
3200,marzhan,neutral,neutral,0.7177609801292419,1,4.4350625,4.4350625,0
3201,marzhan,neutral,neutral,0.5806735754013062,1,5.921125,5.921125,0
3202,marzhan,neutral,neutral,0.4619162082672119,1,8.243125,8.243125,0
3203,marzhan,neutral,neutral,0.4454626142978668,1,3.1115,3.1115,0
3204,marzhan,neutral,neutral,0.3411988615989685,1,2.74,2.74,0
3205,marzhan,neutral,neutral,0.6538302302360535,1,3.9241875,3.9241875,0
3206,marzhan,neutral,neutral,0.5876755714416504,1,4.8065625,4.8065625,0
3207,marzhan,neutral,neutral,0.5370954871177673,1,6.98925,6.98925,0
3208,marzhan,neutral,neutral,0.6911389827728271,1,5.5960625,5.5960625,0
3209,marzhan,neutral,neutral,0.604563295841217,1,3.0883125,3.0883125,0
3210,marzhan,neutral,neutral,0.42981982231140137,1,2.5078125,2.5078125,0
3211,marzhan,neutral,neutral,0.6817112565040588,1,5.9443125,5.9443125,0
3212,marzhan,neutral,neutral,0.5197581648826599,1,3.575875,3.575875,0
3213,marzhan,neutral,neutral,0.7464559674263,1,4.156375,4.156375,0
3214,marzhan,neutral,happy,0.6137840151786804,0,4.945875,4.945875,0
3215,marzhan,neutral,neutral,0.6266730427742004,1,5.03875,5.03875,0
3216,marzhan,neutral,neutral,0.5504428148269653,1,3.2508125,3.2508125,0
3217,marzhan,neutral,neutral,0.5277289748191833,1,3.483,3.483,0
3218,marzhan,neutral,neutral,0.4672812223434448,1,4.45825,4.45825,0
3219,marzhan,neutral,neutral,0.573207676410675,1,3.3205,3.3205,0
3220,marzhan,neutral,neutral,0.6717463135719299,1,3.87775,3.87775,0
3221,marzhan,neutral,neutral,0.6553887724876404,1,3.901,3.901,0
3222,marzhan,neutral,neutral,0.6036123633384705,1,4.2260625,4.2260625,0
3223,marzhan,neutral,neutral,0.6447026133537292,1,2.995375,2.995375,0
3224,marzhan,neutral,neutral,0.4682134687900543,1,4.2260625,4.2260625,0
3225,marzhan,neutral,neutral,0.5225194692611694,1,3.50625,3.50625,0
3226,marzhan,neutral,neutral,0.6815458536148071,1,6.106875,6.106875,0
3227,marzhan,neutral,neutral,0.48547905683517456,1,1.6254375,1.6254375,0
3228,marzhan,neutral,neutral,0.5095298290252686,1,4.9226875,4.9226875,0
3229,marzhan,neutral,neutral,0.46693018078804016,1,6.98925,6.98925,0
3230,marzhan,neutral,fearful,0.3537724018096924,0,5.7818125,5.7818125,0
3231,marzhan,neutral,neutral,0.5284786820411682,1,4.08675,4.08675,0
3232,marzhan,neutral,neutral,0.6299726963043213,1,7.291125,7.291125,0
3233,marzhan,neutral,neutral,0.679722011089325,1,4.5279375,4.5279375,0
3234,marzhan,neutral,neutral,0.63521409034729,1,7.0356875,7.0356875,0
3235,marzhan,neutral,neutral,0.6954234838485718,1,6.501625,6.501625,0
3236,marzhan,neutral,neutral,0.5378053784370422,1,6.1765625,6.1765625,0
3237,marzhan,neutral,neutral,0.563208281993866,1,8.034125,8.034125,0
3238,marzhan,neutral,happy,0.36640092730522156,0,2.8793125,2.8793125,0
3239,marzhan,neutral,neutral,0.5589941740036011,1,3.018625,3.018625,0
3240,marzhan,neutral,neutral,0.7127295136451721,1,2.74,2.74,0
3241,marzhan,neutral,neutral,0.5567917823791504,1,3.9241875,3.9241875,0
3242,marzhan,neutral,happy,0.836084246635437,0,2.71675,2.71675,0
3243,marzhan,neutral,neutral,0.4615209102630615,1,5.3870625,5.3870625,0
3244,marzhan,neutral,neutral,0.49053359031677246,1,13.630125,10.0,1
3245,marzhan,neutral,neutral,0.4872613847255707,1,4.4815,4.4815,0
3246,marzhan,neutral,neutral,0.8028166890144348,1,3.5526875,3.5526875,0
3247,marzhan,neutral,neutral,0.5693060159683228,1,2.9025,2.9025,0
3248,marzhan,neutral,neutral,0.7151595950126648,1,2.9721875,2.9721875,0
3249,marzhan,neutral,neutral,0.6026006937026978,1,3.50625,3.50625,0
3250,marzhan,neutral,neutral,0.6884611248970032,1,2.995375,2.995375,0
3251,marzhan,neutral,neutral,0.5840649008750916,1,3.29725,3.29725,0
3252,marzhan,neutral,neutral,0.5581748485565186,1,2.322,2.322,0
3253,marzhan,neutral,neutral,0.7064505219459534,1,3.227625,3.227625,0
3254,marzhan,neutral,neutral,0.6110661029815674,1,8.034125,8.034125,0
3255,marzhan,neutral,neutral,0.4909435510635376,1,6.0836875,6.0836875,0
3256,marzhan,neutral,neutral,0.4781401753425598,1,4.179625,4.179625,0
3257,marzhan,neutral,neutral,0.6781271696090698,1,6.873125,6.873125,0
3258,marzhan,neutral,neutral,0.5075052976608276,1,2.9489375,2.9489375,0
3259,marzhan,neutral,angry,0.5042836666107178,0,5.6889375,5.6889375,0
3260,marzhan,neutral,neutral,0.5041460990905762,1,3.2508125,3.2508125,0
3261,marzhan,neutral,neutral,0.6157642006874084,1,3.71525,3.71525,0
3262,marzhan,neutral,neutral,0.8192185759544373,1,4.3421875,4.3421875,0
3263,marzhan,neutral,neutral,0.4071769714355469,1,4.365375,4.365375,0
3264,marzhan,neutral,neutral,0.6589311957359314,1,6.3623125,6.3623125,0
3265,marzhan,neutral,neutral,0.684505045413971,1,5.3870625,5.3870625,0
3266,marzhan,neutral,neutral,0.6071828603744507,1,2.55425,2.55425,0
3267,marzhan,neutral,neutral,0.47543901205062866,1,1.6950625,1.6950625,0
3268,marzhan,neutral,neutral,0.4499095678329468,1,5.921125,5.921125,0
3269,marzhan,neutral,neutral,0.692234456539154,1,6.5945,6.5945,0
3270,marzhan,neutral,happy,0.6322016716003418,0,3.227625,3.227625,0
3271,marzhan,neutral,neutral,0.557571291923523,1,5.3870625,5.3870625,0
3272,marzhan,neutral,neutral,0.7274479866027832,1,7.5000625,7.5000625,0
3273,marzhan,neutral,neutral,0.6072610020637512,1,6.9428125,6.9428125,0
3274,marzhan,neutral,sad,0.2421574741601944,0,2.623875,2.623875,0
3275,marzhan,neutral,neutral,0.5183897614479065,1,2.13625,2.13625,0
3276,marzhan,neutral,sad,0.3599430322647095,0,2.74,2.74,0
3277,marzhan,neutral,neutral,0.7354792356491089,1,3.483,3.483,0
3278,marzhan,neutral,neutral,0.8026707172393799,1,3.1811875,3.1811875,0
3279,marzhan,neutral,sad,0.4830256998538971,0,2.92575,2.92575,0
3280,marzhan,neutral,neutral,0.5602311491966248,1,3.6688125,3.6688125,0
3281,marzhan,neutral,neutral,0.4166662096977234,1,3.483,3.483,0
3282,marzhan,neutral,neutral,0.7020310163497925,1,4.5279375,4.5279375,0
3283,marzhan,neutral,neutral,0.5573498606681824,1,7.082125,7.082125,0
3284,marzhan,neutral,neutral,0.5458959341049194,1,4.5046875,4.5046875,0
3285,marzhan,neutral,neutral,0.7185326218605042,1,2.5774375,2.5774375,0
3286,marzhan,neutral,neutral,0.7057522535324097,1,8.1734375,8.1734375,0
3287,marzhan,neutral,neutral,0.6525048613548279,1,5.6425,5.6425,0
3288,marzhan,neutral,neutral,0.5490356683731079,1,2.8793125,2.8793125,0
3289,marzhan,neutral,neutral,0.39009910821914673,1,2.6006875,2.6006875,0
3290,marzhan,neutral,neutral,0.6388616561889648,1,6.6641875,6.6641875,0
3291,marzhan,neutral,neutral,0.634351909160614,1,2.74,2.74,0
3292,marzhan,neutral,neutral,0.7090186476707458,1,2.5774375,2.5774375,0
3293,marzhan,neutral,neutral,0.6584367752075195,1,2.461375,2.461375,0
3294,marzhan,neutral,neutral,0.6950520873069763,1,7.8019375,7.8019375,0
3295,marzhan,neutral,neutral,0.681659996509552,1,7.9645,7.9645,0
3296,marzhan,neutral,neutral,0.5711897611618042,1,3.390125,3.390125,0
3297,marzhan,neutral,neutral,0.6422946453094482,1,5.5960625,5.5960625,0
3298,marzhan,neutral,neutral,0.5418727397918701,1,6.40875,6.40875,0
3299,marzhan,neutral,neutral,0.5830070376396179,1,3.808125,3.808125,0
3300,marzhan,neutral,neutral,0.8276883959770203,1,4.08675,4.08675,0
3301,marzhan,neutral,happy,0.38319993019104004,0,6.896375,6.896375,0
3302,marzhan,neutral,neutral,0.6937481760978699,1,3.4598125,3.4598125,0
3303,marzhan,neutral,happy,0.43980780243873596,0,3.041875,3.041875,0
3304,marzhan,neutral,neutral,0.4998781979084015,1,2.4845625,2.4845625,0
3305,marzhan,neutral,neutral,0.5298542380332947,1,5.5031875,5.5031875,0
3306,marzhan,neutral,neutral,0.7677218317985535,1,3.29725,3.29725,0
3307,marzhan,neutral,neutral,0.5173888802528381,1,4.8298125,4.8298125,0
3308,marzhan,neutral,neutral,0.6496962904930115,1,4.9923125,4.9923125,0
3309,marzhan,neutral,neutral,0.4336698651313782,1,2.4149375,2.4149375,0
3310,marzhan,neutral,neutral,0.44296756386756897,1,3.784875,3.784875,0
3311,marzhan,neutral,neutral,0.6813355088233948,1,3.227625,3.227625,0
3312,marzhan,neutral,neutral,0.8072133660316467,1,1.7415,1.7415,0
3313,marzhan,neutral,neutral,0.7464408278465271,1,3.9474375,3.9474375,0
3314,marzhan,neutral,neutral,0.6394258737564087,1,7.175,7.175,0
3315,marzhan,neutral,neutral,0.5884535908699036,1,4.156375,4.156375,0
3316,marzhan,neutral,neutral,0.5268852710723877,1,2.438125,2.438125,0
3317,marzhan,neutral,neutral,0.5679735541343689,1,1.4396875,1.4396875,0
3318,marzhan,neutral,neutral,0.38400694727897644,1,6.1533125,6.1533125,0
3319,marzhan,neutral,neutral,0.7137548327445984,1,3.4365625,3.4365625,0
3320,marzhan,neutral,happy,0.5611633658409119,0,4.853,4.853,0
3321,marzhan,neutral,happy,0.9580576419830322,0,3.2740625,3.2740625,0
3322,marzhan,neutral,neutral,0.3166695535182953,1,9.009375,9.009375,0
3323,marzhan,neutral,neutral,0.37131989002227783,1,8.3591875,8.3591875,0
3324,marzhan,neutral,neutral,0.7092282176017761,1,9.218375,9.218375,0
3325,marzhan,neutral,neutral,0.6004695296287537,1,4.08675,4.08675,0
3326,marzhan,neutral,neutral,0.4560834467411041,1,2.1595,2.1595,0
3327,marzhan,neutral,neutral,0.6300195455551147,1,2.92575,2.92575,0
3328,marzhan,neutral,neutral,0.5315845012664795,1,5.5960625,5.5960625,0
3329,marzhan,neutral,neutral,0.4992620646953583,1,5.2941875,5.2941875,0
3330,marzhan,neutral,neutral,0.6333194971084595,1,7.5000625,7.5000625,0
3331,marzhan,neutral,neutral,0.43732011318206787,1,7.73225,7.73225,0
3332,marzhan,neutral,sad,0.4619624614715576,0,2.809625,2.809625,0
3333,marzhan,neutral,neutral,0.42454397678375244,1,4.945875,4.945875,0
3334,marzhan,sad,neutral,0.4794839322566986,0,2.066625,2.066625,0
3335,marzhan,sad,neutral,0.5699337124824524,0,4.87625,4.87625,0
3336,marzhan,sad,neutral,0.4326695203781128,0,4.736875,4.736875,0
3337,marzhan,sad,neutral,0.6166612505912781,0,8.4985625,8.4985625,0
3338,marzhan,sad,neutral,0.5277418494224548,0,5.61925,5.61925,0
3339,marzhan,sad,neutral,0.5905956625938416,0,7.94125,7.94125,0
3340,marzhan,sad,happy,0.3183441162109375,0,10.7044375,10.0,1
3341,marzhan,sad,neutral,0.7308666706085205,0,7.267875,7.267875,0
3342,marzhan,sad,neutral,0.39357444643974304,0,7.6161875,7.6161875,0
3343,marzhan,sad,neutral,0.5448128581047058,0,6.40875,6.40875,0
3344,marzhan,sad,neutral,0.4589388966560364,0,6.315875,6.315875,0
3345,marzhan,sad,neutral,0.3207719326019287,0,3.041875,3.041875,0
3346,marzhan,sad,neutral,0.37290075421333313,0,4.4815,4.4815,0
3347,marzhan,sad,neutral,0.409832626581192,0,3.71525,3.71525,0
3348,marzhan,sad,sad,0.7204159498214722,1,4.4350625,4.4350625,0
3349,marzhan,sad,neutral,0.4279106557369232,0,3.970625,3.970625,0
3350,marzhan,sad,neutral,0.7529661655426025,0,5.5031875,5.5031875,0
3351,marzhan,sad,neutral,0.40246790647506714,0,3.9241875,3.9241875,0
3352,marzhan,sad,neutral,0.519977867603302,0,9.3576875,9.3576875,0
3353,marzhan,sad,neutral,0.4260350465774536,0,4.08675,4.08675,0
3354,marzhan,sad,neutral,0.33763548731803894,0,5.9443125,5.9443125,0
3355,marzhan,sad,neutral,0.33560460805892944,0,5.526375,5.526375,0
3356,marzhan,sad,neutral,0.5422672629356384,0,4.6208125,4.6208125,0
3357,marzhan,sad,neutral,0.4530147314071655,0,11.6796875,10.0,1
3358,marzhan,sad,sad,0.4372527301311493,1,5.5728125,5.5728125,0
3359,marzhan,sad,neutral,0.4273793697357178,0,8.5681875,8.5681875,0
3360,marzhan,sad,neutral,0.4233720004558563,0,8.986125,8.986125,0
3361,marzhan,sad,neutral,0.5526454448699951,0,4.0635,4.0635,0
3362,marzhan,sad,neutral,0.5788654685020447,0,4.551125,4.551125,0
3363,marzhan,sad,neutral,0.711740255355835,0,4.9226875,4.9226875,0
3364,marzhan,sad,happy,0.4798411428928375,0,5.1084375,5.1084375,0
3365,marzhan,sad,neutral,0.4743153750896454,0,8.637875,8.637875,0
3366,marzhan,sad,sad,0.6962937116622925,1,2.13625,2.13625,0
3367,marzhan,sad,neutral,0.41248372197151184,0,7.175,7.175,0
3368,marzhan,sad,happy,0.37902235984802246,0,2.832875,2.832875,0
3369,marzhan,sad,neutral,0.5920858979225159,0,5.2941875,5.2941875,0
3370,marzhan,sad,neutral,0.38084638118743896,0,3.970625,3.970625,0
3371,marzhan,sad,happy,0.3263217806816101,0,2.995375,2.995375,0
3372,marzhan,sad,neutral,0.4076240658760071,0,7.15175,7.15175,0
3373,marzhan,sad,happy,0.9629690051078796,0,3.622375,3.622375,0
3374,marzhan,sad,neutral,0.4579038918018341,0,3.599125,3.599125,0
3375,marzhan,sad,neutral,0.6663481593132019,0,1.9969375,1.9969375,0
3376,marzhan,sad,neutral,0.5130063891410828,0,4.760125,4.760125,0
3377,marzhan,sad,neutral,0.4807608127593994,0,6.478375,6.478375,0
3378,marzhan,sad,happy,0.3725983500480652,0,1.7183125,1.7183125,0
3379,marzhan,sad,neutral,0.43347692489624023,0,5.0155625,5.0155625,0
3380,marzhan,sad,angry,0.3485924303531647,0,2.74,2.74,0
3381,marzhan,sad,sad,0.4721815288066864,1,4.4350625,4.4350625,0
3382,marzhan,sad,sad,0.3659292757511139,1,6.014,6.014,0
3383,marzhan,sad,neutral,0.37955811619758606,0,5.61925,5.61925,0
3384,marzhan,sad,neutral,0.39637377858161926,0,4.2725,4.2725,0
3385,marzhan,sad,neutral,0.6289164423942566,0,3.6688125,3.6688125,0
3386,marzhan,sad,happy,0.6746911406517029,0,5.61925,5.61925,0
3387,marzhan,sad,neutral,0.47395020723342896,0,3.4598125,3.4598125,0
3388,marzhan,sad,neutral,0.534639835357666,0,13.3050625,10.0,1
3389,marzhan,sad,angry,0.35730230808258057,0,3.87775,3.87775,0
3390,marzhan,sad,happy,0.3036707937717438,0,4.5975625,4.5975625,0
3391,marzhan,sad,sad,0.5853089094161987,1,4.156375,4.156375,0
3392,marzhan,sad,neutral,0.7219039797782898,0,1.97375,1.97375,0
3393,marzhan,sad,sad,0.3743530511856079,1,5.7818125,5.7818125,0
3394,marzhan,sad,neutral,0.4432070255279541,0,7.1981875,7.1981875,0
3395,marzhan,sad,neutral,0.33610203862190247,0,4.5046875,4.5046875,0
3396,marzhan,sad,neutral,0.3478822410106659,0,6.3855,6.3855,0
3397,marzhan,sad,sad,0.6070699095726013,1,2.809625,2.809625,0
3398,marzhan,sad,happy,0.6629816889762878,0,4.853,4.853,0
3399,marzhan,sad,angry,0.4637325704097748,0,5.0851875,5.0851875,0
3400,marzhan,sad,angry,0.33183541893959045,0,8.1966875,8.1966875,0
3401,marzhan,sad,happy,0.3893630802631378,0,3.8545625,3.8545625,0
3402,marzhan,sad,happy,0.2939887046813965,0,3.7384375,3.7384375,0
3403,marzhan,sad,neutral,0.4388970136642456,0,4.8994375,4.8994375,0
3404,marzhan,sad,sad,0.7578908205032349,1,7.058875,7.058875,0
3405,marzhan,sad,neutral,0.4149630665779114,0,4.7833125,4.7833125,0
3406,marzhan,sad,happy,0.7461709976196289,0,8.127,8.127,0
3407,marzhan,sad,neutral,0.4236845374107361,0,6.687375,6.687375,0
3408,marzhan,sad,happy,0.6696383953094482,0,3.7384375,3.7384375,0
3409,marzhan,sad,sad,0.3969056010246277,1,3.808125,3.808125,0
3410,marzhan,sad,sad,0.4496404826641083,1,5.062,5.062,0
3411,marzhan,sad,neutral,0.481374055147171,0,6.1765625,6.1765625,0
3412,marzhan,sad,happy,0.30739080905914307,0,3.4365625,3.4365625,0
3413,marzhan,sad,angry,0.5233007669448853,0,7.3143125,7.3143125,0
3414,marzhan,sad,neutral,0.5348384976387024,0,4.08675,4.08675,0
3415,marzhan,sad,neutral,0.6350889205932617,0,5.6889375,5.6889375,0
3416,marzhan,sad,neutral,0.3395498991012573,0,4.179625,4.179625,0
3417,marzhan,sad,neutral,0.45010024309158325,0,3.784875,3.784875,0
3418,marzhan,sad,sad,0.4238669276237488,1,3.0650625,3.0650625,0
3419,marzhan,sad,neutral,0.5652593970298767,0,5.4799375,5.4799375,0
3420,marzhan,sad,sad,0.7466922998428345,1,4.574375,4.574375,0
3421,marzhan,sad,neutral,0.43020951747894287,0,5.1084375,5.1084375,0
3422,marzhan,sad,neutral,0.45705652236938477,0,3.8545625,3.8545625,0
3423,marzhan,sad,sad,0.8888317942619324,1,1.9969375,1.9969375,0
3424,marzhan,sad,neutral,0.5155394673347473,0,2.6703125,2.6703125,0
3425,marzhan,sad,neutral,0.5195270776748657,0,2.647125,2.647125,0
3426,marzhan,sad,neutral,0.3158099949359894,0,3.1811875,3.1811875,0
3427,marzhan,sad,neutral,0.43172311782836914,0,2.9721875,2.9721875,0
3428,marzhan,sad,neutral,0.6349763870239258,0,5.921125,5.921125,0
3429,marzhan,sad,fearful,0.5429102778434753,0,6.501625,6.501625,0
3430,marzhan,sad,happy,0.42512935400009155,0,4.7136875,4.7136875,0
3431,marzhan,sad,neutral,0.4867403507232666,0,2.647125,2.647125,0
3432,marzhan,sad,neutral,0.39978983998298645,0,2.647125,2.647125,0
3433,marzhan,sad,sad,0.2866426706314087,1,3.901,3.901,0
3434,marzhan,sad,sad,0.44744110107421875,1,2.34525,2.34525,0
3435,marzhan,sad,neutral,0.3296024203300476,0,5.1780625,5.1780625,0
3436,marzhan,sad,neutral,0.34110647439956665,0,3.901,3.901,0
3437,marzhan,sad,happy,0.5391070246696472,0,4.1331875,4.1331875,0
3438,marzhan,sad,neutral,0.43206191062927246,0,5.805,5.805,0
3439,marzhan,sad,happy,0.42603370547294617,0,3.9474375,3.9474375,0
3440,marzhan,sad,neutral,0.5613804459571838,0,6.501625,6.501625,0
3441,marzhan,sad,neutral,0.31347477436065674,0,8.31275,8.31275,0
3442,marzhan,sad,neutral,0.3206770420074463,0,7.175,7.175,0
3443,marzhan,sad,surprised,0.2254732996225357,0,6.40875,6.40875,0
3444,marzhan,sad,neutral,0.2891736328601837,0,2.229125,2.229125,0
3445,marzhan,sad,neutral,0.6695513129234314,0,1.486125,1.486125,0
3446,marzhan,sad,happy,0.5104690790176392,0,2.92575,2.92575,0
3447,marzhan,sad,neutral,0.419380784034729,0,7.639375,7.639375,0
3448,marzhan,sad,neutral,0.38512033224105835,0,2.71675,2.71675,0
3449,marzhan,sad,neutral,0.45355162024497986,0,9.1486875,9.1486875,0
3450,marzhan,sad,neutral,0.3308887779712677,0,5.317375,5.317375,0
3451,marzhan,sad,sad,0.46252140402793884,1,2.3916875,2.3916875,0
3452,marzhan,sad,neutral,0.34680095314979553,0,5.82825,5.82825,0
3453,marzhan,sad,angry,0.3086910545825958,0,6.1765625,6.1765625,0
3454,marzhan,sad,neutral,0.36152687668800354,0,6.5945,6.5945,0
3455,marzhan,sad,sad,0.3649585545063019,1,2.252375,2.252375,0
3456,marzhan,sad,neutral,0.2994515895843506,0,5.5031875,5.5031875,0
3457,marzhan,sad,angry,0.37292447686195374,0,5.1084375,5.1084375,0
3458,marzhan,sad,sad,0.5223796963691711,1,5.154875,5.154875,0
3459,marzhan,sad,neutral,0.5560933351516724,0,2.0201875,2.0201875,0
3460,marzhan,sad,neutral,0.3239549696445465,0,2.6703125,2.6703125,0
3461,marzhan,sad,neutral,0.590769350528717,0,3.993875,3.993875,0
3462,marzhan,sad,sad,0.3248930871486664,1,4.3421875,4.3421875,0
3463,marzhan,sad,neutral,0.381091445684433,0,5.9443125,5.9443125,0
3464,marzhan,sad,sad,0.44910064339637756,1,3.6688125,3.6688125,0
3465,marzhan,sad,sad,0.3372160494327545,1,4.9226875,4.9226875,0
3466,marzhan,sad,neutral,0.3316476345062256,0,3.1579375,3.1579375,0
3467,marzhan,sad,happy,0.34075728058815,0,3.0650625,3.0650625,0
3468,marzhan,sad,neutral,0.44124484062194824,0,2.623875,2.623875,0
3469,marzhan,sad,neutral,0.4825083911418915,0,2.4845625,2.4845625,0
3470,marzhan,sad,neutral,0.3624728322029114,0,5.1780625,5.1780625,0
3471,marzhan,sad,happy,0.6263412833213806,0,3.8545625,3.8545625,0
3472,marzhan,sad,happy,0.36928313970565796,0,4.0403125,4.0403125,0
3473,marzhan,sad,neutral,0.4785153865814209,0,5.154875,5.154875,0
3474,marzhan,sad,neutral,0.4359460771083832,0,6.8499375,6.8499375,0
3475,marzhan,sad,neutral,0.3939513564109802,0,2.438125,2.438125,0
3476,marzhan,sad,neutral,0.5670680999755859,0,2.34525,2.34525,0
3477,marzhan,sad,neutral,0.3296123445034027,0,8.614625,8.614625,0
3478,marzhan,sad,neutral,0.6313050389289856,0,3.71525,3.71525,0
3479,marzhan,sad,neutral,0.361575722694397,0,8.3591875,8.3591875,0
3480,marzhan,sad,neutral,0.485515296459198,0,7.7090625,7.7090625,0
3481,marzhan,sad,neutral,0.5338935852050781,0,3.8313125,3.8313125,0
3482,marzhan,sad,sad,0.4041138291358948,1,6.130125,6.130125,0
3483,marzhan,sad,neutral,0.41527917981147766,0,2.9489375,2.9489375,0
3484,marzhan,sad,neutral,0.38064801692962646,0,2.0898125,2.0898125,0
3485,marzhan,sad,sad,0.30904313921928406,1,2.92575,2.92575,0
3486,marzhan,sad,neutral,0.6847026944160461,0,5.9443125,5.9443125,0
3487,marzhan,sad,neutral,0.5698824524879456,0,5.4335,5.4335,0
3488,marzhan,sad,neutral,0.31917110085487366,0,5.8514375,5.8514375,0
3489,marzhan,sad,neutral,0.2901422679424286,0,9.5201875,9.5201875,0
3490,marzhan,sad,neutral,0.5473842024803162,0,1.97375,1.97375,0
3491,marzhan,sad,neutral,0.4610099494457245,0,3.041875,3.041875,0
3492,marzhan,sad,sad,0.3991398811340332,1,2.438125,2.438125,0
3493,marzhan,sad,happy,0.3969924747943878,0,3.5294375,3.5294375,0
3494,marzhan,sad,neutral,0.44395461678504944,0,4.736875,4.736875,0
3495,marzhan,sad,neutral,0.5674540996551514,0,4.8298125,4.8298125,0
3496,marzhan,sad,neutral,0.33006829023361206,0,2.92575,2.92575,0
3497,marzhan,sad,neutral,0.5131765007972717,0,5.1780625,5.1780625,0
3498,marzhan,sad,sad,0.29439038038253784,1,7.7786875,7.7786875,0
3499,marzhan,sad,sad,0.31721916794776917,1,5.0155625,5.0155625,0
3500,marzhan,sad,neutral,0.5380919575691223,0,5.1780625,5.1780625,0
3501,marzhan,sad,angry,0.34222611784935,0,4.8065625,4.8065625,0
3502,marzhan,sad,neutral,0.3091783821582794,0,6.315875,6.315875,0
3503,marzhan,sad,neutral,0.39714154601097107,0,4.0635,4.0635,0
3504,marzhan,sad,sad,0.3412407338619232,1,2.2988125,2.2988125,0
3505,marzhan,sad,sad,0.2995748221874237,1,4.08675,4.08675,0
3506,marzhan,sad,neutral,0.43613120913505554,0,2.2755625,2.2755625,0
3507,marzhan,sad,sad,0.5980947017669678,1,3.5526875,3.5526875,0
3508,marzhan,sad,sad,0.45956432819366455,1,6.130125,6.130125,0
3509,marzhan,sad,neutral,0.3394966721534729,0,5.3870625,5.3870625,0
3510,marzhan,sad,neutral,0.5385450124740601,0,2.92575,2.92575,0
3511,marzhan,sad,neutral,0.36124566197395325,0,5.921125,5.921125,0
3512,marzhan,sad,neutral,0.4491000473499298,0,2.252375,2.252375,0
3513,marzhan,sad,happy,0.3773519694805145,0,2.55425,2.55425,0
3514,marzhan,sad,sad,0.3333020508289337,1,4.2260625,4.2260625,0
3515,marzhan,sad,sad,0.4059533178806305,1,4.9226875,4.9226875,0
3516,marzhan,sad,sad,0.721129298210144,1,5.4799375,5.4799375,0
3517,marzhan,sad,sad,0.3321807086467743,1,5.1084375,5.1084375,0
3518,marzhan,sad,sad,0.49308741092681885,1,3.3669375,3.3669375,0
3519,marzhan,sad,sad,0.5324286222457886,1,5.712125,5.712125,0
3520,marzhan,sad,neutral,0.358028382062912,0,5.4335,5.4335,0
3521,marzhan,sad,sad,0.41233089566230774,1,4.969125,4.969125,0
3522,marzhan,sad,neutral,0.38648268580436707,0,4.08675,4.08675,0
3523,marzhan,sad,happy,0.4318109452724457,0,6.4319375,6.4319375,0
3524,marzhan,sad,sad,0.5226024985313416,1,3.575875,3.575875,0
3525,marzhan,surprised,neutral,0.5757697224617004,0,3.29725,3.29725,0
3526,marzhan,surprised,neutral,0.7168465256690979,0,6.0604375,6.0604375,0
3527,marzhan,surprised,neutral,0.4140659272670746,0,5.2013125,5.2013125,0
3528,marzhan,surprised,neutral,0.5806741118431091,0,10.05425,10.0,1
3529,marzhan,surprised,angry,0.44341105222702026,0,4.66725,4.66725,0
3530,marzhan,surprised,sad,0.2646680772304535,0,6.1533125,6.1533125,0
3531,marzhan,surprised,neutral,0.254916787147522,0,2.995375,2.995375,0
3532,marzhan,surprised,neutral,0.4803970158100128,0,5.2013125,5.2013125,0
3533,marzhan,surprised,neutral,0.6451345086097717,0,3.018625,3.018625,0
3534,marzhan,surprised,neutral,0.26943179965019226,0,4.945875,4.945875,0
3535,marzhan,surprised,happy,0.5540336966514587,0,7.4071875,7.4071875,0
3536,marzhan,surprised,neutral,0.2756901681423187,0,3.3205,3.3205,0
3537,marzhan,surprised,neutral,0.39003458619117737,0,4.4350625,4.4350625,0
3538,marzhan,surprised,neutral,0.4183620810508728,0,4.6904375,4.6904375,0
3539,marzhan,surprised,neutral,0.6592370271682739,0,5.2709375,5.2709375,0
3540,marzhan,surprised,neutral,0.7449092864990234,0,6.014,6.014,0
3541,marzhan,surprised,neutral,0.3870285749435425,0,6.315875,6.315875,0
3542,marzhan,surprised,angry,0.36962369084358215,0,3.018625,3.018625,0
3543,marzhan,surprised,neutral,0.38753190636634827,0,4.5046875,4.5046875,0
3544,marzhan,surprised,neutral,0.40466976165771484,0,7.6858125,7.6858125,0
3545,marzhan,surprised,happy,0.4048423767089844,0,8.7075,8.7075,0
3546,marzhan,surprised,neutral,0.5795199275016785,0,3.622375,3.622375,0
3547,marzhan,surprised,neutral,0.40716099739074707,0,6.315875,6.315875,0
3548,marzhan,surprised,neutral,0.3610033690929413,0,10.750875,10.0,1
3549,marzhan,surprised,sad,0.29165884852409363,0,3.9474375,3.9474375,0
3550,marzhan,surprised,surprised,0.43051478266716003,1,6.03725,6.03725,0
3551,marzhan,surprised,neutral,0.48527729511260986,0,6.4319375,6.4319375,0
3552,marzhan,surprised,neutral,0.5052116513252258,0,11.702875,10.0,1
3553,marzhan,surprised,neutral,0.6335712671279907,0,8.127,8.127,0
3554,marzhan,surprised,neutral,0.6030174493789673,0,8.2663125,8.2663125,0
3555,marzhan,surprised,neutral,0.47015082836151123,0,4.1331875,4.1331875,0
3556,marzhan,surprised,angry,0.5946154594421387,0,6.873125,6.873125,0
3557,marzhan,surprised,neutral,0.45863524079322815,0,3.483,3.483,0
3558,marzhan,surprised,neutral,0.5069194436073303,0,4.9226875,4.9226875,0
3559,marzhan,surprised,neutral,0.6272731423377991,0,6.501625,6.501625,0
3560,marzhan,surprised,neutral,0.3892403841018677,0,5.2941875,5.2941875,0
3561,marzhan,surprised,angry,0.33069688081741333,0,5.131625,5.131625,0
3562,marzhan,surprised,happy,0.4344105124473572,0,3.622375,3.622375,0
3563,marzhan,surprised,neutral,0.42010369896888733,0,4.4350625,4.4350625,0
3564,marzhan,surprised,neutral,0.5835586190223694,0,4.736875,4.736875,0
3565,marzhan,surprised,sad,0.4514836072921753,0,5.5960625,5.5960625,0
3566,marzhan,surprised,neutral,0.3818904757499695,0,3.993875,3.993875,0
3567,marzhan,surprised,neutral,0.3100517690181732,0,4.6208125,4.6208125,0
3568,marzhan,surprised,neutral,0.3255566358566284,0,1.4164375,1.4164375,0
3569,marzhan,surprised,neutral,0.4648567736148834,0,3.71525,3.71525,0
3570,marzhan,surprised,neutral,0.3340395987033844,0,4.853,4.853,0
3571,marzhan,surprised,neutral,0.44062340259552,0,4.4118125,4.4118125,0
3572,marzhan,surprised,neutral,0.42713701725006104,0,2.9489375,2.9489375,0
3573,marzhan,surprised,neutral,0.5701830387115479,0,3.1115,3.1115,0
3574,marzhan,surprised,sad,0.41022181510925293,0,4.7833125,4.7833125,0
3575,marzhan,surprised,neutral,0.5200985670089722,0,4.8298125,4.8298125,0
3576,marzhan,surprised,neutral,0.2913926839828491,0,5.4335,5.4335,0
3577,marzhan,surprised,happy,0.4452515244483948,0,2.531,2.531,0
3578,marzhan,surprised,neutral,0.5520986318588257,0,4.574375,4.574375,0
3579,marzhan,surprised,happy,0.36624228954315186,0,1.97375,1.97375,0
3580,marzhan,surprised,happy,0.743055522441864,0,6.5248125,6.5248125,0
3581,marzhan,surprised,neutral,0.36496976017951965,0,3.1579375,3.1579375,0
3582,marzhan,surprised,neutral,0.5137667059898376,0,3.50625,3.50625,0
3583,marzhan,surprised,neutral,0.47281530499458313,0,3.2508125,3.2508125,0
3584,marzhan,surprised,neutral,0.4626734256744385,0,5.41025,5.41025,0
3585,marzhan,surprised,neutral,0.6333106756210327,0,5.549625,5.549625,0
3586,marzhan,surprised,neutral,0.5105463862419128,0,6.3855,6.3855,0
3587,marzhan,surprised,sad,0.4947332441806793,0,2.5078125,2.5078125,0
3588,marzhan,surprised,happy,0.38606634736061096,0,4.1099375,4.1099375,0
3589,marzhan,surprised,surprised,0.37124571204185486,1,3.8545625,3.8545625,0
3590,marzhan,surprised,neutral,0.6313894987106323,0,6.40875,6.40875,0
3591,marzhan,surprised,neutral,0.5274153351783752,0,5.062,5.062,0
3592,marzhan,surprised,neutral,0.48769161105155945,0,9.288,9.288,0
3593,marzhan,surprised,neutral,0.4992676377296448,0,8.800375,8.800375,0
3594,marzhan,surprised,happy,0.4363265931606293,0,2.7631875,2.7631875,0
3595,marzhan,surprised,neutral,0.4369795322418213,0,7.6858125,7.6858125,0
3596,marzhan,surprised,happy,0.6460908055305481,0,5.24775,5.24775,0
3597,marzhan,surprised,neutral,0.8761630654335022,0,1.37,1.37,0
3598,marzhan,surprised,happy,0.3571787178516388,0,4.969125,4.969125,0
3599,marzhan,surprised,neutral,0.5701718926429749,0,5.549625,5.549625,0
3600,marzhan,surprised,angry,0.7717554569244385,0,4.1331875,4.1331875,0
3601,marzhan,surprised,neutral,0.44526734948158264,0,2.531,2.531,0
3602,marzhan,surprised,neutral,0.6301374435424805,0,7.453625,7.453625,0
3603,marzhan,surprised,happy,0.3664432168006897,0,4.365375,4.365375,0
3604,marzhan,surprised,happy,0.456575870513916,0,3.3205,3.3205,0
3605,marzhan,surprised,neutral,0.3974161148071289,0,4.736875,4.736875,0
3606,marzhan,surprised,neutral,0.4834142327308655,0,3.784875,3.784875,0
3607,marzhan,surprised,neutral,0.5303065180778503,0,5.921125,5.921125,0
3608,marzhan,surprised,neutral,0.5183849334716797,0,4.8298125,4.8298125,0
3609,marzhan,surprised,neutral,0.5336381196975708,0,4.87625,4.87625,0
3610,marzhan,surprised,neutral,0.7210744619369507,0,2.3916875,2.3916875,0
3611,marzhan,surprised,happy,0.78192138671875,0,4.6208125,4.6208125,0
3612,marzhan,surprised,neutral,0.4277283251285553,0,5.131625,5.131625,0
3613,marzhan,surprised,neutral,0.4126433730125427,0,6.014,6.014,0
3614,marzhan,surprised,neutral,0.7376087307929993,0,1.7183125,1.7183125,0
3615,marzhan,surprised,happy,0.47819623351097107,0,3.041875,3.041875,0
3616,marzhan,surprised,neutral,0.6122791767120361,0,3.575875,3.575875,0
3617,marzhan,surprised,angry,0.2278040051460266,0,4.4118125,4.4118125,0
3618,marzhan,surprised,happy,0.5830276012420654,0,3.1811875,3.1811875,0
3619,marzhan,surprised,neutral,0.6658210754394531,0,4.8994375,4.8994375,0
3620,marzhan,surprised,happy,0.46662187576293945,0,4.4118125,4.4118125,0
3621,marzhan,surprised,happy,0.6819816827774048,0,8.4985625,8.4985625,0
3622,marzhan,surprised,happy,0.45352205634117126,0,6.7570625,6.7570625,0
3623,marzhan,surprised,angry,0.5772425532341003,0,4.7833125,4.7833125,0
3624,marzhan,surprised,neutral,0.42278724908828735,0,3.9241875,3.9241875,0
3625,marzhan,surprised,neutral,0.2854836583137512,0,2.9025,2.9025,0
3626,marzhan,surprised,happy,0.5042552351951599,0,5.921125,5.921125,0
3627,marzhan,surprised,neutral,0.6843169927597046,0,5.9675625,5.9675625,0
3628,marzhan,surprised,neutral,0.6229298114776611,0,8.034125,8.034125,0
3629,marzhan,surprised,sad,0.3163560628890991,0,4.29575,4.29575,0
3630,marzhan,surprised,neutral,0.6092124581336975,0,7.0356875,7.0356875,0
3631,marzhan,surprised,happy,0.7111891508102417,0,4.3189375,4.3189375,0
3632,marzhan,surprised,happy,0.3337942659854889,0,5.154875,5.154875,0
3633,marzhan,surprised,neutral,0.6944431662559509,0,5.317375,5.317375,0
3634,marzhan,surprised,happy,0.6025416254997253,0,3.018625,3.018625,0
3635,marzhan,surprised,happy,0.31825143098831177,0,3.9241875,3.9241875,0
3636,marzhan,surprised,neutral,0.640122652053833,0,4.2493125,4.2493125,0
3637,marzhan,surprised,neutral,0.6074910163879395,0,5.6889375,5.6889375,0
3638,marzhan,surprised,neutral,0.68857741355896,0,2.5774375,2.5774375,0
3639,marzhan,surprised,neutral,0.6531692147254944,0,8.243125,8.243125,0
3640,marzhan,surprised,neutral,0.6188585758209229,0,5.735375,5.735375,0
3641,marzhan,surprised,neutral,0.34658917784690857,0,2.1130625,2.1130625,0
3642,marzhan,surprised,neutral,0.5896663069725037,0,5.9675625,5.9675625,0
3643,marzhan,surprised,neutral,0.4760302007198334,0,5.4799375,5.4799375,0
3644,marzhan,surprised,happy,0.47346165776252747,0,6.1765625,6.1765625,0
3645,marzhan,surprised,neutral,0.4698387384414673,0,2.7631875,2.7631875,0
3646,marzhan,surprised,neutral,0.4003828167915344,0,3.3669375,3.3669375,0
3647,marzhan,surprised,happy,0.6061633825302124,0,2.1595,2.1595,0
3648,marzhan,surprised,neutral,0.6054997444152832,0,3.413375,3.413375,0
3649,marzhan,surprised,neutral,0.4953393042087555,0,10.47225,10.0,1
3650,marzhan,surprised,happy,0.8071610927581787,0,4.551125,4.551125,0
3651,marzhan,surprised,neutral,0.33741408586502075,0,5.2941875,5.2941875,0
3652,marzhan,surprised,happy,0.517283022403717,0,4.08675,4.08675,0
3653,marzhan,surprised,happy,0.5407939553260803,0,7.15175,7.15175,0
3654,marzhan,surprised,sad,0.3074813187122345,0,4.2260625,4.2260625,0
3655,marzhan,surprised,neutral,0.6289713382720947,0,7.7090625,7.7090625,0
3656,marzhan,surprised,neutral,0.3936235010623932,0,7.4304375,7.4304375,0
3657,marzhan,surprised,angry,0.6246552467346191,0,1.4396875,1.4396875,0
3658,marzhan,surprised,neutral,0.6857762932777405,0,7.639375,7.639375,0
3659,marzhan,surprised,happy,0.39834141731262207,0,2.1595,2.1595,0
3660,marzhan,surprised,neutral,0.6158989667892456,0,5.6889375,5.6889375,0
3661,marzhan,surprised,neutral,0.7798106670379639,0,4.365375,4.365375,0
3662,marzhan,surprised,neutral,0.6005182266235352,0,6.8499375,6.8499375,0
3663,marzhan,surprised,happy,0.5408072471618652,0,1.9505,1.9505,0
3664,marzhan,surprised,neutral,0.5235238671302795,0,2.531,2.531,0
3665,marzhan,surprised,neutral,0.3623206615447998,0,4.9226875,4.9226875,0
3666,marzhan,surprised,neutral,0.4024491012096405,0,9.8685,9.8685,0
3667,marzhan,surprised,neutral,0.4114641547203064,0,4.3189375,4.3189375,0
3668,marzhan,surprised,angry,0.42481186985969543,0,2.3684375,2.3684375,0
3669,marzhan,surprised,neutral,0.33581092953681946,0,2.438125,2.438125,0
3670,marzhan,surprised,neutral,0.6012865900993347,0,8.9396875,8.9396875,0
3671,marzhan,surprised,neutral,0.4511343240737915,0,2.9489375,2.9489375,0
3672,marzhan,surprised,neutral,0.4647422134876251,0,3.87775,3.87775,0
3673,marzhan,surprised,neutral,0.7588473558425903,0,2.1595,2.1595,0
3674,marzhan,surprised,neutral,0.5369460582733154,0,2.1595,2.1595,0
3675,marzhan,surprised,neutral,0.6678739786148071,0,6.5945,6.5945,0
3676,marzhan,surprised,neutral,0.7104790806770325,0,2.252375,2.252375,0
3677,marzhan,surprised,neutral,0.6773066520690918,0,4.8065625,4.8065625,0
3678,marzhan,surprised,neutral,0.31906208395957947,0,6.2694375,6.2694375,0
3679,marzhan,surprised,neutral,0.43044355511665344,0,7.5233125,7.5233125,0
3680,marzhan,surprised,neutral,0.6044707894325256,0,4.7833125,4.7833125,0
3681,marzhan,surprised,sad,0.4230484664440155,0,2.623875,2.623875,0
3682,marzhan,surprised,neutral,0.6237307786941528,0,5.1780625,5.1780625,0
3683,marzhan,surprised,happy,0.7156044840812683,0,3.2740625,3.2740625,0
3684,marzhan,surprised,sad,0.6874924898147583,0,2.8560625,2.8560625,0
3685,marzhan,surprised,neutral,0.4171706736087799,0,3.29725,3.29725,0
3686,marzhan,surprised,happy,0.5152578353881836,0,2.3684375,2.3684375,0
3687,marzhan,surprised,neutral,0.501436710357666,0,8.428875,8.428875,0
3688,marzhan,surprised,neutral,0.6254041194915771,0,3.13475,3.13475,0
3689,marzhan,surprised,neutral,0.560818612575531,0,4.3421875,4.3421875,0
3690,marzhan,surprised,angry,0.33698269724845886,0,3.1811875,3.1811875,0
3691,marzhan,surprised,neutral,0.5464357137680054,0,7.6858125,7.6858125,0
3692,marzhan,surprised,neutral,0.5339744091033936,0,6.5480625,6.5480625,0
3693,marzhan,surprised,happy,0.6304441690444946,0,3.1115,3.1115,0
3694,marzhan,surprised,neutral,0.5420757532119751,0,5.45675,5.45675,0
3695,marzhan,surprised,neutral,0.538535475730896,0,4.736875,4.736875,0
3696,marzhan,surprised,neutral,0.5827995538711548,0,3.4365625,3.4365625,0
3697,marzhan,surprised,neutral,0.36932867765426636,0,8.823625,8.823625,0
3698,marzhan,surprised,neutral,0.41331857442855835,0,5.24775,5.24775,0
3699,marzhan,surprised,neutral,0.6073681712150574,0,5.2941875,5.2941875,0
3700,marzhan,surprised,neutral,0.5332410335540771,0,7.1285625,7.1285625,0
3701,marzhan,surprised,happy,0.3732732832431793,0,5.0851875,5.0851875,0
3702,marzhan,surprised,happy,0.4203004240989685,0,4.945875,4.945875,0
3703,marzhan,surprised,neutral,0.5891949534416199,0,2.7631875,2.7631875,0
3704,marzhan,surprised,neutral,0.49071696400642395,0,2.322,2.322,0
3705,marzhan,surprised,angry,0.734154462814331,0,2.4149375,2.4149375,0
3706,marzhan,surprised,neutral,0.4465314745903015,0,6.0604375,6.0604375,0
3707,marzhan,surprised,neutral,0.5556034445762634,0,3.9241875,3.9241875,0
3708,marzhan,surprised,sad,0.29728683829307556,0,3.8545625,3.8545625,0
3709,marzhan,surprised,neutral,0.5064513683319092,0,5.03875,5.03875,0
3710,marzhan,surprised,neutral,0.4846903085708618,0,5.82825,5.82825,0
3711,marzhan,surprised,neutral,0.4374941885471344,0,6.3623125,6.3623125,0
3712,marzhan,surprised,happy,0.3134555220603943,0,4.2028125,4.2028125,0
3713,marzhan,surprised,sad,0.3090214431285858,0,5.921125,5.921125,0
3714,marzhan,surprised,neutral,0.4471268355846405,0,3.6455625,3.6455625,0
3715,marzhan,surprised,neutral,0.45575547218322754,0,2.6935625,2.6935625,0
3716,marzhan,surprised,neutral,0.477008581161499,0,7.662625,7.662625,0
3717,marzhan,surprised,neutral,0.5229235887527466,0,6.501625,6.501625,0
3718,marzhan,surprised,happy,0.43880495429039,0,6.6641875,6.6641875,0
3719,marzhan,surprised,neutral,0.4949266016483307,0,2.8560625,2.8560625,0
3720,marzhan,surprised,neutral,0.5146214365959167,0,2.229125,2.229125,0
3721,marzhan,surprised,neutral,0.48974063992500305,0,4.644,4.644,0
3722,marzhan,surprised,neutral,0.5192162394523621,0,10.3096875,10.0,1
3723,marzhan,surprised,surprised,0.48165690898895264,1,1.671875,1.671875,0
3724,marzhan,surprised,happy,0.35866692662239075,0,3.7384375,3.7384375,0
3725,marzhan,surprised,sad,0.6541457772254944,0,4.5279375,4.5279375,0
3726,marzhan,surprised,surprised,0.6912843585014343,1,2.6006875,2.6006875,0
3727,marzhan,surprised,neutral,0.5252698659896851,0,5.2013125,5.2013125,0
3728,marzhan,surprised,neutral,0.5371431112289429,0,3.29725,3.29725,0
3729,marzhan,surprised,happy,0.3797203004360199,0,4.1331875,4.1331875,0
